priority_order,normalized_word,learner_rank,source_memberships,original_source_lemmas,rank_source,rank_source_version,rank_source_url,rank_source_license
1,the,1,"[""ngsl-core""]","[""the""]",New General Service List,1.2,https://www.newgeneralservicelist.com/new-general-service-list,CC BY-SA 4.0
2,be,2,"[""ngsl-core""]","[""be""]",New General Service List,1.2,https://www.newgeneralservicelist.com/new-general-service-list,CC BY-SA 4.0
3,and,3,"[""ngsl-core""]","[""and""]",New General Service List,1.2,https://www.newgeneralservicelist.com/new-general-service-list,CC BY-SA 4.0
4,of,4,"[""ngsl-core""]","[""of""]",New General Service List,1.2,https://www.newgeneralservicelist.com/new-general-service-list,CC BY-SA 4.0
5,to,5,"[""ngsl-core""]","[""to""]",New General Service List,1.2,https://www.newgeneralservicelist.com/new-general-service-list,CC BY-SA 4.0
6,a,6,"[""ngsl-core""]","[""a""]",New General Service List,1.2,https://www.newgeneralservicelist.com/new-general-service-list,CC BY-SA 4.0
7,in,7,"[""ngsl-core""]","[""in""]",New General Service List,1.2,https://www.newgeneralservicelist.com/new-general-service-list,CC BY-SA 4.0
8,have,8,"[""ngsl-core""]","[""have""]",New General Service List,1.2,https://www.newgeneralservicelist.com/new-general-service-list,CC BY-SA 4.0
9,it,9,"[""ngsl-core""]","[""it""]",New General Service List,1.2,https://www.newgeneralservicelist.com/new-general-service-list,CC BY-SA 4.0
10,you,10,"[""ngsl-core""]","[""you""]",New General Service List,1.2,https://www.newgeneralservicelist.com/new-general-service-list,CC BY-SA 4.0
11,he,11,"[""ngsl-core""]","[""he""]",New General Service List,1.2,https://www.newgeneralservicelist.com/new-general-service-list,CC BY-SA 4.0
12,for,12,"[""ngsl-core""]","[""for""]",New General Service List,1.2,https://www.newgeneralservicelist.com/new-general-service-list,CC BY-SA 4.0
13,they,13,"[""ngsl-core""]","[""they""]",New General Service List,1.2,https://www.newgeneralservicelist.com/new-general-service-list,CC BY-SA 4.0
14,not,14,"[""ngsl-core""]","[""not""]",New General Service List,1.2,https://www.newgeneralservicelist.com/new-general-service-list,CC BY-SA 4.0
15,that,15,"[""ngsl-core""]","[""that""]",New General Service List,1.2,https://www.newgeneralservicelist.com/new-general-service-list,CC BY-SA 4.0
16,we,16,"[""ngsl-core""]","[""we""]",New General Service List,1.2,https://www.newgeneralservicelist.com/new-general-service-list,CC BY-SA 4.0
17,on,17,"[""ngsl-core""]","[""on""]",New General Service List,1.2,https://www.newgeneralservicelist.com/new-general-service-list,CC BY-SA 4.0
18,with,18,"[""ngsl-core""]","[""with""]",New General Service List,1.2,https://www.newgeneralservicelist.com/new-general-service-list,CC BY-SA 4.0
19,this,19,"[""ngsl-core""]","[""this""]",New General Service List,1.2,https://www.newgeneralservicelist.com/new-general-service-list,CC BY-SA 4.0
20,i,20,"[""ngsl-core""]","[""I""]",New General Service List,1.2,https://www.newgeneralservicelist.com/new-general-service-list,CC BY-SA 4.0
21,do,21,"[""ngsl-core""]","[""do""]",New General Service List,1.2,https://www.newgeneralservicelist.com/new-general-service-list,CC BY-SA 4.0
22,as,22,"[""ngsl-core""]","[""as""]",New General Service List,1.2,https://www.newgeneralservicelist.com/new-general-service-list,CC BY-SA 4.0
23,at,23,"[""ngsl-core""]","[""at""]",New General Service List,1.2,https://www.newgeneralservicelist.com/new-general-service-list,CC BY-SA 4.0
24,she,24,"[""ngsl-core""]","[""she""]",New General Service List,1.2,https://www.newgeneralservicelist.com/new-general-service-list,CC BY-SA 4.0
25,but,25,"[""ngsl-core""]","[""but""]",New General Service List,1.2,https://www.newgeneralservicelist.com/new-general-service-list,CC BY-SA 4.0
26,from,26,"[""ngsl-core""]","[""from""]",New General Service List,1.2,https://www.newgeneralservicelist.com/new-general-service-list,CC BY-SA 4.0
27,by,27,"[""ngsl-core""]","[""by""]",New General Service List,1.2,https://www.newgeneralservicelist.com/new-general-service-list,CC BY-SA 4.0
28,will,28,"[""ngsl-core""]","[""will""]",New General Service List,1.2,https://www.newgeneralservicelist.com/new-general-service-list,CC BY-SA 4.0
29,or,29,"[""ngsl-core""]","[""or""]",New General Service List,1.2,https://www.newgeneralservicelist.com/new-general-service-list,CC BY-SA 4.0
30,say,30,"[""ngsl-core""]","[""say""]",New General Service List,1.2,https://www.newgeneralservicelist.com/new-general-service-list,CC BY-SA 4.0
31,go,31,"[""ngsl-core""]","[""go""]",New General Service List,1.2,https://www.newgeneralservicelist.com/new-general-service-list,CC BY-SA 4.0
32,so,32,"[""ngsl-core""]","[""so""]",New General Service List,1.2,https://www.newgeneralservicelist.com/new-general-service-list,CC BY-SA 4.0
33,all,33,"[""ngsl-core""]","[""all""]",New General Service List,1.2,https://www.newgeneralservicelist.com/new-general-service-list,CC BY-SA 4.0
34,if,34,"[""ngsl-core""]","[""if""]",New General Service List,1.2,https://www.newgeneralservicelist.com/new-general-service-list,CC BY-SA 4.0
35,one,35,"[""ngsl-core""]","[""one""]",New General Service List,1.2,https://www.newgeneralservicelist.com/new-general-service-list,CC BY-SA 4.0
36,would,36,"[""ngsl-core""]","[""would""]",New General Service List,1.2,https://www.newgeneralservicelist.com/new-general-service-list,CC BY-SA 4.0
37,about,37,"[""ngsl-core""]","[""about""]",New General Service List,1.2,https://www.newgeneralservicelist.com/new-general-service-list,CC BY-SA 4.0
38,can,38,"[""ngsl-core""]","[""can""]",New General Service List,1.2,https://www.newgeneralservicelist.com/new-general-service-list,CC BY-SA 4.0
39,which,39,"[""ngsl-core""]","[""which""]",New General Service List,1.2,https://www.newgeneralservicelist.com/new-general-service-list,CC BY-SA 4.0
40,there,40,"[""ngsl-core""]","[""there""]",New General Service List,1.2,https://www.newgeneralservicelist.com/new-general-service-list,CC BY-SA 4.0
41,know,41,"[""ngsl-core""]","[""know""]",New General Service List,1.2,https://www.newgeneralservicelist.com/new-general-service-list,CC BY-SA 4.0
42,more,42,"[""ngsl-core""]","[""more""]",New General Service List,1.2,https://www.newgeneralservicelist.com/new-general-service-list,CC BY-SA 4.0
43,get,43,"[""ngsl-core""]","[""get""]",New General Service List,1.2,https://www.newgeneralservicelist.com/new-general-service-list,CC BY-SA 4.0
44,who,44,"[""ngsl-core""]","[""who""]",New General Service List,1.2,https://www.newgeneralservicelist.com/new-general-service-list,CC BY-SA 4.0
45,like,45,"[""ngsl-core""]","[""like""]",New General Service List,1.2,https://www.newgeneralservicelist.com/new-general-service-list,CC BY-SA 4.0
46,when,46,"[""ngsl-core""]","[""when""]",New General Service List,1.2,https://www.newgeneralservicelist.com/new-general-service-list,CC BY-SA 4.0
47,think,47,"[""ngsl-core""]","[""think""]",New General Service List,1.2,https://www.newgeneralservicelist.com/new-general-service-list,CC BY-SA 4.0
48,make,48,"[""ngsl-core""]","[""make""]",New General Service List,1.2,https://www.newgeneralservicelist.com/new-general-service-list,CC BY-SA 4.0
49,time,49,"[""ngsl-core""]","[""time""]",New General Service List,1.2,https://www.newgeneralservicelist.com/new-general-service-list,CC BY-SA 4.0
50,see,50,"[""ngsl-core""]","[""see""]",New General Service List,1.2,https://www.newgeneralservicelist.com/new-general-service-list,CC BY-SA 4.0
51,what,51,"[""ngsl-core""]","[""what""]",New General Service List,1.2,https://www.newgeneralservicelist.com/new-general-service-list,CC BY-SA 4.0
52,up,52,"[""ngsl-core""]","[""up""]",New General Service List,1.2,https://www.newgeneralservicelist.com/new-general-service-list,CC BY-SA 4.0
53,some,53,"[""ngsl-core""]","[""some""]",New General Service List,1.2,https://www.newgeneralservicelist.com/new-general-service-list,CC BY-SA 4.0
54,other,54,"[""ngsl-core""]","[""other""]",New General Service List,1.2,https://www.newgeneralservicelist.com/new-general-service-list,CC BY-SA 4.0
55,out,55,"[""ngsl-core""]","[""out""]",New General Service List,1.2,https://www.newgeneralservicelist.com/new-general-service-list,CC BY-SA 4.0
56,good,56,"[""ngsl-core""]","[""good""]",New General Service List,1.2,https://www.newgeneralservicelist.com/new-general-service-list,CC BY-SA 4.0
57,people,57,"[""ngsl-core""]","[""people""]",New General Service List,1.2,https://www.newgeneralservicelist.com/new-general-service-list,CC BY-SA 4.0
58,year,58,"[""ngsl-core""]","[""year""]",New General Service List,1.2,https://www.newgeneralservicelist.com/new-general-service-list,CC BY-SA 4.0
59,take,59,"[""ngsl-core""]","[""take""]",New General Service List,1.2,https://www.newgeneralservicelist.com/new-general-service-list,CC BY-SA 4.0
60,no,60,"[""ngsl-core""]","[""no""]",New General Service List,1.2,https://www.newgeneralservicelist.com/new-general-service-list,CC BY-SA 4.0
61,well,61,"[""ngsl-core""]","[""well""]",New General Service List,1.2,https://www.newgeneralservicelist.com/new-general-service-list,CC BY-SA 4.0
62,because,62,"[""ngsl-core""]","[""because""]",New General Service List,1.2,https://www.newgeneralservicelist.com/new-general-service-list,CC BY-SA 4.0
63,very,63,"[""ngsl-core""]","[""very""]",New General Service List,1.2,https://www.newgeneralservicelist.com/new-general-service-list,CC BY-SA 4.0
64,just,64,"[""ngsl-core""]","[""just""]",New General Service List,1.2,https://www.newgeneralservicelist.com/new-general-service-list,CC BY-SA 4.0
65,come,65,"[""ngsl-core""]","[""come""]",New General Service List,1.2,https://www.newgeneralservicelist.com/new-general-service-list,CC BY-SA 4.0
66,could,66,"[""ngsl-core""]","[""could""]",New General Service List,1.2,https://www.newgeneralservicelist.com/new-general-service-list,CC BY-SA 4.0
67,work,67,"[""ngsl-core""]","[""work""]",New General Service List,1.2,https://www.newgeneralservicelist.com/new-general-service-list,CC BY-SA 4.0
68,use,68,"[""ngsl-core""]","[""use""]",New General Service List,1.2,https://www.newgeneralservicelist.com/new-general-service-list,CC BY-SA 4.0
69,than,69,"[""ngsl-core""]","[""than""]",New General Service List,1.2,https://www.newgeneralservicelist.com/new-general-service-list,CC BY-SA 4.0
70,now,70,"[""ngsl-core""]","[""now""]",New General Service List,1.2,https://www.newgeneralservicelist.com/new-general-service-list,CC BY-SA 4.0
71,then,71,"[""ngsl-core""]","[""then""]",New General Service List,1.2,https://www.newgeneralservicelist.com/new-general-service-list,CC BY-SA 4.0
72,also,72,"[""ngsl-core""]","[""also""]",New General Service List,1.2,https://www.newgeneralservicelist.com/new-general-service-list,CC BY-SA 4.0
73,into,73,"[""ngsl-core""]","[""into""]",New General Service List,1.2,https://www.newgeneralservicelist.com/new-general-service-list,CC BY-SA 4.0
74,only,74,"[""ngsl-core""]","[""only""]",New General Service List,1.2,https://www.newgeneralservicelist.com/new-general-service-list,CC BY-SA 4.0
75,look,75,"[""ngsl-core""]","[""look""]",New General Service List,1.2,https://www.newgeneralservicelist.com/new-general-service-list,CC BY-SA 4.0
76,want,76,"[""ngsl-core""]","[""want""]",New General Service List,1.2,https://www.newgeneralservicelist.com/new-general-service-list,CC BY-SA 4.0
77,give,77,"[""ngsl-core""]","[""give""]",New General Service List,1.2,https://www.newgeneralservicelist.com/new-general-service-list,CC BY-SA 4.0
78,first,78,"[""ngsl-core""]","[""first""]",New General Service List,1.2,https://www.newgeneralservicelist.com/new-general-service-list,CC BY-SA 4.0
79,new,79,"[""ngsl-core""]","[""new""]",New General Service List,1.2,https://www.newgeneralservicelist.com/new-general-service-list,CC BY-SA 4.0
80,way,80,"[""ngsl-core""]","[""way""]",New General Service List,1.2,https://www.newgeneralservicelist.com/new-general-service-list,CC BY-SA 4.0
81,find,81,"[""ngsl-core""]","[""find""]",New General Service List,1.2,https://www.newgeneralservicelist.com/new-general-service-list,CC BY-SA 4.0
82,over,82,"[""ngsl-core""]","[""over""]",New General Service List,1.2,https://www.newgeneralservicelist.com/new-general-service-list,CC BY-SA 4.0
83,any,83,"[""ngsl-core""]","[""any""]",New General Service List,1.2,https://www.newgeneralservicelist.com/new-general-service-list,CC BY-SA 4.0
84,after,84,"[""ngsl-core""]","[""after""]",New General Service List,1.2,https://www.newgeneralservicelist.com/new-general-service-list,CC BY-SA 4.0
85,day,85,"[""ngsl-core""]","[""day""]",New General Service List,1.2,https://www.newgeneralservicelist.com/new-general-service-list,CC BY-SA 4.0
86,where,86,"[""ngsl-core""]","[""where""]",New General Service List,1.2,https://www.newgeneralservicelist.com/new-general-service-list,CC BY-SA 4.0
87,thing,87,"[""ngsl-core""]","[""thing""]",New General Service List,1.2,https://www.newgeneralservicelist.com/new-general-service-list,CC BY-SA 4.0
88,most,88,"[""ngsl-core""]","[""most""]",New General Service List,1.2,https://www.newgeneralservicelist.com/new-general-service-list,CC BY-SA 4.0
89,should,89,"[""ngsl-core""]","[""should""]",New General Service List,1.2,https://www.newgeneralservicelist.com/new-general-service-list,CC BY-SA 4.0
90,need,90,"[""ngsl-core""]","[""need""]",New General Service List,1.2,https://www.newgeneralservicelist.com/new-general-service-list,CC BY-SA 4.0
91,much,91,"[""ngsl-core""]","[""much""]",New General Service List,1.2,https://www.newgeneralservicelist.com/new-general-service-list,CC BY-SA 4.0
92,right,92,"[""ngsl-core""]","[""right""]",New General Service List,1.2,https://www.newgeneralservicelist.com/new-general-service-list,CC BY-SA 4.0
93,how,93,"[""ngsl-core""]","[""how""]",New General Service List,1.2,https://www.newgeneralservicelist.com/new-general-service-list,CC BY-SA 4.0
94,back,94,"[""ngsl-core""]","[""back""]",New General Service List,1.2,https://www.newgeneralservicelist.com/new-general-service-list,CC BY-SA 4.0
95,mean,95,"[""ngsl-core""]","[""mean""]",New General Service List,1.2,https://www.newgeneralservicelist.com/new-general-service-list,CC BY-SA 4.0
96,even,96,"[""ngsl-core""]","[""even""]",New General Service List,1.2,https://www.newgeneralservicelist.com/new-general-service-list,CC BY-SA 4.0
97,may,97,"[""ngsl-core"",""ngsl-supplement""]","[""may"",""May""]",New General Service List,1.2,https://www.newgeneralservicelist.com/new-general-service-list,CC BY-SA 4.0
98,here,98,"[""ngsl-core""]","[""here""]",New General Service List,1.2,https://www.newgeneralservicelist.com/new-general-service-list,CC BY-SA 4.0
99,many,99,"[""ngsl-core""]","[""many""]",New General Service List,1.2,https://www.newgeneralservicelist.com/new-general-service-list,CC BY-SA 4.0
100,such,100,"[""ngsl-core""]","[""such""]",New General Service List,1.2,https://www.newgeneralservicelist.com/new-general-service-list,CC BY-SA 4.0
101,last,101,"[""ngsl-core""]","[""last""]",New General Service List,1.2,https://www.newgeneralservicelist.com/new-general-service-list,CC BY-SA 4.0
102,child,102,"[""ngsl-core""]","[""child""]",New General Service List,1.2,https://www.newgeneralservicelist.com/new-general-service-list,CC BY-SA 4.0
103,tell,103,"[""ngsl-core""]","[""tell""]",New General Service List,1.2,https://www.newgeneralservicelist.com/new-general-service-list,CC BY-SA 4.0
104,really,104,"[""ngsl-core""]","[""really""]",New General Service List,1.2,https://www.newgeneralservicelist.com/new-general-service-list,CC BY-SA 4.0
105,call,105,"[""ngsl-core""]","[""call""]",New General Service List,1.2,https://www.newgeneralservicelist.com/new-general-service-list,CC BY-SA 4.0
106,before,106,"[""ngsl-core""]","[""before""]",New General Service List,1.2,https://www.newgeneralservicelist.com/new-general-service-list,CC BY-SA 4.0
107,company,107,"[""ngsl-core""]","[""company""]",New General Service List,1.2,https://www.newgeneralservicelist.com/new-general-service-list,CC BY-SA 4.0
108,through,108,"[""ngsl-core""]","[""through""]",New General Service List,1.2,https://www.newgeneralservicelist.com/new-general-service-list,CC BY-SA 4.0
109,down,109,"[""ngsl-core""]","[""down""]",New General Service List,1.2,https://www.newgeneralservicelist.com/new-general-service-list,CC BY-SA 4.0
110,show,110,"[""ngsl-core""]","[""show""]",New General Service List,1.2,https://www.newgeneralservicelist.com/new-general-service-list,CC BY-SA 4.0
111,life,111,"[""ngsl-core""]","[""life""]",New General Service List,1.2,https://www.newgeneralservicelist.com/new-general-service-list,CC BY-SA 4.0
112,man,112,"[""ngsl-core""]","[""man""]",New General Service List,1.2,https://www.newgeneralservicelist.com/new-general-service-list,CC BY-SA 4.0
113,change,113,"[""ngsl-core""]","[""change""]",New General Service List,1.2,https://www.newgeneralservicelist.com/new-general-service-list,CC BY-SA 4.0
114,place,114,"[""ngsl-core""]","[""place""]",New General Service List,1.2,https://www.newgeneralservicelist.com/new-general-service-list,CC BY-SA 4.0
115,long,115,"[""ngsl-core""]","[""long""]",New General Service List,1.2,https://www.newgeneralservicelist.com/new-general-service-list,CC BY-SA 4.0
116,between,116,"[""ngsl-core""]","[""between""]",New General Service List,1.2,https://www.newgeneralservicelist.com/new-general-service-list,CC BY-SA 4.0
117,feel,117,"[""ngsl-core""]","[""feel""]",New General Service List,1.2,https://www.newgeneralservicelist.com/new-general-service-list,CC BY-SA 4.0
118,too,118,"[""ngsl-core""]","[""too""]",New General Service List,1.2,https://www.newgeneralservicelist.com/new-general-service-list,CC BY-SA 4.0
119,still,119,"[""ngsl-core""]","[""still""]",New General Service List,1.2,https://www.newgeneralservicelist.com/new-general-service-list,CC BY-SA 4.0
120,problem,120,"[""ngsl-core""]","[""problem""]",New General Service List,1.2,https://www.newgeneralservicelist.com/new-general-service-list,CC BY-SA 4.0
121,write,121,"[""ngsl-core""]","[""write""]",New General Service List,1.2,https://www.newgeneralservicelist.com/new-general-service-list,CC BY-SA 4.0
122,same,122,"[""ngsl-core""]","[""same""]",New General Service List,1.2,https://www.newgeneralservicelist.com/new-general-service-list,CC BY-SA 4.0
123,lot,123,"[""ngsl-core""]","[""lot""]",New General Service List,1.2,https://www.newgeneralservicelist.com/new-general-service-list,CC BY-SA 4.0
124,great,124,"[""ngsl-core""]","[""great""]",New General Service List,1.2,https://www.newgeneralservicelist.com/new-general-service-list,CC BY-SA 4.0
125,try,125,"[""ngsl-core""]","[""try""]",New General Service List,1.2,https://www.newgeneralservicelist.com/new-general-service-list,CC BY-SA 4.0
126,leave,126,"[""ngsl-core""]","[""leave""]",New General Service List,1.2,https://www.newgeneralservicelist.com/new-general-service-list,CC BY-SA 4.0
127,number,127,"[""ngsl-core""]","[""number""]",New General Service List,1.2,https://www.newgeneralservicelist.com/new-general-service-list,CC BY-SA 4.0
128,both,128,"[""ngsl-core""]","[""both""]",New General Service List,1.2,https://www.newgeneralservicelist.com/new-general-service-list,CC BY-SA 4.0
129,own,129,"[""ngsl-core""]","[""own""]",New General Service List,1.2,https://www.newgeneralservicelist.com/new-general-service-list,CC BY-SA 4.0
130,part,130,"[""ngsl-core""]","[""part""]",New General Service List,1.2,https://www.newgeneralservicelist.com/new-general-service-list,CC BY-SA 4.0
131,point,131,"[""ngsl-core""]","[""point""]",New General Service List,1.2,https://www.newgeneralservicelist.com/new-general-service-list,CC BY-SA 4.0
132,little,132,"[""ngsl-core""]","[""little""]",New General Service List,1.2,https://www.newgeneralservicelist.com/new-general-service-list,CC BY-SA 4.0
133,help,133,"[""ngsl-core""]","[""help""]",New General Service List,1.2,https://www.newgeneralservicelist.com/new-general-service-list,CC BY-SA 4.0
134,ask,134,"[""ngsl-core""]","[""ask""]",New General Service List,1.2,https://www.newgeneralservicelist.com/new-general-service-list,CC BY-SA 4.0
135,meet,135,"[""ngsl-core""]","[""meet""]",New General Service List,1.2,https://www.newgeneralservicelist.com/new-general-service-list,CC BY-SA 4.0
136,start,136,"[""ngsl-core""]","[""start""]",New General Service List,1.2,https://www.newgeneralservicelist.com/new-general-service-list,CC BY-SA 4.0
137,talk,137,"[""ngsl-core""]","[""talk""]",New General Service List,1.2,https://www.newgeneralservicelist.com/new-general-service-list,CC BY-SA 4.0
138,something,138,"[""ngsl-core""]","[""something""]",New General Service List,1.2,https://www.newgeneralservicelist.com/new-general-service-list,CC BY-SA 4.0
139,put,139,"[""ngsl-core""]","[""put""]",New General Service List,1.2,https://www.newgeneralservicelist.com/new-general-service-list,CC BY-SA 4.0
140,another,140,"[""ngsl-core""]","[""another""]",New General Service List,1.2,https://www.newgeneralservicelist.com/new-general-service-list,CC BY-SA 4.0
141,become,141,"[""ngsl-core""]","[""become""]",New General Service List,1.2,https://www.newgeneralservicelist.com/new-general-service-list,CC BY-SA 4.0
142,interest,142,"[""ngsl-core""]","[""interest""]",New General Service List,1.2,https://www.newgeneralservicelist.com/new-general-service-list,CC BY-SA 4.0
143,country,143,"[""ngsl-core""]","[""country""]",New General Service List,1.2,https://www.newgeneralservicelist.com/new-general-service-list,CC BY-SA 4.0
144,old,144,"[""ngsl-core""]","[""old""]",New General Service List,1.2,https://www.newgeneralservicelist.com/new-general-service-list,CC BY-SA 4.0
145,each,145,"[""ngsl-core""]","[""each""]",New General Service List,1.2,https://www.newgeneralservicelist.com/new-general-service-list,CC BY-SA 4.0
146,school,146,"[""ngsl-core""]","[""school""]",New General Service List,1.2,https://www.newgeneralservicelist.com/new-general-service-list,CC BY-SA 4.0
147,late,147,"[""ngsl-core""]","[""late""]",New General Service List,1.2,https://www.newgeneralservicelist.com/new-general-service-list,CC BY-SA 4.0
148,high,148,"[""ngsl-core""]","[""high""]",New General Service List,1.2,https://www.newgeneralservicelist.com/new-general-service-list,CC BY-SA 4.0
149,different,149,"[""ngsl-core""]","[""different""]",New General Service List,1.2,https://www.newgeneralservicelist.com/new-general-service-list,CC BY-SA 4.0
150,off,150,"[""ngsl-core""]","[""off""]",New General Service List,1.2,https://www.newgeneralservicelist.com/new-general-service-list,CC BY-SA 4.0
151,next,151,"[""ngsl-core""]","[""next""]",New General Service List,1.2,https://www.newgeneralservicelist.com/new-general-service-list,CC BY-SA 4.0
152,end,152,"[""ngsl-core""]","[""end""]",New General Service List,1.2,https://www.newgeneralservicelist.com/new-general-service-list,CC BY-SA 4.0
153,live,153,"[""ngsl-core""]","[""live""]",New General Service List,1.2,https://www.newgeneralservicelist.com/new-general-service-list,CC BY-SA 4.0
154,why,154,"[""ngsl-core""]","[""why""]",New General Service List,1.2,https://www.newgeneralservicelist.com/new-general-service-list,CC BY-SA 4.0
155,while,155,"[""ngsl-core""]","[""while""]",New General Service List,1.2,https://www.newgeneralservicelist.com/new-general-service-list,CC BY-SA 4.0
156,world,156,"[""ngsl-core""]","[""world""]",New General Service List,1.2,https://www.newgeneralservicelist.com/new-general-service-list,CC BY-SA 4.0
157,week,157,"[""ngsl-core""]","[""week""]",New General Service List,1.2,https://www.newgeneralservicelist.com/new-general-service-list,CC BY-SA 4.0
158,play,158,"[""ngsl-core""]","[""play""]",New General Service List,1.2,https://www.newgeneralservicelist.com/new-general-service-list,CC BY-SA 4.0
159,might,159,"[""ngsl-core""]","[""might""]",New General Service List,1.2,https://www.newgeneralservicelist.com/new-general-service-list,CC BY-SA 4.0
160,must,160,"[""ngsl-core""]","[""must""]",New General Service List,1.2,https://www.newgeneralservicelist.com/new-general-service-list,CC BY-SA 4.0
161,home,161,"[""ngsl-core""]","[""home""]",New General Service List,1.2,https://www.newgeneralservicelist.com/new-general-service-list,CC BY-SA 4.0
162,never,162,"[""ngsl-core""]","[""never""]",New General Service List,1.2,https://www.newgeneralservicelist.com/new-general-service-list,CC BY-SA 4.0
163,include,163,"[""ngsl-core""]","[""include""]",New General Service List,1.2,https://www.newgeneralservicelist.com/new-general-service-list,CC BY-SA 4.0
164,course,164,"[""ngsl-core""]","[""course""]",New General Service List,1.2,https://www.newgeneralservicelist.com/new-general-service-list,CC BY-SA 4.0
165,house,165,"[""ngsl-core""]","[""house""]",New General Service List,1.2,https://www.newgeneralservicelist.com/new-general-service-list,CC BY-SA 4.0
166,report,166,"[""ngsl-core""]","[""report""]",New General Service List,1.2,https://www.newgeneralservicelist.com/new-general-service-list,CC BY-SA 4.0
167,group,167,"[""ngsl-core""]","[""group""]",New General Service List,1.2,https://www.newgeneralservicelist.com/new-general-service-list,CC BY-SA 4.0
168,case,168,"[""ngsl-core""]","[""case""]",New General Service List,1.2,https://www.newgeneralservicelist.com/new-general-service-list,CC BY-SA 4.0
169,woman,169,"[""ngsl-core""]","[""woman""]",New General Service List,1.2,https://www.newgeneralservicelist.com/new-general-service-list,CC BY-SA 4.0
170,around,170,"[""ngsl-core""]","[""around""]",New General Service List,1.2,https://www.newgeneralservicelist.com/new-general-service-list,CC BY-SA 4.0
171,book,171,"[""ngsl-core""]","[""book""]",New General Service List,1.2,https://www.newgeneralservicelist.com/new-general-service-list,CC BY-SA 4.0
172,family,172,"[""ngsl-core""]","[""family""]",New General Service List,1.2,https://www.newgeneralservicelist.com/new-general-service-list,CC BY-SA 4.0
173,seem,173,"[""ngsl-core""]","[""seem""]",New General Service List,1.2,https://www.newgeneralservicelist.com/new-general-service-list,CC BY-SA 4.0
174,let,174,"[""ngsl-core""]","[""let""]",New General Service List,1.2,https://www.newgeneralservicelist.com/new-general-service-list,CC BY-SA 4.0
175,again,175,"[""ngsl-core""]","[""again""]",New General Service List,1.2,https://www.newgeneralservicelist.com/new-general-service-list,CC BY-SA 4.0
176,kind,176,"[""ngsl-core""]","[""kind""]",New General Service List,1.2,https://www.newgeneralservicelist.com/new-general-service-list,CC BY-SA 4.0
177,keep,177,"[""ngsl-core""]","[""keep""]",New General Service List,1.2,https://www.newgeneralservicelist.com/new-general-service-list,CC BY-SA 4.0
178,hear,178,"[""ngsl-core""]","[""hear""]",New General Service List,1.2,https://www.newgeneralservicelist.com/new-general-service-list,CC BY-SA 4.0
179,system,179,"[""ngsl-core""]","[""system""]",New General Service List,1.2,https://www.newgeneralservicelist.com/new-general-service-list,CC BY-SA 4.0
180,every,180,"[""ngsl-core""]","[""every""]",New General Service List,1.2,https://www.newgeneralservicelist.com/new-general-service-list,CC BY-SA 4.0
181,question,181,"[""ngsl-core""]","[""question""]",New General Service List,1.2,https://www.newgeneralservicelist.com/new-general-service-list,CC BY-SA 4.0
182,during,182,"[""ngsl-core""]","[""during""]",New General Service List,1.2,https://www.newgeneralservicelist.com/new-general-service-list,CC BY-SA 4.0
183,always,183,"[""ngsl-core""]","[""always""]",New General Service List,1.2,https://www.newgeneralservicelist.com/new-general-service-list,CC BY-SA 4.0
184,big,184,"[""ngsl-core""]","[""big""]",New General Service List,1.2,https://www.newgeneralservicelist.com/new-general-service-list,CC BY-SA 4.0
185,set,185,"[""ngsl-core""]","[""set""]",New General Service List,1.2,https://www.newgeneralservicelist.com/new-general-service-list,CC BY-SA 4.0
186,small,186,"[""ngsl-core""]","[""small""]",New General Service List,1.2,https://www.newgeneralservicelist.com/new-general-service-list,CC BY-SA 4.0
187,study,187,"[""ngsl-core""]","[""study""]",New General Service List,1.2,https://www.newgeneralservicelist.com/new-general-service-list,CC BY-SA 4.0
188,follow,188,"[""ngsl-core""]","[""follow""]",New General Service List,1.2,https://www.newgeneralservicelist.com/new-general-service-list,CC BY-SA 4.0
189,begin,189,"[""ngsl-core""]","[""begin""]",New General Service List,1.2,https://www.newgeneralservicelist.com/new-general-service-list,CC BY-SA 4.0
190,important,190,"[""ngsl-core""]","[""important""]",New General Service List,1.2,https://www.newgeneralservicelist.com/new-general-service-list,CC BY-SA 4.0
191,since,191,"[""ngsl-core""]","[""since""]",New General Service List,1.2,https://www.newgeneralservicelist.com/new-general-service-list,CC BY-SA 4.0
192,run,192,"[""ngsl-core""]","[""run""]",New General Service List,1.2,https://www.newgeneralservicelist.com/new-general-service-list,CC BY-SA 4.0
193,under,193,"[""ngsl-core""]","[""under""]",New General Service List,1.2,https://www.newgeneralservicelist.com/new-general-service-list,CC BY-SA 4.0
194,turn,194,"[""ngsl-core""]","[""turn""]",New General Service List,1.2,https://www.newgeneralservicelist.com/new-general-service-list,CC BY-SA 4.0
195,few,195,"[""ngsl-core""]","[""few""]",New General Service List,1.2,https://www.newgeneralservicelist.com/new-general-service-list,CC BY-SA 4.0
196,bring,196,"[""ngsl-core""]","[""bring""]",New General Service List,1.2,https://www.newgeneralservicelist.com/new-general-service-list,CC BY-SA 4.0
197,early,197,"[""ngsl-core""]","[""early""]",New General Service List,1.2,https://www.newgeneralservicelist.com/new-general-service-list,CC BY-SA 4.0
198,hand,198,"[""ngsl-core""]","[""hand""]",New General Service List,1.2,https://www.newgeneralservicelist.com/new-general-service-list,CC BY-SA 4.0
199,state,199,"[""ngsl-core""]","[""state""]",New General Service List,1.2,https://www.newgeneralservicelist.com/new-general-service-list,CC BY-SA 4.0
200,move,200,"[""ngsl-core""]","[""move""]",New General Service List,1.2,https://www.newgeneralservicelist.com/new-general-service-list,CC BY-SA 4.0
201,money,201,"[""ngsl-core""]","[""money""]",New General Service List,1.2,https://www.newgeneralservicelist.com/new-general-service-list,CC BY-SA 4.0
202,fact,202,"[""ngsl-core""]","[""fact""]",New General Service List,1.2,https://www.newgeneralservicelist.com/new-general-service-list,CC BY-SA 4.0
203,however,203,"[""ngsl-core""]","[""however""]",New General Service List,1.2,https://www.newgeneralservicelist.com/new-general-service-list,CC BY-SA 4.0
204,area,204,"[""ngsl-core""]","[""area""]",New General Service List,1.2,https://www.newgeneralservicelist.com/new-general-service-list,CC BY-SA 4.0
205,provide,205,"[""ngsl-core""]","[""provide""]",New General Service List,1.2,https://www.newgeneralservicelist.com/new-general-service-list,CC BY-SA 4.0
206,name,206,"[""ngsl-core""]","[""name""]",New General Service List,1.2,https://www.newgeneralservicelist.com/new-general-service-list,CC BY-SA 4.0
207,read,207,"[""ngsl-core""]","[""read""]",New General Service List,1.2,https://www.newgeneralservicelist.com/new-general-service-list,CC BY-SA 4.0
208,friend,208,"[""ngsl-core""]","[""friend""]",New General Service List,1.2,https://www.newgeneralservicelist.com/new-general-service-list,CC BY-SA 4.0
209,month,209,"[""ngsl-core""]","[""month""]",New General Service List,1.2,https://www.newgeneralservicelist.com/new-general-service-list,CC BY-SA 4.0
210,large,210,"[""ngsl-core""]","[""large""]",New General Service List,1.2,https://www.newgeneralservicelist.com/new-general-service-list,CC BY-SA 4.0
211,business,211,"[""ngsl-core""]","[""business""]",New General Service List,1.2,https://www.newgeneralservicelist.com/new-general-service-list,CC BY-SA 4.0
212,without,212,"[""ngsl-core""]","[""without""]",New General Service List,1.2,https://www.newgeneralservicelist.com/new-general-service-list,CC BY-SA 4.0
213,information,213,"[""ngsl-core""]","[""information""]",New General Service List,1.2,https://www.newgeneralservicelist.com/new-general-service-list,CC BY-SA 4.0
214,open,214,"[""ngsl-core""]","[""open""]",New General Service List,1.2,https://www.newgeneralservicelist.com/new-general-service-list,CC BY-SA 4.0
215,order,215,"[""ngsl-core""]","[""order""]",New General Service List,1.2,https://www.newgeneralservicelist.com/new-general-service-list,CC BY-SA 4.0
216,government,216,"[""ngsl-core""]","[""government""]",New General Service List,1.2,https://www.newgeneralservicelist.com/new-general-service-list,CC BY-SA 4.0
217,word,217,"[""ngsl-core""]","[""word""]",New General Service List,1.2,https://www.newgeneralservicelist.com/new-general-service-list,CC BY-SA 4.0
218,issue,218,"[""ngsl-core""]","[""issue""]",New General Service List,1.2,https://www.newgeneralservicelist.com/new-general-service-list,CC BY-SA 4.0
219,market,219,"[""ngsl-core""]","[""market""]",New General Service List,1.2,https://www.newgeneralservicelist.com/new-general-service-list,CC BY-SA 4.0
220,pay,220,"[""ngsl-core""]","[""pay""]",New General Service List,1.2,https://www.newgeneralservicelist.com/new-general-service-list,CC BY-SA 4.0
221,build,221,"[""ngsl-core""]","[""build""]",New General Service List,1.2,https://www.newgeneralservicelist.com/new-general-service-list,CC BY-SA 4.0
222,hold,222,"[""ngsl-core""]","[""hold""]",New General Service List,1.2,https://www.newgeneralservicelist.com/new-general-service-list,CC BY-SA 4.0
223,service,223,"[""ngsl-core""]","[""service""]",New General Service List,1.2,https://www.newgeneralservicelist.com/new-general-service-list,CC BY-SA 4.0
224,against,224,"[""ngsl-core""]","[""against""]",New General Service List,1.2,https://www.newgeneralservicelist.com/new-general-service-list,CC BY-SA 4.0
225,believe,225,"[""ngsl-core""]","[""believe""]",New General Service List,1.2,https://www.newgeneralservicelist.com/new-general-service-list,CC BY-SA 4.0
226,second,226,"[""ngsl-core""]","[""second""]",New General Service List,1.2,https://www.newgeneralservicelist.com/new-general-service-list,CC BY-SA 4.0
227,though,227,"[""ngsl-core""]","[""though""]",New General Service List,1.2,https://www.newgeneralservicelist.com/new-general-service-list,CC BY-SA 4.0
228,yes,228,"[""ngsl-core""]","[""yes""]",New General Service List,1.2,https://www.newgeneralservicelist.com/new-general-service-list,CC BY-SA 4.0
229,love,229,"[""ngsl-core""]","[""love""]",New General Service List,1.2,https://www.newgeneralservicelist.com/new-general-service-list,CC BY-SA 4.0
230,increase,230,"[""ngsl-core""]","[""increase""]",New General Service List,1.2,https://www.newgeneralservicelist.com/new-general-service-list,CC BY-SA 4.0
231,job,231,"[""ngsl-core""]","[""job""]",New General Service List,1.2,https://www.newgeneralservicelist.com/new-general-service-list,CC BY-SA 4.0
232,plan,232,"[""ngsl-core""]","[""plan""]",New General Service List,1.2,https://www.newgeneralservicelist.com/new-general-service-list,CC BY-SA 4.0
233,result,233,"[""ngsl-core""]","[""result""]",New General Service List,1.2,https://www.newgeneralservicelist.com/new-general-service-list,CC BY-SA 4.0
234,away,234,"[""ngsl-core""]","[""away""]",New General Service List,1.2,https://www.newgeneralservicelist.com/new-general-service-list,CC BY-SA 4.0
235,example,235,"[""ngsl-core""]","[""example""]",New General Service List,1.2,https://www.newgeneralservicelist.com/new-general-service-list,CC BY-SA 4.0
236,happen,236,"[""ngsl-core""]","[""happen""]",New General Service List,1.2,https://www.newgeneralservicelist.com/new-general-service-list,CC BY-SA 4.0
237,offer,237,"[""ngsl-core""]","[""offer""]",New General Service List,1.2,https://www.newgeneralservicelist.com/new-general-service-list,CC BY-SA 4.0
238,young,238,"[""ngsl-core""]","[""young""]",New General Service List,1.2,https://www.newgeneralservicelist.com/new-general-service-list,CC BY-SA 4.0
239,close,239,"[""ngsl-core""]","[""close""]",New General Service List,1.2,https://www.newgeneralservicelist.com/new-general-service-list,CC BY-SA 4.0
240,program,240,"[""ngsl-core""]","[""program""]",New General Service List,1.2,https://www.newgeneralservicelist.com/new-general-service-list,CC BY-SA 4.0
241,lead,241,"[""ngsl-core""]","[""lead""]",New General Service List,1.2,https://www.newgeneralservicelist.com/new-general-service-list,CC BY-SA 4.0
242,buy,242,"[""ngsl-core""]","[""buy""]",New General Service List,1.2,https://www.newgeneralservicelist.com/new-general-service-list,CC BY-SA 4.0
243,understand,243,"[""ngsl-core""]","[""understand""]",New General Service List,1.2,https://www.newgeneralservicelist.com/new-general-service-list,CC BY-SA 4.0
244,thank,244,"[""ngsl-core""]","[""thank""]",New General Service List,1.2,https://www.newgeneralservicelist.com/new-general-service-list,CC BY-SA 4.0
245,far,245,"[""ngsl-core""]","[""far""]",New General Service List,1.2,https://www.newgeneralservicelist.com/new-general-service-list,CC BY-SA 4.0
246,today,246,"[""ngsl-core""]","[""today""]",New General Service List,1.2,https://www.newgeneralservicelist.com/new-general-service-list,CC BY-SA 4.0
247,hour,247,"[""ngsl-core""]","[""hour""]",New General Service List,1.2,https://www.newgeneralservicelist.com/new-general-service-list,CC BY-SA 4.0
248,student,248,"[""ngsl-core""]","[""student""]",New General Service List,1.2,https://www.newgeneralservicelist.com/new-general-service-list,CC BY-SA 4.0
249,face,249,"[""ngsl-core""]","[""face""]",New General Service List,1.2,https://www.newgeneralservicelist.com/new-general-service-list,CC BY-SA 4.0
250,hope,250,"[""ngsl-core""]","[""hope""]",New General Service List,1.2,https://www.newgeneralservicelist.com/new-general-service-list,CC BY-SA 4.0
251,idea,251,"[""ngsl-core""]","[""idea""]",New General Service List,1.2,https://www.newgeneralservicelist.com/new-general-service-list,CC BY-SA 4.0
252,cost,252,"[""ngsl-core""]","[""cost""]",New General Service List,1.2,https://www.newgeneralservicelist.com/new-general-service-list,CC BY-SA 4.0
253,less,253,"[""ngsl-core""]","[""less""]",New General Service List,1.2,https://www.newgeneralservicelist.com/new-general-service-list,CC BY-SA 4.0
254,room,254,"[""ngsl-core""]","[""room""]",New General Service List,1.2,https://www.newgeneralservicelist.com/new-general-service-list,CC BY-SA 4.0
255,until,255,"[""ngsl-core""]","[""until""]",New General Service List,1.2,https://www.newgeneralservicelist.com/new-general-service-list,CC BY-SA 4.0
256,reason,256,"[""ngsl-core""]","[""reason""]",New General Service List,1.2,https://www.newgeneralservicelist.com/new-general-service-list,CC BY-SA 4.0
257,form,257,"[""ngsl-core""]","[""form""]",New General Service List,1.2,https://www.newgeneralservicelist.com/new-general-service-list,CC BY-SA 4.0
258,spend,258,"[""ngsl-core""]","[""spend""]",New General Service List,1.2,https://www.newgeneralservicelist.com/new-general-service-list,CC BY-SA 4.0
259,head,259,"[""ngsl-core""]","[""head""]",New General Service List,1.2,https://www.newgeneralservicelist.com/new-general-service-list,CC BY-SA 4.0
260,car,260,"[""ngsl-core""]","[""car""]",New General Service List,1.2,https://www.newgeneralservicelist.com/new-general-service-list,CC BY-SA 4.0
261,learn,261,"[""ngsl-core""]","[""learn""]",New General Service List,1.2,https://www.newgeneralservicelist.com/new-general-service-list,CC BY-SA 4.0
262,level,262,"[""ngsl-core""]","[""level""]",New General Service List,1.2,https://www.newgeneralservicelist.com/new-general-service-list,CC BY-SA 4.0
263,person,263,"[""ngsl-core""]","[""person""]",New General Service List,1.2,https://www.newgeneralservicelist.com/new-general-service-list,CC BY-SA 4.0
264,experience,264,"[""ngsl-core""]","[""experience""]",New General Service List,1.2,https://www.newgeneralservicelist.com/new-general-service-list,CC BY-SA 4.0
265,once,265,"[""ngsl-core""]","[""once""]",New General Service List,1.2,https://www.newgeneralservicelist.com/new-general-service-list,CC BY-SA 4.0
266,member,266,"[""ngsl-core""]","[""member""]",New General Service List,1.2,https://www.newgeneralservicelist.com/new-general-service-list,CC BY-SA 4.0
267,enough,267,"[""ngsl-core""]","[""enough""]",New General Service List,1.2,https://www.newgeneralservicelist.com/new-general-service-list,CC BY-SA 4.0
268,bad,268,"[""ngsl-core""]","[""bad""]",New General Service List,1.2,https://www.newgeneralservicelist.com/new-general-service-list,CC BY-SA 4.0
269,city,269,"[""ngsl-core""]","[""city""]",New General Service List,1.2,https://www.newgeneralservicelist.com/new-general-service-list,CC BY-SA 4.0
270,night,270,"[""ngsl-core""]","[""night""]",New General Service List,1.2,https://www.newgeneralservicelist.com/new-general-service-list,CC BY-SA 4.0
271,able,271,"[""ngsl-core""]","[""able""]",New General Service List,1.2,https://www.newgeneralservicelist.com/new-general-service-list,CC BY-SA 4.0
272,support,272,"[""ngsl-core""]","[""support""]",New General Service List,1.2,https://www.newgeneralservicelist.com/new-general-service-list,CC BY-SA 4.0
273,whether,273,"[""ngsl-core""]","[""whether""]",New General Service List,1.2,https://www.newgeneralservicelist.com/new-general-service-list,CC BY-SA 4.0
274,line,274,"[""ngsl-core""]","[""line""]",New General Service List,1.2,https://www.newgeneralservicelist.com/new-general-service-list,CC BY-SA 4.0
275,present,275,"[""ngsl-core""]","[""present""]",New General Service List,1.2,https://www.newgeneralservicelist.com/new-general-service-list,CC BY-SA 4.0
276,side,276,"[""ngsl-core""]","[""side""]",New General Service List,1.2,https://www.newgeneralservicelist.com/new-general-service-list,CC BY-SA 4.0
277,quite,277,"[""ngsl-core""]","[""quite""]",New General Service List,1.2,https://www.newgeneralservicelist.com/new-general-service-list,CC BY-SA 4.0
278,although,278,"[""ngsl-core""]","[""although""]",New General Service List,1.2,https://www.newgeneralservicelist.com/new-general-service-list,CC BY-SA 4.0
279,sure,279,"[""ngsl-core""]","[""sure""]",New General Service List,1.2,https://www.newgeneralservicelist.com/new-general-service-list,CC BY-SA 4.0
280,term,280,"[""ngsl-core""]","[""term""]",New General Service List,1.2,https://www.newgeneralservicelist.com/new-general-service-list,CC BY-SA 4.0
281,least,281,"[""ngsl-core""]","[""least""]",New General Service List,1.2,https://www.newgeneralservicelist.com/new-general-service-list,CC BY-SA 4.0
282,age,282,"[""ngsl-core""]","[""age""]",New General Service List,1.2,https://www.newgeneralservicelist.com/new-general-service-list,CC BY-SA 4.0
283,low,283,"[""ngsl-core""]","[""low""]",New General Service List,1.2,https://www.newgeneralservicelist.com/new-general-service-list,CC BY-SA 4.0
284,speak,284,"[""ngsl-core""]","[""speak""]",New General Service List,1.2,https://www.newgeneralservicelist.com/new-general-service-list,CC BY-SA 4.0
285,within,285,"[""ngsl-core""]","[""within""]",New General Service List,1.2,https://www.newgeneralservicelist.com/new-general-service-list,CC BY-SA 4.0
286,process,286,"[""ngsl-core""]","[""process""]",New General Service List,1.2,https://www.newgeneralservicelist.com/new-general-service-list,CC BY-SA 4.0
287,public,287,"[""ngsl-core""]","[""public""]",New General Service List,1.2,https://www.newgeneralservicelist.com/new-general-service-list,CC BY-SA 4.0
288,often,288,"[""ngsl-core""]","[""often""]",New General Service List,1.2,https://www.newgeneralservicelist.com/new-general-service-list,CC BY-SA 4.0
289,train,289,"[""ngsl-core""]","[""train""]",New General Service List,1.2,https://www.newgeneralservicelist.com/new-general-service-list,CC BY-SA 4.0
290,possible,290,"[""ngsl-core""]","[""possible""]",New General Service List,1.2,https://www.newgeneralservicelist.com/new-general-service-list,CC BY-SA 4.0
291,actually,291,"[""ngsl-core""]","[""actually""]",New General Service List,1.2,https://www.newgeneralservicelist.com/new-general-service-list,CC BY-SA 4.0
292,rather,292,"[""ngsl-core""]","[""rather""]",New General Service List,1.2,https://www.newgeneralservicelist.com/new-general-service-list,CC BY-SA 4.0
293,view,293,"[""ngsl-core""]","[""view""]",New General Service List,1.2,https://www.newgeneralservicelist.com/new-general-service-list,CC BY-SA 4.0
294,together,294,"[""ngsl-core""]","[""together""]",New General Service List,1.2,https://www.newgeneralservicelist.com/new-general-service-list,CC BY-SA 4.0
295,consider,295,"[""ngsl-core""]","[""consider""]",New General Service List,1.2,https://www.newgeneralservicelist.com/new-general-service-list,CC BY-SA 4.0
296,price,296,"[""ngsl-core""]","[""price""]",New General Service List,1.2,https://www.newgeneralservicelist.com/new-general-service-list,CC BY-SA 4.0
297,parent,297,"[""ngsl-core""]","[""parent""]",New General Service List,1.2,https://www.newgeneralservicelist.com/new-general-service-list,CC BY-SA 4.0
298,hard,298,"[""ngsl-core""]","[""hard""]",New General Service List,1.2,https://www.newgeneralservicelist.com/new-general-service-list,CC BY-SA 4.0
299,party,299,"[""ngsl-core""]","[""party""]",New General Service List,1.2,https://www.newgeneralservicelist.com/new-general-service-list,CC BY-SA 4.0
300,local,300,"[""ngsl-core""]","[""local""]",New General Service List,1.2,https://www.newgeneralservicelist.com/new-general-service-list,CC BY-SA 4.0
301,control,301,"[""ngsl-core""]","[""control""]",New General Service List,1.2,https://www.newgeneralservicelist.com/new-general-service-list,CC BY-SA 4.0
302,already,302,"[""ngsl-core""]","[""already""]",New General Service List,1.2,https://www.newgeneralservicelist.com/new-general-service-list,CC BY-SA 4.0
303,concern,303,"[""ngsl-core""]","[""concern""]",New General Service List,1.2,https://www.newgeneralservicelist.com/new-general-service-list,CC BY-SA 4.0
304,product,304,"[""ngsl-core""]","[""product""]",New General Service List,1.2,https://www.newgeneralservicelist.com/new-general-service-list,CC BY-SA 4.0
305,lose,305,"[""ngsl-core""]","[""lose""]",New General Service List,1.2,https://www.newgeneralservicelist.com/new-general-service-list,CC BY-SA 4.0
306,story,306,"[""ngsl-core""]","[""story""]",New General Service List,1.2,https://www.newgeneralservicelist.com/new-general-service-list,CC BY-SA 4.0
307,almost,307,"[""ngsl-core""]","[""almost""]",New General Service List,1.2,https://www.newgeneralservicelist.com/new-general-service-list,CC BY-SA 4.0
308,continue,308,"[""ngsl-core""]","[""continue""]",New General Service List,1.2,https://www.newgeneralservicelist.com/new-general-service-list,CC BY-SA 4.0
309,stand,309,"[""ngsl-core""]","[""stand""]",New General Service List,1.2,https://www.newgeneralservicelist.com/new-general-service-list,CC BY-SA 4.0
310,whole,310,"[""ngsl-core""]","[""whole""]",New General Service List,1.2,https://www.newgeneralservicelist.com/new-general-service-list,CC BY-SA 4.0
311,yet,311,"[""ngsl-core""]","[""yet""]",New General Service List,1.2,https://www.newgeneralservicelist.com/new-general-service-list,CC BY-SA 4.0
312,rate,312,"[""ngsl-core""]","[""rate""]",New General Service List,1.2,https://www.newgeneralservicelist.com/new-general-service-list,CC BY-SA 4.0
313,care,313,"[""ngsl-core""]","[""care""]",New General Service List,1.2,https://www.newgeneralservicelist.com/new-general-service-list,CC BY-SA 4.0
314,expect,314,"[""ngsl-core""]","[""expect""]",New General Service List,1.2,https://www.newgeneralservicelist.com/new-general-service-list,CC BY-SA 4.0
315,effect,315,"[""ngsl-core""]","[""effect""]",New General Service List,1.2,https://www.newgeneralservicelist.com/new-general-service-list,CC BY-SA 4.0
316,sort,316,"[""ngsl-core""]","[""sort""]",New General Service List,1.2,https://www.newgeneralservicelist.com/new-general-service-list,CC BY-SA 4.0
317,ever,317,"[""ngsl-core""]","[""ever""]",New General Service List,1.2,https://www.newgeneralservicelist.com/new-general-service-list,CC BY-SA 4.0
318,anything,318,"[""ngsl-core""]","[""anything""]",New General Service List,1.2,https://www.newgeneralservicelist.com/new-general-service-list,CC BY-SA 4.0
319,cause,319,"[""ngsl-core""]","[""cause""]",New General Service List,1.2,https://www.newgeneralservicelist.com/new-general-service-list,CC BY-SA 4.0
320,fall,320,"[""ngsl-core""]","[""fall""]",New General Service List,1.2,https://www.newgeneralservicelist.com/new-general-service-list,CC BY-SA 4.0
321,deal,321,"[""ngsl-core""]","[""deal""]",New General Service List,1.2,https://www.newgeneralservicelist.com/new-general-service-list,CC BY-SA 4.0
322,water,322,"[""ngsl-core""]","[""water""]",New General Service List,1.2,https://www.newgeneralservicelist.com/new-general-service-list,CC BY-SA 4.0
323,send,323,"[""ngsl-core""]","[""send""]",New General Service List,1.2,https://www.newgeneralservicelist.com/new-general-service-list,CC BY-SA 4.0
324,allow,324,"[""ngsl-core""]","[""allow""]",New General Service List,1.2,https://www.newgeneralservicelist.com/new-general-service-list,CC BY-SA 4.0
325,soon,325,"[""ngsl-core""]","[""soon""]",New General Service List,1.2,https://www.newgeneralservicelist.com/new-general-service-list,CC BY-SA 4.0
326,watch,326,"[""ngsl-core""]","[""watch""]",New General Service List,1.2,https://www.newgeneralservicelist.com/new-general-service-list,CC BY-SA 4.0
327,base,327,"[""ngsl-core""]","[""base""]",New General Service List,1.2,https://www.newgeneralservicelist.com/new-general-service-list,CC BY-SA 4.0
328,probably,328,"[""ngsl-core""]","[""probably""]",New General Service List,1.2,https://www.newgeneralservicelist.com/new-general-service-list,CC BY-SA 4.0
329,suggest,329,"[""ngsl-core""]","[""suggest""]",New General Service List,1.2,https://www.newgeneralservicelist.com/new-general-service-list,CC BY-SA 4.0
330,past,330,"[""ngsl-core""]","[""past""]",New General Service List,1.2,https://www.newgeneralservicelist.com/new-general-service-list,CC BY-SA 4.0
331,power,331,"[""ngsl-core""]","[""power""]",New General Service List,1.2,https://www.newgeneralservicelist.com/new-general-service-list,CC BY-SA 4.0
332,test,332,"[""ngsl-core""]","[""test""]",New General Service List,1.2,https://www.newgeneralservicelist.com/new-general-service-list,CC BY-SA 4.0
333,visit,333,"[""ngsl-core""]","[""visit""]",New General Service List,1.2,https://www.newgeneralservicelist.com/new-general-service-list,CC BY-SA 4.0
334,center,334,"[""ngsl-core""]","[""center""]",New General Service List,1.2,https://www.newgeneralservicelist.com/new-general-service-list,CC BY-SA 4.0
335,grow,335,"[""ngsl-core""]","[""grow""]",New General Service List,1.2,https://www.newgeneralservicelist.com/new-general-service-list,CC BY-SA 4.0
336,nothing,336,"[""ngsl-core""]","[""nothing""]",New General Service List,1.2,https://www.newgeneralservicelist.com/new-general-service-list,CC BY-SA 4.0
337,return,337,"[""ngsl-core""]","[""return""]",New General Service List,1.2,https://www.newgeneralservicelist.com/new-general-service-list,CC BY-SA 4.0
338,mother,338,"[""ngsl-core""]","[""mother""]",New General Service List,1.2,https://www.newgeneralservicelist.com/new-general-service-list,CC BY-SA 4.0
339,walk,339,"[""ngsl-core""]","[""walk""]",New General Service List,1.2,https://www.newgeneralservicelist.com/new-general-service-list,CC BY-SA 4.0
340,matter,340,"[""ngsl-core""]","[""matter""]",New General Service List,1.2,https://www.newgeneralservicelist.com/new-general-service-list,CC BY-SA 4.0
341,mind,341,"[""ngsl-core""]","[""mind""]",New General Service List,1.2,https://www.newgeneralservicelist.com/new-general-service-list,CC BY-SA 4.0
342,value,342,"[""ngsl-core""]","[""value""]",New General Service List,1.2,https://www.newgeneralservicelist.com/new-general-service-list,CC BY-SA 4.0
343,office,343,"[""ngsl-core""]","[""office""]",New General Service List,1.2,https://www.newgeneralservicelist.com/new-general-service-list,CC BY-SA 4.0
344,record,344,"[""ngsl-core""]","[""record""]",New General Service List,1.2,https://www.newgeneralservicelist.com/new-general-service-list,CC BY-SA 4.0
345,stay,345,"[""ngsl-core""]","[""stay""]",New General Service List,1.2,https://www.newgeneralservicelist.com/new-general-service-list,CC BY-SA 4.0
346,force,346,"[""ngsl-core""]","[""force""]",New General Service List,1.2,https://www.newgeneralservicelist.com/new-general-service-list,CC BY-SA 4.0
347,stop,347,"[""ngsl-core""]","[""stop""]",New General Service List,1.2,https://www.newgeneralservicelist.com/new-general-service-list,CC BY-SA 4.0
348,several,348,"[""ngsl-core""]","[""several""]",New General Service List,1.2,https://www.newgeneralservicelist.com/new-general-service-list,CC BY-SA 4.0
349,light,349,"[""ngsl-core""]","[""light""]",New General Service List,1.2,https://www.newgeneralservicelist.com/new-general-service-list,CC BY-SA 4.0
350,develop,350,"[""ngsl-core""]","[""develop""]",New General Service List,1.2,https://www.newgeneralservicelist.com/new-general-service-list,CC BY-SA 4.0
351,remember,351,"[""ngsl-core""]","[""remember""]",New General Service List,1.2,https://www.newgeneralservicelist.com/new-general-service-list,CC BY-SA 4.0
352,bit,352,"[""ngsl-core""]","[""bit""]",New General Service List,1.2,https://www.newgeneralservicelist.com/new-general-service-list,CC BY-SA 4.0
353,share,353,"[""ngsl-core""]","[""share""]",New General Service List,1.2,https://www.newgeneralservicelist.com/new-general-service-list,CC BY-SA 4.0
354,real,354,"[""ngsl-core""]","[""real""]",New General Service List,1.2,https://www.newgeneralservicelist.com/new-general-service-list,CC BY-SA 4.0
355,answer,355,"[""ngsl-core""]","[""answer""]",New General Service List,1.2,https://www.newgeneralservicelist.com/new-general-service-list,CC BY-SA 4.0
356,sit,356,"[""ngsl-core""]","[""sit""]",New General Service List,1.2,https://www.newgeneralservicelist.com/new-general-service-list,CC BY-SA 4.0
357,figure,357,"[""ngsl-core""]","[""figure""]",New General Service List,1.2,https://www.newgeneralservicelist.com/new-general-service-list,CC BY-SA 4.0
358,letter,358,"[""ngsl-core""]","[""letter""]",New General Service List,1.2,https://www.newgeneralservicelist.com/new-general-service-list,CC BY-SA 4.0
359,decide,359,"[""ngsl-core""]","[""decide""]",New General Service List,1.2,https://www.newgeneralservicelist.com/new-general-service-list,CC BY-SA 4.0
360,language,360,"[""ngsl-core""]","[""language""]",New General Service List,1.2,https://www.newgeneralservicelist.com/new-general-service-list,CC BY-SA 4.0
361,subject,361,"[""ngsl-core""]","[""subject""]",New General Service List,1.2,https://www.newgeneralservicelist.com/new-general-service-list,CC BY-SA 4.0
362,class,362,"[""ngsl-core""]","[""class""]",New General Service List,1.2,https://www.newgeneralservicelist.com/new-general-service-list,CC BY-SA 4.0
363,development,363,"[""ngsl-core""]","[""development""]",New General Service List,1.2,https://www.newgeneralservicelist.com/new-general-service-list,CC BY-SA 4.0
364,town,364,"[""ngsl-core""]","[""town""]",New General Service List,1.2,https://www.newgeneralservicelist.com/new-general-service-list,CC BY-SA 4.0
365,half,365,"[""ngsl-core""]","[""half""]",New General Service List,1.2,https://www.newgeneralservicelist.com/new-general-service-list,CC BY-SA 4.0
366,minute,366,"[""ngsl-core""]","[""minute""]",New General Service List,1.2,https://www.newgeneralservicelist.com/new-general-service-list,CC BY-SA 4.0
367,food,367,"[""ngsl-core""]","[""food""]",New General Service List,1.2,https://www.newgeneralservicelist.com/new-general-service-list,CC BY-SA 4.0
368,break,368,"[""ngsl-core""]","[""break""]",New General Service List,1.2,https://www.newgeneralservicelist.com/new-general-service-list,CC BY-SA 4.0
369,clear,369,"[""ngsl-core""]","[""clear""]",New General Service List,1.2,https://www.newgeneralservicelist.com/new-general-service-list,CC BY-SA 4.0
370,future,370,"[""ngsl-core""]","[""future""]",New General Service List,1.2,https://www.newgeneralservicelist.com/new-general-service-list,CC BY-SA 4.0
371,either,371,"[""ngsl-core""]","[""either""]",New General Service List,1.2,https://www.newgeneralservicelist.com/new-general-service-list,CC BY-SA 4.0
372,ago,372,"[""ngsl-core""]","[""ago""]",New General Service List,1.2,https://www.newgeneralservicelist.com/new-general-service-list,CC BY-SA 4.0
373,per,373,"[""ngsl-core""]","[""per""]",New General Service List,1.2,https://www.newgeneralservicelist.com/new-general-service-list,CC BY-SA 4.0
374,remain,374,"[""ngsl-core""]","[""remain""]",New General Service List,1.2,https://www.newgeneralservicelist.com/new-general-service-list,CC BY-SA 4.0
375,top,375,"[""ngsl-core""]","[""top""]",New General Service List,1.2,https://www.newgeneralservicelist.com/new-general-service-list,CC BY-SA 4.0
376,among,376,"[""ngsl-core""]","[""among""]",New General Service List,1.2,https://www.newgeneralservicelist.com/new-general-service-list,CC BY-SA 4.0
377,win,377,"[""ngsl-core""]","[""win""]",New General Service List,1.2,https://www.newgeneralservicelist.com/new-general-service-list,CC BY-SA 4.0
378,color,378,"[""ngsl-core""]","[""color""]",New General Service List,1.2,https://www.newgeneralservicelist.com/new-general-service-list,CC BY-SA 4.0
379,involve,379,"[""ngsl-core""]","[""involve""]",New General Service List,1.2,https://www.newgeneralservicelist.com/new-general-service-list,CC BY-SA 4.0
380,reach,380,"[""ngsl-core""]","[""reach""]",New General Service List,1.2,https://www.newgeneralservicelist.com/new-general-service-list,CC BY-SA 4.0
381,social,381,"[""ngsl-core""]","[""social""]",New General Service List,1.2,https://www.newgeneralservicelist.com/new-general-service-list,CC BY-SA 4.0
382,period,382,"[""ngsl-core""]","[""period""]",New General Service List,1.2,https://www.newgeneralservicelist.com/new-general-service-list,CC BY-SA 4.0
383,across,383,"[""ngsl-core""]","[""across""]",New General Service List,1.2,https://www.newgeneralservicelist.com/new-general-service-list,CC BY-SA 4.0
384,note,384,"[""ngsl-core""]","[""note""]",New General Service List,1.2,https://www.newgeneralservicelist.com/new-general-service-list,CC BY-SA 4.0
385,history,385,"[""ngsl-core""]","[""history""]",New General Service List,1.2,https://www.newgeneralservicelist.com/new-general-service-list,CC BY-SA 4.0
386,create,386,"[""ngsl-core""]","[""create""]",New General Service List,1.2,https://www.newgeneralservicelist.com/new-general-service-list,CC BY-SA 4.0
387,drive,387,"[""ngsl-core""]","[""drive""]",New General Service List,1.2,https://www.newgeneralservicelist.com/new-general-service-list,CC BY-SA 4.0
388,along,388,"[""ngsl-core""]","[""along""]",New General Service List,1.2,https://www.newgeneralservicelist.com/new-general-service-list,CC BY-SA 4.0
389,type,389,"[""ngsl-core""]","[""type""]",New General Service List,1.2,https://www.newgeneralservicelist.com/new-general-service-list,CC BY-SA 4.0
390,sound,390,"[""ngsl-core""]","[""sound""]",New General Service List,1.2,https://www.newgeneralservicelist.com/new-general-service-list,CC BY-SA 4.0
391,eye,391,"[""ngsl-core""]","[""eye""]",New General Service List,1.2,https://www.newgeneralservicelist.com/new-general-service-list,CC BY-SA 4.0
392,music,392,"[""ngsl-core""]","[""music""]",New General Service List,1.2,https://www.newgeneralservicelist.com/new-general-service-list,CC BY-SA 4.0
393,game,393,"[""ngsl-core""]","[""game""]",New General Service List,1.2,https://www.newgeneralservicelist.com/new-general-service-list,CC BY-SA 4.0
394,political,394,"[""ngsl-core""]","[""political""]",New General Service List,1.2,https://www.newgeneralservicelist.com/new-general-service-list,CC BY-SA 4.0
395,free,395,"[""ngsl-core""]","[""free""]",New General Service List,1.2,https://www.newgeneralservicelist.com/new-general-service-list,CC BY-SA 4.0
396,receive,396,"[""ngsl-core""]","[""receive""]",New General Service List,1.2,https://www.newgeneralservicelist.com/new-general-service-list,CC BY-SA 4.0
397,moment,397,"[""ngsl-core""]","[""moment""]",New General Service List,1.2,https://www.newgeneralservicelist.com/new-general-service-list,CC BY-SA 4.0
398,sale,398,"[""ngsl-core""]","[""sale""]",New General Service List,1.2,https://www.newgeneralservicelist.com/new-general-service-list,CC BY-SA 4.0
399,policy,399,"[""ngsl-core""]","[""policy""]",New General Service List,1.2,https://www.newgeneralservicelist.com/new-general-service-list,CC BY-SA 4.0
400,further,400,"[""ngsl-core""]","[""further""]",New General Service List,1.2,https://www.newgeneralservicelist.com/new-general-service-list,CC BY-SA 4.0
401,body,401,"[""ngsl-core""]","[""body""]",New General Service List,1.2,https://www.newgeneralservicelist.com/new-general-service-list,CC BY-SA 4.0
402,require,402,"[""ngsl-core""]","[""require""]",New General Service List,1.2,https://www.newgeneralservicelist.com/new-general-service-list,CC BY-SA 4.0
403,wait,403,"[""ngsl-core""]","[""wait""]",New General Service List,1.2,https://www.newgeneralservicelist.com/new-general-service-list,CC BY-SA 4.0
404,general,404,"[""ngsl-core""]","[""general""]",New General Service List,1.2,https://www.newgeneralservicelist.com/new-general-service-list,CC BY-SA 4.0
405,appear,405,"[""ngsl-core""]","[""appear""]",New General Service List,1.2,https://www.newgeneralservicelist.com/new-general-service-list,CC BY-SA 4.0
406,toward,406,"[""ngsl-core""]","[""toward""]",New General Service List,1.2,https://www.newgeneralservicelist.com/new-general-service-list,CC BY-SA 4.0
407,team,407,"[""ngsl-core""]","[""team""]",New General Service List,1.2,https://www.newgeneralservicelist.com/new-general-service-list,CC BY-SA 4.0
408,easy,408,"[""ngsl-core""]","[""easy""]",New General Service List,1.2,https://www.newgeneralservicelist.com/new-general-service-list,CC BY-SA 4.0
409,individual,409,"[""ngsl-core""]","[""individual""]",New General Service List,1.2,https://www.newgeneralservicelist.com/new-general-service-list,CC BY-SA 4.0
410,full,410,"[""ngsl-core""]","[""full""]",New General Service List,1.2,https://www.newgeneralservicelist.com/new-general-service-list,CC BY-SA 4.0
411,black,411,"[""ngsl-core""]","[""black""]",New General Service List,1.2,https://www.newgeneralservicelist.com/new-general-service-list,CC BY-SA 4.0
412,sense,412,"[""ngsl-core""]","[""sense""]",New General Service List,1.2,https://www.newgeneralservicelist.com/new-general-service-list,CC BY-SA 4.0
413,perhaps,413,"[""ngsl-core""]","[""perhaps""]",New General Service List,1.2,https://www.newgeneralservicelist.com/new-general-service-list,CC BY-SA 4.0
414,add,414,"[""ngsl-core""]","[""add""]",New General Service List,1.2,https://www.newgeneralservicelist.com/new-general-service-list,CC BY-SA 4.0
415,rule,415,"[""ngsl-core""]","[""rule""]",New General Service List,1.2,https://www.newgeneralservicelist.com/new-general-service-list,CC BY-SA 4.0
416,pass,416,"[""ngsl-core""]","[""pass""]",New General Service List,1.2,https://www.newgeneralservicelist.com/new-general-service-list,CC BY-SA 4.0
417,produce,417,"[""ngsl-core""]","[""produce""]",New General Service List,1.2,https://www.newgeneralservicelist.com/new-general-service-list,CC BY-SA 4.0
418,sell,418,"[""ngsl-core""]","[""sell""]",New General Service List,1.2,https://www.newgeneralservicelist.com/new-general-service-list,CC BY-SA 4.0
419,short,419,"[""ngsl-core""]","[""short""]",New General Service List,1.2,https://www.newgeneralservicelist.com/new-general-service-list,CC BY-SA 4.0
420,agree,420,"[""ngsl-core""]","[""agree""]",New General Service List,1.2,https://www.newgeneralservicelist.com/new-general-service-list,CC BY-SA 4.0
421,law,421,"[""ngsl-core""]","[""law""]",New General Service List,1.2,https://www.newgeneralservicelist.com/new-general-service-list,CC BY-SA 4.0
422,everything,422,"[""ngsl-core""]","[""everything""]",New General Service List,1.2,https://www.newgeneralservicelist.com/new-general-service-list,CC BY-SA 4.0
423,research,423,"[""ngsl-core""]","[""research""]",New General Service List,1.2,https://www.newgeneralservicelist.com/new-general-service-list,CC BY-SA 4.0
424,cover,424,"[""ngsl-core""]","[""cover""]",New General Service List,1.2,https://www.newgeneralservicelist.com/new-general-service-list,CC BY-SA 4.0
425,paper,425,"[""ngsl-core""]","[""paper""]",New General Service List,1.2,https://www.newgeneralservicelist.com/new-general-service-list,CC BY-SA 4.0
426,position,426,"[""ngsl-core""]","[""position""]",New General Service List,1.2,https://www.newgeneralservicelist.com/new-general-service-list,CC BY-SA 4.0
427,near,427,"[""ngsl-core""]","[""near""]",New General Service List,1.2,https://www.newgeneralservicelist.com/new-general-service-list,CC BY-SA 4.0
428,human,428,"[""ngsl-core""]","[""human""]",New General Service List,1.2,https://www.newgeneralservicelist.com/new-general-service-list,CC BY-SA 4.0
429,computer,429,"[""ngsl-core""]","[""computer""]",New General Service List,1.2,https://www.newgeneralservicelist.com/new-general-service-list,CC BY-SA 4.0
430,situation,430,"[""ngsl-core""]","[""situation""]",New General Service List,1.2,https://www.newgeneralservicelist.com/new-general-service-list,CC BY-SA 4.0
431,staff,431,"[""ngsl-core""]","[""staff""]",New General Service List,1.2,https://www.newgeneralservicelist.com/new-general-service-list,CC BY-SA 4.0
432,activity,432,"[""ngsl-core""]","[""activity""]",New General Service List,1.2,https://www.newgeneralservicelist.com/new-general-service-list,CC BY-SA 4.0
433,film,433,"[""ngsl-core""]","[""film""]",New General Service List,1.2,https://www.newgeneralservicelist.com/new-general-service-list,CC BY-SA 4.0
434,morning,434,"[""ngsl-core""]","[""morning""]",New General Service List,1.2,https://www.newgeneralservicelist.com/new-general-service-list,CC BY-SA 4.0
435,war,435,"[""ngsl-core""]","[""war""]",New General Service List,1.2,https://www.newgeneralservicelist.com/new-general-service-list,CC BY-SA 4.0
436,account,436,"[""ngsl-core""]","[""account""]",New General Service List,1.2,https://www.newgeneralservicelist.com/new-general-service-list,CC BY-SA 4.0
437,shop,437,"[""ngsl-core""]","[""shop""]",New General Service List,1.2,https://www.newgeneralservicelist.com/new-general-service-list,CC BY-SA 4.0
438,major,438,"[""ngsl-core""]","[""major""]",New General Service List,1.2,https://www.newgeneralservicelist.com/new-general-service-list,CC BY-SA 4.0
439,someone,439,"[""ngsl-core""]","[""someone""]",New General Service List,1.2,https://www.newgeneralservicelist.com/new-general-service-list,CC BY-SA 4.0
440,above,440,"[""ngsl-core""]","[""above""]",New General Service List,1.2,https://www.newgeneralservicelist.com/new-general-service-list,CC BY-SA 4.0
441,design,441,"[""ngsl-core""]","[""design""]",New General Service List,1.2,https://www.newgeneralservicelist.com/new-general-service-list,CC BY-SA 4.0
442,event,442,"[""ngsl-core""]","[""event""]",New General Service List,1.2,https://www.newgeneralservicelist.com/new-general-service-list,CC BY-SA 4.0
443,special,443,"[""ngsl-core""]","[""special""]",New General Service List,1.2,https://www.newgeneralservicelist.com/new-general-service-list,CC BY-SA 4.0
444,sometimes,444,"[""ngsl-core""]","[""sometimes""]",New General Service List,1.2,https://www.newgeneralservicelist.com/new-general-service-list,CC BY-SA 4.0
445,condition,445,"[""ngsl-core""]","[""condition""]",New General Service List,1.2,https://www.newgeneralservicelist.com/new-general-service-list,CC BY-SA 4.0
446,carry,446,"[""ngsl-core""]","[""carry""]",New General Service List,1.2,https://www.newgeneralservicelist.com/new-general-service-list,CC BY-SA 4.0
447,choose,447,"[""ngsl-core""]","[""choose""]",New General Service List,1.2,https://www.newgeneralservicelist.com/new-general-service-list,CC BY-SA 4.0
448,father,448,"[""ngsl-core""]","[""father""]",New General Service List,1.2,https://www.newgeneralservicelist.com/new-general-service-list,CC BY-SA 4.0
449,decision,449,"[""ngsl-core""]","[""decision""]",New General Service List,1.2,https://www.newgeneralservicelist.com/new-general-service-list,CC BY-SA 4.0
450,table,450,"[""ngsl-core""]","[""table""]",New General Service List,1.2,https://www.newgeneralservicelist.com/new-general-service-list,CC BY-SA 4.0
451,certain,451,"[""ngsl-core""]","[""certain""]",New General Service List,1.2,https://www.newgeneralservicelist.com/new-general-service-list,CC BY-SA 4.0
452,forward,452,"[""ngsl-core""]","[""forward""]",New General Service List,1.2,https://www.newgeneralservicelist.com/new-general-service-list,CC BY-SA 4.0
453,main,453,"[""ngsl-core""]","[""main""]",New General Service List,1.2,https://www.newgeneralservicelist.com/new-general-service-list,CC BY-SA 4.0
454,die,454,"[""ngsl-core""]","[""die""]",New General Service List,1.2,https://www.newgeneralservicelist.com/new-general-service-list,CC BY-SA 4.0
455,bear,455,"[""ngsl-core""]","[""bear""]",New General Service List,1.2,https://www.newgeneralservicelist.com/new-general-service-list,CC BY-SA 4.0
456,cut,456,"[""ngsl-core""]","[""cut""]",New General Service List,1.2,https://www.newgeneralservicelist.com/new-general-service-list,CC BY-SA 4.0
457,describe,457,"[""ngsl-core""]","[""describe""]",New General Service List,1.2,https://www.newgeneralservicelist.com/new-general-service-list,CC BY-SA 4.0
458,himself,458,"[""ngsl-core""]","[""himself""]",New General Service List,1.2,https://www.newgeneralservicelist.com/new-general-service-list,CC BY-SA 4.0
459,available,459,"[""ngsl-core""]","[""available""]",New General Service List,1.2,https://www.newgeneralservicelist.com/new-general-service-list,CC BY-SA 4.0
460,especially,460,"[""ngsl-core""]","[""especially""]",New General Service List,1.2,https://www.newgeneralservicelist.com/new-general-service-list,CC BY-SA 4.0
461,strong,461,"[""ngsl-core""]","[""strong""]",New General Service List,1.2,https://www.newgeneralservicelist.com/new-general-service-list,CC BY-SA 4.0
462,rise,462,"[""ngsl-core""]","[""rise""]",New General Service List,1.2,https://www.newgeneralservicelist.com/new-general-service-list,CC BY-SA 4.0
463,girl,463,"[""ngsl-core""]","[""girl""]",New General Service List,1.2,https://www.newgeneralservicelist.com/new-general-service-list,CC BY-SA 4.0
464,maybe,464,"[""ngsl-core""]","[""maybe""]",New General Service List,1.2,https://www.newgeneralservicelist.com/new-general-service-list,CC BY-SA 4.0
465,community,465,"[""ngsl-core""]","[""community""]",New General Service List,1.2,https://www.newgeneralservicelist.com/new-general-service-list,CC BY-SA 4.0
466,else,466,"[""ngsl-core""]","[""else""]",New General Service List,1.2,https://www.newgeneralservicelist.com/new-general-service-list,CC BY-SA 4.0
467,particular,467,"[""ngsl-core""]","[""particular""]",New General Service List,1.2,https://www.newgeneralservicelist.com/new-general-service-list,CC BY-SA 4.0
468,role,468,"[""ngsl-core""]","[""role""]",New General Service List,1.2,https://www.newgeneralservicelist.com/new-general-service-list,CC BY-SA 4.0
469,join,469,"[""ngsl-core""]","[""join""]",New General Service List,1.2,https://www.newgeneralservicelist.com/new-general-service-list,CC BY-SA 4.0
470,difficult,470,"[""ngsl-core""]","[""difficult""]",New General Service List,1.2,https://www.newgeneralservicelist.com/new-general-service-list,CC BY-SA 4.0
471,please,471,"[""ngsl-core""]","[""please""]",New General Service List,1.2,https://www.newgeneralservicelist.com/new-general-service-list,CC BY-SA 4.0
472,detail,472,"[""ngsl-core""]","[""detail""]",New General Service List,1.2,https://www.newgeneralservicelist.com/new-general-service-list,CC BY-SA 4.0
473,difference,473,"[""ngsl-core""]","[""difference""]",New General Service List,1.2,https://www.newgeneralservicelist.com/new-general-service-list,CC BY-SA 4.0
474,action,474,"[""ngsl-core""]","[""action""]",New General Service List,1.2,https://www.newgeneralservicelist.com/new-general-service-list,CC BY-SA 4.0
475,health,475,"[""ngsl-core""]","[""health""]",New General Service List,1.2,https://www.newgeneralservicelist.com/new-general-service-list,CC BY-SA 4.0
476,eat,476,"[""ngsl-core""]","[""eat""]",New General Service List,1.2,https://www.newgeneralservicelist.com/new-general-service-list,CC BY-SA 4.0
477,step,477,"[""ngsl-core""]","[""step""]",New General Service List,1.2,https://www.newgeneralservicelist.com/new-general-service-list,CC BY-SA 4.0
478,true,478,"[""ngsl-core""]","[""TRUE""]",New General Service List,1.2,https://www.newgeneralservicelist.com/new-general-service-list,CC BY-SA 4.0
479,phone,479,"[""ngsl-core""]","[""phone""]",New General Service List,1.2,https://www.newgeneralservicelist.com/new-general-service-list,CC BY-SA 4.0
480,themselves,480,"[""ngsl-core""]","[""themselves""]",New General Service List,1.2,https://www.newgeneralservicelist.com/new-general-service-list,CC BY-SA 4.0
481,draw,481,"[""ngsl-core""]","[""draw""]",New General Service List,1.2,https://www.newgeneralservicelist.com/new-general-service-list,CC BY-SA 4.0
482,white,482,"[""ngsl-core""]","[""white""]",New General Service List,1.2,https://www.newgeneralservicelist.com/new-general-service-list,CC BY-SA 4.0
483,date,483,"[""ngsl-core""]","[""date""]",New General Service List,1.2,https://www.newgeneralservicelist.com/new-general-service-list,CC BY-SA 4.0
484,practice,484,"[""ngsl-core""]","[""practice""]",New General Service List,1.2,https://www.newgeneralservicelist.com/new-general-service-list,CC BY-SA 4.0
485,model,485,"[""ngsl-core""]","[""model""]",New General Service List,1.2,https://www.newgeneralservicelist.com/new-general-service-list,CC BY-SA 4.0
486,raise,486,"[""ngsl-core""]","[""raise""]",New General Service List,1.2,https://www.newgeneralservicelist.com/new-general-service-list,CC BY-SA 4.0
487,customer,487,"[""ngsl-core""]","[""customer""]",New General Service List,1.2,https://www.newgeneralservicelist.com/new-general-service-list,CC BY-SA 4.0
488,front,488,"[""ngsl-core""]","[""front""]",New General Service List,1.2,https://www.newgeneralservicelist.com/new-general-service-list,CC BY-SA 4.0
489,explain,489,"[""ngsl-core""]","[""explain""]",New General Service List,1.2,https://www.newgeneralservicelist.com/new-general-service-list,CC BY-SA 4.0
490,door,490,"[""ngsl-core""]","[""door""]",New General Service List,1.2,https://www.newgeneralservicelist.com/new-general-service-list,CC BY-SA 4.0
491,outside,491,"[""ngsl-core""]","[""outside""]",New General Service List,1.2,https://www.newgeneralservicelist.com/new-general-service-list,CC BY-SA 4.0
492,behind,492,"[""ngsl-core""]","[""behind""]",New General Service List,1.2,https://www.newgeneralservicelist.com/new-general-service-list,CC BY-SA 4.0
493,economic,493,"[""ngsl-core""]","[""economic""]",New General Service List,1.2,https://www.newgeneralservicelist.com/new-general-service-list,CC BY-SA 4.0
494,site,494,"[""ngsl-core""]","[""site""]",New General Service List,1.2,https://www.newgeneralservicelist.com/new-general-service-list,CC BY-SA 4.0
495,approach,495,"[""ngsl-core""]","[""approach""]",New General Service List,1.2,https://www.newgeneralservicelist.com/new-general-service-list,CC BY-SA 4.0
496,teacher,496,"[""ngsl-core""]","[""teacher""]",New General Service List,1.2,https://www.newgeneralservicelist.com/new-general-service-list,CC BY-SA 4.0
497,land,497,"[""ngsl-core""]","[""land""]",New General Service List,1.2,https://www.newgeneralservicelist.com/new-general-service-list,CC BY-SA 4.0
498,charge,498,"[""ngsl-core""]","[""charge""]",New General Service List,1.2,https://www.newgeneralservicelist.com/new-general-service-list,CC BY-SA 4.0
499,finally,499,"[""ngsl-core""]","[""finally""]",New General Service List,1.2,https://www.newgeneralservicelist.com/new-general-service-list,CC BY-SA 4.0
500,sign,500,"[""ngsl-core""]","[""sign""]",New General Service List,1.2,https://www.newgeneralservicelist.com/new-general-service-list,CC BY-SA 4.0
501,claim,501,"[""ngsl-core""]","[""claim""]",New General Service List,1.2,https://www.newgeneralservicelist.com/new-general-service-list,CC BY-SA 4.0
502,relationship,502,"[""ngsl-core""]","[""relationship""]",New General Service List,1.2,https://www.newgeneralservicelist.com/new-general-service-list,CC BY-SA 4.0
503,travel,503,"[""ngsl-core""]","[""travel""]",New General Service List,1.2,https://www.newgeneralservicelist.com/new-general-service-list,CC BY-SA 4.0
504,enjoy,504,"[""ngsl-core""]","[""enjoy""]",New General Service List,1.2,https://www.newgeneralservicelist.com/new-general-service-list,CC BY-SA 4.0
505,death,505,"[""ngsl-core""]","[""death""]",New General Service List,1.2,https://www.newgeneralservicelist.com/new-general-service-list,CC BY-SA 4.0
506,nice,506,"[""ngsl-core""]","[""nice""]",New General Service List,1.2,https://www.newgeneralservicelist.com/new-general-service-list,CC BY-SA 4.0
507,amount,507,"[""ngsl-core""]","[""amount""]",New General Service List,1.2,https://www.newgeneralservicelist.com/new-general-service-list,CC BY-SA 4.0
508,improve,508,"[""ngsl-core""]","[""improve""]",New General Service List,1.2,https://www.newgeneralservicelist.com/new-general-service-list,CC BY-SA 4.0
509,picture,509,"[""ngsl-core""]","[""picture""]",New General Service List,1.2,https://www.newgeneralservicelist.com/new-general-service-list,CC BY-SA 4.0
510,boy,510,"[""ngsl-core""]","[""boy""]",New General Service List,1.2,https://www.newgeneralservicelist.com/new-general-service-list,CC BY-SA 4.0
511,regard,511,"[""ngsl-core""]","[""regard""]",New General Service List,1.2,https://www.newgeneralservicelist.com/new-general-service-list,CC BY-SA 4.0
512,organization,512,"[""ngsl-core""]","[""organization""]",New General Service List,1.2,https://www.newgeneralservicelist.com/new-general-service-list,CC BY-SA 4.0
513,happy,513,"[""ngsl-core""]","[""happy""]",New General Service List,1.2,https://www.newgeneralservicelist.com/new-general-service-list,CC BY-SA 4.0
514,couple,514,"[""ngsl-core""]","[""couple""]",New General Service List,1.2,https://www.newgeneralservicelist.com/new-general-service-list,CC BY-SA 4.0
515,act,515,"[""ngsl-core""]","[""act""]",New General Service List,1.2,https://www.newgeneralservicelist.com/new-general-service-list,CC BY-SA 4.0
516,range,516,"[""ngsl-core""]","[""range""]",New General Service List,1.2,https://www.newgeneralservicelist.com/new-general-service-list,CC BY-SA 4.0
517,quality,517,"[""ngsl-core""]","[""quality""]",New General Service List,1.2,https://www.newgeneralservicelist.com/new-general-service-list,CC BY-SA 4.0
518,project,518,"[""ngsl-core""]","[""project""]",New General Service List,1.2,https://www.newgeneralservicelist.com/new-general-service-list,CC BY-SA 4.0
519,round,519,"[""ngsl-core""]","[""round""]",New General Service List,1.2,https://www.newgeneralservicelist.com/new-general-service-list,CC BY-SA 4.0
520,opportunity,520,"[""ngsl-core""]","[""opportunity""]",New General Service List,1.2,https://www.newgeneralservicelist.com/new-general-service-list,CC BY-SA 4.0
521,road,521,"[""ngsl-core""]","[""road""]",New General Service List,1.2,https://www.newgeneralservicelist.com/new-general-service-list,CC BY-SA 4.0
522,accord,522,"[""ngsl-core""]","[""accord""]",New General Service List,1.2,https://www.newgeneralservicelist.com/new-general-service-list,CC BY-SA 4.0
523,list,523,"[""ngsl-core""]","[""list""]",New General Service List,1.2,https://www.newgeneralservicelist.com/new-general-service-list,CC BY-SA 4.0
524,wish,524,"[""ngsl-core""]","[""wish""]",New General Service List,1.2,https://www.newgeneralservicelist.com/new-general-service-list,CC BY-SA 4.0
525,therefore,525,"[""ngsl-core""]","[""therefore""]",New General Service List,1.2,https://www.newgeneralservicelist.com/new-general-service-list,CC BY-SA 4.0
526,wear,526,"[""ngsl-core""]","[""wear""]",New General Service List,1.2,https://www.newgeneralservicelist.com/new-general-service-list,CC BY-SA 4.0
527,fund,527,"[""ngsl-core""]","[""fund""]",New General Service List,1.2,https://www.newgeneralservicelist.com/new-general-service-list,CC BY-SA 4.0
528,rest,528,"[""ngsl-core""]","[""rest""]",New General Service List,1.2,https://www.newgeneralservicelist.com/new-general-service-list,CC BY-SA 4.0
529,kid,529,"[""ngsl-core""]","[""kid""]",New General Service List,1.2,https://www.newgeneralservicelist.com/new-general-service-list,CC BY-SA 4.0
530,industry,530,"[""ngsl-core""]","[""industry""]",New General Service List,1.2,https://www.newgeneralservicelist.com/new-general-service-list,CC BY-SA 4.0
531,education,531,"[""ngsl-core""]","[""education""]",New General Service List,1.2,https://www.newgeneralservicelist.com/new-general-service-list,CC BY-SA 4.0
532,measure,532,"[""ngsl-core""]","[""measure""]",New General Service List,1.2,https://www.newgeneralservicelist.com/new-general-service-list,CC BY-SA 4.0
533,kill,533,"[""ngsl-core""]","[""kill""]",New General Service List,1.2,https://www.newgeneralservicelist.com/new-general-service-list,CC BY-SA 4.0
534,serve,534,"[""ngsl-core""]","[""serve""]",New General Service List,1.2,https://www.newgeneralservicelist.com/new-general-service-list,CC BY-SA 4.0
535,likely,535,"[""ngsl-core""]","[""likely""]",New General Service List,1.2,https://www.newgeneralservicelist.com/new-general-service-list,CC BY-SA 4.0
536,certainly,536,"[""ngsl-core""]","[""certainly""]",New General Service List,1.2,https://www.newgeneralservicelist.com/new-general-service-list,CC BY-SA 4.0
537,national,537,"[""ngsl-core""]","[""national""]",New General Service List,1.2,https://www.newgeneralservicelist.com/new-general-service-list,CC BY-SA 4.0
538,itself,538,"[""ngsl-core""]","[""itself""]",New General Service List,1.2,https://www.newgeneralservicelist.com/new-general-service-list,CC BY-SA 4.0
539,teach,539,"[""ngsl-core""]","[""teach""]",New General Service List,1.2,https://www.newgeneralservicelist.com/new-general-service-list,CC BY-SA 4.0
540,field,540,"[""ngsl-core""]","[""field""]",New General Service List,1.2,https://www.newgeneralservicelist.com/new-general-service-list,CC BY-SA 4.0
541,security,541,"[""ngsl-core""]","[""security""]",New General Service List,1.2,https://www.newgeneralservicelist.com/new-general-service-list,CC BY-SA 4.0
542,air,542,"[""ngsl-core""]","[""air""]",New General Service List,1.2,https://www.newgeneralservicelist.com/new-general-service-list,CC BY-SA 4.0
543,benefit,543,"[""ngsl-core""]","[""benefit""]",New General Service List,1.2,https://www.newgeneralservicelist.com/new-general-service-list,CC BY-SA 4.0
544,trade,544,"[""ngsl-core""]","[""trade""]",New General Service List,1.2,https://www.newgeneralservicelist.com/new-general-service-list,CC BY-SA 4.0
545,risk,545,"[""ngsl-core""]","[""risk""]",New General Service List,1.2,https://www.newgeneralservicelist.com/new-general-service-list,CC BY-SA 4.0
546,news,546,"[""ngsl-core""]","[""news""]",New General Service List,1.2,https://www.newgeneralservicelist.com/new-general-service-list,CC BY-SA 4.0
547,standard,547,"[""ngsl-core""]","[""standard""]",New General Service List,1.2,https://www.newgeneralservicelist.com/new-general-service-list,CC BY-SA 4.0
548,vote,548,"[""ngsl-core""]","[""vote""]",New General Service List,1.2,https://www.newgeneralservicelist.com/new-general-service-list,CC BY-SA 4.0
549,percent,549,"[""ngsl-core""]","[""percent""]",New General Service List,1.2,https://www.newgeneralservicelist.com/new-general-service-list,CC BY-SA 4.0
550,focus,550,"[""ngsl-core""]","[""focus""]",New General Service List,1.2,https://www.newgeneralservicelist.com/new-general-service-list,CC BY-SA 4.0
551,stage,551,"[""ngsl-core""]","[""stage""]",New General Service List,1.2,https://www.newgeneralservicelist.com/new-general-service-list,CC BY-SA 4.0
552,space,552,"[""ngsl-core""]","[""space""]",New General Service List,1.2,https://www.newgeneralservicelist.com/new-general-service-list,CC BY-SA 4.0
553,instead,553,"[""ngsl-core""]","[""instead""]",New General Service List,1.2,https://www.newgeneralservicelist.com/new-general-service-list,CC BY-SA 4.0
554,realize,554,"[""ngsl-core""]","[""realize""]",New General Service List,1.2,https://www.newgeneralservicelist.com/new-general-service-list,CC BY-SA 4.0
555,usually,555,"[""ngsl-core""]","[""usually""]",New General Service List,1.2,https://www.newgeneralservicelist.com/new-general-service-list,CC BY-SA 4.0
556,data,556,"[""ngsl-core""]","[""data""]",New General Service List,1.2,https://www.newgeneralservicelist.com/new-general-service-list,CC BY-SA 4.0
557,single,557,"[""ngsl-core""]","[""single""]",New General Service List,1.2,https://www.newgeneralservicelist.com/new-general-service-list,CC BY-SA 4.0
558,address,558,"[""ngsl-core""]","[""address""]",New General Service List,1.2,https://www.newgeneralservicelist.com/new-general-service-list,CC BY-SA 4.0
559,performance,559,"[""ngsl-core""]","[""performance""]",New General Service List,1.2,https://www.newgeneralservicelist.com/new-general-service-list,CC BY-SA 4.0
560,chance,560,"[""ngsl-core""]","[""chance""]",New General Service List,1.2,https://www.newgeneralservicelist.com/new-general-service-list,CC BY-SA 4.0
561,accept,561,"[""ngsl-core""]","[""accept""]",New General Service List,1.2,https://www.newgeneralservicelist.com/new-general-service-list,CC BY-SA 4.0
562,society,562,"[""ngsl-core""]","[""society""]",New General Service List,1.2,https://www.newgeneralservicelist.com/new-general-service-list,CC BY-SA 4.0
563,technology,563,"[""ngsl-core""]","[""technology""]",New General Service List,1.2,https://www.newgeneralservicelist.com/new-general-service-list,CC BY-SA 4.0
564,mention,564,"[""ngsl-core""]","[""mention""]",New General Service List,1.2,https://www.newgeneralservicelist.com/new-general-service-list,CC BY-SA 4.0
565,choice,565,"[""ngsl-core""]","[""choice""]",New General Service List,1.2,https://www.newgeneralservicelist.com/new-general-service-list,CC BY-SA 4.0
566,save,566,"[""ngsl-core""]","[""save""]",New General Service List,1.2,https://www.newgeneralservicelist.com/new-general-service-list,CC BY-SA 4.0
567,common,567,"[""ngsl-core""]","[""common""]",New General Service List,1.2,https://www.newgeneralservicelist.com/new-general-service-list,CC BY-SA 4.0
568,culture,568,"[""ngsl-core""]","[""culture""]",New General Service List,1.2,https://www.newgeneralservicelist.com/new-general-service-list,CC BY-SA 4.0
569,total,569,"[""ngsl-core""]","[""total""]",New General Service List,1.2,https://www.newgeneralservicelist.com/new-general-service-list,CC BY-SA 4.0
570,demand,570,"[""ngsl-core""]","[""demand""]",New General Service List,1.2,https://www.newgeneralservicelist.com/new-general-service-list,CC BY-SA 4.0
571,material,571,"[""ngsl-core""]","[""material""]",New General Service List,1.2,https://www.newgeneralservicelist.com/new-general-service-list,CC BY-SA 4.0
572,limit,572,"[""ngsl-core""]","[""limit""]",New General Service List,1.2,https://www.newgeneralservicelist.com/new-general-service-list,CC BY-SA 4.0
573,listen,573,"[""ngsl-core""]","[""listen""]",New General Service List,1.2,https://www.newgeneralservicelist.com/new-general-service-list,CC BY-SA 4.0
574,due,574,"[""ngsl-core""]","[""due""]",New General Service List,1.2,https://www.newgeneralservicelist.com/new-general-service-list,CC BY-SA 4.0
575,wrong,575,"[""ngsl-core""]","[""wrong""]",New General Service List,1.2,https://www.newgeneralservicelist.com/new-general-service-list,CC BY-SA 4.0
576,foot,576,"[""ngsl-core""]","[""foot""]",New General Service List,1.2,https://www.newgeneralservicelist.com/new-general-service-list,CC BY-SA 4.0
577,effort,577,"[""ngsl-core""]","[""effort""]",New General Service List,1.2,https://www.newgeneralservicelist.com/new-general-service-list,CC BY-SA 4.0
578,attention,578,"[""ngsl-core""]","[""attention""]",New General Service List,1.2,https://www.newgeneralservicelist.com/new-general-service-list,CC BY-SA 4.0
579,upon,579,"[""ngsl-core""]","[""upon""]",New General Service List,1.2,https://www.newgeneralservicelist.com/new-general-service-list,CC BY-SA 4.0
580,check,580,"[""ngsl-core""]","[""check""]",New General Service List,1.2,https://www.newgeneralservicelist.com/new-general-service-list,CC BY-SA 4.0
581,complete,581,"[""ngsl-core""]","[""complete""]",New General Service List,1.2,https://www.newgeneralservicelist.com/new-general-service-list,CC BY-SA 4.0
582,lie,582,"[""ngsl-core""]","[""lie""]",New General Service List,1.2,https://www.newgeneralservicelist.com/new-general-service-list,CC BY-SA 4.0
583,pick,583,"[""ngsl-core""]","[""pick""]",New General Service List,1.2,https://www.newgeneralservicelist.com/new-general-service-list,CC BY-SA 4.0
584,reduce,584,"[""ngsl-core""]","[""reduce""]",New General Service List,1.2,https://www.newgeneralservicelist.com/new-general-service-list,CC BY-SA 4.0
585,personal,585,"[""ngsl-core""]","[""personal""]",New General Service List,1.2,https://www.newgeneralservicelist.com/new-general-service-list,CC BY-SA 4.0
586,ground,586,"[""ngsl-core""]","[""ground""]",New General Service List,1.2,https://www.newgeneralservicelist.com/new-general-service-list,CC BY-SA 4.0
587,animal,587,"[""ngsl-core""]","[""animal""]",New General Service List,1.2,https://www.newgeneralservicelist.com/new-general-service-list,CC BY-SA 4.0
588,arrive,588,"[""ngsl-core""]","[""arrive""]",New General Service List,1.2,https://www.newgeneralservicelist.com/new-general-service-list,CC BY-SA 4.0
589,patient,589,"[""ngsl-core""]","[""patient""]",New General Service List,1.2,https://www.newgeneralservicelist.com/new-general-service-list,CC BY-SA 4.0
590,current,590,"[""ngsl-core""]","[""current""]",New General Service List,1.2,https://www.newgeneralservicelist.com/new-general-service-list,CC BY-SA 4.0
591,century,591,"[""ngsl-core""]","[""century""]",New General Service List,1.2,https://www.newgeneralservicelist.com/new-general-service-list,CC BY-SA 4.0
592,evidence,592,"[""ngsl-core""]","[""evidence""]",New General Service List,1.2,https://www.newgeneralservicelist.com/new-general-service-list,CC BY-SA 4.0
593,exist,593,"[""ngsl-core""]","[""exist""]",New General Service List,1.2,https://www.newgeneralservicelist.com/new-general-service-list,CC BY-SA 4.0
594,similar,594,"[""ngsl-core""]","[""similar""]",New General Service List,1.2,https://www.newgeneralservicelist.com/new-general-service-list,CC BY-SA 4.0
595,fight,595,"[""ngsl-core""]","[""fight""]",New General Service List,1.2,https://www.newgeneralservicelist.com/new-general-service-list,CC BY-SA 4.0
596,leader,596,"[""ngsl-core""]","[""leader""]",New General Service List,1.2,https://www.newgeneralservicelist.com/new-general-service-list,CC BY-SA 4.0
597,fine,597,"[""ngsl-core""]","[""fine""]",New General Service List,1.2,https://www.newgeneralservicelist.com/new-general-service-list,CC BY-SA 4.0
598,street,598,"[""ngsl-core""]","[""street""]",New General Service List,1.2,https://www.newgeneralservicelist.com/new-general-service-list,CC BY-SA 4.0
599,former,599,"[""ngsl-core""]","[""former""]",New General Service List,1.2,https://www.newgeneralservicelist.com/new-general-service-list,CC BY-SA 4.0
600,contact,600,"[""ngsl-core""]","[""contact""]",New General Service List,1.2,https://www.newgeneralservicelist.com/new-general-service-list,CC BY-SA 4.0
601,particularly,601,"[""ngsl-core""]","[""particularly""]",New General Service List,1.2,https://www.newgeneralservicelist.com/new-general-service-list,CC BY-SA 4.0
602,wife,602,"[""ngsl-core""]","[""wife""]",New General Service List,1.2,https://www.newgeneralservicelist.com/new-general-service-list,CC BY-SA 4.0
603,sport,603,"[""ngsl-core""]","[""sport""]",New General Service List,1.2,https://www.newgeneralservicelist.com/new-general-service-list,CC BY-SA 4.0
604,prepare,604,"[""ngsl-core""]","[""prepare""]",New General Service List,1.2,https://www.newgeneralservicelist.com/new-general-service-list,CC BY-SA 4.0
605,discuss,605,"[""ngsl-core""]","[""discuss""]",New General Service List,1.2,https://www.newgeneralservicelist.com/new-general-service-list,CC BY-SA 4.0
606,response,606,"[""ngsl-core""]","[""response""]",New General Service List,1.2,https://www.newgeneralservicelist.com/new-general-service-list,CC BY-SA 4.0
607,voice,607,"[""ngsl-core""]","[""voice""]",New General Service List,1.2,https://www.newgeneralservicelist.com/new-general-service-list,CC BY-SA 4.0
608,piece,608,"[""ngsl-core""]","[""piece""]",New General Service List,1.2,https://www.newgeneralservicelist.com/new-general-service-list,CC BY-SA 4.0
609,finish,609,"[""ngsl-core""]","[""finish""]",New General Service List,1.2,https://www.newgeneralservicelist.com/new-general-service-list,CC BY-SA 4.0
610,suppose,610,"[""ngsl-core""]","[""suppose""]",New General Service List,1.2,https://www.newgeneralservicelist.com/new-general-service-list,CC BY-SA 4.0
611,apply,611,"[""ngsl-core""]","[""apply""]",New General Service List,1.2,https://www.newgeneralservicelist.com/new-general-service-list,CC BY-SA 4.0
612,president,612,"[""ngsl-core""]","[""president""]",New General Service List,1.2,https://www.newgeneralservicelist.com/new-general-service-list,CC BY-SA 4.0
613,fire,613,"[""ngsl-core""]","[""fire""]",New General Service List,1.2,https://www.newgeneralservicelist.com/new-general-service-list,CC BY-SA 4.0
614,compare,614,"[""ngsl-core""]","[""compare""]",New General Service List,1.2,https://www.newgeneralservicelist.com/new-general-service-list,CC BY-SA 4.0
615,court,615,"[""ngsl-core""]","[""court""]",New General Service List,1.2,https://www.newgeneralservicelist.com/new-general-service-list,CC BY-SA 4.0
616,police,616,"[""ngsl-core""]","[""police""]",New General Service List,1.2,https://www.newgeneralservicelist.com/new-general-service-list,CC BY-SA 4.0
617,store,617,"[""ngsl-core""]","[""store""]",New General Service List,1.2,https://www.newgeneralservicelist.com/new-general-service-list,CC BY-SA 4.0
618,poor,618,"[""ngsl-core""]","[""poor""]",New General Service List,1.2,https://www.newgeneralservicelist.com/new-general-service-list,CC BY-SA 4.0
619,knowledge,619,"[""ngsl-core""]","[""knowledge""]",New General Service List,1.2,https://www.newgeneralservicelist.com/new-general-service-list,CC BY-SA 4.0
620,laugh,620,"[""ngsl-core""]","[""laugh""]",New General Service List,1.2,https://www.newgeneralservicelist.com/new-general-service-list,CC BY-SA 4.0
621,arm,621,"[""ngsl-core""]","[""arm""]",New General Service List,1.2,https://www.newgeneralservicelist.com/new-general-service-list,CC BY-SA 4.0
622,heart,622,"[""ngsl-core""]","[""heart""]",New General Service List,1.2,https://www.newgeneralservicelist.com/new-general-service-list,CC BY-SA 4.0
623,source,623,"[""ngsl-core""]","[""source""]",New General Service List,1.2,https://www.newgeneralservicelist.com/new-general-service-list,CC BY-SA 4.0
624,employee,624,"[""ngsl-core""]","[""employee""]",New General Service List,1.2,https://www.newgeneralservicelist.com/new-general-service-list,CC BY-SA 4.0
625,manage,625,"[""ngsl-core""]","[""manage""]",New General Service List,1.2,https://www.newgeneralservicelist.com/new-general-service-list,CC BY-SA 4.0
626,simply,626,"[""ngsl-core""]","[""simply""]",New General Service List,1.2,https://www.newgeneralservicelist.com/new-general-service-list,CC BY-SA 4.0
627,bank,627,"[""ngsl-core""]","[""bank""]",New General Service List,1.2,https://www.newgeneralservicelist.com/new-general-service-list,CC BY-SA 4.0
628,firm,628,"[""ngsl-core""]","[""firm""]",New General Service List,1.2,https://www.newgeneralservicelist.com/new-general-service-list,CC BY-SA 4.0
629,cell,629,"[""ngsl-core""]","[""cell""]",New General Service List,1.2,https://www.newgeneralservicelist.com/new-general-service-list,CC BY-SA 4.0
630,article,630,"[""ngsl-core""]","[""article""]",New General Service List,1.2,https://www.newgeneralservicelist.com/new-general-service-list,CC BY-SA 4.0
631,fast,631,"[""ngsl-core""]","[""fast""]",New General Service List,1.2,https://www.newgeneralservicelist.com/new-general-service-list,CC BY-SA 4.0
632,attack,632,"[""ngsl-core""]","[""attack""]",New General Service List,1.2,https://www.newgeneralservicelist.com/new-general-service-list,CC BY-SA 4.0
633,foreign,633,"[""ngsl-core""]","[""foreign""]",New General Service List,1.2,https://www.newgeneralservicelist.com/new-general-service-list,CC BY-SA 4.0
634,surprise,634,"[""ngsl-core""]","[""surprise""]",New General Service List,1.2,https://www.newgeneralservicelist.com/new-general-service-list,CC BY-SA 4.0
635,feature,635,"[""ngsl-core""]","[""feature""]",New General Service List,1.2,https://www.newgeneralservicelist.com/new-general-service-list,CC BY-SA 4.0
636,factor,636,"[""ngsl-core""]","[""factor""]",New General Service List,1.2,https://www.newgeneralservicelist.com/new-general-service-list,CC BY-SA 4.0
637,pretty,637,"[""ngsl-core""]","[""pretty""]",New General Service List,1.2,https://www.newgeneralservicelist.com/new-general-service-list,CC BY-SA 4.0
638,recently,638,"[""ngsl-core""]","[""recently""]",New General Service List,1.2,https://www.newgeneralservicelist.com/new-general-service-list,CC BY-SA 4.0
639,affect,639,"[""ngsl-core""]","[""affect""]",New General Service List,1.2,https://www.newgeneralservicelist.com/new-general-service-list,CC BY-SA 4.0
640,drop,640,"[""ngsl-core""]","[""drop""]",New General Service List,1.2,https://www.newgeneralservicelist.com/new-general-service-list,CC BY-SA 4.0
641,recent,641,"[""ngsl-core""]","[""recent""]",New General Service List,1.2,https://www.newgeneralservicelist.com/new-general-service-list,CC BY-SA 4.0
642,relate,642,"[""ngsl-core""]","[""relate""]",New General Service List,1.2,https://www.newgeneralservicelist.com/new-general-service-list,CC BY-SA 4.0
643,official,643,"[""ngsl-core""]","[""official""]",New General Service List,1.2,https://www.newgeneralservicelist.com/new-general-service-list,CC BY-SA 4.0
644,financial,644,"[""ngsl-core""]","[""financial""]",New General Service List,1.2,https://www.newgeneralservicelist.com/new-general-service-list,CC BY-SA 4.0
645,miss,645,"[""ngsl-core""]","[""miss""]",New General Service List,1.2,https://www.newgeneralservicelist.com/new-general-service-list,CC BY-SA 4.0
646,art,646,"[""ngsl-core""]","[""art""]",New General Service List,1.2,https://www.newgeneralservicelist.com/new-general-service-list,CC BY-SA 4.0
647,campaign,647,"[""ngsl-core""]","[""campaign""]",New General Service List,1.2,https://www.newgeneralservicelist.com/new-general-service-list,CC BY-SA 4.0
648,private,648,"[""ngsl-core""]","[""private""]",New General Service List,1.2,https://www.newgeneralservicelist.com/new-general-service-list,CC BY-SA 4.0
649,pause,649,"[""ngsl-core""]","[""pause""]",New General Service List,1.2,https://www.newgeneralservicelist.com/new-general-service-list,CC BY-SA 4.0
650,everyone,650,"[""ngsl-core""]","[""everyone""]",New General Service List,1.2,https://www.newgeneralservicelist.com/new-general-service-list,CC BY-SA 4.0
651,forget,651,"[""ngsl-core""]","[""forget""]",New General Service List,1.2,https://www.newgeneralservicelist.com/new-general-service-list,CC BY-SA 4.0
652,page,652,"[""ngsl-core""]","[""page""]",New General Service List,1.2,https://www.newgeneralservicelist.com/new-general-service-list,CC BY-SA 4.0
653,worry,653,"[""ngsl-core""]","[""worry""]",New General Service List,1.2,https://www.newgeneralservicelist.com/new-general-service-list,CC BY-SA 4.0
654,summer,654,"[""ngsl-core""]","[""summer""]",New General Service List,1.2,https://www.newgeneralservicelist.com/new-general-service-list,CC BY-SA 4.0
655,drink,655,"[""ngsl-core""]","[""drink""]",New General Service List,1.2,https://www.newgeneralservicelist.com/new-general-service-list,CC BY-SA 4.0
656,opinion,656,"[""ngsl-core""]","[""opinion""]",New General Service List,1.2,https://www.newgeneralservicelist.com/new-general-service-list,CC BY-SA 4.0
657,park,657,"[""ngsl-core""]","[""park""]",New General Service List,1.2,https://www.newgeneralservicelist.com/new-general-service-list,CC BY-SA 4.0
658,represent,658,"[""ngsl-core""]","[""represent""]",New General Service List,1.2,https://www.newgeneralservicelist.com/new-general-service-list,CC BY-SA 4.0
659,key,659,"[""ngsl-core""]","[""key""]",New General Service List,1.2,https://www.newgeneralservicelist.com/new-general-service-list,CC BY-SA 4.0
660,inside,660,"[""ngsl-core""]","[""inside""]",New General Service List,1.2,https://www.newgeneralservicelist.com/new-general-service-list,CC BY-SA 4.0
661,manager,661,"[""ngsl-core""]","[""manager""]",New General Service List,1.2,https://www.newgeneralservicelist.com/new-general-service-list,CC BY-SA 4.0
662,international,662,"[""ngsl-core""]","[""international""]",New General Service List,1.2,https://www.newgeneralservicelist.com/new-general-service-list,CC BY-SA 4.0
663,contain,663,"[""ngsl-core""]","[""contain""]",New General Service List,1.2,https://www.newgeneralservicelist.com/new-general-service-list,CC BY-SA 4.0
664,notice,664,"[""ngsl-core""]","[""notice""]",New General Service List,1.2,https://www.newgeneralservicelist.com/new-general-service-list,CC BY-SA 4.0
665,wonder,665,"[""ngsl-core""]","[""wonder""]",New General Service List,1.2,https://www.newgeneralservicelist.com/new-general-service-list,CC BY-SA 4.0
666,nature,666,"[""ngsl-core""]","[""nature""]",New General Service List,1.2,https://www.newgeneralservicelist.com/new-general-service-list,CC BY-SA 4.0
667,structure,667,"[""ngsl-core""]","[""structure""]",New General Service List,1.2,https://www.newgeneralservicelist.com/new-general-service-list,CC BY-SA 4.0
668,section,668,"[""ngsl-core""]","[""section""]",New General Service List,1.2,https://www.newgeneralservicelist.com/new-general-service-list,CC BY-SA 4.0
669,myself,669,"[""ngsl-core""]","[""myself""]",New General Service List,1.2,https://www.newgeneralservicelist.com/new-general-service-list,CC BY-SA 4.0
670,exactly,670,"[""ngsl-core""]","[""exactly""]",New General Service List,1.2,https://www.newgeneralservicelist.com/new-general-service-list,CC BY-SA 4.0
671,plant,671,"[""ngsl-core""]","[""plant""]",New General Service List,1.2,https://www.newgeneralservicelist.com/new-general-service-list,CC BY-SA 4.0
672,paint,672,"[""ngsl-core""]","[""paint""]",New General Service List,1.2,https://www.newgeneralservicelist.com/new-general-service-list,CC BY-SA 4.0
673,worker,673,"[""ngsl-core""]","[""worker""]",New General Service List,1.2,https://www.newgeneralservicelist.com/new-general-service-list,CC BY-SA 4.0
674,press,674,"[""ngsl-core""]","[""press""]",New General Service List,1.2,https://www.newgeneralservicelist.com/new-general-service-list,CC BY-SA 4.0
675,whatever,675,"[""ngsl-core""]","[""whatever""]",New General Service List,1.2,https://www.newgeneralservicelist.com/new-general-service-list,CC BY-SA 4.0
676,necessary,676,"[""ngsl-core""]","[""necessary""]",New General Service List,1.2,https://www.newgeneralservicelist.com/new-general-service-list,CC BY-SA 4.0
677,region,677,"[""ngsl-core""]","[""region""]",New General Service List,1.2,https://www.newgeneralservicelist.com/new-general-service-list,CC BY-SA 4.0
678,growth,678,"[""ngsl-core""]","[""growth""]",New General Service List,1.2,https://www.newgeneralservicelist.com/new-general-service-list,CC BY-SA 4.0
679,evening,679,"[""ngsl-core""]","[""evening""]",New General Service List,1.2,https://www.newgeneralservicelist.com/new-general-service-list,CC BY-SA 4.0
680,influence,680,"[""ngsl-core""]","[""influence""]",New General Service List,1.2,https://www.newgeneralservicelist.com/new-general-service-list,CC BY-SA 4.0
681,respect,681,"[""ngsl-core""]","[""respect""]",New General Service List,1.2,https://www.newgeneralservicelist.com/new-general-service-list,CC BY-SA 4.0
682,various,682,"[""ngsl-core""]","[""various""]",New General Service List,1.2,https://www.newgeneralservicelist.com/new-general-service-list,CC BY-SA 4.0
683,catch,683,"[""ngsl-core""]","[""catch""]",New General Service List,1.2,https://www.newgeneralservicelist.com/new-general-service-list,CC BY-SA 4.0
684,thus,684,"[""ngsl-core""]","[""thus""]",New General Service List,1.2,https://www.newgeneralservicelist.com/new-general-service-list,CC BY-SA 4.0
685,skill,685,"[""ngsl-core""]","[""skill""]",New General Service List,1.2,https://www.newgeneralservicelist.com/new-general-service-list,CC BY-SA 4.0
686,attempt,686,"[""ngsl-core""]","[""attempt""]",New General Service List,1.2,https://www.newgeneralservicelist.com/new-general-service-list,CC BY-SA 4.0
687,son,687,"[""ngsl-core""]","[""son""]",New General Service List,1.2,https://www.newgeneralservicelist.com/new-general-service-list,CC BY-SA 4.0
688,simple,688,"[""ngsl-core""]","[""simple""]",New General Service List,1.2,https://www.newgeneralservicelist.com/new-general-service-list,CC BY-SA 4.0
689,medium,689,"[""ngsl-core""]","[""medium""]",New General Service List,1.2,https://www.newgeneralservicelist.com/new-general-service-list,CC BY-SA 4.0
690,average,690,"[""ngsl-core""]","[""average""]",New General Service List,1.2,https://www.newgeneralservicelist.com/new-general-service-list,CC BY-SA 4.0
691,stock,691,"[""ngsl-core""]","[""stock""]",New General Service List,1.2,https://www.newgeneralservicelist.com/new-general-service-list,CC BY-SA 4.0
692,management,692,"[""ngsl-core""]","[""management""]",New General Service List,1.2,https://www.newgeneralservicelist.com/new-general-service-list,CC BY-SA 4.0
693,character,693,"[""ngsl-core""]","[""character""]",New General Service List,1.2,https://www.newgeneralservicelist.com/new-general-service-list,CC BY-SA 4.0
694,bed,694,"[""ngsl-core""]","[""bed""]",New General Service List,1.2,https://www.newgeneralservicelist.com/new-general-service-list,CC BY-SA 4.0
695,hit,695,"[""ngsl-core""]","[""hit""]",New General Service List,1.2,https://www.newgeneralservicelist.com/new-general-service-list,CC BY-SA 4.0
696,establish,696,"[""ngsl-core""]","[""establish""]",New General Service List,1.2,https://www.newgeneralservicelist.com/new-general-service-list,CC BY-SA 4.0
697,indeed,697,"[""ngsl-core""]","[""indeed""]",New General Service List,1.2,https://www.newgeneralservicelist.com/new-general-service-list,CC BY-SA 4.0
698,final,698,"[""ngsl-core""]","[""final""]",New General Service List,1.2,https://www.newgeneralservicelist.com/new-general-service-list,CC BY-SA 4.0
699,economy,699,"[""ngsl-core""]","[""economy""]",New General Service List,1.2,https://www.newgeneralservicelist.com/new-general-service-list,CC BY-SA 4.0
700,fit,700,"[""ngsl-core""]","[""fit""]",New General Service List,1.2,https://www.newgeneralservicelist.com/new-general-service-list,CC BY-SA 4.0
701,guy,701,"[""ngsl-core""]","[""guy""]",New General Service List,1.2,https://www.newgeneralservicelist.com/new-general-service-list,CC BY-SA 4.0
702,function,702,"[""ngsl-core""]","[""function""]",New General Service List,1.2,https://www.newgeneralservicelist.com/new-general-service-list,CC BY-SA 4.0
703,yesterday,703,"[""ngsl-core""]","[""yesterday""]",New General Service List,1.2,https://www.newgeneralservicelist.com/new-general-service-list,CC BY-SA 4.0
704,image,704,"[""ngsl-core""]","[""image""]",New General Service List,1.2,https://www.newgeneralservicelist.com/new-general-service-list,CC BY-SA 4.0
705,size,705,"[""ngsl-core""]","[""size""]",New General Service List,1.2,https://www.newgeneralservicelist.com/new-general-service-list,CC BY-SA 4.0
706,behavior,706,"[""ngsl-core""]","[""behavior""]",New General Service List,1.2,https://www.newgeneralservicelist.com/new-general-service-list,CC BY-SA 4.0
707,addition,707,"[""ngsl-core""]","[""addition""]",New General Service List,1.2,https://www.newgeneralservicelist.com/new-general-service-list,CC BY-SA 4.0
708,determine,708,"[""ngsl-core""]","[""determine""]",New General Service List,1.2,https://www.newgeneralservicelist.com/new-general-service-list,CC BY-SA 4.0
709,station,709,"[""ngsl-core""]","[""station""]",New General Service List,1.2,https://www.newgeneralservicelist.com/new-general-service-list,CC BY-SA 4.0
710,population,710,"[""ngsl-core""]","[""population""]",New General Service List,1.2,https://www.newgeneralservicelist.com/new-general-service-list,CC BY-SA 4.0
711,fail,711,"[""ngsl-core""]","[""fail""]",New General Service List,1.2,https://www.newgeneralservicelist.com/new-general-service-list,CC BY-SA 4.0
712,environment,712,"[""ngsl-core""]","[""environment""]",New General Service List,1.2,https://www.newgeneralservicelist.com/new-general-service-list,CC BY-SA 4.0
713,production,713,"[""ngsl-core""]","[""production""]",New General Service List,1.2,https://www.newgeneralservicelist.com/new-general-service-list,CC BY-SA 4.0
714,contract,714,"[""ngsl-core""]","[""contract""]",New General Service List,1.2,https://www.newgeneralservicelist.com/new-general-service-list,CC BY-SA 4.0
715,player,715,"[""ngsl-core""]","[""player""]",New General Service List,1.2,https://www.newgeneralservicelist.com/new-general-service-list,CC BY-SA 4.0
716,comment,716,"[""ngsl-core""]","[""comment""]",New General Service List,1.2,https://www.newgeneralservicelist.com/new-general-service-list,CC BY-SA 4.0
717,enter,717,"[""ngsl-core""]","[""enter""]",New General Service List,1.2,https://www.newgeneralservicelist.com/new-general-service-list,CC BY-SA 4.0
718,occur,718,"[""ngsl-core""]","[""occur""]",New General Service List,1.2,https://www.newgeneralservicelist.com/new-general-service-list,CC BY-SA 4.0
719,alone,719,"[""ngsl-core""]","[""alone""]",New General Service List,1.2,https://www.newgeneralservicelist.com/new-general-service-list,CC BY-SA 4.0
720,significant,720,"[""ngsl-core""]","[""significant""]",New General Service List,1.2,https://www.newgeneralservicelist.com/new-general-service-list,CC BY-SA 4.0
721,drug,721,"[""ngsl-core""]","[""drug""]",New General Service List,1.2,https://www.newgeneralservicelist.com/new-general-service-list,CC BY-SA 4.0
722,wall,722,"[""ngsl-core""]","[""wall""]",New General Service List,1.2,https://www.newgeneralservicelist.com/new-general-service-list,CC BY-SA 4.0
723,series,723,"[""ngsl-core""]","[""series""]",New General Service List,1.2,https://www.newgeneralservicelist.com/new-general-service-list,CC BY-SA 4.0
724,direct,724,"[""ngsl-core""]","[""direct""]",New General Service List,1.2,https://www.newgeneralservicelist.com/new-general-service-list,CC BY-SA 4.0
725,success,725,"[""ngsl-core""]","[""success""]",New General Service List,1.2,https://www.newgeneralservicelist.com/new-general-service-list,CC BY-SA 4.0
726,tomorrow,726,"[""ngsl-core""]","[""tomorrow""]",New General Service List,1.2,https://www.newgeneralservicelist.com/new-general-service-list,CC BY-SA 4.0
727,director,727,"[""ngsl-core""]","[""director""]",New General Service List,1.2,https://www.newgeneralservicelist.com/new-general-service-list,CC BY-SA 4.0
728,clearly,728,"[""ngsl-core""]","[""clearly""]",New General Service List,1.2,https://www.newgeneralservicelist.com/new-general-service-list,CC BY-SA 4.0
729,lack,729,"[""ngsl-core""]","[""lack""]",New General Service List,1.2,https://www.newgeneralservicelist.com/new-general-service-list,CC BY-SA 4.0
730,review,730,"[""ngsl-core""]","[""review""]",New General Service List,1.2,https://www.newgeneralservicelist.com/new-general-service-list,CC BY-SA 4.0
731,depend,731,"[""ngsl-core""]","[""depend""]",New General Service List,1.2,https://www.newgeneralservicelist.com/new-general-service-list,CC BY-SA 4.0
732,race,732,"[""ngsl-core""]","[""race""]",New General Service List,1.2,https://www.newgeneralservicelist.com/new-general-service-list,CC BY-SA 4.0
733,recognize,733,"[""ngsl-core""]","[""recognize""]",New General Service List,1.2,https://www.newgeneralservicelist.com/new-general-service-list,CC BY-SA 4.0
734,window,734,"[""ngsl-core""]","[""window""]",New General Service List,1.2,https://www.newgeneralservicelist.com/new-general-service-list,CC BY-SA 4.0
735,purpose,735,"[""ngsl-core""]","[""purpose""]",New General Service List,1.2,https://www.newgeneralservicelist.com/new-general-service-list,CC BY-SA 4.0
736,department,736,"[""ngsl-core""]","[""department""]",New General Service List,1.2,https://www.newgeneralservicelist.com/new-general-service-list,CC BY-SA 4.0
737,gain,737,"[""ngsl-core""]","[""gain""]",New General Service List,1.2,https://www.newgeneralservicelist.com/new-general-service-list,CC BY-SA 4.0
738,tree,738,"[""ngsl-core""]","[""tree""]",New General Service List,1.2,https://www.newgeneralservicelist.com/new-general-service-list,CC BY-SA 4.0
739,college,739,"[""ngsl-core""]","[""college""]",New General Service List,1.2,https://www.newgeneralservicelist.com/new-general-service-list,CC BY-SA 4.0
740,argue,740,"[""ngsl-core""]","[""argue""]",New General Service List,1.2,https://www.newgeneralservicelist.com/new-general-service-list,CC BY-SA 4.0
741,board,741,"[""ngsl-core""]","[""board""]",New General Service List,1.2,https://www.newgeneralservicelist.com/new-general-service-list,CC BY-SA 4.0
742,holiday,742,"[""ngsl-core""]","[""holiday""]",New General Service List,1.2,https://www.newgeneralservicelist.com/new-general-service-list,CC BY-SA 4.0
743,mark,743,"[""ngsl-core""]","[""mark""]",New General Service List,1.2,https://www.newgeneralservicelist.com/new-general-service-list,CC BY-SA 4.0
744,church,744,"[""ngsl-core""]","[""church""]",New General Service List,1.2,https://www.newgeneralservicelist.com/new-general-service-list,CC BY-SA 4.0
745,machine,745,"[""ngsl-core""]","[""machine""]",New General Service List,1.2,https://www.newgeneralservicelist.com/new-general-service-list,CC BY-SA 4.0
746,achieve,746,"[""ngsl-core""]","[""achieve""]",New General Service List,1.2,https://www.newgeneralservicelist.com/new-general-service-list,CC BY-SA 4.0
747,item,747,"[""ngsl-core""]","[""item""]",New General Service List,1.2,https://www.newgeneralservicelist.com/new-general-service-list,CC BY-SA 4.0
748,prove,748,"[""ngsl-core""]","[""prove""]",New General Service List,1.2,https://www.newgeneralservicelist.com/new-general-service-list,CC BY-SA 4.0
749,cent,749,"[""ngsl-core""]","[""cent""]",New General Service List,1.2,https://www.newgeneralservicelist.com/new-general-service-list,CC BY-SA 4.0
750,season,750,"[""ngsl-core""]","[""season""]",New General Service List,1.2,https://www.newgeneralservicelist.com/new-general-service-list,CC BY-SA 4.0
751,floor,751,"[""ngsl-core""]","[""floor""]",New General Service List,1.2,https://www.newgeneralservicelist.com/new-general-service-list,CC BY-SA 4.0
752,stuff,752,"[""ngsl-core""]","[""stuff""]",New General Service List,1.2,https://www.newgeneralservicelist.com/new-general-service-list,CC BY-SA 4.0
753,wide,753,"[""ngsl-core""]","[""wide""]",New General Service List,1.2,https://www.newgeneralservicelist.com/new-general-service-list,CC BY-SA 4.0
754,anyone,754,"[""ngsl-core""]","[""anyone""]",New General Service List,1.2,https://www.newgeneralservicelist.com/new-general-service-list,CC BY-SA 4.0
755,method,755,"[""ngsl-core""]","[""method""]",New General Service List,1.2,https://www.newgeneralservicelist.com/new-general-service-list,CC BY-SA 4.0
756,analysis,756,"[""ngsl-core""]","[""analysis""]",New General Service List,1.2,https://www.newgeneralservicelist.com/new-general-service-list,CC BY-SA 4.0
757,election,757,"[""ngsl-core""]","[""election""]",New General Service List,1.2,https://www.newgeneralservicelist.com/new-general-service-list,CC BY-SA 4.0
758,military,758,"[""ngsl-core""]","[""military""]",New General Service List,1.2,https://www.newgeneralservicelist.com/new-general-service-list,CC BY-SA 4.0
759,hotel,759,"[""ngsl-core""]","[""hotel""]",New General Service List,1.2,https://www.newgeneralservicelist.com/new-general-service-list,CC BY-SA 4.0
760,club,760,"[""ngsl-core""]","[""club""]",New General Service List,1.2,https://www.newgeneralservicelist.com/new-general-service-list,CC BY-SA 4.0
761,below,761,"[""ngsl-core""]","[""below""]",New General Service List,1.2,https://www.newgeneralservicelist.com/new-general-service-list,CC BY-SA 4.0
762,movie,762,"[""ngsl-core""]","[""movie""]",New General Service List,1.2,https://www.newgeneralservicelist.com/new-general-service-list,CC BY-SA 4.0
763,doctor,763,"[""ngsl-core""]","[""doctor""]",New General Service List,1.2,https://www.newgeneralservicelist.com/new-general-service-list,CC BY-SA 4.0
764,discussion,764,"[""ngsl-core""]","[""discussion""]",New General Service List,1.2,https://www.newgeneralservicelist.com/new-general-service-list,CC BY-SA 4.0
765,sorry,765,"[""ngsl-core""]","[""sorry""]",New General Service List,1.2,https://www.newgeneralservicelist.com/new-general-service-list,CC BY-SA 4.0
766,challenge,766,"[""ngsl-core""]","[""challenge""]",New General Service List,1.2,https://www.newgeneralservicelist.com/new-general-service-list,CC BY-SA 4.0
767,nation,767,"[""ngsl-core""]","[""nation""]",New General Service List,1.2,https://www.newgeneralservicelist.com/new-general-service-list,CC BY-SA 4.0
768,nearly,768,"[""ngsl-core""]","[""nearly""]",New General Service List,1.2,https://www.newgeneralservicelist.com/new-general-service-list,CC BY-SA 4.0
769,statement,769,"[""ngsl-core""]","[""statement""]",New General Service List,1.2,https://www.newgeneralservicelist.com/new-general-service-list,CC BY-SA 4.0
770,link,770,"[""ngsl-core""]","[""link""]",New General Service List,1.2,https://www.newgeneralservicelist.com/new-general-service-list,CC BY-SA 4.0
771,despite,771,"[""ngsl-core""]","[""despite""]",New General Service List,1.2,https://www.newgeneralservicelist.com/new-general-service-list,CC BY-SA 4.0
772,introduce,772,"[""ngsl-core""]","[""introduce""]",New General Service List,1.2,https://www.newgeneralservicelist.com/new-general-service-list,CC BY-SA 4.0
773,advantage,773,"[""ngsl-core""]","[""advantage""]",New General Service List,1.2,https://www.newgeneralservicelist.com/new-general-service-list,CC BY-SA 4.0
774,ready,774,"[""ngsl-core""]","[""ready""]",New General Service List,1.2,https://www.newgeneralservicelist.com/new-general-service-list,CC BY-SA 4.0
775,marry,775,"[""ngsl-core""]","[""marry""]",New General Service List,1.2,https://www.newgeneralservicelist.com/new-general-service-list,CC BY-SA 4.0
776,strike,776,"[""ngsl-core""]","[""strike""]",New General Service List,1.2,https://www.newgeneralservicelist.com/new-general-service-list,CC BY-SA 4.0
777,mile,777,"[""ngsl-core""]","[""mile""]",New General Service List,1.2,https://www.newgeneralservicelist.com/new-general-service-list,CC BY-SA 4.0
778,seek,778,"[""ngsl-core""]","[""seek""]",New General Service List,1.2,https://www.newgeneralservicelist.com/new-general-service-list,CC BY-SA 4.0
779,ability,779,"[""ngsl-core""]","[""ability""]",New General Service List,1.2,https://www.newgeneralservicelist.com/new-general-service-list,CC BY-SA 4.0
780,unit,780,"[""ngsl-core""]","[""unit""]",New General Service List,1.2,https://www.newgeneralservicelist.com/new-general-service-list,CC BY-SA 4.0
781,card,781,"[""ngsl-core""]","[""card""]",New General Service List,1.2,https://www.newgeneralservicelist.com/new-general-service-list,CC BY-SA 4.0
782,hospital,782,"[""ngsl-core""]","[""hospital""]",New General Service List,1.2,https://www.newgeneralservicelist.com/new-general-service-list,CC BY-SA 4.0
783,quickly,783,"[""ngsl-core""]","[""quickly""]",New General Service List,1.2,https://www.newgeneralservicelist.com/new-general-service-list,CC BY-SA 4.0
784,interview,784,"[""ngsl-core""]","[""interview""]",New General Service List,1.2,https://www.newgeneralservicelist.com/new-general-service-list,CC BY-SA 4.0
785,agreement,785,"[""ngsl-core""]","[""agreement""]",New General Service List,1.2,https://www.newgeneralservicelist.com/new-general-service-list,CC BY-SA 4.0
786,release,786,"[""ngsl-core""]","[""release""]",New General Service List,1.2,https://www.newgeneralservicelist.com/new-general-service-list,CC BY-SA 4.0
787,tax,787,"[""ngsl-core""]","[""tax""]",New General Service List,1.2,https://www.newgeneralservicelist.com/new-general-service-list,CC BY-SA 4.0
788,solution,788,"[""ngsl-core""]","[""solution""]",New General Service List,1.2,https://www.newgeneralservicelist.com/new-general-service-list,CC BY-SA 4.0
789,capital,789,"[""ngsl-core""]","[""capital""]",New General Service List,1.2,https://www.newgeneralservicelist.com/new-general-service-list,CC BY-SA 4.0
790,popular,790,"[""ngsl-core""]","[""popular""]",New General Service List,1.2,https://www.newgeneralservicelist.com/new-general-service-list,CC BY-SA 4.0
791,specific,791,"[""ngsl-core""]","[""specific""]",New General Service List,1.2,https://www.newgeneralservicelist.com/new-general-service-list,CC BY-SA 4.0
792,beautiful,792,"[""ngsl-core""]","[""beautiful""]",New General Service List,1.2,https://www.newgeneralservicelist.com/new-general-service-list,CC BY-SA 4.0
793,fear,793,"[""ngsl-core""]","[""fear""]",New General Service List,1.2,https://www.newgeneralservicelist.com/new-general-service-list,CC BY-SA 4.0
794,aim,794,"[""ngsl-core""]","[""aim""]",New General Service List,1.2,https://www.newgeneralservicelist.com/new-general-service-list,CC BY-SA 4.0
795,television,795,"[""ngsl-core""]","[""television""]",New General Service List,1.2,https://www.newgeneralservicelist.com/new-general-service-list,CC BY-SA 4.0
796,serious,796,"[""ngsl-core""]","[""serious""]",New General Service List,1.2,https://www.newgeneralservicelist.com/new-general-service-list,CC BY-SA 4.0
797,target,797,"[""ngsl-core""]","[""target""]",New General Service List,1.2,https://www.newgeneralservicelist.com/new-general-service-list,CC BY-SA 4.0
798,degree,798,"[""ngsl-core""]","[""degree""]",New General Service List,1.2,https://www.newgeneralservicelist.com/new-general-service-list,CC BY-SA 4.0
799,pull,799,"[""ngsl-core""]","[""pull""]",New General Service List,1.2,https://www.newgeneralservicelist.com/new-general-service-list,CC BY-SA 4.0
800,red,800,"[""ngsl-core""]","[""red""]",New General Service List,1.2,https://www.newgeneralservicelist.com/new-general-service-list,CC BY-SA 4.0
801,husband,801,"[""ngsl-core""]","[""husband""]",New General Service List,1.2,https://www.newgeneralservicelist.com/new-general-service-list,CC BY-SA 4.0
802,access,802,"[""ngsl-core""]","[""access""]",New General Service List,1.2,https://www.newgeneralservicelist.com/new-general-service-list,CC BY-SA 4.0
803,movement,803,"[""ngsl-core""]","[""movement""]",New General Service List,1.2,https://www.newgeneralservicelist.com/new-general-service-list,CC BY-SA 4.0
804,treat,804,"[""ngsl-core""]","[""treat""]",New General Service List,1.2,https://www.newgeneralservicelist.com/new-general-service-list,CC BY-SA 4.0
805,identify,805,"[""ngsl-core""]","[""identify""]",New General Service List,1.2,https://www.newgeneralservicelist.com/new-general-service-list,CC BY-SA 4.0
806,loss,806,"[""ngsl-core""]","[""loss""]",New General Service List,1.2,https://www.newgeneralservicelist.com/new-general-service-list,CC BY-SA 4.0
807,shall,807,"[""ngsl-core""]","[""shall""]",New General Service List,1.2,https://www.newgeneralservicelist.com/new-general-service-list,CC BY-SA 4.0
808,modern,808,"[""ngsl-core""]","[""modern""]",New General Service List,1.2,https://www.newgeneralservicelist.com/new-general-service-list,CC BY-SA 4.0
809,pressure,809,"[""ngsl-core""]","[""pressure""]",New General Service List,1.2,https://www.newgeneralservicelist.com/new-general-service-list,CC BY-SA 4.0
810,bus,810,"[""ngsl-core""]","[""bus""]",New General Service List,1.2,https://www.newgeneralservicelist.com/new-general-service-list,CC BY-SA 4.0
811,treatment,811,"[""ngsl-core""]","[""treatment""]",New General Service List,1.2,https://www.newgeneralservicelist.com/new-general-service-list,CC BY-SA 4.0
812,conference,812,"[""ngsl-core""]","[""conference""]",New General Service List,1.2,https://www.newgeneralservicelist.com/new-general-service-list,CC BY-SA 4.0
813,yourself,813,"[""ngsl-core""]","[""yourself""]",New General Service List,1.2,https://www.newgeneralservicelist.com/new-general-service-list,CC BY-SA 4.0
814,supply,814,"[""ngsl-core""]","[""supply""]",New General Service List,1.2,https://www.newgeneralservicelist.com/new-general-service-list,CC BY-SA 4.0
815,village,815,"[""ngsl-core""]","[""village""]",New General Service List,1.2,https://www.newgeneralservicelist.com/new-general-service-list,CC BY-SA 4.0
816,worth,816,"[""ngsl-core""]","[""worth""]",New General Service List,1.2,https://www.newgeneralservicelist.com/new-general-service-list,CC BY-SA 4.0
817,natural,817,"[""ngsl-core""]","[""natural""]",New General Service List,1.2,https://www.newgeneralservicelist.com/new-general-service-list,CC BY-SA 4.0
818,express,818,"[""ngsl-core""]","[""express""]",New General Service List,1.2,https://www.newgeneralservicelist.com/new-general-service-list,CC BY-SA 4.0
819,indicate,819,"[""ngsl-core""]","[""indicate""]",New General Service List,1.2,https://www.newgeneralservicelist.com/new-general-service-list,CC BY-SA 4.0
820,attend,820,"[""ngsl-core""]","[""attend""]",New General Service List,1.2,https://www.newgeneralservicelist.com/new-general-service-list,CC BY-SA 4.0
821,brother,821,"[""ngsl-core""]","[""brother""]",New General Service List,1.2,https://www.newgeneralservicelist.com/new-general-service-list,CC BY-SA 4.0
822,investment,822,"[""ngsl-core""]","[""investment""]",New General Service List,1.2,https://www.newgeneralservicelist.com/new-general-service-list,CC BY-SA 4.0
823,score,823,"[""ngsl-core""]","[""score""]",New General Service List,1.2,https://www.newgeneralservicelist.com/new-general-service-list,CC BY-SA 4.0
824,organize,824,"[""ngsl-core""]","[""organize""]",New General Service List,1.2,https://www.newgeneralservicelist.com/new-general-service-list,CC BY-SA 4.0
825,trip,825,"[""ngsl-core""]","[""trip""]",New General Service List,1.2,https://www.newgeneralservicelist.com/new-general-service-list,CC BY-SA 4.0
826,beyond,826,"[""ngsl-core""]","[""beyond""]",New General Service List,1.2,https://www.newgeneralservicelist.com/new-general-service-list,CC BY-SA 4.0
827,sleep,827,"[""ngsl-core""]","[""sleep""]",New General Service List,1.2,https://www.newgeneralservicelist.com/new-general-service-list,CC BY-SA 4.0
828,fish,828,"[""ngsl-core""]","[""fish""]",New General Service List,1.2,https://www.newgeneralservicelist.com/new-general-service-list,CC BY-SA 4.0
829,promise,829,"[""ngsl-core""]","[""promise""]",New General Service List,1.2,https://www.newgeneralservicelist.com/new-general-service-list,CC BY-SA 4.0
830,potential,830,"[""ngsl-core""]","[""potential""]",New General Service List,1.2,https://www.newgeneralservicelist.com/new-general-service-list,CC BY-SA 4.0
831,energy,831,"[""ngsl-core""]","[""energy""]",New General Service List,1.2,https://www.newgeneralservicelist.com/new-general-service-list,CC BY-SA 4.0
832,trouble,832,"[""ngsl-core""]","[""trouble""]",New General Service List,1.2,https://www.newgeneralservicelist.com/new-general-service-list,CC BY-SA 4.0
833,relation,833,"[""ngsl-core""]","[""relation""]",New General Service List,1.2,https://www.newgeneralservicelist.com/new-general-service-list,CC BY-SA 4.0
834,touch,834,"[""ngsl-core""]","[""touch""]",New General Service List,1.2,https://www.newgeneralservicelist.com/new-general-service-list,CC BY-SA 4.0
835,file,835,"[""ngsl-core""]","[""file""]",New General Service List,1.2,https://www.newgeneralservicelist.com/new-general-service-list,CC BY-SA 4.0
836,middle,836,"[""ngsl-core""]","[""middle""]",New General Service List,1.2,https://www.newgeneralservicelist.com/new-general-service-list,CC BY-SA 4.0
837,bar,837,"[""ngsl-core""]","[""bar""]",New General Service List,1.2,https://www.newgeneralservicelist.com/new-general-service-list,CC BY-SA 4.0
838,suffer,838,"[""ngsl-core""]","[""suffer""]",New General Service List,1.2,https://www.newgeneralservicelist.com/new-general-service-list,CC BY-SA 4.0
839,strategy,839,"[""ngsl-core""]","[""strategy""]",New General Service List,1.2,https://www.newgeneralservicelist.com/new-general-service-list,CC BY-SA 4.0
840,deep,840,"[""ngsl-core""]","[""deep""]",New General Service List,1.2,https://www.newgeneralservicelist.com/new-general-service-list,CC BY-SA 4.0
841,except,841,"[""ngsl-core""]","[""except""]",New General Service List,1.2,https://www.newgeneralservicelist.com/new-general-service-list,CC BY-SA 4.0
842,clean,842,"[""ngsl-core""]","[""clean""]",New General Service List,1.2,https://www.newgeneralservicelist.com/new-general-service-list,CC BY-SA 4.0
843,tend,843,"[""ngsl-core""]","[""tend""]",New General Service List,1.2,https://www.newgeneralservicelist.com/new-general-service-list,CC BY-SA 4.0
844,advance,844,"[""ngsl-core""]","[""advance""]",New General Service List,1.2,https://www.newgeneralservicelist.com/new-general-service-list,CC BY-SA 4.0
845,fill,845,"[""ngsl-core""]","[""fill""]",New General Service List,1.2,https://www.newgeneralservicelist.com/new-general-service-list,CC BY-SA 4.0
846,star,846,"[""ngsl-core""]","[""star""]",New General Service List,1.2,https://www.newgeneralservicelist.com/new-general-service-list,CC BY-SA 4.0
847,network,847,"[""ngsl-core""]","[""network""]",New General Service List,1.2,https://www.newgeneralservicelist.com/new-general-service-list,CC BY-SA 4.0
848,generally,848,"[""ngsl-core""]","[""generally""]",New General Service List,1.2,https://www.newgeneralservicelist.com/new-general-service-list,CC BY-SA 4.0
849,operation,849,"[""ngsl-core""]","[""operation""]",New General Service List,1.2,https://www.newgeneralservicelist.com/new-general-service-list,CC BY-SA 4.0
850,match,850,"[""ngsl-core""]","[""match""]",New General Service List,1.2,https://www.newgeneralservicelist.com/new-general-service-list,CC BY-SA 4.0
851,avoid,851,"[""ngsl-core""]","[""avoid""]",New General Service List,1.2,https://www.newgeneralservicelist.com/new-general-service-list,CC BY-SA 4.0
852,seat,852,"[""ngsl-core""]","[""seat""]",New General Service List,1.2,https://www.newgeneralservicelist.com/new-general-service-list,CC BY-SA 4.0
853,throw,853,"[""ngsl-core""]","[""throw""]",New General Service List,1.2,https://www.newgeneralservicelist.com/new-general-service-list,CC BY-SA 4.0
854,task,854,"[""ngsl-core""]","[""task""]",New General Service List,1.2,https://www.newgeneralservicelist.com/new-general-service-list,CC BY-SA 4.0
855,normal,855,"[""ngsl-core""]","[""normal""]",New General Service List,1.2,https://www.newgeneralservicelist.com/new-general-service-list,CC BY-SA 4.0
856,goal,856,"[""ngsl-core""]","[""goal""]",New General Service List,1.2,https://www.newgeneralservicelist.com/new-general-service-list,CC BY-SA 4.0
857,associate,857,"[""ngsl-core""]","[""associate""]",New General Service List,1.2,https://www.newgeneralservicelist.com/new-general-service-list,CC BY-SA 4.0
858,blue,858,"[""ngsl-core""]","[""blue""]",New General Service List,1.2,https://www.newgeneralservicelist.com/new-general-service-list,CC BY-SA 4.0
859,positive,859,"[""ngsl-core""]","[""positive""]",New General Service List,1.2,https://www.newgeneralservicelist.com/new-general-service-list,CC BY-SA 4.0
860,option,860,"[""ngsl-core""]","[""option""]",New General Service List,1.2,https://www.newgeneralservicelist.com/new-general-service-list,CC BY-SA 4.0
861,box,861,"[""ngsl-core""]","[""box""]",New General Service List,1.2,https://www.newgeneralservicelist.com/new-general-service-list,CC BY-SA 4.0
862,huge,862,"[""ngsl-core""]","[""huge""]",New General Service List,1.2,https://www.newgeneralservicelist.com/new-general-service-list,CC BY-SA 4.0
863,message,863,"[""ngsl-core""]","[""message""]",New General Service List,1.2,https://www.newgeneralservicelist.com/new-general-service-list,CC BY-SA 4.0
864,instance,864,"[""ngsl-core""]","[""instance""]",New General Service List,1.2,https://www.newgeneralservicelist.com/new-general-service-list,CC BY-SA 4.0
865,style,865,"[""ngsl-core""]","[""style""]",New General Service List,1.2,https://www.newgeneralservicelist.com/new-general-service-list,CC BY-SA 4.0
866,refer,866,"[""ngsl-core""]","[""refer""]",New General Service List,1.2,https://www.newgeneralservicelist.com/new-general-service-list,CC BY-SA 4.0
867,cold,867,"[""ngsl-core""]","[""cold""]",New General Service List,1.2,https://www.newgeneralservicelist.com/new-general-service-list,CC BY-SA 4.0
868,push,868,"[""ngsl-core""]","[""push""]",New General Service List,1.2,https://www.newgeneralservicelist.com/new-general-service-list,CC BY-SA 4.0
869,quarter,869,"[""ngsl-core""]","[""quarter""]",New General Service List,1.2,https://www.newgeneralservicelist.com/new-general-service-list,CC BY-SA 4.0
870,assume,870,"[""ngsl-core""]","[""assume""]",New General Service List,1.2,https://www.newgeneralservicelist.com/new-general-service-list,CC BY-SA 4.0
871,baby,871,"[""ngsl-core""]","[""baby""]",New General Service List,1.2,https://www.newgeneralservicelist.com/new-general-service-list,CC BY-SA 4.0
872,successful,872,"[""ngsl-core""]","[""successful""]",New General Service List,1.2,https://www.newgeneralservicelist.com/new-general-service-list,CC BY-SA 4.0
873,sing,873,"[""ngsl-core""]","[""sing""]",New General Service List,1.2,https://www.newgeneralservicelist.com/new-general-service-list,CC BY-SA 4.0
874,doubt,874,"[""ngsl-core""]","[""doubt""]",New General Service List,1.2,https://www.newgeneralservicelist.com/new-general-service-list,CC BY-SA 4.0
875,competition,875,"[""ngsl-core""]","[""competition""]",New General Service List,1.2,https://www.newgeneralservicelist.com/new-general-service-list,CC BY-SA 4.0
876,theory,876,"[""ngsl-core""]","[""theory""]",New General Service List,1.2,https://www.newgeneralservicelist.com/new-general-service-list,CC BY-SA 4.0
877,propose,877,"[""ngsl-core""]","[""propose""]",New General Service List,1.2,https://www.newgeneralservicelist.com/new-general-service-list,CC BY-SA 4.0
878,reference,878,"[""ngsl-core""]","[""reference""]",New General Service List,1.2,https://www.newgeneralservicelist.com/new-general-service-list,CC BY-SA 4.0
879,argument,879,"[""ngsl-core""]","[""argument""]",New General Service List,1.2,https://www.newgeneralservicelist.com/new-general-service-list,CC BY-SA 4.0
880,adult,880,"[""ngsl-core""]","[""adult""]",New General Service List,1.2,https://www.newgeneralservicelist.com/new-general-service-list,CC BY-SA 4.0
881,fly,881,"[""ngsl-core""]","[""fly""]",New General Service List,1.2,https://www.newgeneralservicelist.com/new-general-service-list,CC BY-SA 4.0
882,document,882,"[""ngsl-core""]","[""document""]",New General Service List,1.2,https://www.newgeneralservicelist.com/new-general-service-list,CC BY-SA 4.0
883,pattern,883,"[""ngsl-core""]","[""pattern""]",New General Service List,1.2,https://www.newgeneralservicelist.com/new-general-service-list,CC BY-SA 4.0
884,application,884,"[""ngsl-core""]","[""application""]",New General Service List,1.2,https://www.newgeneralservicelist.com/new-general-service-list,CC BY-SA 4.0
885,hot,885,"[""ngsl-core""]","[""hot""]",New General Service List,1.2,https://www.newgeneralservicelist.com/new-general-service-list,CC BY-SA 4.0
886,obviously,886,"[""ngsl-core""]","[""obviously""]",New General Service List,1.2,https://www.newgeneralservicelist.com/new-general-service-list,CC BY-SA 4.0
887,unclear,887,"[""ngsl-core""]","[""unclear""]",New General Service List,1.2,https://www.newgeneralservicelist.com/new-general-service-list,CC BY-SA 4.0
888,bill,888,"[""ngsl-core""]","[""bill""]",New General Service List,1.2,https://www.newgeneralservicelist.com/new-general-service-list,CC BY-SA 4.0
889,search,889,"[""ngsl-core""]","[""search""]",New General Service List,1.2,https://www.newgeneralservicelist.com/new-general-service-list,CC BY-SA 4.0
890,separate,890,"[""ngsl-core""]","[""separate""]",New General Service List,1.2,https://www.newgeneralservicelist.com/new-general-service-list,CC BY-SA 4.0
891,central,891,"[""ngsl-core""]","[""central""]",New General Service List,1.2,https://www.newgeneralservicelist.com/new-general-service-list,CC BY-SA 4.0
892,career,892,"[""ngsl-core""]","[""career""]",New General Service List,1.2,https://www.newgeneralservicelist.com/new-general-service-list,CC BY-SA 4.0
893,anyway,893,"[""ngsl-core""]","[""anyway""]",New General Service List,1.2,https://www.newgeneralservicelist.com/new-general-service-list,CC BY-SA 4.0
894,speech,894,"[""ngsl-core""]","[""speech""]",New General Service List,1.2,https://www.newgeneralservicelist.com/new-general-service-list,CC BY-SA 4.0
895,dog,895,"[""ngsl-core""]","[""dog""]",New General Service List,1.2,https://www.newgeneralservicelist.com/new-general-service-list,CC BY-SA 4.0
896,officer,896,"[""ngsl-core""]","[""officer""]",New General Service List,1.2,https://www.newgeneralservicelist.com/new-general-service-list,CC BY-SA 4.0
897,throughout,897,"[""ngsl-core""]","[""throughout""]",New General Service List,1.2,https://www.newgeneralservicelist.com/new-general-service-list,CC BY-SA 4.0
898,oil,898,"[""ngsl-core""]","[""oil""]",New General Service List,1.2,https://www.newgeneralservicelist.com/new-general-service-list,CC BY-SA 4.0
899,dress,899,"[""ngsl-core""]","[""dress""]",New General Service List,1.2,https://www.newgeneralservicelist.com/new-general-service-list,CC BY-SA 4.0
900,profit,900,"[""ngsl-core""]","[""profit""]",New General Service List,1.2,https://www.newgeneralservicelist.com/new-general-service-list,CC BY-SA 4.0
901,guess,901,"[""ngsl-core""]","[""guess""]",New General Service List,1.2,https://www.newgeneralservicelist.com/new-general-service-list,CC BY-SA 4.0
902,fun,902,"[""ngsl-core""]","[""fun""]",New General Service List,1.2,https://www.newgeneralservicelist.com/new-general-service-list,CC BY-SA 4.0
903,protect,903,"[""ngsl-core""]","[""protect""]",New General Service List,1.2,https://www.newgeneralservicelist.com/new-general-service-list,CC BY-SA 4.0
904,resource,904,"[""ngsl-core""]","[""resource""]",New General Service List,1.2,https://www.newgeneralservicelist.com/new-general-service-list,CC BY-SA 4.0
905,science,905,"[""ngsl-core""]","[""science""]",New General Service List,1.2,https://www.newgeneralservicelist.com/new-general-service-list,CC BY-SA 4.0
906,disease,906,"[""ngsl-core""]","[""disease""]",New General Service List,1.2,https://www.newgeneralservicelist.com/new-general-service-list,CC BY-SA 4.0
907,balance,907,"[""ngsl-core""]","[""balance""]",New General Service List,1.2,https://www.newgeneralservicelist.com/new-general-service-list,CC BY-SA 4.0
908,damage,908,"[""ngsl-core""]","[""damage""]",New General Service List,1.2,https://www.newgeneralservicelist.com/new-general-service-list,CC BY-SA 4.0
909,basis,909,"[""ngsl-core""]","[""basis""]",New General Service List,1.2,https://www.newgeneralservicelist.com/new-general-service-list,CC BY-SA 4.0
910,author,910,"[""ngsl-core""]","[""author""]",New General Service List,1.2,https://www.newgeneralservicelist.com/new-general-service-list,CC BY-SA 4.0
911,basic,911,"[""ngsl-core""]","[""basic""]",New General Service List,1.2,https://www.newgeneralservicelist.com/new-general-service-list,CC BY-SA 4.0
912,encourage,912,"[""ngsl-core""]","[""encourage""]",New General Service List,1.2,https://www.newgeneralservicelist.com/new-general-service-list,CC BY-SA 4.0
913,hair,913,"[""ngsl-core""]","[""hair""]",New General Service List,1.2,https://www.newgeneralservicelist.com/new-general-service-list,CC BY-SA 4.0
914,male,914,"[""ngsl-core""]","[""male""]",New General Service List,1.2,https://www.newgeneralservicelist.com/new-general-service-list,CC BY-SA 4.0
915,operate,915,"[""ngsl-core""]","[""operate""]",New General Service List,1.2,https://www.newgeneralservicelist.com/new-general-service-list,CC BY-SA 4.0
916,reflect,916,"[""ngsl-core""]","[""reflect""]",New General Service List,1.2,https://www.newgeneralservicelist.com/new-general-service-list,CC BY-SA 4.0
917,exercise,917,"[""ngsl-core""]","[""exercise""]",New General Service List,1.2,https://www.newgeneralservicelist.com/new-general-service-list,CC BY-SA 4.0
918,useful,918,"[""ngsl-core""]","[""useful""]",New General Service List,1.2,https://www.newgeneralservicelist.com/new-general-service-list,CC BY-SA 4.0
919,restaurant,919,"[""ngsl-core""]","[""restaurant""]",New General Service List,1.2,https://www.newgeneralservicelist.com/new-general-service-list,CC BY-SA 4.0
920,income,920,"[""ngsl-core""]","[""income""]",New General Service List,1.2,https://www.newgeneralservicelist.com/new-general-service-list,CC BY-SA 4.0
921,property,921,"[""ngsl-core""]","[""property""]",New General Service List,1.2,https://www.newgeneralservicelist.com/new-general-service-list,CC BY-SA 4.0
922,previous,922,"[""ngsl-core""]","[""previous""]",New General Service List,1.2,https://www.newgeneralservicelist.com/new-general-service-list,CC BY-SA 4.0
923,dark,923,"[""ngsl-core""]","[""dark""]",New General Service List,1.2,https://www.newgeneralservicelist.com/new-general-service-list,CC BY-SA 4.0
924,imagine,924,"[""ngsl-core""]","[""imagine""]",New General Service List,1.2,https://www.newgeneralservicelist.com/new-general-service-list,CC BY-SA 4.0
925,okay,925,"[""ngsl-core""]","[""okay""]",New General Service List,1.2,https://www.newgeneralservicelist.com/new-general-service-list,CC BY-SA 4.0
926,earn,926,"[""ngsl-core""]","[""earn""]",New General Service List,1.2,https://www.newgeneralservicelist.com/new-general-service-list,CC BY-SA 4.0
927,daughter,927,"[""ngsl-core""]","[""daughter""]",New General Service List,1.2,https://www.newgeneralservicelist.com/new-general-service-list,CC BY-SA 4.0
928,post,928,"[""ngsl-core""]","[""post""]",New General Service List,1.2,https://www.newgeneralservicelist.com/new-general-service-list,CC BY-SA 4.0
929,newspaper,929,"[""ngsl-core""]","[""newspaper""]",New General Service List,1.2,https://www.newgeneralservicelist.com/new-general-service-list,CC BY-SA 4.0
930,define,930,"[""ngsl-core""]","[""define""]",New General Service List,1.2,https://www.newgeneralservicelist.com/new-general-service-list,CC BY-SA 4.0
931,conclusion,931,"[""ngsl-core""]","[""conclusion""]",New General Service List,1.2,https://www.newgeneralservicelist.com/new-general-service-list,CC BY-SA 4.0
932,clock,932,"[""ngsl-core""]","[""clock""]",New General Service List,1.2,https://www.newgeneralservicelist.com/new-general-service-list,CC BY-SA 4.0
933,everybody,933,"[""ngsl-core""]","[""everybody""]",New General Service List,1.2,https://www.newgeneralservicelist.com/new-general-service-list,CC BY-SA 4.0
934,weekend,934,"[""ngsl-core""]","[""weekend""]",New General Service List,1.2,https://www.newgeneralservicelist.com/new-general-service-list,CC BY-SA 4.0
935,perform,935,"[""ngsl-core""]","[""perform""]",New General Service List,1.2,https://www.newgeneralservicelist.com/new-general-service-list,CC BY-SA 4.0
936,professional,936,"[""ngsl-core""]","[""professional""]",New General Service List,1.2,https://www.newgeneralservicelist.com/new-general-service-list,CC BY-SA 4.0
937,mine,937,"[""ngsl-core""]","[""mine""]",New General Service List,1.2,https://www.newgeneralservicelist.com/new-general-service-list,CC BY-SA 4.0
938,debate,938,"[""ngsl-core""]","[""debate""]",New General Service List,1.2,https://www.newgeneralservicelist.com/new-general-service-list,CC BY-SA 4.0
939,memory,939,"[""ngsl-core""]","[""memory""]",New General Service List,1.2,https://www.newgeneralservicelist.com/new-general-service-list,CC BY-SA 4.0
940,green,940,"[""ngsl-core""]","[""green""]",New General Service List,1.2,https://www.newgeneralservicelist.com/new-general-service-list,CC BY-SA 4.0
941,song,941,"[""ngsl-core""]","[""song""]",New General Service List,1.2,https://www.newgeneralservicelist.com/new-general-service-list,CC BY-SA 4.0
942,object,942,"[""ngsl-core""]","[""object""]",New General Service List,1.2,https://www.newgeneralservicelist.com/new-general-service-list,CC BY-SA 4.0
943,maintain,943,"[""ngsl-core""]","[""maintain""]",New General Service List,1.2,https://www.newgeneralservicelist.com/new-general-service-list,CC BY-SA 4.0
944,credit,944,"[""ngsl-core""]","[""credit""]",New General Service List,1.2,https://www.newgeneralservicelist.com/new-general-service-list,CC BY-SA 4.0
945,ring,945,"[""ngsl-core""]","[""ring""]",New General Service List,1.2,https://www.newgeneralservicelist.com/new-general-service-list,CC BY-SA 4.0
946,discover,946,"[""ngsl-core""]","[""discover""]",New General Service List,1.2,https://www.newgeneralservicelist.com/new-general-service-list,CC BY-SA 4.0
947,dead,947,"[""ngsl-core""]","[""dead""]",New General Service List,1.2,https://www.newgeneralservicelist.com/new-general-service-list,CC BY-SA 4.0
948,afternoon,948,"[""ngsl-core""]","[""afternoon""]",New General Service List,1.2,https://www.newgeneralservicelist.com/new-general-service-list,CC BY-SA 4.0
949,prefer,949,"[""ngsl-core""]","[""prefer""]",New General Service List,1.2,https://www.newgeneralservicelist.com/new-general-service-list,CC BY-SA 4.0
950,extend,950,"[""ngsl-core""]","[""extend""]",New General Service List,1.2,https://www.newgeneralservicelist.com/new-general-service-list,CC BY-SA 4.0
951,possibility,951,"[""ngsl-core""]","[""possibility""]",New General Service List,1.2,https://www.newgeneralservicelist.com/new-general-service-list,CC BY-SA 4.0
952,direction,952,"[""ngsl-core""]","[""direction""]",New General Service List,1.2,https://www.newgeneralservicelist.com/new-general-service-list,CC BY-SA 4.0
953,facility,953,"[""ngsl-core""]","[""facility""]",New General Service List,1.2,https://www.newgeneralservicelist.com/new-general-service-list,CC BY-SA 4.0
954,variety,954,"[""ngsl-core""]","[""variety""]",New General Service List,1.2,https://www.newgeneralservicelist.com/new-general-service-list,CC BY-SA 4.0
955,daily,955,"[""ngsl-core""]","[""daily""]",New General Service List,1.2,https://www.newgeneralservicelist.com/new-general-service-list,CC BY-SA 4.0
956,clothes,956,"[""ngsl-core""]","[""clothes""]",New General Service List,1.2,https://www.newgeneralservicelist.com/new-general-service-list,CC BY-SA 4.0
957,screen,957,"[""ngsl-core""]","[""screen""]",New General Service List,1.2,https://www.newgeneralservicelist.com/new-general-service-list,CC BY-SA 4.0
958,track,958,"[""ngsl-core""]","[""track""]",New General Service List,1.2,https://www.newgeneralservicelist.com/new-general-service-list,CC BY-SA 4.0
959,dance,959,"[""ngsl-core""]","[""dance""]",New General Service List,1.2,https://www.newgeneralservicelist.com/new-general-service-list,CC BY-SA 4.0
960,completely,960,"[""ngsl-core""]","[""completely""]",New General Service List,1.2,https://www.newgeneralservicelist.com/new-general-service-list,CC BY-SA 4.0
961,female,961,"[""ngsl-core""]","[""female""]",New General Service List,1.2,https://www.newgeneralservicelist.com/new-general-service-list,CC BY-SA 4.0
962,responsibility,962,"[""ngsl-core""]","[""responsibility""]",New General Service List,1.2,https://www.newgeneralservicelist.com/new-general-service-list,CC BY-SA 4.0
963,original,963,"[""ngsl-core""]","[""original""]",New General Service List,1.2,https://www.newgeneralservicelist.com/new-general-service-list,CC BY-SA 4.0
964,sister,964,"[""ngsl-core""]","[""sister""]",New General Service List,1.2,https://www.newgeneralservicelist.com/new-general-service-list,CC BY-SA 4.0
965,rock,965,"[""ngsl-core""]","[""rock""]",New General Service List,1.2,https://www.newgeneralservicelist.com/new-general-service-list,CC BY-SA 4.0
966,dream,966,"[""ngsl-core""]","[""dream""]",New General Service List,1.2,https://www.newgeneralservicelist.com/new-general-service-list,CC BY-SA 4.0
967,nor,967,"[""ngsl-core""]","[""nor""]",New General Service List,1.2,https://www.newgeneralservicelist.com/new-general-service-list,CC BY-SA 4.0
968,university,968,"[""ngsl-core""]","[""university""]",New General Service List,1.2,https://www.newgeneralservicelist.com/new-general-service-list,CC BY-SA 4.0
969,easily,969,"[""ngsl-core""]","[""easily""]",New General Service List,1.2,https://www.newgeneralservicelist.com/new-general-service-list,CC BY-SA 4.0
970,agency,970,"[""ngsl-core""]","[""agency""]",New General Service List,1.2,https://www.newgeneralservicelist.com/new-general-service-list,CC BY-SA 4.0
971,dollar,971,"[""ngsl-core""]","[""dollar""]",New General Service List,1.2,https://www.newgeneralservicelist.com/new-general-service-list,CC BY-SA 4.0
972,garden,972,"[""ngsl-core""]","[""garden""]",New General Service List,1.2,https://www.newgeneralservicelist.com/new-general-service-list,CC BY-SA 4.0
973,fix,973,"[""ngsl-core""]","[""fix""]",New General Service List,1.2,https://www.newgeneralservicelist.com/new-general-service-list,CC BY-SA 4.0
974,ahead,974,"[""ngsl-core""]","[""ahead""]",New General Service List,1.2,https://www.newgeneralservicelist.com/new-general-service-list,CC BY-SA 4.0
975,cross,975,"[""ngsl-core""]","[""cross""]",New General Service List,1.2,https://www.newgeneralservicelist.com/new-general-service-list,CC BY-SA 4.0
976,yeah,976,"[""ngsl-core""]","[""yeah""]",New General Service List,1.2,https://www.newgeneralservicelist.com/new-general-service-list,CC BY-SA 4.0
977,candidate,977,"[""ngsl-core""]","[""candidate""]",New General Service List,1.2,https://www.newgeneralservicelist.com/new-general-service-list,CC BY-SA 4.0
978,weight,978,"[""ngsl-core""]","[""weight""]",New General Service List,1.2,https://www.newgeneralservicelist.com/new-general-service-list,CC BY-SA 4.0
979,legal,979,"[""ngsl-core""]","[""legal""]",New General Service List,1.2,https://www.newgeneralservicelist.com/new-general-service-list,CC BY-SA 4.0
980,proposal,980,"[""ngsl-core""]","[""proposal""]",New General Service List,1.2,https://www.newgeneralservicelist.com/new-general-service-list,CC BY-SA 4.0
981,version,981,"[""ngsl-core""]","[""version""]",New General Service List,1.2,https://www.newgeneralservicelist.com/new-general-service-list,CC BY-SA 4.0
982,conversation,982,"[""ngsl-core""]","[""conversation""]",New General Service List,1.2,https://www.newgeneralservicelist.com/new-general-service-list,CC BY-SA 4.0
983,somebody,983,"[""ngsl-core""]","[""somebody""]",New General Service List,1.2,https://www.newgeneralservicelist.com/new-general-service-list,CC BY-SA 4.0
984,pound,984,"[""ngsl-core""]","[""pound""]",New General Service List,1.2,https://www.newgeneralservicelist.com/new-general-service-list,CC BY-SA 4.0
985,magazine,985,"[""ngsl-core""]","[""magazine""]",New General Service List,1.2,https://www.newgeneralservicelist.com/new-general-service-list,CC BY-SA 4.0
986,shape,986,"[""ngsl-core""]","[""shape""]",New General Service List,1.2,https://www.newgeneralservicelist.com/new-general-service-list,CC BY-SA 4.0
987,sea,987,"[""ngsl-core""]","[""sea""]",New General Service List,1.2,https://www.newgeneralservicelist.com/new-general-service-list,CC BY-SA 4.0
988,immediately,988,"[""ngsl-core""]","[""immediately""]",New General Service List,1.2,https://www.newgeneralservicelist.com/new-general-service-list,CC BY-SA 4.0
989,welcome,989,"[""ngsl-core""]","[""welcome""]",New General Service List,1.2,https://www.newgeneralservicelist.com/new-general-service-list,CC BY-SA 4.0
990,smile,990,"[""ngsl-core""]","[""smile""]",New General Service List,1.2,https://www.newgeneralservicelist.com/new-general-service-list,CC BY-SA 4.0
991,communication,991,"[""ngsl-core""]","[""communication""]",New General Service List,1.2,https://www.newgeneralservicelist.com/new-general-service-list,CC BY-SA 4.0
992,agent,992,"[""ngsl-core""]","[""agent""]",New General Service List,1.2,https://www.newgeneralservicelist.com/new-general-service-list,CC BY-SA 4.0
993,traditional,993,"[""ngsl-core""]","[""traditional""]",New General Service List,1.2,https://www.newgeneralservicelist.com/new-general-service-list,CC BY-SA 4.0
994,replace,994,"[""ngsl-core""]","[""replace""]",New General Service List,1.2,https://www.newgeneralservicelist.com/new-general-service-list,CC BY-SA 4.0
995,judge,995,"[""ngsl-core""]","[""judge""]",New General Service List,1.2,https://www.newgeneralservicelist.com/new-general-service-list,CC BY-SA 4.0
996,herself,996,"[""ngsl-core""]","[""herself""]",New General Service List,1.2,https://www.newgeneralservicelist.com/new-general-service-list,CC BY-SA 4.0
997,suddenly,997,"[""ngsl-core""]","[""suddenly""]",New General Service List,1.2,https://www.newgeneralservicelist.com/new-general-service-list,CC BY-SA 4.0
998,generation,998,"[""ngsl-core""]","[""generation""]",New General Service List,1.2,https://www.newgeneralservicelist.com/new-general-service-list,CC BY-SA 4.0
999,estimate,999,"[""ngsl-core""]","[""estimate""]",New General Service List,1.2,https://www.newgeneralservicelist.com/new-general-service-list,CC BY-SA 4.0
1000,favorite,1000,"[""ngsl-core""]","[""favorite""]",New General Service List,1.2,https://www.newgeneralservicelist.com/new-general-service-list,CC BY-SA 4.0
1001,difficulty,1001,"[""ngsl-core""]","[""difficulty""]",New General Service List,1.2,https://www.newgeneralservicelist.com/new-general-service-list,CC BY-SA 4.0
1002,purchase,1002,"[""ngsl-core""]","[""purchase""]",New General Service List,1.2,https://www.newgeneralservicelist.com/new-general-service-list,CC BY-SA 4.0
1003,shoot,1003,"[""ngsl-core""]","[""shoot""]",New General Service List,1.2,https://www.newgeneralservicelist.com/new-general-service-list,CC BY-SA 4.0
1004,announce,1004,"[""ngsl-core""]","[""announce""]",New General Service List,1.2,https://www.newgeneralservicelist.com/new-general-service-list,CC BY-SA 4.0
1005,unless,1005,"[""ngsl-core""]","[""unless""]",New General Service List,1.2,https://www.newgeneralservicelist.com/new-general-service-list,CC BY-SA 4.0
1006,independent,1006,"[""ngsl-core""]","[""independent""]",New General Service List,1.2,https://www.newgeneralservicelist.com/new-general-service-list,CC BY-SA 4.0
1007,recommend,1007,"[""ngsl-core""]","[""recommend""]",New General Service List,1.2,https://www.newgeneralservicelist.com/new-general-service-list,CC BY-SA 4.0
1008,survey,1008,"[""ngsl-core""]","[""survey""]",New General Service List,1.2,https://www.newgeneralservicelist.com/new-general-service-list,CC BY-SA 4.0
1009,majority,1009,"[""ngsl-core""]","[""majority""]",New General Service List,1.2,https://www.newgeneralservicelist.com/new-general-service-list,CC BY-SA 4.0
1010,stick,1010,"[""ngsl-core""]","[""stick""]",New General Service List,1.2,https://www.newgeneralservicelist.com/new-general-service-list,CC BY-SA 4.0
1011,request,1011,"[""ngsl-core""]","[""request""]",New General Service List,1.2,https://www.newgeneralservicelist.com/new-general-service-list,CC BY-SA 4.0
1012,rich,1012,"[""ngsl-core""]","[""rich""]",New General Service List,1.2,https://www.newgeneralservicelist.com/new-general-service-list,CC BY-SA 4.0
1013,wind,1013,"[""ngsl-core""]","[""wind""]",New General Service List,1.2,https://www.newgeneralservicelist.com/new-general-service-list,CC BY-SA 4.0
1014,none,1014,"[""ngsl-core""]","[""none""]",New General Service List,1.2,https://www.newgeneralservicelist.com/new-general-service-list,CC BY-SA 4.0
1015,exchange,1015,"[""ngsl-core""]","[""exchange""]",New General Service List,1.2,https://www.newgeneralservicelist.com/new-general-service-list,CC BY-SA 4.0
1016,budget,1016,"[""ngsl-core""]","[""budget""]",New General Service List,1.2,https://www.newgeneralservicelist.com/new-general-service-list,CC BY-SA 4.0
1017,famous,1017,"[""ngsl-core""]","[""famous""]",New General Service List,1.2,https://www.newgeneralservicelist.com/new-general-service-list,CC BY-SA 4.0
1018,blood,1018,"[""ngsl-core""]","[""blood""]",New General Service List,1.2,https://www.newgeneralservicelist.com/new-general-service-list,CC BY-SA 4.0
1019,appropriate,1019,"[""ngsl-core""]","[""appropriate""]",New General Service List,1.2,https://www.newgeneralservicelist.com/new-general-service-list,CC BY-SA 4.0
1020,block,1020,"[""ngsl-core""]","[""block""]",New General Service List,1.2,https://www.newgeneralservicelist.com/new-general-service-list,CC BY-SA 4.0
1021,warm,1021,"[""ngsl-core""]","[""warm""]",New General Service List,1.2,https://www.newgeneralservicelist.com/new-general-service-list,CC BY-SA 4.0
1022,count,1022,"[""ngsl-core""]","[""count""]",New General Service List,1.2,https://www.newgeneralservicelist.com/new-general-service-list,CC BY-SA 4.0
1023,scene,1023,"[""ngsl-core""]","[""scene""]",New General Service List,1.2,https://www.newgeneralservicelist.com/new-general-service-list,CC BY-SA 4.0
1024,writer,1024,"[""ngsl-core""]","[""writer""]",New General Service List,1.2,https://www.newgeneralservicelist.com/new-general-service-list,CC BY-SA 4.0
1025,content,1025,"[""ngsl-core""]","[""content""]",New General Service List,1.2,https://www.newgeneralservicelist.com/new-general-service-list,CC BY-SA 4.0
1026,prevent,1026,"[""ngsl-core""]","[""prevent""]",New General Service List,1.2,https://www.newgeneralservicelist.com/new-general-service-list,CC BY-SA 4.0
1027,safe,1027,"[""ngsl-core""]","[""safe""]",New General Service List,1.2,https://www.newgeneralservicelist.com/new-general-service-list,CC BY-SA 4.0
1028,invite,1028,"[""ngsl-core""]","[""invite""]",New General Service List,1.2,https://www.newgeneralservicelist.com/new-general-service-list,CC BY-SA 4.0
1029,mix,1029,"[""ngsl-core""]","[""mix""]",New General Service List,1.2,https://www.newgeneralservicelist.com/new-general-service-list,CC BY-SA 4.0
1030,element,1030,"[""ngsl-core""]","[""element""]",New General Service List,1.2,https://www.newgeneralservicelist.com/new-general-service-list,CC BY-SA 4.0
1031,effective,1031,"[""ngsl-core""]","[""effective""]",New General Service List,1.2,https://www.newgeneralservicelist.com/new-general-service-list,CC BY-SA 4.0
1032,correct,1032,"[""ngsl-core""]","[""correct""]",New General Service List,1.2,https://www.newgeneralservicelist.com/new-general-service-list,CC BY-SA 4.0
1033,medical,1033,"[""ngsl-core""]","[""medical""]",New General Service List,1.2,https://www.newgeneralservicelist.com/new-general-service-list,CC BY-SA 4.0
1034,admit,1034,"[""ngsl-core""]","[""admit""]",New General Service List,1.2,https://www.newgeneralservicelist.com/new-general-service-list,CC BY-SA 4.0
1035,beat,1035,"[""ngsl-core""]","[""beat""]",New General Service List,1.2,https://www.newgeneralservicelist.com/new-general-service-list,CC BY-SA 4.0
1036,telephone,1036,"[""ngsl-core""]","[""telephone""]",New General Service List,1.2,https://www.newgeneralservicelist.com/new-general-service-list,CC BY-SA 4.0
1037,copy,1037,"[""ngsl-core""]","[""copy""]",New General Service List,1.2,https://www.newgeneralservicelist.com/new-general-service-list,CC BY-SA 4.0
1038,committee,1038,"[""ngsl-core""]","[""committee""]",New General Service List,1.2,https://www.newgeneralservicelist.com/new-general-service-list,CC BY-SA 4.0
1039,aware,1039,"[""ngsl-core""]","[""aware""]",New General Service List,1.2,https://www.newgeneralservicelist.com/new-general-service-list,CC BY-SA 4.0
1040,advice,1040,"[""ngsl-core""]","[""advice""]",New General Service List,1.2,https://www.newgeneralservicelist.com/new-general-service-list,CC BY-SA 4.0
1041,handle,1041,"[""ngsl-core""]","[""handle""]",New General Service List,1.2,https://www.newgeneralservicelist.com/new-general-service-list,CC BY-SA 4.0
1042,glass,1042,"[""ngsl-core""]","[""glass""]",New General Service List,1.2,https://www.newgeneralservicelist.com/new-general-service-list,CC BY-SA 4.0
1043,trial,1043,"[""ngsl-core""]","[""trial""]",New General Service List,1.2,https://www.newgeneralservicelist.com/new-general-service-list,CC BY-SA 4.0
1044,stress,1044,"[""ngsl-core""]","[""stress""]",New General Service List,1.2,https://www.newgeneralservicelist.com/new-general-service-list,CC BY-SA 4.0
1045,radio,1045,"[""ngsl-core""]","[""radio""]",New General Service List,1.2,https://www.newgeneralservicelist.com/new-general-service-list,CC BY-SA 4.0
1046,administration,1046,"[""ngsl-core""]","[""administration""]",New General Service List,1.2,https://www.newgeneralservicelist.com/new-general-service-list,CC BY-SA 4.0
1047,complex,1047,"[""ngsl-core""]","[""complex""]",New General Service List,1.2,https://www.newgeneralservicelist.com/new-general-service-list,CC BY-SA 4.0
1048,text,1048,"[""ngsl-core""]","[""text""]",New General Service List,1.2,https://www.newgeneralservicelist.com/new-general-service-list,CC BY-SA 4.0
1049,context,1049,"[""ngsl-core""]","[""context""]",New General Service List,1.2,https://www.newgeneralservicelist.com/new-general-service-list,CC BY-SA 4.0
1050,ride,1050,"[""ngsl-core""]","[""ride""]",New General Service List,1.2,https://www.newgeneralservicelist.com/new-general-service-list,CC BY-SA 4.0
1051,directly,1051,"[""ngsl-core""]","[""directly""]",New General Service List,1.2,https://www.newgeneralservicelist.com/new-general-service-list,CC BY-SA 4.0
1052,heavy,1052,"[""ngsl-core""]","[""heavy""]",New General Service List,1.2,https://www.newgeneralservicelist.com/new-general-service-list,CC BY-SA 4.0
1053,remove,1053,"[""ngsl-core""]","[""remove""]",New General Service List,1.2,https://www.newgeneralservicelist.com/new-general-service-list,CC BY-SA 4.0
1054,conduct,1054,"[""ngsl-core""]","[""conduct""]",New General Service List,1.2,https://www.newgeneralservicelist.com/new-general-service-list,CC BY-SA 4.0
1055,equipment,1055,"[""ngsl-core""]","[""equipment""]",New General Service List,1.2,https://www.newgeneralservicelist.com/new-general-service-list,CC BY-SA 4.0
1056,otherwise,1056,"[""ngsl-core""]","[""otherwise""]",New General Service List,1.2,https://www.newgeneralservicelist.com/new-general-service-list,CC BY-SA 4.0
1057,title,1057,"[""ngsl-core""]","[""title""]",New General Service List,1.2,https://www.newgeneralservicelist.com/new-general-service-list,CC BY-SA 4.0
1058,extra,1058,"[""ngsl-core""]","[""extra""]",New General Service List,1.2,https://www.newgeneralservicelist.com/new-general-service-list,CC BY-SA 4.0
1059,executive,1059,"[""ngsl-core""]","[""executive""]",New General Service List,1.2,https://www.newgeneralservicelist.com/new-general-service-list,CC BY-SA 4.0
1060,chair,1060,"[""ngsl-core""]","[""chair""]",New General Service List,1.2,https://www.newgeneralservicelist.com/new-general-service-list,CC BY-SA 4.0
1061,expensive,1061,"[""ngsl-core""]","[""expensive""]",New General Service List,1.2,https://www.newgeneralservicelist.com/new-general-service-list,CC BY-SA 4.0
1062,sample,1062,"[""ngsl-core""]","[""sample""]",New General Service List,1.2,https://www.newgeneralservicelist.com/new-general-service-list,CC BY-SA 4.0
1063,sex,1063,"[""ngsl-core""]","[""sex""]",New General Service List,1.2,https://www.newgeneralservicelist.com/new-general-service-list,CC BY-SA 4.0
1064,deliver,1064,"[""ngsl-core""]","[""deliver""]",New General Service List,1.2,https://www.newgeneralservicelist.com/new-general-service-list,CC BY-SA 4.0
1065,video,1065,"[""ngsl-core""]","[""video""]",New General Service List,1.2,https://www.newgeneralservicelist.com/new-general-service-list,CC BY-SA 4.0
1066,connection,1066,"[""ngsl-core""]","[""connection""]",New General Service List,1.2,https://www.newgeneralservicelist.com/new-general-service-list,CC BY-SA 4.0
1067,primary,1067,"[""ngsl-core""]","[""primary""]",New General Service List,1.2,https://www.newgeneralservicelist.com/new-general-service-list,CC BY-SA 4.0
1068,weather,1068,"[""ngsl-core""]","[""weather""]",New General Service List,1.2,https://www.newgeneralservicelist.com/new-general-service-list,CC BY-SA 4.0
1069,collect,1069,"[""ngsl-core""]","[""collect""]",New General Service List,1.2,https://www.newgeneralservicelist.com/new-general-service-list,CC BY-SA 4.0
1070,inform,1070,"[""ngsl-core""]","[""inform""]",New General Service List,1.2,https://www.newgeneralservicelist.com/new-general-service-list,CC BY-SA 4.0
1071,principle,1071,"[""ngsl-core""]","[""principle""]",New General Service List,1.2,https://www.newgeneralservicelist.com/new-general-service-list,CC BY-SA 4.0
1072,straight,1072,"[""ngsl-core""]","[""straight""]",New General Service List,1.2,https://www.newgeneralservicelist.com/new-general-service-list,CC BY-SA 4.0
1073,appeal,1073,"[""ngsl-core""]","[""appeal""]",New General Service List,1.2,https://www.newgeneralservicelist.com/new-general-service-list,CC BY-SA 4.0
1074,highly,1074,"[""ngsl-core""]","[""highly""]",New General Service List,1.2,https://www.newgeneralservicelist.com/new-general-service-list,CC BY-SA 4.0
1075,trust,1075,"[""ngsl-core""]","[""trust""]",New General Service List,1.2,https://www.newgeneralservicelist.com/new-general-service-list,CC BY-SA 4.0
1076,wonderful,1076,"[""ngsl-core""]","[""wonderful""]",New General Service List,1.2,https://www.newgeneralservicelist.com/new-general-service-list,CC BY-SA 4.0
1077,flat,1077,"[""ngsl-core""]","[""flat""]",New General Service List,1.2,https://www.newgeneralservicelist.com/new-general-service-list,CC BY-SA 4.0
1078,absolutely,1078,"[""ngsl-core""]","[""absolutely""]",New General Service List,1.2,https://www.newgeneralservicelist.com/new-general-service-list,CC BY-SA 4.0
1079,flow,1079,"[""ngsl-core""]","[""flow""]",New General Service List,1.2,https://www.newgeneralservicelist.com/new-general-service-list,CC BY-SA 4.0
1080,fair,1080,"[""ngsl-core""]","[""fair""]",New General Service List,1.2,https://www.newgeneralservicelist.com/new-general-service-list,CC BY-SA 4.0
1081,additional,1081,"[""ngsl-core""]","[""additional""]",New General Service List,1.2,https://www.newgeneralservicelist.com/new-general-service-list,CC BY-SA 4.0
1082,responsible,1082,"[""ngsl-core""]","[""responsible""]",New General Service List,1.2,https://www.newgeneralservicelist.com/new-general-service-list,CC BY-SA 4.0
1083,farm,1083,"[""ngsl-core""]","[""farm""]",New General Service List,1.2,https://www.newgeneralservicelist.com/new-general-service-list,CC BY-SA 4.0
1084,collection,1084,"[""ngsl-core""]","[""collection""]",New General Service List,1.2,https://www.newgeneralservicelist.com/new-general-service-list,CC BY-SA 4.0
1085,hang,1085,"[""ngsl-core""]","[""hang""]",New General Service List,1.2,https://www.newgeneralservicelist.com/new-general-service-list,CC BY-SA 4.0
1086,negative,1086,"[""ngsl-core""]","[""negative""]",New General Service List,1.2,https://www.newgeneralservicelist.com/new-general-service-list,CC BY-SA 4.0
1087,band,1087,"[""ngsl-core""]","[""band""]",New General Service List,1.2,https://www.newgeneralservicelist.com/new-general-service-list,CC BY-SA 4.0
1088,relative,1088,"[""ngsl-core""]","[""relative""]",New General Service List,1.2,https://www.newgeneralservicelist.com/new-general-service-list,CC BY-SA 4.0
1089,tour,1089,"[""ngsl-core""]","[""tour""]",New General Service List,1.2,https://www.newgeneralservicelist.com/new-general-service-list,CC BY-SA 4.0
1090,alternative,1090,"[""ngsl-core""]","[""alternative""]",New General Service List,1.2,https://www.newgeneralservicelist.com/new-general-service-list,CC BY-SA 4.0
1091,software,1091,"[""ngsl-core""]","[""software""]",New General Service List,1.2,https://www.newgeneralservicelist.com/new-general-service-list,CC BY-SA 4.0
1092,pair,1092,"[""ngsl-core""]","[""pair""]",New General Service List,1.2,https://www.newgeneralservicelist.com/new-general-service-list,CC BY-SA 4.0
1093,ship,1093,"[""ngsl-core""]","[""ship""]",New General Service List,1.2,https://www.newgeneralservicelist.com/new-general-service-list,CC BY-SA 4.0
1094,attitude,1094,"[""ngsl-core""]","[""attitude""]",New General Service List,1.2,https://www.newgeneralservicelist.com/new-general-service-list,CC BY-SA 4.0
1095,cheap,1095,"[""ngsl-core""]","[""cheap""]",New General Service List,1.2,https://www.newgeneralservicelist.com/new-general-service-list,CC BY-SA 4.0
1096,double,1096,"[""ngsl-core""]","[""double""]",New General Service List,1.2,https://www.newgeneralservicelist.com/new-general-service-list,CC BY-SA 4.0
1097,leg,1097,"[""ngsl-core""]","[""leg""]",New General Service List,1.2,https://www.newgeneralservicelist.com/new-general-service-list,CC BY-SA 4.0
1098,observe,1098,"[""ngsl-core""]","[""observe""]",New General Service List,1.2,https://www.newgeneralservicelist.com/new-general-service-list,CC BY-SA 4.0
1099,sentence,1099,"[""ngsl-core""]","[""sentence""]",New General Service List,1.2,https://www.newgeneralservicelist.com/new-general-service-list,CC BY-SA 4.0
1100,print,1100,"[""ngsl-core""]","[""print""]",New General Service List,1.2,https://www.newgeneralservicelist.com/new-general-service-list,CC BY-SA 4.0
1101,progress,1101,"[""ngsl-core""]","[""progress""]",New General Service List,1.2,https://www.newgeneralservicelist.com/new-general-service-list,CC BY-SA 4.0
1102,truth,1102,"[""ngsl-core""]","[""truth""]",New General Service List,1.2,https://www.newgeneralservicelist.com/new-general-service-list,CC BY-SA 4.0
1103,nobody,1103,"[""ngsl-core""]","[""nobody""]",New General Service List,1.2,https://www.newgeneralservicelist.com/new-general-service-list,CC BY-SA 4.0
1104,examine,1104,"[""ngsl-core""]","[""examine""]",New General Service List,1.2,https://www.newgeneralservicelist.com/new-general-service-list,CC BY-SA 4.0
1105,lay,1105,"[""ngsl-core""]","[""lay""]",New General Service List,1.2,https://www.newgeneralservicelist.com/new-general-service-list,CC BY-SA 4.0
1106,speed,1106,"[""ngsl-core""]","[""speed""]",New General Service List,1.2,https://www.newgeneralservicelist.com/new-general-service-list,CC BY-SA 4.0
1107,politics,1107,"[""ngsl-core""]","[""politics""]",New General Service List,1.2,https://www.newgeneralservicelist.com/new-general-service-list,CC BY-SA 4.0
1108,reply,1108,"[""ngsl-core""]","[""reply""]",New General Service List,1.2,https://www.newgeneralservicelist.com/new-general-service-list,CC BY-SA 4.0
1109,display,1109,"[""ngsl-core""]","[""display""]",New General Service List,1.2,https://www.newgeneralservicelist.com/new-general-service-list,CC BY-SA 4.0
1110,transfer,1110,"[""ngsl-core""]","[""transfer""]",New General Service List,1.2,https://www.newgeneralservicelist.com/new-general-service-list,CC BY-SA 4.0
1111,perfect,1111,"[""ngsl-core""]","[""perfect""]",New General Service List,1.2,https://www.newgeneralservicelist.com/new-general-service-list,CC BY-SA 4.0
1112,slightly,1112,"[""ngsl-core""]","[""slightly""]",New General Service List,1.2,https://www.newgeneralservicelist.com/new-general-service-list,CC BY-SA 4.0
1113,overall,1113,"[""ngsl-core""]","[""overall""]",New General Service List,1.2,https://www.newgeneralservicelist.com/new-general-service-list,CC BY-SA 4.0
1114,intend,1114,"[""ngsl-core""]","[""intend""]",New General Service List,1.2,https://www.newgeneralservicelist.com/new-general-service-list,CC BY-SA 4.0
1115,user,1115,"[""ngsl-core""]","[""user""]",New General Service List,1.2,https://www.newgeneralservicelist.com/new-general-service-list,CC BY-SA 4.0
1116,respond,1116,"[""ngsl-core""]","[""respond""]",New General Service List,1.2,https://www.newgeneralservicelist.com/new-general-service-list,CC BY-SA 4.0
1117,dinner,1117,"[""ngsl-core""]","[""dinner""]",New General Service List,1.2,https://www.newgeneralservicelist.com/new-general-service-list,CC BY-SA 4.0
1118,slow,1118,"[""ngsl-core""]","[""slow""]",New General Service List,1.2,https://www.newgeneralservicelist.com/new-general-service-list,CC BY-SA 4.0
1119,regular,1119,"[""ngsl-core""]","[""regular""]",New General Service List,1.2,https://www.newgeneralservicelist.com/new-general-service-list,CC BY-SA 4.0
1120,physical,1120,"[""ngsl-core""]","[""physical""]",New General Service List,1.2,https://www.newgeneralservicelist.com/new-general-service-list,CC BY-SA 4.0
1121,apart,1121,"[""ngsl-core""]","[""apart""]",New General Service List,1.2,https://www.newgeneralservicelist.com/new-general-service-list,CC BY-SA 4.0
1122,suit,1122,"[""ngsl-core""]","[""suit""]",New General Service List,1.2,https://www.newgeneralservicelist.com/new-general-service-list,CC BY-SA 4.0
1123,federal,1123,"[""ngsl-core""]","[""federal""]",New General Service List,1.2,https://www.newgeneralservicelist.com/new-general-service-list,CC BY-SA 4.0
1124,reveal,1124,"[""ngsl-core""]","[""reveal""]",New General Service List,1.2,https://www.newgeneralservicelist.com/new-general-service-list,CC BY-SA 4.0
1125,percentage,1125,"[""ngsl-core""]","[""percentage""]",New General Service List,1.2,https://www.newgeneralservicelist.com/new-general-service-list,CC BY-SA 4.0
1126,peace,1126,"[""ngsl-core""]","[""peace""]",New General Service List,1.2,https://www.newgeneralservicelist.com/new-general-service-list,CC BY-SA 4.0
1127,status,1127,"[""ngsl-core""]","[""status""]",New General Service List,1.2,https://www.newgeneralservicelist.com/new-general-service-list,CC BY-SA 4.0
1128,crime,1128,"[""ngsl-core""]","[""crime""]",New General Service List,1.2,https://www.newgeneralservicelist.com/new-general-service-list,CC BY-SA 4.0
1129,decline,1129,"[""ngsl-core""]","[""decline""]",New General Service List,1.2,https://www.newgeneralservicelist.com/new-general-service-list,CC BY-SA 4.0
1130,decade,1130,"[""ngsl-core""]","[""decade""]",New General Service List,1.2,https://www.newgeneralservicelist.com/new-general-service-list,CC BY-SA 4.0
1131,launch,1131,"[""ngsl-core""]","[""launch""]",New General Service List,1.2,https://www.newgeneralservicelist.com/new-general-service-list,CC BY-SA 4.0
1132,warn,1132,"[""ngsl-core""]","[""warn""]",New General Service List,1.2,https://www.newgeneralservicelist.com/new-general-service-list,CC BY-SA 4.0
1133,consumer,1133,"[""ngsl-core""]","[""consumer""]",New General Service List,1.2,https://www.newgeneralservicelist.com/new-general-service-list,CC BY-SA 4.0
1134,favor,1134,"[""ngsl-core""]","[""favor""]",New General Service List,1.2,https://www.newgeneralservicelist.com/new-general-service-list,CC BY-SA 4.0
1135,dry,1135,"[""ngsl-core""]","[""dry""]",New General Service List,1.2,https://www.newgeneralservicelist.com/new-general-service-list,CC BY-SA 4.0
1136,partner,1136,"[""ngsl-core""]","[""partner""]",New General Service List,1.2,https://www.newgeneralservicelist.com/new-general-service-list,CC BY-SA 4.0
1137,institution,1137,"[""ngsl-core""]","[""institution""]",New General Service List,1.2,https://www.newgeneralservicelist.com/new-general-service-list,CC BY-SA 4.0
1138,spot,1138,"[""ngsl-core""]","[""spot""]",New General Service List,1.2,https://www.newgeneralservicelist.com/new-general-service-list,CC BY-SA 4.0
1139,horse,1139,"[""ngsl-core""]","[""horse""]",New General Service List,1.2,https://www.newgeneralservicelist.com/new-general-service-list,CC BY-SA 4.0
1140,eventually,1140,"[""ngsl-core""]","[""eventually""]",New General Service List,1.2,https://www.newgeneralservicelist.com/new-general-service-list,CC BY-SA 4.0
1141,heat,1141,"[""ngsl-core""]","[""heat""]",New General Service List,1.2,https://www.newgeneralservicelist.com/new-general-service-list,CC BY-SA 4.0
1142,excite,1142,"[""ngsl-core""]","[""excite""]",New General Service List,1.2,https://www.newgeneralservicelist.com/new-general-service-list,CC BY-SA 4.0
1143,reader,1143,"[""ngsl-core""]","[""reader""]",New General Service List,1.2,https://www.newgeneralservicelist.com/new-general-service-list,CC BY-SA 4.0
1144,importance,1144,"[""ngsl-core""]","[""importance""]",New General Service List,1.2,https://www.newgeneralservicelist.com/new-general-service-list,CC BY-SA 4.0
1145,distance,1145,"[""ngsl-core""]","[""distance""]",New General Service List,1.2,https://www.newgeneralservicelist.com/new-general-service-list,CC BY-SA 4.0
1146,guide,1146,"[""ngsl-core""]","[""guide""]",New General Service List,1.2,https://www.newgeneralservicelist.com/new-general-service-list,CC BY-SA 4.0
1147,grant,1147,"[""ngsl-core""]","[""grant""]",New General Service List,1.2,https://www.newgeneralservicelist.com/new-general-service-list,CC BY-SA 4.0
1148,taxi,1148,"[""ngsl-core""]","[""taxi""]",New General Service List,1.2,https://www.newgeneralservicelist.com/new-general-service-list,CC BY-SA 4.0
1149,feed,1149,"[""ngsl-core""]","[""feed""]",New General Service List,1.2,https://www.newgeneralservicelist.com/new-general-service-list,CC BY-SA 4.0
1150,pain,1150,"[""ngsl-core""]","[""pain""]",New General Service List,1.2,https://www.newgeneralservicelist.com/new-general-service-list,CC BY-SA 4.0
1151,sector,1151,"[""ngsl-core""]","[""sector""]",New General Service List,1.2,https://www.newgeneralservicelist.com/new-general-service-list,CC BY-SA 4.0
1152,mistake,1152,"[""ngsl-core""]","[""mistake""]",New General Service List,1.2,https://www.newgeneralservicelist.com/new-general-service-list,CC BY-SA 4.0
1153,ensure,1153,"[""ngsl-core""]","[""ensure""]",New General Service List,1.2,https://www.newgeneralservicelist.com/new-general-service-list,CC BY-SA 4.0
1154,satisfy,1154,"[""ngsl-core""]","[""satisfy""]",New General Service List,1.2,https://www.newgeneralservicelist.com/new-general-service-list,CC BY-SA 4.0
1155,chief,1155,"[""ngsl-core""]","[""chief""]",New General Service List,1.2,https://www.newgeneralservicelist.com/new-general-service-list,CC BY-SA 4.0
1156,cool,1156,"[""ngsl-core""]","[""cool""]",New General Service List,1.2,https://www.newgeneralservicelist.com/new-general-service-list,CC BY-SA 4.0
1157,expert,1157,"[""ngsl-core""]","[""expert""]",New General Service List,1.2,https://www.newgeneralservicelist.com/new-general-service-list,CC BY-SA 4.0
1158,wave,1158,"[""ngsl-core""]","[""wave""]",New General Service List,1.2,https://www.newgeneralservicelist.com/new-general-service-list,CC BY-SA 4.0
1159,south,1159,"[""ngsl-core""]","[""south""]",New General Service List,1.2,https://www.newgeneralservicelist.com/new-general-service-list,CC BY-SA 4.0
1160,labor,1160,"[""ngsl-core""]","[""labor""]",New General Service List,1.2,https://www.newgeneralservicelist.com/new-general-service-list,CC BY-SA 4.0
1161,surface,1161,"[""ngsl-core""]","[""surface""]",New General Service List,1.2,https://www.newgeneralservicelist.com/new-general-service-list,CC BY-SA 4.0
1162,library,1162,"[""ngsl-core""]","[""library""]",New General Service List,1.2,https://www.newgeneralservicelist.com/new-general-service-list,CC BY-SA 4.0
1163,excellent,1163,"[""ngsl-core""]","[""excellent""]",New General Service List,1.2,https://www.newgeneralservicelist.com/new-general-service-list,CC BY-SA 4.0
1164,edge,1164,"[""ngsl-core""]","[""edge""]",New General Service List,1.2,https://www.newgeneralservicelist.com/new-general-service-list,CC BY-SA 4.0
1165,camp,1165,"[""ngsl-core""]","[""camp""]",New General Service List,1.2,https://www.newgeneralservicelist.com/new-general-service-list,CC BY-SA 4.0
1166,audience,1166,"[""ngsl-core""]","[""audience""]",New General Service List,1.2,https://www.newgeneralservicelist.com/new-general-service-list,CC BY-SA 4.0
1167,lift,1167,"[""ngsl-core""]","[""lift""]",New General Service List,1.2,https://www.newgeneralservicelist.com/new-general-service-list,CC BY-SA 4.0
1168,procedure,1168,"[""ngsl-core""]","[""procedure""]",New General Service List,1.2,https://www.newgeneralservicelist.com/new-general-service-list,CC BY-SA 4.0
1169,email,1169,"[""ngsl-core""]","[""email""]",New General Service List,1.2,https://www.newgeneralservicelist.com/new-general-service-list,CC BY-SA 4.0
1170,global,1170,"[""ngsl-core""]","[""global""]",New General Service List,1.2,https://www.newgeneralservicelist.com/new-general-service-list,CC BY-SA 4.0
1171,struggle,1171,"[""ngsl-core""]","[""struggle""]",New General Service List,1.2,https://www.newgeneralservicelist.com/new-general-service-list,CC BY-SA 4.0
1172,advertise,1172,"[""ngsl-core""]","[""advertise""]",New General Service List,1.2,https://www.newgeneralservicelist.com/new-general-service-list,CC BY-SA 4.0
1173,select,1173,"[""ngsl-core""]","[""select""]",New General Service List,1.2,https://www.newgeneralservicelist.com/new-general-service-list,CC BY-SA 4.0
1174,surround,1174,"[""ngsl-core""]","[""surround""]",New General Service List,1.2,https://www.newgeneralservicelist.com/new-general-service-list,CC BY-SA 4.0
1175,extent,1175,"[""ngsl-core""]","[""extent""]",New General Service List,1.2,https://www.newgeneralservicelist.com/new-general-service-list,CC BY-SA 4.0
1176,river,1176,"[""ngsl-core""]","[""river""]",New General Service List,1.2,https://www.newgeneralservicelist.com/new-general-service-list,CC BY-SA 4.0
1177,annual,1177,"[""ngsl-core""]","[""annual""]",New General Service List,1.2,https://www.newgeneralservicelist.com/new-general-service-list,CC BY-SA 4.0
1178,fully,1178,"[""ngsl-core""]","[""fully""]",New General Service List,1.2,https://www.newgeneralservicelist.com/new-general-service-list,CC BY-SA 4.0
1179,contrast,1179,"[""ngsl-core""]","[""contrast""]",New General Service List,1.2,https://www.newgeneralservicelist.com/new-general-service-list,CC BY-SA 4.0
1180,roll,1180,"[""ngsl-core""]","[""roll""]",New General Service List,1.2,https://www.newgeneralservicelist.com/new-general-service-list,CC BY-SA 4.0
1181,reality,1181,"[""ngsl-core""]","[""reality""]",New General Service List,1.2,https://www.newgeneralservicelist.com/new-general-service-list,CC BY-SA 4.0
1182,photograph,1182,"[""ngsl-core""]","[""photograph""]",New General Service List,1.2,https://www.newgeneralservicelist.com/new-general-service-list,CC BY-SA 4.0
1183,artist,1183,"[""ngsl-core""]","[""artist""]",New General Service List,1.2,https://www.newgeneralservicelist.com/new-general-service-list,CC BY-SA 4.0
1184,conflict,1184,"[""ngsl-core""]","[""conflict""]",New General Service List,1.2,https://www.newgeneralservicelist.com/new-general-service-list,CC BY-SA 4.0
1185,entire,1185,"[""ngsl-core""]","[""entire""]",New General Service List,1.2,https://www.newgeneralservicelist.com/new-general-service-list,CC BY-SA 4.0
1186,presence,1186,"[""ngsl-core""]","[""presence""]",New General Service List,1.2,https://www.newgeneralservicelist.com/new-general-service-list,CC BY-SA 4.0
1187,crowd,1187,"[""ngsl-core""]","[""crowd""]",New General Service List,1.2,https://www.newgeneralservicelist.com/new-general-service-list,CC BY-SA 4.0
1188,corner,1188,"[""ngsl-core""]","[""corner""]",New General Service List,1.2,https://www.newgeneralservicelist.com/new-general-service-list,CC BY-SA 4.0
1189,gas,1189,"[""ngsl-core""]","[""gas""]",New General Service List,1.2,https://www.newgeneralservicelist.com/new-general-service-list,CC BY-SA 4.0
1190,shift,1190,"[""ngsl-core""]","[""shift""]",New General Service List,1.2,https://www.newgeneralservicelist.com/new-general-service-list,CC BY-SA 4.0
1191,net,1191,"[""ngsl-core""]","[""net""]",New General Service List,1.2,https://www.newgeneralservicelist.com/new-general-service-list,CC BY-SA 4.0
1192,category,1192,"[""ngsl-core""]","[""category""]",New General Service List,1.2,https://www.newgeneralservicelist.com/new-general-service-list,CC BY-SA 4.0
1193,secretary,1193,"[""ngsl-core""]","[""secretary""]",New General Service List,1.2,https://www.newgeneralservicelist.com/new-general-service-list,CC BY-SA 4.0
1194,defense,1194,"[""ngsl-core""]","[""defense""]",New General Service List,1.2,https://www.newgeneralservicelist.com/new-general-service-list,CC BY-SA 4.0
1195,quick,1195,"[""ngsl-core""]","[""quick""]",New General Service List,1.2,https://www.newgeneralservicelist.com/new-general-service-list,CC BY-SA 4.0
1196,cook,1196,"[""ngsl-core""]","[""cook""]",New General Service List,1.2,https://www.newgeneralservicelist.com/new-general-service-list,CC BY-SA 4.0
1197,spread,1197,"[""ngsl-core""]","[""spread""]",New General Service List,1.2,https://www.newgeneralservicelist.com/new-general-service-list,CC BY-SA 4.0
1198,nuclear,1198,"[""ngsl-core""]","[""nuclear""]",New General Service List,1.2,https://www.newgeneralservicelist.com/new-general-service-list,CC BY-SA 4.0
1199,scale,1199,"[""ngsl-core""]","[""scale""]",New General Service List,1.2,https://www.newgeneralservicelist.com/new-general-service-list,CC BY-SA 4.0
1200,driver,1200,"[""ngsl-core""]","[""driver""]",New General Service List,1.2,https://www.newgeneralservicelist.com/new-general-service-list,CC BY-SA 4.0
1201,ball,1201,"[""ngsl-core""]","[""ball""]",New General Service List,1.2,https://www.newgeneralservicelist.com/new-general-service-list,CC BY-SA 4.0
1202,cry,1202,"[""ngsl-core""]","[""cry""]",New General Service List,1.2,https://www.newgeneralservicelist.com/new-general-service-list,CC BY-SA 4.0
1203,introduction,1203,"[""ngsl-core""]","[""introduction""]",New General Service List,1.2,https://www.newgeneralservicelist.com/new-general-service-list,CC BY-SA 4.0
1204,requirement,1204,"[""ngsl-core""]","[""requirement""]",New General Service List,1.2,https://www.newgeneralservicelist.com/new-general-service-list,CC BY-SA 4.0
1205,north,1205,"[""ngsl-core""]","[""north""]",New General Service List,1.2,https://www.newgeneralservicelist.com/new-general-service-list,CC BY-SA 4.0
1206,confirm,1206,"[""ngsl-core""]","[""confirm""]",New General Service List,1.2,https://www.newgeneralservicelist.com/new-general-service-list,CC BY-SA 4.0
1207,senior,1207,"[""ngsl-core""]","[""senior""]",New General Service List,1.2,https://www.newgeneralservicelist.com/new-general-service-list,CC BY-SA 4.0
1208,photo,1208,"[""ngsl-core""]","[""photo""]",New General Service List,1.2,https://www.newgeneralservicelist.com/new-general-service-list,CC BY-SA 4.0
1209,refuse,1209,"[""ngsl-core""]","[""refuse""]",New General Service List,1.2,https://www.newgeneralservicelist.com/new-general-service-list,CC BY-SA 4.0
1210,transport,1210,"[""ngsl-core""]","[""transport""]",New General Service List,1.2,https://www.newgeneralservicelist.com/new-general-service-list,CC BY-SA 4.0
1211,emerge,1211,"[""ngsl-core""]","[""emerge""]",New General Service List,1.2,https://www.newgeneralservicelist.com/new-general-service-list,CC BY-SA 4.0
1212,map,1212,"[""ngsl-core""]","[""map""]",New General Service List,1.2,https://www.newgeneralservicelist.com/new-general-service-list,CC BY-SA 4.0
1213,concept,1213,"[""ngsl-core""]","[""concept""]",New General Service List,1.2,https://www.newgeneralservicelist.com/new-general-service-list,CC BY-SA 4.0
1214,island,1214,"[""ngsl-core""]","[""island""]",New General Service List,1.2,https://www.newgeneralservicelist.com/new-general-service-list,CC BY-SA 4.0
1215,reform,1215,"[""ngsl-core""]","[""reform""]",New General Service List,1.2,https://www.newgeneralservicelist.com/new-general-service-list,CC BY-SA 4.0
1216,neither,1216,"[""ngsl-core""]","[""neither""]",New General Service List,1.2,https://www.newgeneralservicelist.com/new-general-service-list,CC BY-SA 4.0
1217,football,1217,"[""ngsl-core""]","[""football""]",New General Service List,1.2,https://www.newgeneralservicelist.com/new-general-service-list,CC BY-SA 4.0
1218,survive,1218,"[""ngsl-core""]","[""survive""]",New General Service List,1.2,https://www.newgeneralservicelist.com/new-general-service-list,CC BY-SA 4.0
1219,flight,1219,"[""ngsl-core""]","[""flight""]",New General Service List,1.2,https://www.newgeneralservicelist.com/new-general-service-list,CC BY-SA 4.0
1220,left,1220,"[""ngsl-core""]","[""left""]",New General Service List,1.2,https://www.newgeneralservicelist.com/new-general-service-list,CC BY-SA 4.0
1221,solve,1221,"[""ngsl-core""]","[""solve""]",New General Service List,1.2,https://www.newgeneralservicelist.com/new-general-service-list,CC BY-SA 4.0
1222,neighbor,1222,"[""ngsl-core""]","[""neighbor""]",New General Service List,1.2,https://www.newgeneralservicelist.com/new-general-service-list,CC BY-SA 4.0
1223,background,1223,"[""ngsl-core""]","[""background""]",New General Service List,1.2,https://www.newgeneralservicelist.com/new-general-service-list,CC BY-SA 4.0
1224,technique,1224,"[""ngsl-core""]","[""technique""]",New General Service List,1.2,https://www.newgeneralservicelist.com/new-general-service-list,CC BY-SA 4.0
1225,traffic,1225,"[""ngsl-core""]","[""traffic""]",New General Service List,1.2,https://www.newgeneralservicelist.com/new-general-service-list,CC BY-SA 4.0
1226,improvement,1226,"[""ngsl-core""]","[""improvement""]",New General Service List,1.2,https://www.newgeneralservicelist.com/new-general-service-list,CC BY-SA 4.0
1227,tool,1227,"[""ngsl-core""]","[""tool""]",New General Service List,1.2,https://www.newgeneralservicelist.com/new-general-service-list,CC BY-SA 4.0
1228,consequence,1228,"[""ngsl-core""]","[""consequence""]",New General Service List,1.2,https://www.newgeneralservicelist.com/new-general-service-list,CC BY-SA 4.0
1229,circumstance,1229,"[""ngsl-core""]","[""circumstance""]",New General Service List,1.2,https://www.newgeneralservicelist.com/new-general-service-list,CC BY-SA 4.0
1230,smoke,1230,"[""ngsl-core""]","[""smoke""]",New General Service List,1.2,https://www.newgeneralservicelist.com/new-general-service-list,CC BY-SA 4.0
1231,reaction,1231,"[""ngsl-core""]","[""reaction""]",New General Service List,1.2,https://www.newgeneralservicelist.com/new-general-service-list,CC BY-SA 4.0
1232,rain,1232,"[""ngsl-core""]","[""rain""]",New General Service List,1.2,https://www.newgeneralservicelist.com/new-general-service-list,CC BY-SA 4.0
1233,busy,1233,"[""ngsl-core""]","[""busy""]",New General Service List,1.2,https://www.newgeneralservicelist.com/new-general-service-list,CC BY-SA 4.0
1234,lesson,1234,"[""ngsl-core""]","[""lesson""]",New General Service List,1.2,https://www.newgeneralservicelist.com/new-general-service-list,CC BY-SA 4.0
1235,brain,1235,"[""ngsl-core""]","[""brain""]",New General Service List,1.2,https://www.newgeneralservicelist.com/new-general-service-list,CC BY-SA 4.0
1236,mass,1236,"[""ngsl-core""]","[""mass""]",New General Service List,1.2,https://www.newgeneralservicelist.com/new-general-service-list,CC BY-SA 4.0
1237,funny,1237,"[""ngsl-core""]","[""funny""]",New General Service List,1.2,https://www.newgeneralservicelist.com/new-general-service-list,CC BY-SA 4.0
1238,contribute,1238,"[""ngsl-core""]","[""contribute""]",New General Service List,1.2,https://www.newgeneralservicelist.com/new-general-service-list,CC BY-SA 4.0
1239,failure,1239,"[""ngsl-core""]","[""failure""]",New General Service List,1.2,https://www.newgeneralservicelist.com/new-general-service-list,CC BY-SA 4.0
1240,schedule,1240,"[""ngsl-core""]","[""schedule""]",New General Service List,1.2,https://www.newgeneralservicelist.com/new-general-service-list,CC BY-SA 4.0
1241,speaker,1241,"[""ngsl-core""]","[""speaker""]",New General Service List,1.2,https://www.newgeneralservicelist.com/new-general-service-list,CC BY-SA 4.0
1242,bottom,1242,"[""ngsl-core""]","[""bottom""]",New General Service List,1.2,https://www.newgeneralservicelist.com/new-general-service-list,CC BY-SA 4.0
1243,adopt,1243,"[""ngsl-core""]","[""adopt""]",New General Service List,1.2,https://www.newgeneralservicelist.com/new-general-service-list,CC BY-SA 4.0
1244,combine,1244,"[""ngsl-core""]","[""combine""]",New General Service List,1.2,https://www.newgeneralservicelist.com/new-general-service-list,CC BY-SA 4.0
1245,mountain,1245,"[""ngsl-core""]","[""mountain""]",New General Service List,1.2,https://www.newgeneralservicelist.com/new-general-service-list,CC BY-SA 4.0
1246,waste,1246,"[""ngsl-core""]","[""waste""]",New General Service List,1.2,https://www.newgeneralservicelist.com/new-general-service-list,CC BY-SA 4.0
1247,hide,1247,"[""ngsl-core""]","[""hide""]",New General Service List,1.2,https://www.newgeneralservicelist.com/new-general-service-list,CC BY-SA 4.0
1248,marriage,1248,"[""ngsl-core""]","[""marriage""]",New General Service List,1.2,https://www.newgeneralservicelist.com/new-general-service-list,CC BY-SA 4.0
1249,ticket,1249,"[""ngsl-core""]","[""ticket""]",New General Service List,1.2,https://www.newgeneralservicelist.com/new-general-service-list,CC BY-SA 4.0
1250,meal,1250,"[""ngsl-core""]","[""meal""]",New General Service List,1.2,https://www.newgeneralservicelist.com/new-general-service-list,CC BY-SA 4.0
1251,colleague,1251,"[""ngsl-core""]","[""colleague""]",New General Service List,1.2,https://www.newgeneralservicelist.com/new-general-service-list,CC BY-SA 4.0
1252,bag,1252,"[""ngsl-core""]","[""bag""]",New General Service List,1.2,https://www.newgeneralservicelist.com/new-general-service-list,CC BY-SA 4.0
1253,repeat,1253,"[""ngsl-core""]","[""repeat""]",New General Service List,1.2,https://www.newgeneralservicelist.com/new-general-service-list,CC BY-SA 4.0
1254,equal,1254,"[""ngsl-core""]","[""equal""]",New General Service List,1.2,https://www.newgeneralservicelist.com/new-general-service-list,CC BY-SA 4.0
1255,expression,1255,"[""ngsl-core""]","[""expression""]",New General Service List,1.2,https://www.newgeneralservicelist.com/new-general-service-list,CC BY-SA 4.0
1256,plus,1256,"[""ngsl-core""]","[""plus""]",New General Service List,1.2,https://www.newgeneralservicelist.com/new-general-service-list,CC BY-SA 4.0
1257,extremely,1257,"[""ngsl-core""]","[""extremely""]",New General Service List,1.2,https://www.newgeneralservicelist.com/new-general-service-list,CC BY-SA 4.0
1258,owner,1258,"[""ngsl-core""]","[""owner""]",New General Service List,1.2,https://www.newgeneralservicelist.com/new-general-service-list,CC BY-SA 4.0
1259,plane,1259,"[""ngsl-core""]","[""plane""]",New General Service List,1.2,https://www.newgeneralservicelist.com/new-general-service-list,CC BY-SA 4.0
1260,commercial,1260,"[""ngsl-core""]","[""commercial""]",New General Service List,1.2,https://www.newgeneralservicelist.com/new-general-service-list,CC BY-SA 4.0
1261,lady,1261,"[""ngsl-core""]","[""lady""]",New General Service List,1.2,https://www.newgeneralservicelist.com/new-general-service-list,CC BY-SA 4.0
1262,duty,1262,"[""ngsl-core""]","[""duty""]",New General Service List,1.2,https://www.newgeneralservicelist.com/new-general-service-list,CC BY-SA 4.0
1263,strength,1263,"[""ngsl-core""]","[""strength""]",New General Service List,1.2,https://www.newgeneralservicelist.com/new-general-service-list,CC BY-SA 4.0
1264,connect,1264,"[""ngsl-core""]","[""connect""]",New General Service List,1.2,https://www.newgeneralservicelist.com/new-general-service-list,CC BY-SA 4.0
1265,cultural,1265,"[""ngsl-core""]","[""cultural""]",New General Service List,1.2,https://www.newgeneralservicelist.com/new-general-service-list,CC BY-SA 4.0
1266,arrange,1266,"[""ngsl-core""]","[""arrange""]",New General Service List,1.2,https://www.newgeneralservicelist.com/new-general-service-list,CC BY-SA 4.0
1267,scheme,1267,"[""ngsl-core""]","[""scheme""]",New General Service List,1.2,https://www.newgeneralservicelist.com/new-general-service-list,CC BY-SA 4.0
1268,payment,1268,"[""ngsl-core""]","[""payment""]",New General Service List,1.2,https://www.newgeneralservicelist.com/new-general-service-list,CC BY-SA 4.0
1269,unfortunately,1269,"[""ngsl-core""]","[""unfortunately""]",New General Service List,1.2,https://www.newgeneralservicelist.com/new-general-service-list,CC BY-SA 4.0
1270,brief,1270,"[""ngsl-core""]","[""brief""]",New General Service List,1.2,https://www.newgeneralservicelist.com/new-general-service-list,CC BY-SA 4.0
1271,bird,1271,"[""ngsl-core""]","[""bird""]",New General Service List,1.2,https://www.newgeneralservicelist.com/new-general-service-list,CC BY-SA 4.0
1272,demonstrate,1272,"[""ngsl-core""]","[""demonstrate""]",New General Service List,1.2,https://www.newgeneralservicelist.com/new-general-service-list,CC BY-SA 4.0
1273,contribution,1273,"[""ngsl-core""]","[""contribution""]",New General Service List,1.2,https://www.newgeneralservicelist.com/new-general-service-list,CC BY-SA 4.0
1274,appreciate,1274,"[""ngsl-core""]","[""appreciate""]",New General Service List,1.2,https://www.newgeneralservicelist.com/new-general-service-list,CC BY-SA 4.0
1275,chapter,1275,"[""ngsl-core""]","[""chapter""]",New General Service List,1.2,https://www.newgeneralservicelist.com/new-general-service-list,CC BY-SA 4.0
1276,secret,1276,"[""ngsl-core""]","[""secret""]",New General Service List,1.2,https://www.newgeneralservicelist.com/new-general-service-list,CC BY-SA 4.0
1277,apparently,1277,"[""ngsl-core""]","[""apparently""]",New General Service List,1.2,https://www.newgeneralservicelist.com/new-general-service-list,CC BY-SA 4.0
1278,novel,1278,"[""ngsl-core""]","[""novel""]",New General Service List,1.2,https://www.newgeneralservicelist.com/new-general-service-list,CC BY-SA 4.0
1279,union,1279,"[""ngsl-core""]","[""union""]",New General Service List,1.2,https://www.newgeneralservicelist.com/new-general-service-list,CC BY-SA 4.0
1280,burn,1280,"[""ngsl-core""]","[""burn""]",New General Service List,1.2,https://www.newgeneralservicelist.com/new-general-service-list,CC BY-SA 4.0
1281,trend,1281,"[""ngsl-core""]","[""trend""]",New General Service List,1.2,https://www.newgeneralservicelist.com/new-general-service-list,CC BY-SA 4.0
1282,initial,1282,"[""ngsl-core""]","[""initial""]",New General Service List,1.2,https://www.newgeneralservicelist.com/new-general-service-list,CC BY-SA 4.0
1283,pleasure,1283,"[""ngsl-core""]","[""pleasure""]",New General Service List,1.2,https://www.newgeneralservicelist.com/new-general-service-list,CC BY-SA 4.0
1284,suggestion,1284,"[""ngsl-core""]","[""suggestion""]",New General Service List,1.2,https://www.newgeneralservicelist.com/new-general-service-list,CC BY-SA 4.0
1285,critical,1285,"[""ngsl-core""]","[""critical""]",New General Service List,1.2,https://www.newgeneralservicelist.com/new-general-service-list,CC BY-SA 4.0
1286,gather,1286,"[""ngsl-core""]","[""gather""]",New General Service List,1.2,https://www.newgeneralservicelist.com/new-general-service-list,CC BY-SA 4.0
1287,mostly,1287,"[""ngsl-core""]","[""mostly""]",New General Service List,1.2,https://www.newgeneralservicelist.com/new-general-service-list,CC BY-SA 4.0
1288,earth,1288,"[""ngsl-core""]","[""earth""]",New General Service List,1.2,https://www.newgeneralservicelist.com/new-general-service-list,CC BY-SA 4.0
1289,pop,1289,"[""ngsl-core""]","[""pop""]",New General Service List,1.2,https://www.newgeneralservicelist.com/new-general-service-list,CC BY-SA 4.0
1290,essential,1290,"[""ngsl-core""]","[""essential""]",New General Service List,1.2,https://www.newgeneralservicelist.com/new-general-service-list,CC BY-SA 4.0
1291,desire,1291,"[""ngsl-core""]","[""desire""]",New General Service List,1.2,https://www.newgeneralservicelist.com/new-general-service-list,CC BY-SA 4.0
1292,promote,1292,"[""ngsl-core""]","[""promote""]",New General Service List,1.2,https://www.newgeneralservicelist.com/new-general-service-list,CC BY-SA 4.0
1293,currently,1293,"[""ngsl-core""]","[""currently""]",New General Service List,1.2,https://www.newgeneralservicelist.com/new-general-service-list,CC BY-SA 4.0
1294,employ,1294,"[""ngsl-core""]","[""employ""]",New General Service List,1.2,https://www.newgeneralservicelist.com/new-general-service-list,CC BY-SA 4.0
1295,path,1295,"[""ngsl-core""]","[""path""]",New General Service List,1.2,https://www.newgeneralservicelist.com/new-general-service-list,CC BY-SA 4.0
1296,topic,1296,"[""ngsl-core""]","[""topic""]",New General Service List,1.2,https://www.newgeneralservicelist.com/new-general-service-list,CC BY-SA 4.0
1297,beach,1297,"[""ngsl-core""]","[""beach""]",New General Service List,1.2,https://www.newgeneralservicelist.com/new-general-service-list,CC BY-SA 4.0
1298,attract,1298,"[""ngsl-core""]","[""attract""]",New General Service List,1.2,https://www.newgeneralservicelist.com/new-general-service-list,CC BY-SA 4.0
1299,engage,1299,"[""ngsl-core""]","[""engage""]",New General Service List,1.2,https://www.newgeneralservicelist.com/new-general-service-list,CC BY-SA 4.0
1300,powerful,1300,"[""ngsl-core""]","[""powerful""]",New General Service List,1.2,https://www.newgeneralservicelist.com/new-general-service-list,CC BY-SA 4.0
1301,flower,1301,"[""ngsl-core""]","[""flower""]",New General Service List,1.2,https://www.newgeneralservicelist.com/new-general-service-list,CC BY-SA 4.0
1302,crisis,1302,"[""ngsl-core""]","[""crisis""]",New General Service List,1.2,https://www.newgeneralservicelist.com/new-general-service-list,CC BY-SA 4.0
1303,settle,1303,"[""ngsl-core""]","[""settle""]",New General Service List,1.2,https://www.newgeneralservicelist.com/new-general-service-list,CC BY-SA 4.0
1304,boat,1304,"[""ngsl-core""]","[""boat""]",New General Service List,1.2,https://www.newgeneralservicelist.com/new-general-service-list,CC BY-SA 4.0
1305,aid,1305,"[""ngsl-core""]","[""aid""]",New General Service List,1.2,https://www.newgeneralservicelist.com/new-general-service-list,CC BY-SA 4.0
1306,fan,1306,"[""ngsl-core""]","[""fan""]",New General Service List,1.2,https://www.newgeneralservicelist.com/new-general-service-list,CC BY-SA 4.0
1307,kitchen,1307,"[""ngsl-core""]","[""kitchen""]",New General Service List,1.2,https://www.newgeneralservicelist.com/new-general-service-list,CC BY-SA 4.0
1308,twice,1308,"[""ngsl-core""]","[""twice""]",New General Service List,1.2,https://www.newgeneralservicelist.com/new-general-service-list,CC BY-SA 4.0
1309,fresh,1309,"[""ngsl-core""]","[""fresh""]",New General Service List,1.2,https://www.newgeneralservicelist.com/new-general-service-list,CC BY-SA 4.0
1310,delay,1310,"[""ngsl-core""]","[""delay""]",New General Service List,1.2,https://www.newgeneralservicelist.com/new-general-service-list,CC BY-SA 4.0
1311,safety,1311,"[""ngsl-core""]","[""safety""]",New General Service List,1.2,https://www.newgeneralservicelist.com/new-general-service-list,CC BY-SA 4.0
1312,engineer,1312,"[""ngsl-core""]","[""engineer""]",New General Service List,1.2,https://www.newgeneralservicelist.com/new-general-service-list,CC BY-SA 4.0
1313,quiet,1313,"[""ngsl-core""]","[""quiet""]",New General Service List,1.2,https://www.newgeneralservicelist.com/new-general-service-list,CC BY-SA 4.0
1314,insurance,1314,"[""ngsl-core""]","[""insurance""]",New General Service List,1.2,https://www.newgeneralservicelist.com/new-general-service-list,CC BY-SA 4.0
1315,nurse,1315,"[""ngsl-core""]","[""nurse""]",New General Service List,1.2,https://www.newgeneralservicelist.com/new-general-service-list,CC BY-SA 4.0
1316,divide,1316,"[""ngsl-core""]","[""divide""]",New General Service List,1.2,https://www.newgeneralservicelist.com/new-general-service-list,CC BY-SA 4.0
1317,length,1317,"[""ngsl-core""]","[""length""]",New General Service List,1.2,https://www.newgeneralservicelist.com/new-general-service-list,CC BY-SA 4.0
1318,investigation,1318,"[""ngsl-core""]","[""investigation""]",New General Service List,1.2,https://www.newgeneralservicelist.com/new-general-service-list,CC BY-SA 4.0
1319,package,1319,"[""ngsl-core""]","[""package""]",New General Service List,1.2,https://www.newgeneralservicelist.com/new-general-service-list,CC BY-SA 4.0
1320,somewhere,1320,"[""ngsl-core""]","[""somewhere""]",New General Service List,1.2,https://www.newgeneralservicelist.com/new-general-service-list,CC BY-SA 4.0
1321,expand,1321,"[""ngsl-core""]","[""expand""]",New General Service List,1.2,https://www.newgeneralservicelist.com/new-general-service-list,CC BY-SA 4.0
1322,commit,1322,"[""ngsl-core""]","[""commit""]",New General Service List,1.2,https://www.newgeneralservicelist.com/new-general-service-list,CC BY-SA 4.0
1323,obvious,1323,"[""ngsl-core""]","[""obvious""]",New General Service List,1.2,https://www.newgeneralservicelist.com/new-general-service-list,CC BY-SA 4.0
1324,jump,1324,"[""ngsl-core""]","[""jump""]",New General Service List,1.2,https://www.newgeneralservicelist.com/new-general-service-list,CC BY-SA 4.0
1325,weapon,1325,"[""ngsl-core""]","[""weapon""]",New General Service List,1.2,https://www.newgeneralservicelist.com/new-general-service-list,CC BY-SA 4.0
1326,relatively,1326,"[""ngsl-core""]","[""relatively""]",New General Service List,1.2,https://www.newgeneralservicelist.com/new-general-service-list,CC BY-SA 4.0
1327,host,1327,"[""ngsl-core""]","[""host""]",New General Service List,1.2,https://www.newgeneralservicelist.com/new-general-service-list,CC BY-SA 4.0
1328,winter,1328,"[""ngsl-core""]","[""winter""]",New General Service List,1.2,https://www.newgeneralservicelist.com/new-general-service-list,CC BY-SA 4.0
1329,district,1329,"[""ngsl-core""]","[""district""]",New General Service List,1.2,https://www.newgeneralservicelist.com/new-general-service-list,CC BY-SA 4.0
1330,broad,1330,"[""ngsl-core""]","[""broad""]",New General Service List,1.2,https://www.newgeneralservicelist.com/new-general-service-list,CC BY-SA 4.0
1331,tire,1331,"[""ngsl-core""]","[""tire""]",New General Service List,1.2,https://www.newgeneralservicelist.com/new-general-service-list,CC BY-SA 4.0
1332,spring,1332,"[""ngsl-core""]","[""spring""]",New General Service List,1.2,https://www.newgeneralservicelist.com/new-general-service-list,CC BY-SA 4.0
1333,spirit,1333,"[""ngsl-core""]","[""spirit""]",New General Service List,1.2,https://www.newgeneralservicelist.com/new-general-service-list,CC BY-SA 4.0
1334,lunch,1334,"[""ngsl-core""]","[""lunch""]",New General Service List,1.2,https://www.newgeneralservicelist.com/new-general-service-list,CC BY-SA 4.0
1335,actual,1335,"[""ngsl-core""]","[""actual""]",New General Service List,1.2,https://www.newgeneralservicelist.com/new-general-service-list,CC BY-SA 4.0
1336,pool,1336,"[""ngsl-core""]","[""pool""]",New General Service List,1.2,https://www.newgeneralservicelist.com/new-general-service-list,CC BY-SA 4.0
1337,battle,1337,"[""ngsl-core""]","[""battle""]",New General Service List,1.2,https://www.newgeneralservicelist.com/new-general-service-list,CC BY-SA 4.0
1338,tradition,1338,"[""ngsl-core""]","[""tradition""]",New General Service List,1.2,https://www.newgeneralservicelist.com/new-general-service-list,CC BY-SA 4.0
1339,cash,1339,"[""ngsl-core""]","[""cash""]",New General Service List,1.2,https://www.newgeneralservicelist.com/new-general-service-list,CC BY-SA 4.0
1340,hardly,1340,"[""ngsl-core""]","[""hardly""]",New General Service List,1.2,https://www.newgeneralservicelist.com/new-general-service-list,CC BY-SA 4.0
1341,award,1341,"[""ngsl-core""]","[""award""]",New General Service List,1.2,https://www.newgeneralservicelist.com/new-general-service-list,CC BY-SA 4.0
1342,coach,1342,"[""ngsl-core""]","[""coach""]",New General Service List,1.2,https://www.newgeneralservicelist.com/new-general-service-list,CC BY-SA 4.0
1343,experiment,1343,"[""ngsl-core""]","[""experiment""]",New General Service List,1.2,https://www.newgeneralservicelist.com/new-general-service-list,CC BY-SA 4.0
1344,consideration,1344,"[""ngsl-core""]","[""consideration""]",New General Service List,1.2,https://www.newgeneralservicelist.com/new-general-service-list,CC BY-SA 4.0
1345,strange,1345,"[""ngsl-core""]","[""strange""]",New General Service List,1.2,https://www.newgeneralservicelist.com/new-general-service-list,CC BY-SA 4.0
1346,code,1346,"[""ngsl-core""]","[""code""]",New General Service List,1.2,https://www.newgeneralservicelist.com/new-general-service-list,CC BY-SA 4.0
1347,possibly,1347,"[""ngsl-core""]","[""possibly""]",New General Service List,1.2,https://www.newgeneralservicelist.com/new-general-service-list,CC BY-SA 4.0
1348,threat,1348,"[""ngsl-core""]","[""threat""]",New General Service List,1.2,https://www.newgeneralservicelist.com/new-general-service-list,CC BY-SA 4.0
1349,accident,1349,"[""ngsl-core""]","[""accident""]",New General Service List,1.2,https://www.newgeneralservicelist.com/new-general-service-list,CC BY-SA 4.0
1350,impossible,1350,"[""ngsl-core""]","[""impossible""]",New General Service List,1.2,https://www.newgeneralservicelist.com/new-general-service-list,CC BY-SA 4.0
1351,revenue,1351,"[""ngsl-core""]","[""revenue""]",New General Service List,1.2,https://www.newgeneralservicelist.com/new-general-service-list,CC BY-SA 4.0
1352,enable,1352,"[""ngsl-core""]","[""enable""]",New General Service List,1.2,https://www.newgeneralservicelist.com/new-general-service-list,CC BY-SA 4.0
1353,afraid,1353,"[""ngsl-core""]","[""afraid""]",New General Service List,1.2,https://www.newgeneralservicelist.com/new-general-service-list,CC BY-SA 4.0
1354,active,1354,"[""ngsl-core""]","[""active""]",New General Service List,1.2,https://www.newgeneralservicelist.com/new-general-service-list,CC BY-SA 4.0
1355,conclude,1355,"[""ngsl-core""]","[""conclude""]",New General Service List,1.2,https://www.newgeneralservicelist.com/new-general-service-list,CC BY-SA 4.0
1356,religious,1356,"[""ngsl-core""]","[""religious""]",New General Service List,1.2,https://www.newgeneralservicelist.com/new-general-service-list,CC BY-SA 4.0
1357,cancer,1357,"[""ngsl-core""]","[""cancer""]",New General Service List,1.2,https://www.newgeneralservicelist.com/new-general-service-list,CC BY-SA 4.0
1358,convince,1358,"[""ngsl-core""]","[""convince""]",New General Service List,1.2,https://www.newgeneralservicelist.com/new-general-service-list,CC BY-SA 4.0
1359,vary,1359,"[""ngsl-core""]","[""vary""]",New General Service List,1.2,https://www.newgeneralservicelist.com/new-general-service-list,CC BY-SA 4.0
1360,environmental,1360,"[""ngsl-core""]","[""environmental""]",New General Service List,1.2,https://www.newgeneralservicelist.com/new-general-service-list,CC BY-SA 4.0
1361,sun,1361,"[""ngsl-core""]","[""sun""]",New General Service List,1.2,https://www.newgeneralservicelist.com/new-general-service-list,CC BY-SA 4.0
1362,healthy,1362,"[""ngsl-core""]","[""healthy""]",New General Service List,1.2,https://www.newgeneralservicelist.com/new-general-service-list,CC BY-SA 4.0
1363,blow,1363,"[""ngsl-core""]","[""blow""]",New General Service List,1.2,https://www.newgeneralservicelist.com/new-general-service-list,CC BY-SA 4.0
1364,volume,1364,"[""ngsl-core""]","[""volume""]",New General Service List,1.2,https://www.newgeneralservicelist.com/new-general-service-list,CC BY-SA 4.0
1365,location,1365,"[""ngsl-core""]","[""location""]",New General Service List,1.2,https://www.newgeneralservicelist.com/new-general-service-list,CC BY-SA 4.0
1366,invest,1366,"[""ngsl-core""]","[""invest""]",New General Service List,1.2,https://www.newgeneralservicelist.com/new-general-service-list,CC BY-SA 4.0
1367,proceed,1367,"[""ngsl-core""]","[""proceed""]",New General Service List,1.2,https://www.newgeneralservicelist.com/new-general-service-list,CC BY-SA 4.0
1368,wash,1368,"[""ngsl-core""]","[""wash""]",New General Service List,1.2,https://www.newgeneralservicelist.com/new-general-service-list,CC BY-SA 4.0
1369,actor,1369,"[""ngsl-core""]","[""actor""]",New General Service List,1.2,https://www.newgeneralservicelist.com/new-general-service-list,CC BY-SA 4.0
1370,glad,1370,"[""ngsl-core""]","[""glad""]",New General Service List,1.2,https://www.newgeneralservicelist.com/new-general-service-list,CC BY-SA 4.0
1371,tape,1371,"[""ngsl-core""]","[""tape""]",New General Service List,1.2,https://www.newgeneralservicelist.com/new-general-service-list,CC BY-SA 4.0
1372,whereas,1372,"[""ngsl-core""]","[""whereas""]",New General Service List,1.2,https://www.newgeneralservicelist.com/new-general-service-list,CC BY-SA 4.0
1373,opposite,1373,"[""ngsl-core""]","[""opposite""]",New General Service List,1.2,https://www.newgeneralservicelist.com/new-general-service-list,CC BY-SA 4.0
1374,stone,1374,"[""ngsl-core""]","[""stone""]",New General Service List,1.2,https://www.newgeneralservicelist.com/new-general-service-list,CC BY-SA 4.0
1375,sum,1375,"[""ngsl-core""]","[""sum""]",New General Service List,1.2,https://www.newgeneralservicelist.com/new-general-service-list,CC BY-SA 4.0
1376,murder,1376,"[""ngsl-core""]","[""murder""]",New General Service List,1.2,https://www.newgeneralservicelist.com/new-general-service-list,CC BY-SA 4.0
1377,monitor,1377,"[""ngsl-core""]","[""monitor""]",New General Service List,1.2,https://www.newgeneralservicelist.com/new-general-service-list,CC BY-SA 4.0
1378,soldier,1378,"[""ngsl-core""]","[""soldier""]",New General Service List,1.2,https://www.newgeneralservicelist.com/new-general-service-list,CC BY-SA 4.0
1379,finance,1379,"[""ngsl-core""]","[""finance""]",New General Service List,1.2,https://www.newgeneralservicelist.com/new-general-service-list,CC BY-SA 4.0
1380,hate,1380,"[""ngsl-core""]","[""hate""]",New General Service List,1.2,https://www.newgeneralservicelist.com/new-general-service-list,CC BY-SA 4.0
1381,egg,1381,"[""ngsl-core""]","[""egg""]",New General Service List,1.2,https://www.newgeneralservicelist.com/new-general-service-list,CC BY-SA 4.0
1382,concert,1382,"[""ngsl-core""]","[""concert""]",New General Service List,1.2,https://www.newgeneralservicelist.com/new-general-service-list,CC BY-SA 4.0
1383,shock,1383,"[""ngsl-core""]","[""shock""]",New General Service List,1.2,https://www.newgeneralservicelist.com/new-general-service-list,CC BY-SA 4.0
1384,comfortable,1384,"[""ngsl-core""]","[""comfortable""]",New General Service List,1.2,https://www.newgeneralservicelist.com/new-general-service-list,CC BY-SA 4.0
1385,usual,1385,"[""ngsl-core""]","[""usual""]",New General Service List,1.2,https://www.newgeneralservicelist.com/new-general-service-list,CC BY-SA 4.0
1386,carefully,1386,"[""ngsl-core""]","[""carefully""]",New General Service List,1.2,https://www.newgeneralservicelist.com/new-general-service-list,CC BY-SA 4.0
1387,pack,1387,"[""ngsl-core""]","[""pack""]",New General Service List,1.2,https://www.newgeneralservicelist.com/new-general-service-list,CC BY-SA 4.0
1388,recall,1388,"[""ngsl-core""]","[""recall""]",New General Service List,1.2,https://www.newgeneralservicelist.com/new-general-service-list,CC BY-SA 4.0
1389,wine,1389,"[""ngsl-core""]","[""wine""]",New General Service List,1.2,https://www.newgeneralservicelist.com/new-general-service-list,CC BY-SA 4.0
1390,camera,1390,"[""ngsl-core""]","[""camera""]",New General Service List,1.2,https://www.newgeneralservicelist.com/new-general-service-list,CC BY-SA 4.0
1391,swim,1391,"[""ngsl-core""]","[""swim""]",New General Service List,1.2,https://www.newgeneralservicelist.com/new-general-service-list,CC BY-SA 4.0
1392,manufacture,1392,"[""ngsl-core""]","[""manufacture""]",New General Service List,1.2,https://www.newgeneralservicelist.com/new-general-service-list,CC BY-SA 4.0
1393,theater,1393,"[""ngsl-core""]","[""theater""]",New General Service List,1.2,https://www.newgeneralservicelist.com/new-general-service-list,CC BY-SA 4.0
1394,cycle,1394,"[""ngsl-core""]","[""cycle""]",New General Service List,1.2,https://www.newgeneralservicelist.com/new-general-service-list,CC BY-SA 4.0
1395,coffee,1395,"[""ngsl-core""]","[""coffee""]",New General Service List,1.2,https://www.newgeneralservicelist.com/new-general-service-list,CC BY-SA 4.0
1396,totally,1396,"[""ngsl-core""]","[""totally""]",New General Service List,1.2,https://www.newgeneralservicelist.com/new-general-service-list,CC BY-SA 4.0
1397,museum,1397,"[""ngsl-core""]","[""museum""]",New General Service List,1.2,https://www.newgeneralservicelist.com/new-general-service-list,CC BY-SA 4.0
1398,visitor,1398,"[""ngsl-core""]","[""visitor""]",New General Service List,1.2,https://www.newgeneralservicelist.com/new-general-service-list,CC BY-SA 4.0
1399,freedom,1399,"[""ngsl-core""]","[""freedom""]",New General Service List,1.2,https://www.newgeneralservicelist.com/new-general-service-list,CC BY-SA 4.0
1400,construction,1400,"[""ngsl-core""]","[""construction""]",New General Service List,1.2,https://www.newgeneralservicelist.com/new-general-service-list,CC BY-SA 4.0
1401,dear,1401,"[""ngsl-core""]","[""dear""]",New General Service List,1.2,https://www.newgeneralservicelist.com/new-general-service-list,CC BY-SA 4.0
1402,objective,1402,"[""ngsl-core""]","[""objective""]",New General Service List,1.2,https://www.newgeneralservicelist.com/new-general-service-list,CC BY-SA 4.0
1403,moreover,1403,"[""ngsl-core""]","[""moreover""]",New General Service List,1.2,https://www.newgeneralservicelist.com/new-general-service-list,CC BY-SA 4.0
1404,onto,1404,"[""ngsl-core""]","[""onto""]",New General Service List,1.2,https://www.newgeneralservicelist.com/new-general-service-list,CC BY-SA 4.0
1405,historical,1405,"[""ngsl-core""]","[""historical""]",New General Service List,1.2,https://www.newgeneralservicelist.com/new-general-service-list,CC BY-SA 4.0
1406,oppose,1406,"[""ngsl-core""]","[""oppose""]",New General Service List,1.2,https://www.newgeneralservicelist.com/new-general-service-list,CC BY-SA 4.0
1407,branch,1407,"[""ngsl-core""]","[""branch""]",New General Service List,1.2,https://www.newgeneralservicelist.com/new-general-service-list,CC BY-SA 4.0
1408,vehicle,1408,"[""ngsl-core""]","[""vehicle""]",New General Service List,1.2,https://www.newgeneralservicelist.com/new-general-service-list,CC BY-SA 4.0
1409,scientist,1409,"[""ngsl-core""]","[""scientist""]",New General Service List,1.2,https://www.newgeneralservicelist.com/new-general-service-list,CC BY-SA 4.0
1410,route,1410,"[""ngsl-core""]","[""route""]",New General Service List,1.2,https://www.newgeneralservicelist.com/new-general-service-list,CC BY-SA 4.0
1411,bind,1411,"[""ngsl-core""]","[""bind""]",New General Service List,1.2,https://www.newgeneralservicelist.com/new-general-service-list,CC BY-SA 4.0
1412,belong,1412,"[""ngsl-core""]","[""belong""]",New General Service List,1.2,https://www.newgeneralservicelist.com/new-general-service-list,CC BY-SA 4.0
1413,taste,1413,"[""ngsl-core""]","[""taste""]",New General Service List,1.2,https://www.newgeneralservicelist.com/new-general-service-list,CC BY-SA 4.0
1414,tonight,1414,"[""ngsl-core""]","[""tonight""]",New General Service List,1.2,https://www.newgeneralservicelist.com/new-general-service-list,CC BY-SA 4.0
1415,fashion,1415,"[""ngsl-core""]","[""fashion""]",New General Service List,1.2,https://www.newgeneralservicelist.com/new-general-service-list,CC BY-SA 4.0
1416,danger,1416,"[""ngsl-core""]","[""danger""]",New General Service List,1.2,https://www.newgeneralservicelist.com/new-general-service-list,CC BY-SA 4.0
1417,bomb,1417,"[""ngsl-core""]","[""bomb""]",New General Service List,1.2,https://www.newgeneralservicelist.com/new-general-service-list,CC BY-SA 4.0
1418,army,1418,"[""ngsl-core""]","[""army""]",New General Service List,1.2,https://www.newgeneralservicelist.com/new-general-service-list,CC BY-SA 4.0
1419,dangerous,1419,"[""ngsl-core""]","[""dangerous""]",New General Service List,1.2,https://www.newgeneralservicelist.com/new-general-service-list,CC BY-SA 4.0
1420,decrease,1420,"[""ngsl-core""]","[""decrease""]",New General Service List,1.2,https://www.newgeneralservicelist.com/new-general-service-list,CC BY-SA 4.0
1421,hurt,1421,"[""ngsl-core""]","[""hurt""]",New General Service List,1.2,https://www.newgeneralservicelist.com/new-general-service-list,CC BY-SA 4.0
1422,council,1422,"[""ngsl-core""]","[""council""]",New General Service List,1.2,https://www.newgeneralservicelist.com/new-general-service-list,CC BY-SA 4.0
1423,editor,1423,"[""ngsl-core""]","[""editor""]",New General Service List,1.2,https://www.newgeneralservicelist.com/new-general-service-list,CC BY-SA 4.0
1424,normally,1424,"[""ngsl-core""]","[""normally""]",New General Service List,1.2,https://www.newgeneralservicelist.com/new-general-service-list,CC BY-SA 4.0
1425,sight,1425,"[""ngsl-core""]","[""sight""]",New General Service List,1.2,https://www.newgeneralservicelist.com/new-general-service-list,CC BY-SA 4.0
1426,generate,1426,"[""ngsl-core""]","[""generate""]",New General Service List,1.2,https://www.newgeneralservicelist.com/new-general-service-list,CC BY-SA 4.0
1427,gift,1427,"[""ngsl-core""]","[""gift""]",New General Service List,1.2,https://www.newgeneralservicelist.com/new-general-service-list,CC BY-SA 4.0
1428,delivery,1428,"[""ngsl-core""]","[""delivery""]",New General Service List,1.2,https://www.newgeneralservicelist.com/new-general-service-list,CC BY-SA 4.0
1429,deny,1429,"[""ngsl-core""]","[""deny""]",New General Service List,1.2,https://www.newgeneralservicelist.com/new-general-service-list,CC BY-SA 4.0
1430,guest,1430,"[""ngsl-core""]","[""guest""]",New General Service List,1.2,https://www.newgeneralservicelist.com/new-general-service-list,CC BY-SA 4.0
1431,anybody,1431,"[""ngsl-core""]","[""anybody""]",New General Service List,1.2,https://www.newgeneralservicelist.com/new-general-service-list,CC BY-SA 4.0
1432,bedroom,1432,"[""ngsl-core""]","[""bedroom""]",New General Service List,1.2,https://www.newgeneralservicelist.com/new-general-service-list,CC BY-SA 4.0
1433,quote,1433,"[""ngsl-core""]","[""quote""]",New General Service List,1.2,https://www.newgeneralservicelist.com/new-general-service-list,CC BY-SA 4.0
1434,climb,1434,"[""ngsl-core""]","[""climb""]",New General Service List,1.2,https://www.newgeneralservicelist.com/new-general-service-list,CC BY-SA 4.0
1435,basically,1435,"[""ngsl-core""]","[""basically""]",New General Service List,1.2,https://www.newgeneralservicelist.com/new-general-service-list,CC BY-SA 4.0
1436,violence,1436,"[""ngsl-core""]","[""violence""]",New General Service List,1.2,https://www.newgeneralservicelist.com/new-general-service-list,CC BY-SA 4.0
1437,minister,1437,"[""ngsl-core""]","[""minister""]",New General Service List,1.2,https://www.newgeneralservicelist.com/new-general-service-list,CC BY-SA 4.0
1438,mainly,1438,"[""ngsl-core""]","[""mainly""]",New General Service List,1.2,https://www.newgeneralservicelist.com/new-general-service-list,CC BY-SA 4.0
1439,mouth,1439,"[""ngsl-core""]","[""mouth""]",New General Service List,1.2,https://www.newgeneralservicelist.com/new-general-service-list,CC BY-SA 4.0
1440,noise,1440,"[""ngsl-core""]","[""noise""]",New General Service List,1.2,https://www.newgeneralservicelist.com/new-general-service-list,CC BY-SA 4.0
1441,manner,1441,"[""ngsl-core""]","[""manner""]",New General Service List,1.2,https://www.newgeneralservicelist.com/new-general-service-list,CC BY-SA 4.0
1442,gun,1442,"[""ngsl-core""]","[""gun""]",New General Service List,1.2,https://www.newgeneralservicelist.com/new-general-service-list,CC BY-SA 4.0
1443,square,1443,"[""ngsl-core""]","[""square""]",New General Service List,1.2,https://www.newgeneralservicelist.com/new-general-service-list,CC BY-SA 4.0
1444,occasion,1444,"[""ngsl-core""]","[""occasion""]",New General Service List,1.2,https://www.newgeneralservicelist.com/new-general-service-list,CC BY-SA 4.0
1445,familiar,1445,"[""ngsl-core""]","[""familiar""]",New General Service List,1.2,https://www.newgeneralservicelist.com/new-general-service-list,CC BY-SA 4.0
1446,ignore,1446,"[""ngsl-core""]","[""ignore""]",New General Service List,1.2,https://www.newgeneralservicelist.com/new-general-service-list,CC BY-SA 4.0
1447,destroy,1447,"[""ngsl-core""]","[""destroy""]",New General Service List,1.2,https://www.newgeneralservicelist.com/new-general-service-list,CC BY-SA 4.0
1448,affair,1448,"[""ngsl-core""]","[""affair""]",New General Service List,1.2,https://www.newgeneralservicelist.com/new-general-service-list,CC BY-SA 4.0
1449,civil,1449,"[""ngsl-core""]","[""civil""]",New General Service List,1.2,https://www.newgeneralservicelist.com/new-general-service-list,CC BY-SA 4.0
1450,locate,1450,"[""ngsl-core""]","[""locate""]",New General Service List,1.2,https://www.newgeneralservicelist.com/new-general-service-list,CC BY-SA 4.0
1451,citizen,1451,"[""ngsl-core""]","[""citizen""]",New General Service List,1.2,https://www.newgeneralservicelist.com/new-general-service-list,CC BY-SA 4.0
1452,temperature,1452,"[""ngsl-core""]","[""temperature""]",New General Service List,1.2,https://www.newgeneralservicelist.com/new-general-service-list,CC BY-SA 4.0
1453,gold,1453,"[""ngsl-core""]","[""gold""]",New General Service List,1.2,https://www.newgeneralservicelist.com/new-general-service-list,CC BY-SA 4.0
1454,domestic,1454,"[""ngsl-core""]","[""domestic""]",New General Service List,1.2,https://www.newgeneralservicelist.com/new-general-service-list,CC BY-SA 4.0
1455,load,1455,"[""ngsl-core""]","[""load""]",New General Service List,1.2,https://www.newgeneralservicelist.com/new-general-service-list,CC BY-SA 4.0
1456,belief,1456,"[""ngsl-core""]","[""belief""]",New General Service List,1.2,https://www.newgeneralservicelist.com/new-general-service-list,CC BY-SA 4.0
1457,troop,1457,"[""ngsl-core""]","[""troop""]",New General Service List,1.2,https://www.newgeneralservicelist.com/new-general-service-list,CC BY-SA 4.0
1458,technical,1458,"[""ngsl-core""]","[""technical""]",New General Service List,1.2,https://www.newgeneralservicelist.com/new-general-service-list,CC BY-SA 4.0
1459,remind,1459,"[""ngsl-core""]","[""remind""]",New General Service List,1.2,https://www.newgeneralservicelist.com/new-general-service-list,CC BY-SA 4.0
1460,arrangement,1460,"[""ngsl-core""]","[""arrangement""]",New General Service List,1.2,https://www.newgeneralservicelist.com/new-general-service-list,CC BY-SA 4.0
1461,skin,1461,"[""ngsl-core""]","[""skin""]",New General Service List,1.2,https://www.newgeneralservicelist.com/new-general-service-list,CC BY-SA 4.0
1462,prison,1462,"[""ngsl-core""]","[""prison""]",New General Service List,1.2,https://www.newgeneralservicelist.com/new-general-service-list,CC BY-SA 4.0
1463,switch,1463,"[""ngsl-core""]","[""switch""]",New General Service List,1.2,https://www.newgeneralservicelist.com/new-general-service-list,CC BY-SA 4.0
1464,acquire,1464,"[""ngsl-core""]","[""acquire""]",New General Service List,1.2,https://www.newgeneralservicelist.com/new-general-service-list,CC BY-SA 4.0
1465,corporate,1465,"[""ngsl-core""]","[""corporate""]",New General Service List,1.2,https://www.newgeneralservicelist.com/new-general-service-list,CC BY-SA 4.0
1466,fairly,1466,"[""ngsl-core""]","[""fairly""]",New General Service List,1.2,https://www.newgeneralservicelist.com/new-general-service-list,CC BY-SA 4.0
1467,wood,1467,"[""ngsl-core""]","[""wood""]",New General Service List,1.2,https://www.newgeneralservicelist.com/new-general-service-list,CC BY-SA 4.0
1468,participate,1468,"[""ngsl-core""]","[""participate""]",New General Service List,1.2,https://www.newgeneralservicelist.com/new-general-service-list,CC BY-SA 4.0
1469,tough,1469,"[""ngsl-core""]","[""tough""]",New General Service List,1.2,https://www.newgeneralservicelist.com/new-general-service-list,CC BY-SA 4.0
1470,tear,1470,"[""ngsl-core""]","[""tear""]",New General Service List,1.2,https://www.newgeneralservicelist.com/new-general-service-list,CC BY-SA 4.0
1471,representative,1471,"[""ngsl-core""]","[""representative""]",New General Service List,1.2,https://www.newgeneralservicelist.com/new-general-service-list,CC BY-SA 4.0
1472,capacity,1472,"[""ngsl-core""]","[""capacity""]",New General Service List,1.2,https://www.newgeneralservicelist.com/new-general-service-list,CC BY-SA 4.0
1473,border,1473,"[""ngsl-core""]","[""border""]",New General Service List,1.2,https://www.newgeneralservicelist.com/new-general-service-list,CC BY-SA 4.0
1474,shake,1474,"[""ngsl-core""]","[""shake""]",New General Service List,1.2,https://www.newgeneralservicelist.com/new-general-service-list,CC BY-SA 4.0
1475,assessment,1475,"[""ngsl-core""]","[""assessment""]",New General Service List,1.2,https://www.newgeneralservicelist.com/new-general-service-list,CC BY-SA 4.0
1476,shoe,1476,"[""ngsl-core""]","[""shoe""]",New General Service List,1.2,https://www.newgeneralservicelist.com/new-general-service-list,CC BY-SA 4.0
1477,ought,1477,"[""ngsl-core""]","[""ought""]",New General Service List,1.2,https://www.newgeneralservicelist.com/new-general-service-list,CC BY-SA 4.0
1478,ad,1478,"[""ngsl-core""]","[""ad""]",New General Service List,1.2,https://www.newgeneralservicelist.com/new-general-service-list,CC BY-SA 4.0
1479,fee,1479,"[""ngsl-core""]","[""fee""]",New General Service List,1.2,https://www.newgeneralservicelist.com/new-general-service-list,CC BY-SA 4.0
1480,hall,1480,"[""ngsl-core""]","[""hall""]",New General Service List,1.2,https://www.newgeneralservicelist.com/new-general-service-list,CC BY-SA 4.0
1481,regulation,1481,"[""ngsl-core""]","[""regulation""]",New General Service List,1.2,https://www.newgeneralservicelist.com/new-general-service-list,CC BY-SA 4.0
1482,escape,1482,"[""ngsl-core""]","[""escape""]",New General Service List,1.2,https://www.newgeneralservicelist.com/new-general-service-list,CC BY-SA 4.0
1483,studio,1483,"[""ngsl-core""]","[""studio""]",New General Service List,1.2,https://www.newgeneralservicelist.com/new-general-service-list,CC BY-SA 4.0
1484,proper,1484,"[""ngsl-core""]","[""proper""]",New General Service List,1.2,https://www.newgeneralservicelist.com/new-general-service-list,CC BY-SA 4.0
1485,relax,1485,"[""ngsl-core""]","[""relax""]",New General Service List,1.2,https://www.newgeneralservicelist.com/new-general-service-list,CC BY-SA 4.0
1486,tourist,1486,"[""ngsl-core""]","[""tourist""]",New General Service List,1.2,https://www.newgeneralservicelist.com/new-general-service-list,CC BY-SA 4.0
1487,component,1487,"[""ngsl-core""]","[""component""]",New General Service List,1.2,https://www.newgeneralservicelist.com/new-general-service-list,CC BY-SA 4.0
1488,afford,1488,"[""ngsl-core""]","[""afford""]",New General Service List,1.2,https://www.newgeneralservicelist.com/new-general-service-list,CC BY-SA 4.0
1489,lawyer,1489,"[""ngsl-core""]","[""lawyer""]",New General Service List,1.2,https://www.newgeneralservicelist.com/new-general-service-list,CC BY-SA 4.0
1490,suspect,1490,"[""ngsl-core""]","[""suspect""]",New General Service List,1.2,https://www.newgeneralservicelist.com/new-general-service-list,CC BY-SA 4.0
1491,cup,1491,"[""ngsl-core""]","[""cup""]",New General Service List,1.2,https://www.newgeneralservicelist.com/new-general-service-list,CC BY-SA 4.0
1492,description,1492,"[""ngsl-core""]","[""description""]",New General Service List,1.2,https://www.newgeneralservicelist.com/new-general-service-list,CC BY-SA 4.0
1493,confidence,1493,"[""ngsl-core""]","[""confidence""]",New General Service List,1.2,https://www.newgeneralservicelist.com/new-general-service-list,CC BY-SA 4.0
1494,industrial,1494,"[""ngsl-core""]","[""industrial""]",New General Service List,1.2,https://www.newgeneralservicelist.com/new-general-service-list,CC BY-SA 4.0
1495,complain,1495,"[""ngsl-core""]","[""complain""]",New General Service List,1.2,https://www.newgeneralservicelist.com/new-general-service-list,CC BY-SA 4.0
1496,perspective,1496,"[""ngsl-core""]","[""perspective""]",New General Service List,1.2,https://www.newgeneralservicelist.com/new-general-service-list,CC BY-SA 4.0
1497,error,1497,"[""ngsl-core""]","[""error""]",New General Service List,1.2,https://www.newgeneralservicelist.com/new-general-service-list,CC BY-SA 4.0
1498,arrest,1498,"[""ngsl-core""]","[""arrest""]",New General Service List,1.2,https://www.newgeneralservicelist.com/new-general-service-list,CC BY-SA 4.0
1499,assess,1499,"[""ngsl-core""]","[""assess""]",New General Service List,1.2,https://www.newgeneralservicelist.com/new-general-service-list,CC BY-SA 4.0
1500,register,1500,"[""ngsl-core""]","[""register""]",New General Service List,1.2,https://www.newgeneralservicelist.com/new-general-service-list,CC BY-SA 4.0
1501,asset,1501,"[""ngsl-core""]","[""asset""]",New General Service List,1.2,https://www.newgeneralservicelist.com/new-general-service-list,CC BY-SA 4.0
1502,signal,1502,"[""ngsl-core""]","[""signal""]",New General Service List,1.2,https://www.newgeneralservicelist.com/new-general-service-list,CC BY-SA 4.0
1503,finger,1503,"[""ngsl-core""]","[""finger""]",New General Service List,1.2,https://www.newgeneralservicelist.com/new-general-service-list,CC BY-SA 4.0
1504,relevant,1504,"[""ngsl-core""]","[""relevant""]",New General Service List,1.2,https://www.newgeneralservicelist.com/new-general-service-list,CC BY-SA 4.0
1505,explore,1505,"[""ngsl-core""]","[""explore""]",New General Service List,1.2,https://www.newgeneralservicelist.com/new-general-service-list,CC BY-SA 4.0
1506,leadership,1506,"[""ngsl-core""]","[""leadership""]",New General Service List,1.2,https://www.newgeneralservicelist.com/new-general-service-list,CC BY-SA 4.0
1507,commitment,1507,"[""ngsl-core""]","[""commitment""]",New General Service List,1.2,https://www.newgeneralservicelist.com/new-general-service-list,CC BY-SA 4.0
1508,wake,1508,"[""ngsl-core""]","[""wake""]",New General Service List,1.2,https://www.newgeneralservicelist.com/new-general-service-list,CC BY-SA 4.0
1509,necessarily,1509,"[""ngsl-core""]","[""necessarily""]",New General Service List,1.2,https://www.newgeneralservicelist.com/new-general-service-list,CC BY-SA 4.0
1510,bright,1510,"[""ngsl-core""]","[""bright""]",New General Service List,1.2,https://www.newgeneralservicelist.com/new-general-service-list,CC BY-SA 4.0
1511,frame,1511,"[""ngsl-core""]","[""frame""]",New General Service List,1.2,https://www.newgeneralservicelist.com/new-general-service-list,CC BY-SA 4.0
1512,slowly,1512,"[""ngsl-core""]","[""slowly""]",New General Service List,1.2,https://www.newgeneralservicelist.com/new-general-service-list,CC BY-SA 4.0
1513,bond,1513,"[""ngsl-core""]","[""bond""]",New General Service List,1.2,https://www.newgeneralservicelist.com/new-general-service-list,CC BY-SA 4.0
1514,hire,1514,"[""ngsl-core""]","[""hire""]",New General Service List,1.2,https://www.newgeneralservicelist.com/new-general-service-list,CC BY-SA 4.0
1515,hole,1515,"[""ngsl-core""]","[""hole""]",New General Service List,1.2,https://www.newgeneralservicelist.com/new-general-service-list,CC BY-SA 4.0
1516,tie,1516,"[""ngsl-core""]","[""tie""]",New General Service List,1.2,https://www.newgeneralservicelist.com/new-general-service-list,CC BY-SA 4.0
1517,internal,1517,"[""ngsl-core""]","[""internal""]",New General Service List,1.2,https://www.newgeneralservicelist.com/new-general-service-list,CC BY-SA 4.0
1518,chain,1518,"[""ngsl-core""]","[""chain""]",New General Service List,1.2,https://www.newgeneralservicelist.com/new-general-service-list,CC BY-SA 4.0
1519,literature,1519,"[""ngsl-core""]","[""literature""]",New General Service List,1.2,https://www.newgeneralservicelist.com/new-general-service-list,CC BY-SA 4.0
1520,victim,1520,"[""ngsl-core""]","[""victim""]",New General Service List,1.2,https://www.newgeneralservicelist.com/new-general-service-list,CC BY-SA 4.0
1521,threaten,1521,"[""ngsl-core""]","[""threaten""]",New General Service List,1.2,https://www.newgeneralservicelist.com/new-general-service-list,CC BY-SA 4.0
1522,division,1522,"[""ngsl-core""]","[""division""]",New General Service List,1.2,https://www.newgeneralservicelist.com/new-general-service-list,CC BY-SA 4.0
1523,secure,1523,"[""ngsl-core""]","[""secure""]",New General Service List,1.2,https://www.newgeneralservicelist.com/new-general-service-list,CC BY-SA 4.0
1524,amaze,1524,"[""ngsl-core""]","[""amaze""]",New General Service List,1.2,https://www.newgeneralservicelist.com/new-general-service-list,CC BY-SA 4.0
1525,device,1525,"[""ngsl-core""]","[""device""]",New General Service List,1.2,https://www.newgeneralservicelist.com/new-general-service-list,CC BY-SA 4.0
1526,birth,1526,"[""ngsl-core""]","[""birth""]",New General Service List,1.2,https://www.newgeneralservicelist.com/new-general-service-list,CC BY-SA 4.0
1527,forest,1527,"[""ngsl-core""]","[""forest""]",New General Service List,1.2,https://www.newgeneralservicelist.com/new-general-service-list,CC BY-SA 4.0
1528,label,1528,"[""ngsl-core""]","[""label""]",New General Service List,1.2,https://www.newgeneralservicelist.com/new-general-service-list,CC BY-SA 4.0
1529,root,1529,"[""ngsl-core""]","[""root""]",New General Service List,1.2,https://www.newgeneralservicelist.com/new-general-service-list,CC BY-SA 4.0
1530,factory,1530,"[""ngsl-core""]","[""factory""]",New General Service List,1.2,https://www.newgeneralservicelist.com/new-general-service-list,CC BY-SA 4.0
1531,expense,1531,"[""ngsl-core""]","[""expense""]",New General Service List,1.2,https://www.newgeneralservicelist.com/new-general-service-list,CC BY-SA 4.0
1532,channel,1532,"[""ngsl-core""]","[""channel""]",New General Service List,1.2,https://www.newgeneralservicelist.com/new-general-service-list,CC BY-SA 4.0
1533,investigate,1533,"[""ngsl-core""]","[""investigate""]",New General Service List,1.2,https://www.newgeneralservicelist.com/new-general-service-list,CC BY-SA 4.0
1534,recommendation,1534,"[""ngsl-core""]","[""recommendation""]",New General Service List,1.2,https://www.newgeneralservicelist.com/new-general-service-list,CC BY-SA 4.0
1535,rank,1535,"[""ngsl-core""]","[""rank""]",New General Service List,1.2,https://www.newgeneralservicelist.com/new-general-service-list,CC BY-SA 4.0
1536,typical,1536,"[""ngsl-core""]","[""typical""]",New General Service List,1.2,https://www.newgeneralservicelist.com/new-general-service-list,CC BY-SA 4.0
1537,west,1537,"[""ngsl-core""]","[""west""]",New General Service List,1.2,https://www.newgeneralservicelist.com/new-general-service-list,CC BY-SA 4.0
1538,friendly,1538,"[""ngsl-core""]","[""friendly""]",New General Service List,1.2,https://www.newgeneralservicelist.com/new-general-service-list,CC BY-SA 4.0
1539,resident,1539,"[""ngsl-core""]","[""resident""]",New General Service List,1.2,https://www.newgeneralservicelist.com/new-general-service-list,CC BY-SA 4.0
1540,provision,1540,"[""ngsl-core""]","[""provision""]",New General Service List,1.2,https://www.newgeneralservicelist.com/new-general-service-list,CC BY-SA 4.0
1541,concentrate,1541,"[""ngsl-core""]","[""concentrate""]",New General Service List,1.2,https://www.newgeneralservicelist.com/new-general-service-list,CC BY-SA 4.0
1542,plenty,1542,"[""ngsl-core""]","[""plenty""]",New General Service List,1.2,https://www.newgeneralservicelist.com/new-general-service-list,CC BY-SA 4.0
1543,export,1543,"[""ngsl-core""]","[""export""]",New General Service List,1.2,https://www.newgeneralservicelist.com/new-general-service-list,CC BY-SA 4.0
1544,entirely,1544,"[""ngsl-core""]","[""entirely""]",New General Service List,1.2,https://www.newgeneralservicelist.com/new-general-service-list,CC BY-SA 4.0
1545,strongly,1545,"[""ngsl-core""]","[""strongly""]",New General Service List,1.2,https://www.newgeneralservicelist.com/new-general-service-list,CC BY-SA 4.0
1546,bridge,1546,"[""ngsl-core""]","[""bridge""]",New General Service List,1.2,https://www.newgeneralservicelist.com/new-general-service-list,CC BY-SA 4.0
1547,consist,1547,"[""ngsl-core""]","[""consist""]",New General Service List,1.2,https://www.newgeneralservicelist.com/new-general-service-list,CC BY-SA 4.0
1548,graduate,1548,"[""ngsl-core""]","[""graduate""]",New General Service List,1.2,https://www.newgeneralservicelist.com/new-general-service-list,CC BY-SA 4.0
1549,brand,1549,"[""ngsl-core""]","[""brand""]",New General Service List,1.2,https://www.newgeneralservicelist.com/new-general-service-list,CC BY-SA 4.0
1550,moral,1550,"[""ngsl-core""]","[""moral""]",New General Service List,1.2,https://www.newgeneralservicelist.com/new-general-service-list,CC BY-SA 4.0
1551,insist,1551,"[""ngsl-core""]","[""insist""]",New General Service List,1.2,https://www.newgeneralservicelist.com/new-general-service-list,CC BY-SA 4.0
1552,combination,1552,"[""ngsl-core""]","[""combination""]",New General Service List,1.2,https://www.newgeneralservicelist.com/new-general-service-list,CC BY-SA 4.0
1553,abuse,1553,"[""ngsl-core""]","[""abuse""]",New General Service List,1.2,https://www.newgeneralservicelist.com/new-general-service-list,CC BY-SA 4.0
1554,ice,1554,"[""ngsl-core""]","[""ice""]",New General Service List,1.2,https://www.newgeneralservicelist.com/new-general-service-list,CC BY-SA 4.0
1555,principal,1555,"[""ngsl-core""]","[""principal""]",New General Service List,1.2,https://www.newgeneralservicelist.com/new-general-service-list,CC BY-SA 4.0
1556,master,1556,"[""ngsl-core""]","[""master""]",New General Service List,1.2,https://www.newgeneralservicelist.com/new-general-service-list,CC BY-SA 4.0
1557,definitely,1557,"[""ngsl-core""]","[""definitely""]",New General Service List,1.2,https://www.newgeneralservicelist.com/new-general-service-list,CC BY-SA 4.0
1558,session,1558,"[""ngsl-core""]","[""session""]",New General Service List,1.2,https://www.newgeneralservicelist.com/new-general-service-list,CC BY-SA 4.0
1559,grade,1559,"[""ngsl-core""]","[""grade""]",New General Service List,1.2,https://www.newgeneralservicelist.com/new-general-service-list,CC BY-SA 4.0
1560,nevertheless,1560,"[""ngsl-core""]","[""nevertheless""]",New General Service List,1.2,https://www.newgeneralservicelist.com/new-general-service-list,CC BY-SA 4.0
1561,predict,1561,"[""ngsl-core""]","[""predict""]",New General Service List,1.2,https://www.newgeneralservicelist.com/new-general-service-list,CC BY-SA 4.0
1562,previously,1562,"[""ngsl-core""]","[""previously""]",New General Service List,1.2,https://www.newgeneralservicelist.com/new-general-service-list,CC BY-SA 4.0
1563,protection,1563,"[""ngsl-core""]","[""protection""]",New General Service List,1.2,https://www.newgeneralservicelist.com/new-general-service-list,CC BY-SA 4.0
1564,largely,1564,"[""ngsl-core""]","[""largely""]",New General Service List,1.2,https://www.newgeneralservicelist.com/new-general-service-list,CC BY-SA 4.0
1565,wed,1565,"[""ngsl-core""]","[""wed""]",New General Service List,1.2,https://www.newgeneralservicelist.com/new-general-service-list,CC BY-SA 4.0
1566,rent,1566,"[""ngsl-core""]","[""rent""]",New General Service List,1.2,https://www.newgeneralservicelist.com/new-general-service-list,CC BY-SA 4.0
1567,shot,1567,"[""ngsl-core""]","[""shot""]",New General Service List,1.2,https://www.newgeneralservicelist.com/new-general-service-list,CC BY-SA 4.0
1568,appearance,1568,"[""ngsl-core""]","[""appearance""]",New General Service List,1.2,https://www.newgeneralservicelist.com/new-general-service-list,CC BY-SA 4.0
1569,reasonable,1569,"[""ngsl-core""]","[""reasonable""]",New General Service List,1.2,https://www.newgeneralservicelist.com/new-general-service-list,CC BY-SA 4.0
1570,guarantee,1570,"[""ngsl-core""]","[""guarantee""]",New General Service List,1.2,https://www.newgeneralservicelist.com/new-general-service-list,CC BY-SA 4.0
1571,till,1571,"[""ngsl-core""]","[""till""]",New General Service List,1.2,https://www.newgeneralservicelist.com/new-general-service-list,CC BY-SA 4.0
1572,theme,1572,"[""ngsl-core""]","[""theme""]",New General Service List,1.2,https://www.newgeneralservicelist.com/new-general-service-list,CC BY-SA 4.0
1573,judgment,1573,"[""ngsl-core""]","[""judgment""]",New General Service List,1.2,https://www.newgeneralservicelist.com/new-general-service-list,CC BY-SA 4.0
1574,odd,1574,"[""ngsl-core""]","[""odd""]",New General Service List,1.2,https://www.newgeneralservicelist.com/new-general-service-list,CC BY-SA 4.0
1575,approve,1575,"[""ngsl-core""]","[""approve""]",New General Service List,1.2,https://www.newgeneralservicelist.com/new-general-service-list,CC BY-SA 4.0
1576,loan,1576,"[""ngsl-core""]","[""loan""]",New General Service List,1.2,https://www.newgeneralservicelist.com/new-general-service-list,CC BY-SA 4.0
1577,definition,1577,"[""ngsl-core""]","[""definition""]",New General Service List,1.2,https://www.newgeneralservicelist.com/new-general-service-list,CC BY-SA 4.0
1578,elect,1578,"[""ngsl-core""]","[""elect""]",New General Service List,1.2,https://www.newgeneralservicelist.com/new-general-service-list,CC BY-SA 4.0
1579,atmosphere,1579,"[""ngsl-core""]","[""atmosphere""]",New General Service List,1.2,https://www.newgeneralservicelist.com/new-general-service-list,CC BY-SA 4.0
1580,farmer,1580,"[""ngsl-core""]","[""farmer""]",New General Service List,1.2,https://www.newgeneralservicelist.com/new-general-service-list,CC BY-SA 4.0
1581,comparison,1581,"[""ngsl-core""]","[""comparison""]",New General Service List,1.2,https://www.newgeneralservicelist.com/new-general-service-list,CC BY-SA 4.0
1582,characteristic,1582,"[""ngsl-core""]","[""characteristic""]",New General Service List,1.2,https://www.newgeneralservicelist.com/new-general-service-list,CC BY-SA 4.0
1583,license,1583,"[""ngsl-core""]","[""license""]",New General Service List,1.2,https://www.newgeneralservicelist.com/new-general-service-list,CC BY-SA 4.0
1584,rely,1584,"[""ngsl-core""]","[""rely""]",New General Service List,1.2,https://www.newgeneralservicelist.com/new-general-service-list,CC BY-SA 4.0
1585,narrow,1585,"[""ngsl-core""]","[""narrow""]",New General Service List,1.2,https://www.newgeneralservicelist.com/new-general-service-list,CC BY-SA 4.0
1586,succeed,1586,"[""ngsl-core""]","[""succeed""]",New General Service List,1.2,https://www.newgeneralservicelist.com/new-general-service-list,CC BY-SA 4.0
1587,identity,1587,"[""ngsl-core""]","[""identity""]",New General Service List,1.2,https://www.newgeneralservicelist.com/new-general-service-list,CC BY-SA 4.0
1588,desk,1588,"[""ngsl-core""]","[""desk""]",New General Service List,1.2,https://www.newgeneralservicelist.com/new-general-service-list,CC BY-SA 4.0
1589,permit,1589,"[""ngsl-core""]","[""permit""]",New General Service List,1.2,https://www.newgeneralservicelist.com/new-general-service-list,CC BY-SA 4.0
1590,seriously,1590,"[""ngsl-core""]","[""seriously""]",New General Service List,1.2,https://www.newgeneralservicelist.com/new-general-service-list,CC BY-SA 4.0
1591,wild,1591,"[""ngsl-core""]","[""wild""]",New General Service List,1.2,https://www.newgeneralservicelist.com/new-general-service-list,CC BY-SA 4.0
1592,empty,1592,"[""ngsl-core""]","[""empty""]",New General Service List,1.2,https://www.newgeneralservicelist.com/new-general-service-list,CC BY-SA 4.0
1593,commission,1593,"[""ngsl-core""]","[""commission""]",New General Service List,1.2,https://www.newgeneralservicelist.com/new-general-service-list,CC BY-SA 4.0
1594,unique,1594,"[""ngsl-core""]","[""unique""]",New General Service List,1.2,https://www.newgeneralservicelist.com/new-general-service-list,CC BY-SA 4.0
1595,association,1595,"[""ngsl-core""]","[""association""]",New General Service List,1.2,https://www.newgeneralservicelist.com/new-general-service-list,CC BY-SA 4.0
1596,instrument,1596,"[""ngsl-core""]","[""instrument""]",New General Service List,1.2,https://www.newgeneralservicelist.com/new-general-service-list,CC BY-SA 4.0
1597,investor,1597,"[""ngsl-core""]","[""investor""]",New General Service List,1.2,https://www.newgeneralservicelist.com/new-general-service-list,CC BY-SA 4.0
1598,practical,1598,"[""ngsl-core""]","[""practical""]",New General Service List,1.2,https://www.newgeneralservicelist.com/new-general-service-list,CC BY-SA 4.0
1599,tea,1599,"[""ngsl-core""]","[""tea""]",New General Service List,1.2,https://www.newgeneralservicelist.com/new-general-service-list,CC BY-SA 4.0
1600,lovely,1600,"[""ngsl-core""]","[""lovely""]",New General Service List,1.2,https://www.newgeneralservicelist.com/new-general-service-list,CC BY-SA 4.0
1601,soft,1601,"[""ngsl-core""]","[""soft""]",New General Service List,1.2,https://www.newgeneralservicelist.com/new-general-service-list,CC BY-SA 4.0
1602,row,1602,"[""ngsl-core""]","[""row""]",New General Service List,1.2,https://www.newgeneralservicelist.com/new-general-service-list,CC BY-SA 4.0
1603,youth,1603,"[""ngsl-core""]","[""youth""]",New General Service List,1.2,https://www.newgeneralservicelist.com/new-general-service-list,CC BY-SA 4.0
1604,lock,1604,"[""ngsl-core""]","[""lock""]",New General Service List,1.2,https://www.newgeneralservicelist.com/new-general-service-list,CC BY-SA 4.0
1605,fuel,1605,"[""ngsl-core""]","[""fuel""]",New General Service List,1.2,https://www.newgeneralservicelist.com/new-general-service-list,CC BY-SA 4.0
1606,expectation,1606,"[""ngsl-core""]","[""expectation""]",New General Service List,1.2,https://www.newgeneralservicelist.com/new-general-service-list,CC BY-SA 4.0
1607,employment,1607,"[""ngsl-core""]","[""employment""]",New General Service List,1.2,https://www.newgeneralservicelist.com/new-general-service-list,CC BY-SA 4.0
1608,celebrate,1608,"[""ngsl-core""]","[""celebrate""]",New General Service List,1.2,https://www.newgeneralservicelist.com/new-general-service-list,CC BY-SA 4.0
1609,sexual,1609,"[""ngsl-core""]","[""sexual""]",New General Service List,1.2,https://www.newgeneralservicelist.com/new-general-service-list,CC BY-SA 4.0
1610,shoulder,1610,"[""ngsl-core""]","[""shoulder""]",New General Service List,1.2,https://www.newgeneralservicelist.com/new-general-service-list,CC BY-SA 4.0
1611,breath,1611,"[""ngsl-core""]","[""breath""]",New General Service List,1.2,https://www.newgeneralservicelist.com/new-general-service-list,CC BY-SA 4.0
1612,increasingly,1612,"[""ngsl-core""]","[""increasingly""]",New General Service List,1.2,https://www.newgeneralservicelist.com/new-general-service-list,CC BY-SA 4.0
1613,import,1613,"[""ngsl-core""]","[""import""]",New General Service List,1.2,https://www.newgeneralservicelist.com/new-general-service-list,CC BY-SA 4.0
1614,bottle,1614,"[""ngsl-core""]","[""bottle""]",New General Service List,1.2,https://www.newgeneralservicelist.com/new-general-service-list,CC BY-SA 4.0
1615,ourselves,1615,"[""ngsl-core""]","[""ourselves""]",New General Service List,1.2,https://www.newgeneralservicelist.com/new-general-service-list,CC BY-SA 4.0
1616,sheet,1616,"[""ngsl-core""]","[""sheet""]",New General Service List,1.2,https://www.newgeneralservicelist.com/new-general-service-list,CC BY-SA 4.0
1617,engine,1617,"[""ngsl-core""]","[""engine""]",New General Service List,1.2,https://www.newgeneralservicelist.com/new-general-service-list,CC BY-SA 4.0
1618,cast,1618,"[""ngsl-core""]","[""cast""]",New General Service List,1.2,https://www.newgeneralservicelist.com/new-general-service-list,CC BY-SA 4.0
1619,notion,1619,"[""ngsl-core""]","[""notion""]",New General Service List,1.2,https://www.newgeneralservicelist.com/new-general-service-list,CC BY-SA 4.0
1620,conservative,1620,"[""ngsl-core""]","[""conservative""]",New General Service List,1.2,https://www.newgeneralservicelist.com/new-general-service-list,CC BY-SA 4.0
1621,journey,1621,"[""ngsl-core""]","[""journey""]",New General Service List,1.2,https://www.newgeneralservicelist.com/new-general-service-list,CC BY-SA 4.0
1622,opposition,1622,"[""ngsl-core""]","[""opposition""]",New General Service List,1.2,https://www.newgeneralservicelist.com/new-general-service-list,CC BY-SA 4.0
1623,relief,1623,"[""ngsl-core""]","[""relief""]",New General Service List,1.2,https://www.newgeneralservicelist.com/new-general-service-list,CC BY-SA 4.0
1624,debt,1624,"[""ngsl-core""]","[""debt""]",New General Service List,1.2,https://www.newgeneralservicelist.com/new-general-service-list,CC BY-SA 4.0
1625,honor,1625,"[""ngsl-core""]","[""honor""]",New General Service List,1.2,https://www.newgeneralservicelist.com/new-general-service-list,CC BY-SA 4.0
1626,outcome,1626,"[""ngsl-core""]","[""outcome""]",New General Service List,1.2,https://www.newgeneralservicelist.com/new-general-service-list,CC BY-SA 4.0
1627,blame,1627,"[""ngsl-core""]","[""blame""]",New General Service List,1.2,https://www.newgeneralservicelist.com/new-general-service-list,CC BY-SA 4.0
1628,explanation,1628,"[""ngsl-core""]","[""explanation""]",New General Service List,1.2,https://www.newgeneralservicelist.com/new-general-service-list,CC BY-SA 4.0
1629,arise,1629,"[""ngsl-core""]","[""arise""]",New General Service List,1.2,https://www.newgeneralservicelist.com/new-general-service-list,CC BY-SA 4.0
1630,musical,1630,"[""ngsl-core""]","[""musical""]",New General Service List,1.2,https://www.newgeneralservicelist.com/new-general-service-list,CC BY-SA 4.0
1631,recover,1631,"[""ngsl-core""]","[""recover""]",New General Service List,1.2,https://www.newgeneralservicelist.com/new-general-service-list,CC BY-SA 4.0
1632,dad,1632,"[""ngsl-core""]","[""dad""]",New General Service List,1.2,https://www.newgeneralservicelist.com/new-general-service-list,CC BY-SA 4.0
1633,stretch,1633,"[""ngsl-core""]","[""stretch""]",New General Service List,1.2,https://www.newgeneralservicelist.com/new-general-service-list,CC BY-SA 4.0
1634,declare,1634,"[""ngsl-core""]","[""declare""]",New General Service List,1.2,https://www.newgeneralservicelist.com/new-general-service-list,CC BY-SA 4.0
1635,retire,1635,"[""ngsl-core""]","[""retire""]",New General Service List,1.2,https://www.newgeneralservicelist.com/new-general-service-list,CC BY-SA 4.0
1636,tiny,1636,"[""ngsl-core""]","[""tiny""]",New General Service List,1.2,https://www.newgeneralservicelist.com/new-general-service-list,CC BY-SA 4.0
1637,careful,1637,"[""ngsl-core""]","[""careful""]",New General Service List,1.2,https://www.newgeneralservicelist.com/new-general-service-list,CC BY-SA 4.0
1638,suitable,1638,"[""ngsl-core""]","[""suitable""]",New General Service List,1.2,https://www.newgeneralservicelist.com/new-general-service-list,CC BY-SA 4.0
1639,native,1639,"[""ngsl-core""]","[""native""]",New General Service List,1.2,https://www.newgeneralservicelist.com/new-general-service-list,CC BY-SA 4.0
1640,fruit,1640,"[""ngsl-core""]","[""fruit""]",New General Service List,1.2,https://www.newgeneralservicelist.com/new-general-service-list,CC BY-SA 4.0
1641,analyze,1641,"[""ngsl-core""]","[""analyze""]",New General Service List,1.2,https://www.newgeneralservicelist.com/new-general-service-list,CC BY-SA 4.0
1642,witness,1642,"[""ngsl-core""]","[""witness""]",New General Service List,1.2,https://www.newgeneralservicelist.com/new-general-service-list,CC BY-SA 4.0
1643,mail,1643,"[""ngsl-core""]","[""mail""]",New General Service List,1.2,https://www.newgeneralservicelist.com/new-general-service-list,CC BY-SA 4.0
1644,terrible,1644,"[""ngsl-core""]","[""terrible""]",New General Service List,1.2,https://www.newgeneralservicelist.com/new-general-service-list,CC BY-SA 4.0
1645,researcher,1645,"[""ngsl-core""]","[""researcher""]",New General Service List,1.2,https://www.newgeneralservicelist.com/new-general-service-list,CC BY-SA 4.0
1646,ordinary,1646,"[""ngsl-core""]","[""ordinary""]",New General Service List,1.2,https://www.newgeneralservicelist.com/new-general-service-list,CC BY-SA 4.0
1647,selection,1647,"[""ngsl-core""]","[""selection""]",New General Service List,1.2,https://www.newgeneralservicelist.com/new-general-service-list,CC BY-SA 4.0
1648,anywhere,1648,"[""ngsl-core""]","[""anywhere""]",New General Service List,1.2,https://www.newgeneralservicelist.com/new-general-service-list,CC BY-SA 4.0
1649,mental,1649,"[""ngsl-core""]","[""mental""]",New General Service List,1.2,https://www.newgeneralservicelist.com/new-general-service-list,CC BY-SA 4.0
1650,participant,1650,"[""ngsl-core""]","[""participant""]",New General Service List,1.2,https://www.newgeneralservicelist.com/new-general-service-list,CC BY-SA 4.0
1651,vision,1651,"[""ngsl-core""]","[""vision""]",New General Service List,1.2,https://www.newgeneralservicelist.com/new-general-service-list,CC BY-SA 4.0
1652,personality,1652,"[""ngsl-core""]","[""personality""]",New General Service List,1.2,https://www.newgeneralservicelist.com/new-general-service-list,CC BY-SA 4.0
1653,specifically,1653,"[""ngsl-core""]","[""specifically""]",New General Service List,1.2,https://www.newgeneralservicelist.com/new-general-service-list,CC BY-SA 4.0
1654,fat,1654,"[""ngsl-core""]","[""fat""]",New General Service List,1.2,https://www.newgeneralservicelist.com/new-general-service-list,CC BY-SA 4.0
1655,entry,1655,"[""ngsl-core""]","[""entry""]",New General Service List,1.2,https://www.newgeneralservicelist.com/new-general-service-list,CC BY-SA 4.0
1656,fellow,1656,"[""ngsl-core""]","[""fellow""]",New General Service List,1.2,https://www.newgeneralservicelist.com/new-general-service-list,CC BY-SA 4.0
1657,chemical,1657,"[""ngsl-core""]","[""chemical""]",New General Service List,1.2,https://www.newgeneralservicelist.com/new-general-service-list,CC BY-SA 4.0
1658,capture,1658,"[""ngsl-core""]","[""capture""]",New General Service List,1.2,https://www.newgeneralservicelist.com/new-general-service-list,CC BY-SA 4.0
1659,tip,1659,"[""ngsl-core""]","[""tip""]",New General Service List,1.2,https://www.newgeneralservicelist.com/new-general-service-list,CC BY-SA 4.0
1660,discount,1660,"[""ngsl-core""]","[""discount""]",New General Service List,1.2,https://www.newgeneralservicelist.com/new-general-service-list,CC BY-SA 4.0
1661,peak,1661,"[""ngsl-core""]","[""peak""]",New General Service List,1.2,https://www.newgeneralservicelist.com/new-general-service-list,CC BY-SA 4.0
1662,chairman,1662,"[""ngsl-core""]","[""chairman""]",New General Service List,1.2,https://www.newgeneralservicelist.com/new-general-service-list,CC BY-SA 4.0
1663,proportion,1663,"[""ngsl-core""]","[""proportion""]",New General Service List,1.2,https://www.newgeneralservicelist.com/new-general-service-list,CC BY-SA 4.0
1664,ear,1664,"[""ngsl-core""]","[""ear""]",New General Service List,1.2,https://www.newgeneralservicelist.com/new-general-service-list,CC BY-SA 4.0
1665,disappear,1665,"[""ngsl-core""]","[""disappear""]",New General Service List,1.2,https://www.newgeneralservicelist.com/new-general-service-list,CC BY-SA 4.0
1666,shout,1666,"[""ngsl-core""]","[""shout""]",New General Service List,1.2,https://www.newgeneralservicelist.com/new-general-service-list,CC BY-SA 4.0
1667,yard,1667,"[""ngsl-core""]","[""yard""]",New General Service List,1.2,https://www.newgeneralservicelist.com/new-general-service-list,CC BY-SA 4.0
1668,constant,1668,"[""ngsl-core""]","[""constant""]",New General Service List,1.2,https://www.newgeneralservicelist.com/new-general-service-list,CC BY-SA 4.0
1669,significantly,1669,"[""ngsl-core""]","[""significantly""]",New General Service List,1.2,https://www.newgeneralservicelist.com/new-general-service-list,CC BY-SA 4.0
1670,hill,1670,"[""ngsl-core""]","[""hill""]",New General Service List,1.2,https://www.newgeneralservicelist.com/new-general-service-list,CC BY-SA 4.0
1671,considerable,1671,"[""ngsl-core""]","[""considerable""]",New General Service List,1.2,https://www.newgeneralservicelist.com/new-general-service-list,CC BY-SA 4.0
1672,instruction,1672,"[""ngsl-core""]","[""instruction""]",New General Service List,1.2,https://www.newgeneralservicelist.com/new-general-service-list,CC BY-SA 4.0
1673,intelligence,1673,"[""ngsl-core""]","[""intelligence""]",New General Service List,1.2,https://www.newgeneralservicelist.com/new-general-service-list,CC BY-SA 4.0
1674,ideal,1674,"[""ngsl-core""]","[""ideal""]",New General Service List,1.2,https://www.newgeneralservicelist.com/new-general-service-list,CC BY-SA 4.0
1675,folk,1675,"[""ngsl-core""]","[""folk""]",New General Service List,1.2,https://www.newgeneralservicelist.com/new-general-service-list,CC BY-SA 4.0
1676,surely,1676,"[""ngsl-core""]","[""surely""]",New General Service List,1.2,https://www.newgeneralservicelist.com/new-general-service-list,CC BY-SA 4.0
1677,guard,1677,"[""ngsl-core""]","[""guard""]",New General Service List,1.2,https://www.newgeneralservicelist.com/new-general-service-list,CC BY-SA 4.0
1678,cat,1678,"[""ngsl-core""]","[""cat""]",New General Service List,1.2,https://www.newgeneralservicelist.com/new-general-service-list,CC BY-SA 4.0
1679,somewhat,1679,"[""ngsl-core""]","[""somewhat""]",New General Service List,1.2,https://www.newgeneralservicelist.com/new-general-service-list,CC BY-SA 4.0
1680,kiss,1680,"[""ngsl-core""]","[""kiss""]",New General Service List,1.2,https://www.newgeneralservicelist.com/new-general-service-list,CC BY-SA 4.0
1681,presentation,1681,"[""ngsl-core""]","[""presentation""]",New General Service List,1.2,https://www.newgeneralservicelist.com/new-general-service-list,CC BY-SA 4.0
1682,joint,1682,"[""ngsl-core""]","[""joint""]",New General Service List,1.2,https://www.newgeneralservicelist.com/new-general-service-list,CC BY-SA 4.0
1683,compete,1683,"[""ngsl-core""]","[""compete""]",New General Service List,1.2,https://www.newgeneralservicelist.com/new-general-service-list,CC BY-SA 4.0
1684,poll,1684,"[""ngsl-core""]","[""poll""]",New General Service List,1.2,https://www.newgeneralservicelist.com/new-general-service-list,CC BY-SA 4.0
1685,weak,1685,"[""ngsl-core""]","[""weak""]",New General Service List,1.2,https://www.newgeneralservicelist.com/new-general-service-list,CC BY-SA 4.0
1686,faith,1686,"[""ngsl-core""]","[""faith""]",New General Service List,1.2,https://www.newgeneralservicelist.com/new-general-service-list,CC BY-SA 4.0
1687,reduction,1687,"[""ngsl-core""]","[""reduction""]",New General Service List,1.2,https://www.newgeneralservicelist.com/new-general-service-list,CC BY-SA 4.0
1688,reserve,1688,"[""ngsl-core""]","[""reserve""]",New General Service List,1.2,https://www.newgeneralservicelist.com/new-general-service-list,CC BY-SA 4.0
1689,complaint,1689,"[""ngsl-core""]","[""complaint""]",New General Service List,1.2,https://www.newgeneralservicelist.com/new-general-service-list,CC BY-SA 4.0
1690,bore,1690,"[""ngsl-core""]","[""bore""]",New General Service List,1.2,https://www.newgeneralservicelist.com/new-general-service-list,CC BY-SA 4.0
1691,mission,1691,"[""ngsl-core""]","[""mission""]",New General Service List,1.2,https://www.newgeneralservicelist.com/new-general-service-list,CC BY-SA 4.0
1692,somehow,1692,"[""ngsl-core""]","[""somehow""]",New General Service List,1.2,https://www.newgeneralservicelist.com/new-general-service-list,CC BY-SA 4.0
1693,tone,1693,"[""ngsl-core""]","[""tone""]",New General Service List,1.2,https://www.newgeneralservicelist.com/new-general-service-list,CC BY-SA 4.0
1694,neighborhood,1694,"[""ngsl-core""]","[""neighborhood""]",New General Service List,1.2,https://www.newgeneralservicelist.com/new-general-service-list,CC BY-SA 4.0
1695,passenger,1695,"[""ngsl-core""]","[""passenger""]",New General Service List,1.2,https://www.newgeneralservicelist.com/new-general-service-list,CC BY-SA 4.0
1696,justice,1696,"[""ngsl-core""]","[""justice""]",New General Service List,1.2,https://www.newgeneralservicelist.com/new-general-service-list,CC BY-SA 4.0
1697,phase,1697,"[""ngsl-core""]","[""phase""]",New General Service List,1.2,https://www.newgeneralservicelist.com/new-general-service-list,CC BY-SA 4.0
1698,thin,1698,"[""ngsl-core""]","[""thin""]",New General Service List,1.2,https://www.newgeneralservicelist.com/new-general-service-list,CC BY-SA 4.0
1699,rush,1699,"[""ngsl-core""]","[""rush""]",New General Service List,1.2,https://www.newgeneralservicelist.com/new-general-service-list,CC BY-SA 4.0
1700,formal,1700,"[""ngsl-core""]","[""formal""]",New General Service List,1.2,https://www.newgeneralservicelist.com/new-general-service-list,CC BY-SA 4.0
1701,religion,1701,"[""ngsl-core""]","[""religion""]",New General Service List,1.2,https://www.newgeneralservicelist.com/new-general-service-list,CC BY-SA 4.0
1702,employer,1702,"[""ngsl-core""]","[""employer""]",New General Service List,1.2,https://www.newgeneralservicelist.com/new-general-service-list,CC BY-SA 4.0
1703,reject,1703,"[""ngsl-core""]","[""reject""]",New General Service List,1.2,https://www.newgeneralservicelist.com/new-general-service-list,CC BY-SA 4.0
1704,latter,1704,"[""ngsl-core""]","[""latter""]",New General Service List,1.2,https://www.newgeneralservicelist.com/new-general-service-list,CC BY-SA 4.0
1705,plate,1705,"[""ngsl-core""]","[""plate""]",New General Service List,1.2,https://www.newgeneralservicelist.com/new-general-service-list,CC BY-SA 4.0
1706,ban,1706,"[""ngsl-core""]","[""ban""]",New General Service List,1.2,https://www.newgeneralservicelist.com/new-general-service-list,CC BY-SA 4.0
1707,steal,1707,"[""ngsl-core""]","[""steal""]",New General Service List,1.2,https://www.newgeneralservicelist.com/new-general-service-list,CC BY-SA 4.0
1708,protest,1708,"[""ngsl-core""]","[""protest""]",New General Service List,1.2,https://www.newgeneralservicelist.com/new-general-service-list,CC BY-SA 4.0
1709,index,1709,"[""ngsl-core""]","[""index""]",New General Service List,1.2,https://www.newgeneralservicelist.com/new-general-service-list,CC BY-SA 4.0
1710,sad,1710,"[""ngsl-core""]","[""sad""]",New General Service List,1.2,https://www.newgeneralservicelist.com/new-general-service-list,CC BY-SA 4.0
1711,frequently,1711,"[""ngsl-core""]","[""frequently""]",New General Service List,1.2,https://www.newgeneralservicelist.com/new-general-service-list,CC BY-SA 4.0
1712,circle,1712,"[""ngsl-core""]","[""circle""]",New General Service List,1.2,https://www.newgeneralservicelist.com/new-general-service-list,CC BY-SA 4.0
1713,helpful,1713,"[""ngsl-core""]","[""helpful""]",New General Service List,1.2,https://www.newgeneralservicelist.com/new-general-service-list,CC BY-SA 4.0
1714,command,1714,"[""ngsl-core""]","[""command""]",New General Service List,1.2,https://www.newgeneralservicelist.com/new-general-service-list,CC BY-SA 4.0
1715,attractive,1715,"[""ngsl-core""]","[""attractive""]",New General Service List,1.2,https://www.newgeneralservicelist.com/new-general-service-list,CC BY-SA 4.0
1716,sick,1716,"[""ngsl-core""]","[""sick""]",New General Service List,1.2,https://www.newgeneralservicelist.com/new-general-service-list,CC BY-SA 4.0
1717,impression,1717,"[""ngsl-core""]","[""impression""]",New General Service List,1.2,https://www.newgeneralservicelist.com/new-general-service-list,CC BY-SA 4.0
1718,unable,1718,"[""ngsl-core""]","[""unable""]",New General Service List,1.2,https://www.newgeneralservicelist.com/new-general-service-list,CC BY-SA 4.0
1719,joke,1719,"[""ngsl-core""]","[""joke""]",New General Service List,1.2,https://www.newgeneralservicelist.com/new-general-service-list,CC BY-SA 4.0
1720,sky,1720,"[""ngsl-core""]","[""sky""]",New General Service List,1.2,https://www.newgeneralservicelist.com/new-general-service-list,CC BY-SA 4.0
1721,column,1721,"[""ngsl-core""]","[""column""]",New General Service List,1.2,https://www.newgeneralservicelist.com/new-general-service-list,CC BY-SA 4.0
1722,electronic,1722,"[""ngsl-core""]","[""electronic""]",New General Service List,1.2,https://www.newgeneralservicelist.com/new-general-service-list,CC BY-SA 4.0
1723,impose,1723,"[""ngsl-core""]","[""impose""]",New General Service List,1.2,https://www.newgeneralservicelist.com/new-general-service-list,CC BY-SA 4.0
1724,criminal,1724,"[""ngsl-core""]","[""criminal""]",New General Service List,1.2,https://www.newgeneralservicelist.com/new-general-service-list,CC BY-SA 4.0
1725,besides,1725,"[""ngsl-core""]","[""besides""]",New General Service List,1.2,https://www.newgeneralservicelist.com/new-general-service-list,CC BY-SA 4.0
1726,properly,1726,"[""ngsl-core""]","[""properly""]",New General Service List,1.2,https://www.newgeneralservicelist.com/new-general-service-list,CC BY-SA 4.0
1727,ancient,1727,"[""ngsl-core""]","[""ancient""]",New General Service List,1.2,https://www.newgeneralservicelist.com/new-general-service-list,CC BY-SA 4.0
1728,coast,1728,"[""ngsl-core""]","[""coast""]",New General Service List,1.2,https://www.newgeneralservicelist.com/new-general-service-list,CC BY-SA 4.0
1729,ill,1729,"[""ngsl-core""]","[""ill""]",New General Service List,1.2,https://www.newgeneralservicelist.com/new-general-service-list,CC BY-SA 4.0
1730,kick,1730,"[""ngsl-core""]","[""kick""]",New General Service List,1.2,https://www.newgeneralservicelist.com/new-general-service-list,CC BY-SA 4.0
1731,closely,1731,"[""ngsl-core""]","[""closely""]",New General Service List,1.2,https://www.newgeneralservicelist.com/new-general-service-list,CC BY-SA 4.0
1732,multiple,1732,"[""ngsl-core""]","[""multiple""]",New General Service List,1.2,https://www.newgeneralservicelist.com/new-general-service-list,CC BY-SA 4.0
1733,yield,1733,"[""ngsl-core""]","[""yield""]",New General Service List,1.2,https://www.newgeneralservicelist.com/new-general-service-list,CC BY-SA 4.0
1734,via,1734,"[""ngsl-core""]","[""via""]",New General Service List,1.2,https://www.newgeneralservicelist.com/new-general-service-list,CC BY-SA 4.0
1735,legislation,1735,"[""ngsl-core""]","[""legislation""]",New General Service List,1.2,https://www.newgeneralservicelist.com/new-general-service-list,CC BY-SA 4.0
1736,county,1736,"[""ngsl-core""]","[""county""]",New General Service List,1.2,https://www.newgeneralservicelist.com/new-general-service-list,CC BY-SA 4.0
1737,unlike,1737,"[""ngsl-core""]","[""unlike""]",New General Service List,1.2,https://www.newgeneralservicelist.com/new-general-service-list,CC BY-SA 4.0
1738,mobile,1738,"[""ngsl-core""]","[""mobile""]",New General Service List,1.2,https://www.newgeneralservicelist.com/new-general-service-list,CC BY-SA 4.0
1739,assistant,1739,"[""ngsl-core""]","[""assistant""]",New General Service List,1.2,https://www.newgeneralservicelist.com/new-general-service-list,CC BY-SA 4.0
1740,implement,1740,"[""ngsl-core""]","[""implement""]",New General Service List,1.2,https://www.newgeneralservicelist.com/new-general-service-list,CC BY-SA 4.0
1741,chart,1741,"[""ngsl-core""]","[""chart""]",New General Service List,1.2,https://www.newgeneralservicelist.com/new-general-service-list,CC BY-SA 4.0
1742,attach,1742,"[""ngsl-core""]","[""attach""]",New General Service List,1.2,https://www.newgeneralservicelist.com/new-general-service-list,CC BY-SA 4.0
1743,hell,1743,"[""ngsl-core""]","[""hell""]",New General Service List,1.2,https://www.newgeneralservicelist.com/new-general-service-list,CC BY-SA 4.0
1744,everywhere,1744,"[""ngsl-core""]","[""everywhere""]",New General Service List,1.2,https://www.newgeneralservicelist.com/new-general-service-list,CC BY-SA 4.0
1745,advise,1745,"[""ngsl-core""]","[""advise""]",New General Service List,1.2,https://www.newgeneralservicelist.com/new-general-service-list,CC BY-SA 4.0
1746,household,1746,"[""ngsl-core""]","[""household""]",New General Service List,1.2,https://www.newgeneralservicelist.com/new-general-service-list,CC BY-SA 4.0
1747,acknowledge,1747,"[""ngsl-core""]","[""acknowledge""]",New General Service List,1.2,https://www.newgeneralservicelist.com/new-general-service-list,CC BY-SA 4.0
1748,reward,1748,"[""ngsl-core""]","[""reward""]",New General Service List,1.2,https://www.newgeneralservicelist.com/new-general-service-list,CC BY-SA 4.0
1749,east,1749,"[""ngsl-core""]","[""east""]",New General Service List,1.2,https://www.newgeneralservicelist.com/new-general-service-list,CC BY-SA 4.0
1750,hat,1750,"[""ngsl-core""]","[""hat""]",New General Service List,1.2,https://www.newgeneralservicelist.com/new-general-service-list,CC BY-SA 4.0
1751,academic,1751,"[""ngsl-core""]","[""academic""]",New General Service List,1.2,https://www.newgeneralservicelist.com/new-general-service-list,CC BY-SA 4.0
1752,voter,1752,"[""ngsl-core""]","[""voter""]",New General Service List,1.2,https://www.newgeneralservicelist.com/new-general-service-list,CC BY-SA 4.0
1753,meanwhile,1753,"[""ngsl-core""]","[""meanwhile""]",New General Service List,1.2,https://www.newgeneralservicelist.com/new-general-service-list,CC BY-SA 4.0
1754,furthermore,1754,"[""ngsl-core""]","[""furthermore""]",New General Service List,1.2,https://www.newgeneralservicelist.com/new-general-service-list,CC BY-SA 4.0
1755,accuse,1755,"[""ngsl-core""]","[""accuse""]",New General Service List,1.2,https://www.newgeneralservicelist.com/new-general-service-list,CC BY-SA 4.0
1756,scientific,1756,"[""ngsl-core""]","[""scientific""]",New General Service List,1.2,https://www.newgeneralservicelist.com/new-general-service-list,CC BY-SA 4.0
1757,wage,1757,"[""ngsl-core""]","[""wage""]",New General Service List,1.2,https://www.newgeneralservicelist.com/new-general-service-list,CC BY-SA 4.0
1758,absence,1758,"[""ngsl-core""]","[""absence""]",New General Service List,1.2,https://www.newgeneralservicelist.com/new-general-service-list,CC BY-SA 4.0
1759,construct,1759,"[""ngsl-core""]","[""construct""]",New General Service List,1.2,https://www.newgeneralservicelist.com/new-general-service-list,CC BY-SA 4.0
1760,remark,1760,"[""ngsl-core""]","[""remark""]",New General Service List,1.2,https://www.newgeneralservicelist.com/new-general-service-list,CC BY-SA 4.0
1761,medicine,1761,"[""ngsl-core""]","[""medicine""]",New General Service List,1.2,https://www.newgeneralservicelist.com/new-general-service-list,CC BY-SA 4.0
1762,professor,1762,"[""ngsl-core""]","[""professor""]",New General Service List,1.2,https://www.newgeneralservicelist.com/new-general-service-list,CC BY-SA 4.0
1763,rare,1763,"[""ngsl-core""]","[""rare""]",New General Service List,1.2,https://www.newgeneralservicelist.com/new-general-service-list,CC BY-SA 4.0
1764,intention,1764,"[""ngsl-core""]","[""intention""]",New General Service List,1.2,https://www.newgeneralservicelist.com/new-general-service-list,CC BY-SA 4.0
1765,dozen,1765,"[""ngsl-core""]","[""dozen""]",New General Service List,1.2,https://www.newgeneralservicelist.com/new-general-service-list,CC BY-SA 4.0
1766,settlement,1766,"[""ngsl-core""]","[""settlement""]",New General Service List,1.2,https://www.newgeneralservicelist.com/new-general-service-list,CC BY-SA 4.0
1767,gap,1767,"[""ngsl-core""]","[""gap""]",New General Service List,1.2,https://www.newgeneralservicelist.com/new-general-service-list,CC BY-SA 4.0
1768,widely,1768,"[""ngsl-core""]","[""widely""]",New General Service List,1.2,https://www.newgeneralservicelist.com/new-general-service-list,CC BY-SA 4.0
1769,minimum,1769,"[""ngsl-core""]","[""minimum""]",New General Service List,1.2,https://www.newgeneralservicelist.com/new-general-service-list,CC BY-SA 4.0
1770,northern,1770,"[""ngsl-core""]","[""northern""]",New General Service List,1.2,https://www.newgeneralservicelist.com/new-general-service-list,CC BY-SA 4.0
1771,estate,1771,"[""ngsl-core""]","[""estate""]",New General Service List,1.2,https://www.newgeneralservicelist.com/new-general-service-list,CC BY-SA 4.0
1772,equally,1772,"[""ngsl-core""]","[""equally""]",New General Service List,1.2,https://www.newgeneralservicelist.com/new-general-service-list,CC BY-SA 4.0
1773,expose,1773,"[""ngsl-core""]","[""expose""]",New General Service List,1.2,https://www.newgeneralservicelist.com/new-general-service-list,CC BY-SA 4.0
1774,alive,1774,"[""ngsl-core""]","[""alive""]",New General Service List,1.2,https://www.newgeneralservicelist.com/new-general-service-list,CC BY-SA 4.0
1775,shut,1775,"[""ngsl-core""]","[""shut""]",New General Service List,1.2,https://www.newgeneralservicelist.com/new-general-service-list,CC BY-SA 4.0
1776,victory,1776,"[""ngsl-core""]","[""victory""]",New General Service List,1.2,https://www.newgeneralservicelist.com/new-general-service-list,CC BY-SA 4.0
1777,resolve,1777,"[""ngsl-core""]","[""resolve""]",New General Service List,1.2,https://www.newgeneralservicelist.com/new-general-service-list,CC BY-SA 4.0
1778,critic,1778,"[""ngsl-core""]","[""critic""]",New General Service List,1.2,https://www.newgeneralservicelist.com/new-general-service-list,CC BY-SA 4.0
1779,variable,1779,"[""ngsl-core""]","[""variable""]",New General Service List,1.2,https://www.newgeneralservicelist.com/new-general-service-list,CC BY-SA 4.0
1780,enormous,1780,"[""ngsl-core""]","[""enormous""]",New General Service List,1.2,https://www.newgeneralservicelist.com/new-general-service-list,CC BY-SA 4.0
1781,sweet,1781,"[""ngsl-core""]","[""sweet""]",New General Service List,1.2,https://www.newgeneralservicelist.com/new-general-service-list,CC BY-SA 4.0
1782,permanent,1782,"[""ngsl-core""]","[""permanent""]",New General Service List,1.2,https://www.newgeneralservicelist.com/new-general-service-list,CC BY-SA 4.0
1783,emotion,1783,"[""ngsl-core""]","[""emotion""]",New General Service List,1.2,https://www.newgeneralservicelist.com/new-general-service-list,CC BY-SA 4.0
1784,pursue,1784,"[""ngsl-core""]","[""pursue""]",New General Service List,1.2,https://www.newgeneralservicelist.com/new-general-service-list,CC BY-SA 4.0
1785,tall,1785,"[""ngsl-core""]","[""tall""]",New General Service List,1.2,https://www.newgeneralservicelist.com/new-general-service-list,CC BY-SA 4.0
1786,urge,1786,"[""ngsl-core""]","[""urge""]",New General Service List,1.2,https://www.newgeneralservicelist.com/new-general-service-list,CC BY-SA 4.0
1787,enemy,1787,"[""ngsl-core""]","[""enemy""]",New General Service List,1.2,https://www.newgeneralservicelist.com/new-general-service-list,CC BY-SA 4.0
1788,appoint,1788,"[""ngsl-core""]","[""appoint""]",New General Service List,1.2,https://www.newgeneralservicelist.com/new-general-service-list,CC BY-SA 4.0
1789,milk,1789,"[""ngsl-core""]","[""milk""]",New General Service List,1.2,https://www.newgeneralservicelist.com/new-general-service-list,CC BY-SA 4.0
1790,talent,1790,"[""ngsl-core""]","[""talent""]",New General Service List,1.2,https://www.newgeneralservicelist.com/new-general-service-list,CC BY-SA 4.0
1791,smell,1791,"[""ngsl-core""]","[""smell""]",New General Service List,1.2,https://www.newgeneralservicelist.com/new-general-service-list,CC BY-SA 4.0
1792,prior,1792,"[""ngsl-core""]","[""prior""]",New General Service List,1.2,https://www.newgeneralservicelist.com/new-general-service-list,CC BY-SA 4.0
1793,priority,1793,"[""ngsl-core""]","[""priority""]",New General Service List,1.2,https://www.newgeneralservicelist.com/new-general-service-list,CC BY-SA 4.0
1794,online,1794,"[""ngsl-core""]","[""online""]",New General Service List,1.2,https://www.newgeneralservicelist.com/new-general-service-list,CC BY-SA 4.0
1795,phrase,1795,"[""ngsl-core""]","[""phrase""]",New General Service List,1.2,https://www.newgeneralservicelist.com/new-general-service-list,CC BY-SA 4.0
1796,pilot,1796,"[""ngsl-core""]","[""pilot""]",New General Service List,1.2,https://www.newgeneralservicelist.com/new-general-service-list,CC BY-SA 4.0
1797,stable,1797,"[""ngsl-core""]","[""stable""]",New General Service List,1.2,https://www.newgeneralservicelist.com/new-general-service-list,CC BY-SA 4.0
1798,merely,1798,"[""ngsl-core""]","[""merely""]",New General Service List,1.2,https://www.newgeneralservicelist.com/new-general-service-list,CC BY-SA 4.0
1799,resolution,1799,"[""ngsl-core""]","[""resolution""]",New General Service List,1.2,https://www.newgeneralservicelist.com/new-general-service-list,CC BY-SA 4.0
1800,communicate,1800,"[""ngsl-core""]","[""communicate""]",New General Service List,1.2,https://www.newgeneralservicelist.com/new-general-service-list,CC BY-SA 4.0
1801,injury,1801,"[""ngsl-core""]","[""injury""]",New General Service List,1.2,https://www.newgeneralservicelist.com/new-general-service-list,CC BY-SA 4.0
1802,vast,1802,"[""ngsl-core""]","[""vast""]",New General Service List,1.2,https://www.newgeneralservicelist.com/new-general-service-list,CC BY-SA 4.0
1803,exhibition,1803,"[""ngsl-core""]","[""exhibition""]",New General Service List,1.2,https://www.newgeneralservicelist.com/new-general-service-list,CC BY-SA 4.0
1804,producer,1804,"[""ngsl-core""]","[""producer""]",New General Service List,1.2,https://www.newgeneralservicelist.com/new-general-service-list,CC BY-SA 4.0
1805,regional,1805,"[""ngsl-core""]","[""regional""]",New General Service List,1.2,https://www.newgeneralservicelist.com/new-general-service-list,CC BY-SA 4.0
1806,immediate,1806,"[""ngsl-core""]","[""immediate""]",New General Service List,1.2,https://www.newgeneralservicelist.com/new-general-service-list,CC BY-SA 4.0
1807,incident,1807,"[""ngsl-core""]","[""incident""]",New General Service List,1.2,https://www.newgeneralservicelist.com/new-general-service-list,CC BY-SA 4.0
1808,childhood,1808,"[""ngsl-core""]","[""childhood""]",New General Service List,1.2,https://www.newgeneralservicelist.com/new-general-service-list,CC BY-SA 4.0
1809,draft,1809,"[""ngsl-core""]","[""draft""]",New General Service List,1.2,https://www.newgeneralservicelist.com/new-general-service-list,CC BY-SA 4.0
1810,slip,1810,"[""ngsl-core""]","[""slip""]",New General Service List,1.2,https://www.newgeneralservicelist.com/new-general-service-list,CC BY-SA 4.0
1811,accompany,1811,"[""ngsl-core""]","[""accompany""]",New General Service List,1.2,https://www.newgeneralservicelist.com/new-general-service-list,CC BY-SA 4.0
1812,politician,1812,"[""ngsl-core""]","[""politician""]",New General Service List,1.2,https://www.newgeneralservicelist.com/new-general-service-list,CC BY-SA 4.0
1813,angry,1813,"[""ngsl-core""]","[""angry""]",New General Service List,1.2,https://www.newgeneralservicelist.com/new-general-service-list,CC BY-SA 4.0
1814,knock,1814,"[""ngsl-core""]","[""knock""]",New General Service List,1.2,https://www.newgeneralservicelist.com/new-general-service-list,CC BY-SA 4.0
1815,seed,1815,"[""ngsl-core""]","[""seed""]",New General Service List,1.2,https://www.newgeneralservicelist.com/new-general-service-list,CC BY-SA 4.0
1816,salary,1816,"[""ngsl-core""]","[""salary""]",New General Service List,1.2,https://www.newgeneralservicelist.com/new-general-service-list,CC BY-SA 4.0
1817,illustrate,1817,"[""ngsl-core""]","[""illustrate""]",New General Service List,1.2,https://www.newgeneralservicelist.com/new-general-service-list,CC BY-SA 4.0
1818,imply,1818,"[""ngsl-core""]","[""imply""]",New General Service List,1.2,https://www.newgeneralservicelist.com/new-general-service-list,CC BY-SA 4.0
1819,breakfast,1819,"[""ngsl-core""]","[""breakfast""]",New General Service List,1.2,https://www.newgeneralservicelist.com/new-general-service-list,CC BY-SA 4.0
1820,temporary,1820,"[""ngsl-core""]","[""temporary""]",New General Service List,1.2,https://www.newgeneralservicelist.com/new-general-service-list,CC BY-SA 4.0
1821,liberal,1821,"[""ngsl-core""]","[""liberal""]",New General Service List,1.2,https://www.newgeneralservicelist.com/new-general-service-list,CC BY-SA 4.0
1822,lake,1822,"[""ngsl-core""]","[""lake""]",New General Service List,1.2,https://www.newgeneralservicelist.com/new-general-service-list,CC BY-SA 4.0
1823,qualify,1823,"[""ngsl-core""]","[""qualify""]",New General Service List,1.2,https://www.newgeneralservicelist.com/new-general-service-list,CC BY-SA 4.0
1824,competitive,1824,"[""ngsl-core""]","[""competitive""]",New General Service List,1.2,https://www.newgeneralservicelist.com/new-general-service-list,CC BY-SA 4.0
1825,truly,1825,"[""ngsl-core""]","[""truly""]",New General Service List,1.2,https://www.newgeneralservicelist.com/new-general-service-list,CC BY-SA 4.0
1826,hi,1826,"[""ngsl-core""]","[""hi""]",New General Service List,1.2,https://www.newgeneralservicelist.com/new-general-service-list,CC BY-SA 4.0
1827,yellow,1827,"[""ngsl-core""]","[""yellow""]",New General Service List,1.2,https://www.newgeneralservicelist.com/new-general-service-list,CC BY-SA 4.0
1828,habit,1828,"[""ngsl-core""]","[""habit""]",New General Service List,1.2,https://www.newgeneralservicelist.com/new-general-service-list,CC BY-SA 4.0
1829,disk,1829,"[""ngsl-core""]","[""disk""]",New General Service List,1.2,https://www.newgeneralservicelist.com/new-general-service-list,CC BY-SA 4.0
1830,core,1830,"[""ngsl-core""]","[""core""]",New General Service List,1.2,https://www.newgeneralservicelist.com/new-general-service-list,CC BY-SA 4.0
1831,emotional,1831,"[""ngsl-core""]","[""emotional""]",New General Service List,1.2,https://www.newgeneralservicelist.com/new-general-service-list,CC BY-SA 4.0
1832,aircraft,1832,"[""ngsl-core""]","[""aircraft""]",New General Service List,1.2,https://www.newgeneralservicelist.com/new-general-service-list,CC BY-SA 4.0
1833,self,1833,"[""ngsl-core""]","[""self""]",New General Service List,1.2,https://www.newgeneralservicelist.com/new-general-service-list,CC BY-SA 4.0
1834,metal,1834,"[""ngsl-core""]","[""metal""]",New General Service List,1.2,https://www.newgeneralservicelist.com/new-general-service-list,CC BY-SA 4.0
1835,existence,1835,"[""ngsl-core""]","[""existence""]",New General Service List,1.2,https://www.newgeneralservicelist.com/new-general-service-list,CC BY-SA 4.0
1836,bone,1836,"[""ngsl-core""]","[""bone""]",New General Service List,1.2,https://www.newgeneralservicelist.com/new-general-service-list,CC BY-SA 4.0
1837,panel,1837,"[""ngsl-core""]","[""panel""]",New General Service List,1.2,https://www.newgeneralservicelist.com/new-general-service-list,CC BY-SA 4.0
1838,prime,1838,"[""ngsl-core""]","[""prime""]",New General Service List,1.2,https://www.newgeneralservicelist.com/new-general-service-list,CC BY-SA 4.0
1839,appointment,1839,"[""ngsl-core""]","[""appointment""]",New General Service List,1.2,https://www.newgeneralservicelist.com/new-general-service-list,CC BY-SA 4.0
1840,emphasize,1840,"[""ngsl-core""]","[""emphasize""]",New General Service List,1.2,https://www.newgeneralservicelist.com/new-general-service-list,CC BY-SA 4.0
1841,maximum,1841,"[""ngsl-core""]","[""maximum""]",New General Service List,1.2,https://www.newgeneralservicelist.com/new-general-service-list,CC BY-SA 4.0
1842,effectively,1842,"[""ngsl-core""]","[""effectively""]",New General Service List,1.2,https://www.newgeneralservicelist.com/new-general-service-list,CC BY-SA 4.0
1843,elsewhere,1843,"[""ngsl-core""]","[""elsewhere""]",New General Service List,1.2,https://www.newgeneralservicelist.com/new-general-service-list,CC BY-SA 4.0
1844,bother,1844,"[""ngsl-core""]","[""bother""]",New General Service List,1.2,https://www.newgeneralservicelist.com/new-general-service-list,CC BY-SA 4.0
1845,initiative,1845,"[""ngsl-core""]","[""initiative""]",New General Service List,1.2,https://www.newgeneralservicelist.com/new-general-service-list,CC BY-SA 4.0
1846,sharp,1846,"[""ngsl-core""]","[""sharp""]",New General Service List,1.2,https://www.newgeneralservicelist.com/new-general-service-list,CC BY-SA 4.0
1847,diet,1847,"[""ngsl-core""]","[""diet""]",New General Service List,1.2,https://www.newgeneralservicelist.com/new-general-service-list,CC BY-SA 4.0
1848,motion,1848,"[""ngsl-core""]","[""motion""]",New General Service List,1.2,https://www.newgeneralservicelist.com/new-general-service-list,CC BY-SA 4.0
1849,gray,1849,"[""ngsl-core""]","[""gray""]",New General Service List,1.2,https://www.newgeneralservicelist.com/new-general-service-list,CC BY-SA 4.0
1850,plastic,1850,"[""ngsl-core""]","[""plastic""]",New General Service List,1.2,https://www.newgeneralservicelist.com/new-general-service-list,CC BY-SA 4.0
1851,complicate,1851,"[""ngsl-core""]","[""complicate""]",New General Service List,1.2,https://www.newgeneralservicelist.com/new-general-service-list,CC BY-SA 4.0
1852,discipline,1852,"[""ngsl-core""]","[""discipline""]",New General Service List,1.2,https://www.newgeneralservicelist.com/new-general-service-list,CC BY-SA 4.0
1853,disappoint,1853,"[""ngsl-core""]","[""disappoint""]",New General Service List,1.2,https://www.newgeneralservicelist.com/new-general-service-list,CC BY-SA 4.0
1854,boss,1854,"[""ngsl-core""]","[""boss""]",New General Service List,1.2,https://www.newgeneralservicelist.com/new-general-service-list,CC BY-SA 4.0
1855,assumption,1855,"[""ngsl-core""]","[""assumption""]",New General Service List,1.2,https://www.newgeneralservicelist.com/new-general-service-list,CC BY-SA 4.0
1856,freeze,1856,"[""ngsl-core""]","[""freeze""]",New General Service List,1.2,https://www.newgeneralservicelist.com/new-general-service-list,CC BY-SA 4.0
1857,extreme,1857,"[""ngsl-core""]","[""extreme""]",New General Service List,1.2,https://www.newgeneralservicelist.com/new-general-service-list,CC BY-SA 4.0
1858,passage,1858,"[""ngsl-core""]","[""passage""]",New General Service List,1.2,https://www.newgeneralservicelist.com/new-general-service-list,CC BY-SA 4.0
1859,reputation,1859,"[""ngsl-core""]","[""reputation""]",New General Service List,1.2,https://www.newgeneralservicelist.com/new-general-service-list,CC BY-SA 4.0
1860,forth,1860,"[""ngsl-core""]","[""forth""]",New General Service List,1.2,https://www.newgeneralservicelist.com/new-general-service-list,CC BY-SA 4.0
1861,negotiation,1861,"[""ngsl-core""]","[""negotiation""]",New General Service List,1.2,https://www.newgeneralservicelist.com/new-general-service-list,CC BY-SA 4.0
1862,mechanism,1862,"[""ngsl-core""]","[""mechanism""]",New General Service List,1.2,https://www.newgeneralservicelist.com/new-general-service-list,CC BY-SA 4.0
1863,coat,1863,"[""ngsl-core""]","[""coat""]",New General Service List,1.2,https://www.newgeneralservicelist.com/new-general-service-list,CC BY-SA 4.0
1864,democracy,1864,"[""ngsl-core""]","[""democracy""]",New General Service List,1.2,https://www.newgeneralservicelist.com/new-general-service-list,CC BY-SA 4.0
1865,pocket,1865,"[""ngsl-core""]","[""pocket""]",New General Service List,1.2,https://www.newgeneralservicelist.com/new-general-service-list,CC BY-SA 4.0
1866,lucky,1866,"[""ngsl-core""]","[""lucky""]",New General Service List,1.2,https://www.newgeneralservicelist.com/new-general-service-list,CC BY-SA 4.0
1867,crash,1867,"[""ngsl-core""]","[""crash""]",New General Service List,1.2,https://www.newgeneralservicelist.com/new-general-service-list,CC BY-SA 4.0
1868,observation,1868,"[""ngsl-core""]","[""observation""]",New General Service List,1.2,https://www.newgeneralservicelist.com/new-general-service-list,CC BY-SA 4.0
1869,meat,1869,"[""ngsl-core""]","[""meat""]",New General Service List,1.2,https://www.newgeneralservicelist.com/new-general-service-list,CC BY-SA 4.0
1870,concentration,1870,"[""ngsl-core""]","[""concentration""]",New General Service List,1.2,https://www.newgeneralservicelist.com/new-general-service-list,CC BY-SA 4.0
1871,implication,1871,"[""ngsl-core""]","[""implication""]",New General Service List,1.2,https://www.newgeneralservicelist.com/new-general-service-list,CC BY-SA 4.0
1872,deserve,1872,"[""ngsl-core""]","[""deserve""]",New General Service List,1.2,https://www.newgeneralservicelist.com/new-general-service-list,CC BY-SA 4.0
1873,unusual,1873,"[""ngsl-core""]","[""unusual""]",New General Service List,1.2,https://www.newgeneralservicelist.com/new-general-service-list,CC BY-SA 4.0
1874,defend,1874,"[""ngsl-core""]","[""defend""]",New General Service List,1.2,https://www.newgeneralservicelist.com/new-general-service-list,CC BY-SA 4.0
1875,classic,1875,"[""ngsl-core""]","[""classic""]",New General Service List,1.2,https://www.newgeneralservicelist.com/new-general-service-list,CC BY-SA 4.0
1876,king,1876,"[""ngsl-core""]","[""king""]",New General Service List,1.2,https://www.newgeneralservicelist.com/new-general-service-list,CC BY-SA 4.0
1877,interaction,1877,"[""ngsl-core""]","[""interaction""]",New General Service List,1.2,https://www.newgeneralservicelist.com/new-general-service-list,CC BY-SA 4.0
1878,repair,1878,"[""ngsl-core""]","[""repair""]",New General Service List,1.2,https://www.newgeneralservicelist.com/new-general-service-list,CC BY-SA 4.0
1879,collapse,1879,"[""ngsl-core""]","[""collapse""]",New General Service List,1.2,https://www.newgeneralservicelist.com/new-general-service-list,CC BY-SA 4.0
1880,borrow,1880,"[""ngsl-core""]","[""borrow""]",New General Service List,1.2,https://www.newgeneralservicelist.com/new-general-service-list,CC BY-SA 4.0
1881,fundamental,1881,"[""ngsl-core""]","[""fundamental""]",New General Service List,1.2,https://www.newgeneralservicelist.com/new-general-service-list,CC BY-SA 4.0
1882,dish,1882,"[""ngsl-core""]","[""dish""]",New General Service List,1.2,https://www.newgeneralservicelist.com/new-general-service-list,CC BY-SA 4.0
1883,abroad,1883,"[""ngsl-core""]","[""abroad""]",New General Service List,1.2,https://www.newgeneralservicelist.com/new-general-service-list,CC BY-SA 4.0
1884,soul,1884,"[""ngsl-core""]","[""soul""]",New General Service List,1.2,https://www.newgeneralservicelist.com/new-general-service-list,CC BY-SA 4.0
1885,capable,1885,"[""ngsl-core""]","[""capable""]",New General Service List,1.2,https://www.newgeneralservicelist.com/new-general-service-list,CC BY-SA 4.0
1886,defeat,1886,"[""ngsl-core""]","[""defeat""]",New General Service List,1.2,https://www.newgeneralservicelist.com/new-general-service-list,CC BY-SA 4.0
1887,presidential,1887,"[""ngsl-core""]","[""presidential""]",New General Service List,1.2,https://www.newgeneralservicelist.com/new-general-service-list,CC BY-SA 4.0
1888,perfectly,1888,"[""ngsl-core""]","[""perfectly""]",New General Service List,1.2,https://www.newgeneralservicelist.com/new-general-service-list,CC BY-SA 4.0
1889,enhance,1889,"[""ngsl-core""]","[""enhance""]",New General Service List,1.2,https://www.newgeneralservicelist.com/new-general-service-list,CC BY-SA 4.0
1890,proud,1890,"[""ngsl-core""]","[""proud""]",New General Service List,1.2,https://www.newgeneralservicelist.com/new-general-service-list,CC BY-SA 4.0
1891,emergency,1891,"[""ngsl-core""]","[""emergency""]",New General Service List,1.2,https://www.newgeneralservicelist.com/new-general-service-list,CC BY-SA 4.0
1892,educational,1892,"[""ngsl-core""]","[""educational""]",New General Service List,1.2,https://www.newgeneralservicelist.com/new-general-service-list,CC BY-SA 4.0
1893,distinguish,1893,"[""ngsl-core""]","[""distinguish""]",New General Service List,1.2,https://www.newgeneralservicelist.com/new-general-service-list,CC BY-SA 4.0
1894,substantial,1894,"[""ngsl-core""]","[""substantial""]",New General Service List,1.2,https://www.newgeneralservicelist.com/new-general-service-list,CC BY-SA 4.0
1895,nearby,1895,"[""ngsl-core""]","[""nearby""]",New General Service List,1.2,https://www.newgeneralservicelist.com/new-general-service-list,CC BY-SA 4.0
1896,manufacturer,1896,"[""ngsl-core""]","[""manufacturer""]",New General Service List,1.2,https://www.newgeneralservicelist.com/new-general-service-list,CC BY-SA 4.0
1897,slide,1897,"[""ngsl-core""]","[""slide""]",New General Service List,1.2,https://www.newgeneralservicelist.com/new-general-service-list,CC BY-SA 4.0
1898,valuable,1898,"[""ngsl-core""]","[""valuable""]",New General Service List,1.2,https://www.newgeneralservicelist.com/new-general-service-list,CC BY-SA 4.0
1899,personally,1899,"[""ngsl-core""]","[""personally""]",New General Service List,1.2,https://www.newgeneralservicelist.com/new-general-service-list,CC BY-SA 4.0
1900,breast,1900,"[""ngsl-core""]","[""breast""]",New General Service List,1.2,https://www.newgeneralservicelist.com/new-general-service-list,CC BY-SA 4.0
1901,cope,1901,"[""ngsl-core""]","[""cope""]",New General Service List,1.2,https://www.newgeneralservicelist.com/new-general-service-list,CC BY-SA 4.0
1902,approximately,1902,"[""ngsl-core""]","[""approximately""]",New General Service List,1.2,https://www.newgeneralservicelist.com/new-general-service-list,CC BY-SA 4.0
1903,accommodation,1903,"[""ngsl-core""]","[""accommodation""]",New General Service List,1.2,https://www.newgeneralservicelist.com/new-general-service-list,CC BY-SA 4.0
1904,highlight,1904,"[""ngsl-core""]","[""highlight""]",New General Service List,1.2,https://www.newgeneralservicelist.com/new-general-service-list,CC BY-SA 4.0
1905,reporter,1905,"[""ngsl-core""]","[""reporter""]",New General Service List,1.2,https://www.newgeneralservicelist.com/new-general-service-list,CC BY-SA 4.0
1906,climate,1906,"[""ngsl-core""]","[""climate""]",New General Service List,1.2,https://www.newgeneralservicelist.com/new-general-service-list,CC BY-SA 4.0
1907,shirt,1907,"[""ngsl-core""]","[""shirt""]",New General Service List,1.2,https://www.newgeneralservicelist.com/new-general-service-list,CC BY-SA 4.0
1908,exception,1908,"[""ngsl-core""]","[""exception""]",New General Service List,1.2,https://www.newgeneralservicelist.com/new-general-service-list,CC BY-SA 4.0
1909,corporation,1909,"[""ngsl-core""]","[""corporation""]",New General Service List,1.2,https://www.newgeneralservicelist.com/new-general-service-list,CC BY-SA 4.0
1910,chip,1910,"[""ngsl-core""]","[""chip""]",New General Service List,1.2,https://www.newgeneralservicelist.com/new-general-service-list,CC BY-SA 4.0
1911,winner,1911,"[""ngsl-core""]","[""winner""]",New General Service List,1.2,https://www.newgeneralservicelist.com/new-general-service-list,CC BY-SA 4.0
1912,encounter,1912,"[""ngsl-core""]","[""encounter""]",New General Service List,1.2,https://www.newgeneralservicelist.com/new-general-service-list,CC BY-SA 4.0
1913,brown,1913,"[""ngsl-core""]","[""brown""]",New General Service List,1.2,https://www.newgeneralservicelist.com/new-general-service-list,CC BY-SA 4.0
1914,breathe,1914,"[""ngsl-core""]","[""breathe""]",New General Service List,1.2,https://www.newgeneralservicelist.com/new-general-service-list,CC BY-SA 4.0
1915,excuse,1915,"[""ngsl-core""]","[""excuse""]",New General Service List,1.2,https://www.newgeneralservicelist.com/new-general-service-list,CC BY-SA 4.0
1916,partly,1916,"[""ngsl-core""]","[""partly""]",New General Service List,1.2,https://www.newgeneralservicelist.com/new-general-service-list,CC BY-SA 4.0
1917,tennis,1917,"[""ngsl-core""]","[""tennis""]",New General Service List,1.2,https://www.newgeneralservicelist.com/new-general-service-list,CC BY-SA 4.0
1918,urban,1918,"[""ngsl-core""]","[""urban""]",New General Service List,1.2,https://www.newgeneralservicelist.com/new-general-service-list,CC BY-SA 4.0
1919,confuse,1919,"[""ngsl-core""]","[""confuse""]",New General Service List,1.2,https://www.newgeneralservicelist.com/new-general-service-list,CC BY-SA 4.0
1920,southern,1920,"[""ngsl-core""]","[""southern""]",New General Service List,1.2,https://www.newgeneralservicelist.com/new-general-service-list,CC BY-SA 4.0
1921,output,1921,"[""ngsl-core""]","[""output""]",New General Service List,1.2,https://www.newgeneralservicelist.com/new-general-service-list,CC BY-SA 4.0
1922,beauty,1922,"[""ngsl-core""]","[""beauty""]",New General Service List,1.2,https://www.newgeneralservicelist.com/new-general-service-list,CC BY-SA 4.0
1923,massive,1923,"[""ngsl-core""]","[""massive""]",New General Service List,1.2,https://www.newgeneralservicelist.com/new-general-service-list,CC BY-SA 4.0
1924,install,1924,"[""ngsl-core""]","[""install""]",New General Service List,1.2,https://www.newgeneralservicelist.com/new-general-service-list,CC BY-SA 4.0
1925,calculate,1925,"[""ngsl-core""]","[""calculate""]",New General Service List,1.2,https://www.newgeneralservicelist.com/new-general-service-list,CC BY-SA 4.0
1926,mouse,1926,"[""ngsl-core""]","[""mouse""]",New General Service List,1.2,https://www.newgeneralservicelist.com/new-general-service-list,CC BY-SA 4.0
1927,mathematics,1927,"[""ngsl-core""]","[""mathematics""]",New General Service List,1.2,https://www.newgeneralservicelist.com/new-general-service-list,CC BY-SA 4.0
1928,upper,1928,"[""ngsl-core""]","[""upper""]",New General Service List,1.2,https://www.newgeneralservicelist.com/new-general-service-list,CC BY-SA 4.0
1929,creation,1929,"[""ngsl-core""]","[""creation""]",New General Service List,1.2,https://www.newgeneralservicelist.com/new-general-service-list,CC BY-SA 4.0
1930,occupy,1930,"[""ngsl-core""]","[""occupy""]",New General Service List,1.2,https://www.newgeneralservicelist.com/new-general-service-list,CC BY-SA 4.0
1931,outline,1931,"[""ngsl-core""]","[""outline""]",New General Service List,1.2,https://www.newgeneralservicelist.com/new-general-service-list,CC BY-SA 4.0
1932,sufficient,1932,"[""ngsl-core""]","[""sufficient""]",New General Service List,1.2,https://www.newgeneralservicelist.com/new-general-service-list,CC BY-SA 4.0
1933,update,1933,"[""ngsl-core""]","[""update""]",New General Service List,1.2,https://www.newgeneralservicelist.com/new-general-service-list,CC BY-SA 4.0
1934,luck,1934,"[""ngsl-core""]","[""luck""]",New General Service List,1.2,https://www.newgeneralservicelist.com/new-general-service-list,CC BY-SA 4.0
1935,preserve,1935,"[""ngsl-core""]","[""preserve""]",New General Service List,1.2,https://www.newgeneralservicelist.com/new-general-service-list,CC BY-SA 4.0
1936,split,1936,"[""ngsl-core""]","[""split""]",New General Service List,1.2,https://www.newgeneralservicelist.com/new-general-service-list,CC BY-SA 4.0
1937,swing,1937,"[""ngsl-core""]","[""swing""]",New General Service List,1.2,https://www.newgeneralservicelist.com/new-general-service-list,CC BY-SA 4.0
1938,illness,1938,"[""ngsl-core""]","[""illness""]",New General Service List,1.2,https://www.newgeneralservicelist.com/new-general-service-list,CC BY-SA 4.0
1939,journalist,1939,"[""ngsl-core""]","[""journalist""]",New General Service List,1.2,https://www.newgeneralservicelist.com/new-general-service-list,CC BY-SA 4.0
1940,sudden,1940,"[""ngsl-core""]","[""sudden""]",New General Service List,1.2,https://www.newgeneralservicelist.com/new-general-service-list,CC BY-SA 4.0
1941,advertisement,1941,"[""ngsl-core""]","[""advertisement""]",New General Service List,1.2,https://www.newgeneralservicelist.com/new-general-service-list,CC BY-SA 4.0
1942,consistent,1942,"[""ngsl-core""]","[""consistent""]",New General Service List,1.2,https://www.newgeneralservicelist.com/new-general-service-list,CC BY-SA 4.0
1943,originally,1943,"[""ngsl-core""]","[""originally""]",New General Service List,1.2,https://www.newgeneralservicelist.com/new-general-service-list,CC BY-SA 4.0
1944,aside,1944,"[""ngsl-core""]","[""aside""]",New General Service List,1.2,https://www.newgeneralservicelist.com/new-general-service-list,CC BY-SA 4.0
1945,comfort,1945,"[""ngsl-core""]","[""comfort""]",New General Service List,1.2,https://www.newgeneralservicelist.com/new-general-service-list,CC BY-SA 4.0
1946,secondly,1946,"[""ngsl-core""]","[""secondly""]",New General Service List,1.2,https://www.newgeneralservicelist.com/new-general-service-list,CC BY-SA 4.0
1947,severe,1947,"[""ngsl-core""]","[""severe""]",New General Service List,1.2,https://www.newgeneralservicelist.com/new-general-service-list,CC BY-SA 4.0
1948,gene,1948,"[""ngsl-core""]","[""gene""]",New General Service List,1.2,https://www.newgeneralservicelist.com/new-general-service-list,CC BY-SA 4.0
1949,prospect,1949,"[""ngsl-core""]","[""prospect""]",New General Service List,1.2,https://www.newgeneralservicelist.com/new-general-service-list,CC BY-SA 4.0
1950,snow,1950,"[""ngsl-core""]","[""snow""]",New General Service List,1.2,https://www.newgeneralservicelist.com/new-general-service-list,CC BY-SA 4.0
1951,plot,1951,"[""ngsl-core""]","[""plot""]",New General Service List,1.2,https://www.newgeneralservicelist.com/new-general-service-list,CC BY-SA 4.0
1952,neck,1952,"[""ngsl-core""]","[""neck""]",New General Service List,1.2,https://www.newgeneralservicelist.com/new-general-service-list,CC BY-SA 4.0
1953,criteria,1953,"[""ngsl-core""]","[""criteria""]",New General Service List,1.2,https://www.newgeneralservicelist.com/new-general-service-list,CC BY-SA 4.0
1954,primarily,1954,"[""ngsl-core""]","[""primarily""]",New General Service List,1.2,https://www.newgeneralservicelist.com/new-general-service-list,CC BY-SA 4.0
1955,integrate,1955,"[""ngsl-core""]","[""integrate""]",New General Service List,1.2,https://www.newgeneralservicelist.com/new-general-service-list,CC BY-SA 4.0
1956,criticism,1956,"[""ngsl-core""]","[""criticism""]",New General Service List,1.2,https://www.newgeneralservicelist.com/new-general-service-list,CC BY-SA 4.0
1957,convention,1957,"[""ngsl-core""]","[""convention""]",New General Service List,1.2,https://www.newgeneralservicelist.com/new-general-service-list,CC BY-SA 4.0
1958,bet,1958,"[""ngsl-core""]","[""bet""]",New General Service List,1.2,https://www.newgeneralservicelist.com/new-general-service-list,CC BY-SA 4.0
1959,retain,1959,"[""ngsl-core""]","[""retain""]",New General Service List,1.2,https://www.newgeneralservicelist.com/new-general-service-list,CC BY-SA 4.0
1960,sequence,1960,"[""ngsl-core""]","[""sequence""]",New General Service List,1.2,https://www.newgeneralservicelist.com/new-general-service-list,CC BY-SA 4.0
1961,plain,1961,"[""ngsl-core""]","[""plain""]",New General Service List,1.2,https://www.newgeneralservicelist.com/new-general-service-list,CC BY-SA 4.0
1962,volunteer,1962,"[""ngsl-core""]","[""volunteer""]",New General Service List,1.2,https://www.newgeneralservicelist.com/new-general-service-list,CC BY-SA 4.0
1963,rural,1963,"[""ngsl-core""]","[""rural""]",New General Service List,1.2,https://www.newgeneralservicelist.com/new-general-service-list,CC BY-SA 4.0
1964,calm,1964,"[""ngsl-core""]","[""calm""]",New General Service List,1.2,https://www.newgeneralservicelist.com/new-general-service-list,CC BY-SA 4.0
1965,abandon,1965,"[""ngsl-core""]","[""abandon""]",New General Service List,1.2,https://www.newgeneralservicelist.com/new-general-service-list,CC BY-SA 4.0
1966,examination,1966,"[""ngsl-core""]","[""examination""]",New General Service List,1.2,https://www.newgeneralservicelist.com/new-general-service-list,CC BY-SA 4.0
1967,silence,1967,"[""ngsl-core""]","[""silence""]",New General Service List,1.2,https://www.newgeneralservicelist.com/new-general-service-list,CC BY-SA 4.0
1968,rapidly,1968,"[""ngsl-core""]","[""rapidly""]",New General Service List,1.2,https://www.newgeneralservicelist.com/new-general-service-list,CC BY-SA 4.0
1969,efficient,1969,"[""ngsl-core""]","[""efficient""]",New General Service List,1.2,https://www.newgeneralservicelist.com/new-general-service-list,CC BY-SA 4.0
1970,revolution,1970,"[""ngsl-core""]","[""revolution""]",New General Service List,1.2,https://www.newgeneralservicelist.com/new-general-service-list,CC BY-SA 4.0
1971,delight,1971,"[""ngsl-core""]","[""delight""]",New General Service List,1.2,https://www.newgeneralservicelist.com/new-general-service-list,CC BY-SA 4.0
1972,spell,1972,"[""ngsl-core""]","[""spell""]",New General Service List,1.2,https://www.newgeneralservicelist.com/new-general-service-list,CC BY-SA 4.0
1973,premise,1973,"[""ngsl-core""]","[""premise""]",New General Service List,1.2,https://www.newgeneralservicelist.com/new-general-service-list,CC BY-SA 4.0
1974,lean,1974,"[""ngsl-core""]","[""lean""]",New General Service List,1.2,https://www.newgeneralservicelist.com/new-general-service-list,CC BY-SA 4.0
1975,dramatic,1975,"[""ngsl-core""]","[""dramatic""]",New General Service List,1.2,https://www.newgeneralservicelist.com/new-general-service-list,CC BY-SA 4.0
1976,differ,1976,"[""ngsl-core""]","[""differ""]",New General Service List,1.2,https://www.newgeneralservicelist.com/new-general-service-list,CC BY-SA 4.0
1977,grateful,1977,"[""ngsl-core""]","[""grateful""]",New General Service List,1.2,https://www.newgeneralservicelist.com/new-general-service-list,CC BY-SA 4.0
1978,protein,1978,"[""ngsl-core""]","[""protein""]",New General Service List,1.2,https://www.newgeneralservicelist.com/new-general-service-list,CC BY-SA 4.0
1979,bike,1979,"[""ngsl-core""]","[""bike""]",New General Service List,1.2,https://www.newgeneralservicelist.com/new-general-service-list,CC BY-SA 4.0
1980,distribute,1980,"[""ngsl-core""]","[""distribute""]",New General Service List,1.2,https://www.newgeneralservicelist.com/new-general-service-list,CC BY-SA 4.0
1981,intellectual,1981,"[""ngsl-core""]","[""intellectual""]",New General Service List,1.2,https://www.newgeneralservicelist.com/new-general-service-list,CC BY-SA 4.0
1982,derive,1982,"[""ngsl-core""]","[""derive""]",New General Service List,1.2,https://www.newgeneralservicelist.com/new-general-service-list,CC BY-SA 4.0
1983,crucial,1983,"[""ngsl-core""]","[""crucial""]",New General Service List,1.2,https://www.newgeneralservicelist.com/new-general-service-list,CC BY-SA 4.0
1984,unemployment,1984,"[""ngsl-core""]","[""unemployment""]",New General Service List,1.2,https://www.newgeneralservicelist.com/new-general-service-list,CC BY-SA 4.0
1985,wheel,1985,"[""ngsl-core""]","[""wheel""]",New General Service List,1.2,https://www.newgeneralservicelist.com/new-general-service-list,CC BY-SA 4.0
1986,crop,1986,"[""ngsl-core""]","[""crop""]",New General Service List,1.2,https://www.newgeneralservicelist.com/new-general-service-list,CC BY-SA 4.0
1987,minority,1987,"[""ngsl-core""]","[""minority""]",New General Service List,1.2,https://www.newgeneralservicelist.com/new-general-service-list,CC BY-SA 4.0
1988,origin,1988,"[""ngsl-core""]","[""origin""]",New General Service List,1.2,https://www.newgeneralservicelist.com/new-general-service-list,CC BY-SA 4.0
1989,interpretation,1989,"[""ngsl-core""]","[""interpretation""]",New General Service List,1.2,https://www.newgeneralservicelist.com/new-general-service-list,CC BY-SA 4.0
1990,gentleman,1990,"[""ngsl-core""]","[""gentleman""]",New General Service List,1.2,https://www.newgeneralservicelist.com/new-general-service-list,CC BY-SA 4.0
1991,drama,1991,"[""ngsl-core""]","[""drama""]",New General Service List,1.2,https://www.newgeneralservicelist.com/new-general-service-list,CC BY-SA 4.0
1992,landscape,1992,"[""ngsl-core""]","[""landscape""]",New General Service List,1.2,https://www.newgeneralservicelist.com/new-general-service-list,CC BY-SA 4.0
1993,educate,1993,"[""ngsl-core""]","[""educate""]",New General Service List,1.2,https://www.newgeneralservicelist.com/new-general-service-list,CC BY-SA 4.0
1994,toy,1994,"[""ngsl-core""]","[""toy""]",New General Service List,1.2,https://www.newgeneralservicelist.com/new-general-service-list,CC BY-SA 4.0
1995,fault,1995,"[""ngsl-core""]","[""fault""]",New General Service List,1.2,https://www.newgeneralservicelist.com/new-general-service-list,CC BY-SA 4.0
1996,exhibit,1996,"[""ngsl-core""]","[""exhibit""]",New General Service List,1.2,https://www.newgeneralservicelist.com/new-general-service-list,CC BY-SA 4.0
1997,minor,1997,"[""ngsl-core""]","[""minor""]",New General Service List,1.2,https://www.newgeneralservicelist.com/new-general-service-list,CC BY-SA 4.0
1998,hunt,1998,"[""ngsl-core""]","[""hunt""]",New General Service List,1.2,https://www.newgeneralservicelist.com/new-general-service-list,CC BY-SA 4.0
1999,storm,1999,"[""ngsl-core""]","[""storm""]",New General Service List,1.2,https://www.newgeneralservicelist.com/new-general-service-list,CC BY-SA 4.0
2000,thick,2000,"[""ngsl-core""]","[""thick""]",New General Service List,1.2,https://www.newgeneralservicelist.com/new-general-service-list,CC BY-SA 4.0
2001,achievement,2001,"[""ngsl-core""]","[""achievement""]",New General Service List,1.2,https://www.newgeneralservicelist.com/new-general-service-list,CC BY-SA 4.0
2002,negotiate,2002,"[""ngsl-core""]","[""negotiate""]",New General Service List,1.2,https://www.newgeneralservicelist.com/new-general-service-list,CC BY-SA 4.0
2003,dominate,2003,"[""ngsl-core""]","[""dominate""]",New General Service List,1.2,https://www.newgeneralservicelist.com/new-general-service-list,CC BY-SA 4.0
2004,supplier,2004,"[""ngsl-core""]","[""supplier""]",New General Service List,1.2,https://www.newgeneralservicelist.com/new-general-service-list,CC BY-SA 4.0
2005,prize,2005,"[""ngsl-core""]","[""prize""]",New General Service List,1.2,https://www.newgeneralservicelist.com/new-general-service-list,CC BY-SA 4.0
2006,typically,2006,"[""ngsl-core""]","[""typically""]",New General Service List,1.2,https://www.newgeneralservicelist.com/new-general-service-list,CC BY-SA 4.0
2007,peer,2007,"[""ngsl-core""]","[""peer""]",New General Service List,1.2,https://www.newgeneralservicelist.com/new-general-service-list,CC BY-SA 4.0
2008,pension,2008,"[""ngsl-core""]","[""pension""]",New General Service List,1.2,https://www.newgeneralservicelist.com/new-general-service-list,CC BY-SA 4.0
2009,wing,2009,"[""ngsl-core""]","[""wing""]",New General Service List,1.2,https://www.newgeneralservicelist.com/new-general-service-list,CC BY-SA 4.0
2010,acquisition,2010,"[""ngsl-core""]","[""acquisition""]",New General Service List,1.2,https://www.newgeneralservicelist.com/new-general-service-list,CC BY-SA 4.0
2011,laughter,2011,"[""ngsl-core""]","[""laughter""]",New General Service List,1.2,https://www.newgeneralservicelist.com/new-general-service-list,CC BY-SA 4.0
2012,deeply,2012,"[""ngsl-core""]","[""deeply""]",New General Service List,1.2,https://www.newgeneralservicelist.com/new-general-service-list,CC BY-SA 4.0
2013,recognition,2013,"[""ngsl-core""]","[""recognition""]",New General Service List,1.2,https://www.newgeneralservicelist.com/new-general-service-list,CC BY-SA 4.0
2014,electricity,2014,"[""ngsl-core""]","[""electricity""]",New General Service List,1.2,https://www.newgeneralservicelist.com/new-general-service-list,CC BY-SA 4.0
2015,assistance,2015,"[""ngsl-core""]","[""assistance""]",New General Service List,1.2,https://www.newgeneralservicelist.com/new-general-service-list,CC BY-SA 4.0
2016,roof,2016,"[""ngsl-core""]","[""roof""]",New General Service List,1.2,https://www.newgeneralservicelist.com/new-general-service-list,CC BY-SA 4.0
2017,retirement,2017,"[""ngsl-core""]","[""retirement""]",New General Service List,1.2,https://www.newgeneralservicelist.com/new-general-service-list,CC BY-SA 4.0
2018,respectively,2018,"[""ngsl-core""]","[""respectively""]",New General Service List,1.2,https://www.newgeneralservicelist.com/new-general-service-list,CC BY-SA 4.0
2019,variation,2019,"[""ngsl-core""]","[""variation""]",New General Service List,1.2,https://www.newgeneralservicelist.com/new-general-service-list,CC BY-SA 4.0
2020,ultimately,2020,"[""ngsl-core""]","[""ultimately""]",New General Service List,1.2,https://www.newgeneralservicelist.com/new-general-service-list,CC BY-SA 4.0
2021,proof,2021,"[""ngsl-core""]","[""proof""]",New General Service List,1.2,https://www.newgeneralservicelist.com/new-general-service-list,CC BY-SA 4.0
2022,soil,2022,"[""ngsl-core""]","[""soil""]",New General Service List,1.2,https://www.newgeneralservicelist.com/new-general-service-list,CC BY-SA 4.0
2023,smart,2023,"[""ngsl-core""]","[""smart""]",New General Service List,1.2,https://www.newgeneralservicelist.com/new-general-service-list,CC BY-SA 4.0
2024,layer,2024,"[""ngsl-core""]","[""layer""]",New General Service List,1.2,https://www.newgeneralservicelist.com/new-general-service-list,CC BY-SA 4.0
2025,upset,2025,"[""ngsl-core""]","[""upset""]",New General Service List,1.2,https://www.newgeneralservicelist.com/new-general-service-list,CC BY-SA 4.0
2026,tooth,2026,"[""ngsl-core""]","[""tooth""]",New General Service List,1.2,https://www.newgeneralservicelist.com/new-general-service-list,CC BY-SA 4.0
2027,representation,2027,"[""ngsl-core""]","[""representation""]",New General Service List,1.2,https://www.newgeneralservicelist.com/new-general-service-list,CC BY-SA 4.0
2028,preparation,2028,"[""ngsl-core""]","[""preparation""]",New General Service List,1.2,https://www.newgeneralservicelist.com/new-general-service-list,CC BY-SA 4.0
2029,dispute,2029,"[""ngsl-core""]","[""dispute""]",New General Service List,1.2,https://www.newgeneralservicelist.com/new-general-service-list,CC BY-SA 4.0
2030,agenda,2030,"[""ngsl-core""]","[""agenda""]",New General Service List,1.2,https://www.newgeneralservicelist.com/new-general-service-list,CC BY-SA 4.0
2031,emphasis,2031,"[""ngsl-core""]","[""emphasis""]",New General Service List,1.2,https://www.newgeneralservicelist.com/new-general-service-list,CC BY-SA 4.0
2032,edition,2032,"[""ngsl-core""]","[""edition""]",New General Service List,1.2,https://www.newgeneralservicelist.com/new-general-service-list,CC BY-SA 4.0
2033,silver,2033,"[""ngsl-core""]","[""silver""]",New General Service List,1.2,https://www.newgeneralservicelist.com/new-general-service-list,CC BY-SA 4.0
2034,entertainment,2034,"[""ngsl-core""]","[""entertainment""]",New General Service List,1.2,https://www.newgeneralservicelist.com/new-general-service-list,CC BY-SA 4.0
2035,honest,2035,"[""ngsl-core""]","[""honest""]",New General Service List,1.2,https://www.newgeneralservicelist.com/new-general-service-list,CC BY-SA 4.0
2036,undertake,2036,"[""ngsl-core""]","[""undertake""]",New General Service List,1.2,https://www.newgeneralservicelist.com/new-general-service-list,CC BY-SA 4.0
2037,retail,2037,"[""ngsl-core""]","[""retail""]",New General Service List,1.2,https://www.newgeneralservicelist.com/new-general-service-list,CC BY-SA 4.0
2038,wire,2038,"[""ngsl-core""]","[""wire""]",New General Service List,1.2,https://www.newgeneralservicelist.com/new-general-service-list,CC BY-SA 4.0
2039,unlikely,2039,"[""ngsl-core""]","[""unlikely""]",New General Service List,1.2,https://www.newgeneralservicelist.com/new-general-service-list,CC BY-SA 4.0
2040,gay,2040,"[""ngsl-core""]","[""gay""]",New General Service List,1.2,https://www.newgeneralservicelist.com/new-general-service-list,CC BY-SA 4.0
2041,publication,2041,"[""ngsl-core""]","[""publication""]",New General Service List,1.2,https://www.newgeneralservicelist.com/new-general-service-list,CC BY-SA 4.0
2042,slight,2042,"[""ngsl-core""]","[""slight""]",New General Service List,1.2,https://www.newgeneralservicelist.com/new-general-service-list,CC BY-SA 4.0
2043,unknown,2043,"[""ngsl-core""]","[""unknown""]",New General Service List,1.2,https://www.newgeneralservicelist.com/new-general-service-list,CC BY-SA 4.0
2044,framework,2044,"[""ngsl-core""]","[""framework""]",New General Service List,1.2,https://www.newgeneralservicelist.com/new-general-service-list,CC BY-SA 4.0
2045,zone,2045,"[""ngsl-core""]","[""zone""]",New General Service List,1.2,https://www.newgeneralservicelist.com/new-general-service-list,CC BY-SA 4.0
2046,restrict,2046,"[""ngsl-core""]","[""restrict""]",New General Service List,1.2,https://www.newgeneralservicelist.com/new-general-service-list,CC BY-SA 4.0
2047,trace,2047,"[""ngsl-core""]","[""trace""]",New General Service List,1.2,https://www.newgeneralservicelist.com/new-general-service-list,CC BY-SA 4.0
2048,inch,2048,"[""ngsl-core""]","[""inch""]",New General Service List,1.2,https://www.newgeneralservicelist.com/new-general-service-list,CC BY-SA 4.0
2049,equivalent,2049,"[""ngsl-core""]","[""equivalent""]",New General Service List,1.2,https://www.newgeneralservicelist.com/new-general-service-list,CC BY-SA 4.0
2050,solid,2050,"[""ngsl-core""]","[""solid""]",New General Service List,1.2,https://www.newgeneralservicelist.com/new-general-service-list,CC BY-SA 4.0
2051,enterprise,2051,"[""ngsl-core""]","[""enterprise""]",New General Service List,1.2,https://www.newgeneralservicelist.com/new-general-service-list,CC BY-SA 4.0
2052,elderly,2052,"[""ngsl-core""]","[""elderly""]",New General Service List,1.2,https://www.newgeneralservicelist.com/new-general-service-list,CC BY-SA 4.0
2053,owe,2053,"[""ngsl-core""]","[""owe""]",New General Service List,1.2,https://www.newgeneralservicelist.com/new-general-service-list,CC BY-SA 4.0
2054,governor,2054,"[""ngsl-core""]","[""governor""]",New General Service List,1.2,https://www.newgeneralservicelist.com/new-general-service-list,CC BY-SA 4.0
2055,uniform,2055,"[""ngsl-core""]","[""uniform""]",New General Service List,1.2,https://www.newgeneralservicelist.com/new-general-service-list,CC BY-SA 4.0
2056,port,2056,"[""ngsl-core""]","[""port""]",New General Service List,1.2,https://www.newgeneralservicelist.com/new-general-service-list,CC BY-SA 4.0
2057,pitch,2057,"[""ngsl-core""]","[""pitch""]",New General Service List,1.2,https://www.newgeneralservicelist.com/new-general-service-list,CC BY-SA 4.0
2058,arrival,2058,"[""ngsl-core""]","[""arrival""]",New General Service List,1.2,https://www.newgeneralservicelist.com/new-general-service-list,CC BY-SA 4.0
2059,contemporary,2059,"[""ngsl-core""]","[""contemporary""]",New General Service List,1.2,https://www.newgeneralservicelist.com/new-general-service-list,CC BY-SA 4.0
2060,gate,2060,"[""ngsl-core""]","[""gate""]",New General Service List,1.2,https://www.newgeneralservicelist.com/new-general-service-list,CC BY-SA 4.0
2061,ease,2061,"[""ngsl-core""]","[""ease""]",New General Service List,1.2,https://www.newgeneralservicelist.com/new-general-service-list,CC BY-SA 4.0
2062,beer,2062,"[""ngsl-core""]","[""beer""]",New General Service List,1.2,https://www.newgeneralservicelist.com/new-general-service-list,CC BY-SA 4.0
2063,specialist,2063,"[""ngsl-core""]","[""specialist""]",New General Service List,1.2,https://www.newgeneralservicelist.com/new-general-service-list,CC BY-SA 4.0
2064,assure,2064,"[""ngsl-core""]","[""assure""]",New General Service List,1.2,https://www.newgeneralservicelist.com/new-general-service-list,CC BY-SA 4.0
2065,profile,2065,"[""ngsl-core""]","[""profile""]",New General Service List,1.2,https://www.newgeneralservicelist.com/new-general-service-list,CC BY-SA 4.0
2066,mood,2066,"[""ngsl-core""]","[""mood""]",New General Service List,1.2,https://www.newgeneralservicelist.com/new-general-service-list,CC BY-SA 4.0
2067,episode,2067,"[""ngsl-core""]","[""episode""]",New General Service List,1.2,https://www.newgeneralservicelist.com/new-general-service-list,CC BY-SA 4.0
2068,crack,2068,"[""ngsl-core""]","[""crack""]",New General Service List,1.2,https://www.newgeneralservicelist.com/new-general-service-list,CC BY-SA 4.0
2069,numerous,2069,"[""ngsl-core""]","[""numerous""]",New General Service List,1.2,https://www.newgeneralservicelist.com/new-general-service-list,CC BY-SA 4.0
2070,submit,2070,"[""ngsl-core""]","[""submit""]",New General Service List,1.2,https://www.newgeneralservicelist.com/new-general-service-list,CC BY-SA 4.0
2071,symptom,2071,"[""ngsl-core""]","[""symptom""]",New General Service List,1.2,https://www.newgeneralservicelist.com/new-general-service-list,CC BY-SA 4.0
2072,virtually,2072,"[""ngsl-core""]","[""virtually""]",New General Service List,1.2,https://www.newgeneralservicelist.com/new-general-service-list,CC BY-SA 4.0
2073,era,2073,"[""ngsl-core""]","[""era""]",New General Service List,1.2,https://www.newgeneralservicelist.com/new-general-service-list,CC BY-SA 4.0
2074,coverage,2074,"[""ngsl-core""]","[""coverage""]",New General Service List,1.2,https://www.newgeneralservicelist.com/new-general-service-list,CC BY-SA 4.0
2075,tension,2075,"[""ngsl-core""]","[""tension""]",New General Service List,1.2,https://www.newgeneralservicelist.com/new-general-service-list,CC BY-SA 4.0
2076,cable,2076,"[""ngsl-core""]","[""cable""]",New General Service List,1.2,https://www.newgeneralservicelist.com/new-general-service-list,CC BY-SA 4.0
2077,sensitive,2077,"[""ngsl-core""]","[""sensitive""]",New General Service List,1.2,https://www.newgeneralservicelist.com/new-general-service-list,CC BY-SA 4.0
2078,nervous,2078,"[""ngsl-core""]","[""nervous""]",New General Service List,1.2,https://www.newgeneralservicelist.com/new-general-service-list,CC BY-SA 4.0
2079,input,2079,"[""ngsl-core""]","[""input""]",New General Service List,1.2,https://www.newgeneralservicelist.com/new-general-service-list,CC BY-SA 4.0
2080,isolate,2080,"[""ngsl-core""]","[""isolate""]",New General Service List,1.2,https://www.newgeneralservicelist.com/new-general-service-list,CC BY-SA 4.0
2081,prisoner,2081,"[""ngsl-core""]","[""prisoner""]",New General Service List,1.2,https://www.newgeneralservicelist.com/new-general-service-list,CC BY-SA 4.0
2082,eliminate,2082,"[""ngsl-core""]","[""eliminate""]",New General Service List,1.2,https://www.newgeneralservicelist.com/new-general-service-list,CC BY-SA 4.0
2083,tight,2083,"[""ngsl-core""]","[""tight""]",New General Service List,1.2,https://www.newgeneralservicelist.com/new-general-service-list,CC BY-SA 4.0
2084,wet,2084,"[""ngsl-core""]","[""wet""]",New General Service List,1.2,https://www.newgeneralservicelist.com/new-general-service-list,CC BY-SA 4.0
2085,secondary,2085,"[""ngsl-core""]","[""secondary""]",New General Service List,1.2,https://www.newgeneralservicelist.com/new-general-service-list,CC BY-SA 4.0
2086,welfare,2086,"[""ngsl-core""]","[""welfare""]",New General Service List,1.2,https://www.newgeneralservicelist.com/new-general-service-list,CC BY-SA 4.0
2087,recruit,2087,"[""ngsl-core""]","[""recruit""]",New General Service List,1.2,https://www.newgeneralservicelist.com/new-general-service-list,CC BY-SA 4.0
2088,exclude,2088,"[""ngsl-core""]","[""exclude""]",New General Service List,1.2,https://www.newgeneralservicelist.com/new-general-service-list,CC BY-SA 4.0
2089,string,2089,"[""ngsl-core""]","[""string""]",New General Service List,1.2,https://www.newgeneralservicelist.com/new-general-service-list,CC BY-SA 4.0
2090,cloud,2090,"[""ngsl-core""]","[""cloud""]",New General Service List,1.2,https://www.newgeneralservicelist.com/new-general-service-list,CC BY-SA 4.0
2091,persuade,2091,"[""ngsl-core""]","[""persuade""]",New General Service List,1.2,https://www.newgeneralservicelist.com/new-general-service-list,CC BY-SA 4.0
2092,inspire,2092,"[""ngsl-core""]","[""inspire""]",New General Service List,1.2,https://www.newgeneralservicelist.com/new-general-service-list,CC BY-SA 4.0
2093,grand,2093,"[""ngsl-core""]","[""grand""]",New General Service List,1.2,https://www.newgeneralservicelist.com/new-general-service-list,CC BY-SA 4.0
2094,hence,2094,"[""ngsl-core""]","[""hence""]",New General Service List,1.2,https://www.newgeneralservicelist.com/new-general-service-list,CC BY-SA 4.0
2095,crew,2095,"[""ngsl-core""]","[""crew""]",New General Service List,1.2,https://www.newgeneralservicelist.com/new-general-service-list,CC BY-SA 4.0
2096,phenomenon,2096,"[""ngsl-core""]","[""phenomenon""]",New General Service List,1.2,https://www.newgeneralservicelist.com/new-general-service-list,CC BY-SA 4.0
2097,pupil,2097,"[""ngsl-core""]","[""pupil""]",New General Service List,1.2,https://www.newgeneralservicelist.com/new-general-service-list,CC BY-SA 4.0
2098,false,2098,"[""ngsl-core""]","[""FALSE""]",New General Service List,1.2,https://www.newgeneralservicelist.com/new-general-service-list,CC BY-SA 4.0
2099,assist,2099,"[""ngsl-core""]","[""assist""]",New General Service List,1.2,https://www.newgeneralservicelist.com/new-general-service-list,CC BY-SA 4.0
2100,restore,2100,"[""ngsl-core""]","[""restore""]",New General Service List,1.2,https://www.newgeneralservicelist.com/new-general-service-list,CC BY-SA 4.0
2101,formula,2101,"[""ngsl-core""]","[""formula""]",New General Service List,1.2,https://www.newgeneralservicelist.com/new-general-service-list,CC BY-SA 4.0
2102,alter,2102,"[""ngsl-core""]","[""alter""]",New General Service List,1.2,https://www.newgeneralservicelist.com/new-general-service-list,CC BY-SA 4.0
2103,perceive,2103,"[""ngsl-core""]","[""perceive""]",New General Service List,1.2,https://www.newgeneralservicelist.com/new-general-service-list,CC BY-SA 4.0
2104,routine,2104,"[""ngsl-core""]","[""routine""]",New General Service List,1.2,https://www.newgeneralservicelist.com/new-general-service-list,CC BY-SA 4.0
2105,sink,2105,"[""ngsl-core""]","[""sink""]",New General Service List,1.2,https://www.newgeneralservicelist.com/new-general-service-list,CC BY-SA 4.0
2106,stare,2106,"[""ngsl-core""]","[""stare""]",New General Service List,1.2,https://www.newgeneralservicelist.com/new-general-service-list,CC BY-SA 4.0
2107,anymore,2107,"[""ngsl-core""]","[""anymore""]",New General Service List,1.2,https://www.newgeneralservicelist.com/new-general-service-list,CC BY-SA 4.0
2108,hero,2108,"[""ngsl-core""]","[""hero""]",New General Service List,1.2,https://www.newgeneralservicelist.com/new-general-service-list,CC BY-SA 4.0
2109,supporter,2109,"[""ngsl-core""]","[""supporter""]",New General Service List,1.2,https://www.newgeneralservicelist.com/new-general-service-list,CC BY-SA 4.0
2110,convert,2110,"[""ngsl-core""]","[""convert""]",New General Service List,1.2,https://www.newgeneralservicelist.com/new-general-service-list,CC BY-SA 4.0
2111,steady,2111,"[""ngsl-core""]","[""steady""]",New General Service List,1.2,https://www.newgeneralservicelist.com/new-general-service-list,CC BY-SA 4.0
2112,meter,2112,"[""ngsl-core""]","[""meter""]",New General Service List,1.2,https://www.newgeneralservicelist.com/new-general-service-list,CC BY-SA 4.0
2113,truck,2113,"[""ngsl-core""]","[""truck""]",New General Service List,1.2,https://www.newgeneralservicelist.com/new-general-service-list,CC BY-SA 4.0
2114,nose,2114,"[""ngsl-core""]","[""nose""]",New General Service List,1.2,https://www.newgeneralservicelist.com/new-general-service-list,CC BY-SA 4.0
2115,beside,2115,"[""ngsl-core""]","[""beside""]",New General Service List,1.2,https://www.newgeneralservicelist.com/new-general-service-list,CC BY-SA 4.0
2116,sail,2116,"[""ngsl-core""]","[""sail""]",New General Service List,1.2,https://www.newgeneralservicelist.com/new-general-service-list,CC BY-SA 4.0
2117,disaster,2117,"[""ngsl-core""]","[""disaster""]",New General Service List,1.2,https://www.newgeneralservicelist.com/new-general-service-list,CC BY-SA 4.0
2118,pace,2118,"[""ngsl-core""]","[""pace""]",New General Service List,1.2,https://www.newgeneralservicelist.com/new-general-service-list,CC BY-SA 4.0
2119,heavily,2119,"[""ngsl-core""]","[""heavily""]",New General Service List,1.2,https://www.newgeneralservicelist.com/new-general-service-list,CC BY-SA 4.0
2120,devote,2120,"[""ngsl-core""]","[""devote""]",New General Service List,1.2,https://www.newgeneralservicelist.com/new-general-service-list,CC BY-SA 4.0
2121,terrorist,2121,"[""ngsl-core""]","[""terrorist""]",New General Service List,1.2,https://www.newgeneralservicelist.com/new-general-service-list,CC BY-SA 4.0
2122,justify,2122,"[""ngsl-core""]","[""justify""]",New General Service List,1.2,https://www.newgeneralservicelist.com/new-general-service-list,CC BY-SA 4.0
2123,vital,2123,"[""ngsl-core""]","[""vital""]",New General Service List,1.2,https://www.newgeneralservicelist.com/new-general-service-list,CC BY-SA 4.0
2124,fascinate,2124,"[""ngsl-core""]","[""fascinate""]",New General Service List,1.2,https://www.newgeneralservicelist.com/new-general-service-list,CC BY-SA 4.0
2125,external,2125,"[""ngsl-core""]","[""external""]",New General Service List,1.2,https://www.newgeneralservicelist.com/new-general-service-list,CC BY-SA 4.0
2126,spare,2126,"[""ngsl-core""]","[""spare""]",New General Service List,1.2,https://www.newgeneralservicelist.com/new-general-service-list,CC BY-SA 4.0
2127,whenever,2127,"[""ngsl-core""]","[""whenever""]",New General Service List,1.2,https://www.newgeneralservicelist.com/new-general-service-list,CC BY-SA 4.0
2128,depression,2128,"[""ngsl-core""]","[""depression""]",New General Service List,1.2,https://www.newgeneralservicelist.com/new-general-service-list,CC BY-SA 4.0
2129,guilty,2129,"[""ngsl-core""]","[""guilty""]",New General Service List,1.2,https://www.newgeneralservicelist.com/new-general-service-list,CC BY-SA 4.0
2130,underlie,2130,"[""ngsl-core""]","[""underlie""]",New General Service List,1.2,https://www.newgeneralservicelist.com/new-general-service-list,CC BY-SA 4.0
2131,mom,2131,"[""ngsl-core""]","[""mom""]",New General Service List,1.2,https://www.newgeneralservicelist.com/new-general-service-list,CC BY-SA 4.0
2132,distinction,2132,"[""ngsl-core""]","[""distinction""]",New General Service List,1.2,https://www.newgeneralservicelist.com/new-general-service-list,CC BY-SA 4.0
2133,satisfaction,2133,"[""ngsl-core""]","[""satisfaction""]",New General Service List,1.2,https://www.newgeneralservicelist.com/new-general-service-list,CC BY-SA 4.0
2134,incorporate,2134,"[""ngsl-core""]","[""incorporate""]",New General Service List,1.2,https://www.newgeneralservicelist.com/new-general-service-list,CC BY-SA 4.0
2135,pour,2135,"[""ngsl-core""]","[""pour""]",New General Service List,1.2,https://www.newgeneralservicelist.com/new-general-service-list,CC BY-SA 4.0
2136,sweep,2136,"[""ngsl-core""]","[""sweep""]",New General Service List,1.2,https://www.newgeneralservicelist.com/new-general-service-list,CC BY-SA 4.0
2137,obligation,2137,"[""ngsl-core""]","[""obligation""]",New General Service List,1.2,https://www.newgeneralservicelist.com/new-general-service-list,CC BY-SA 4.0
2138,sir,2138,"[""ngsl-core""]","[""sir""]",New General Service List,1.2,https://www.newgeneralservicelist.com/new-general-service-list,CC BY-SA 4.0
2139,evaluate,2139,"[""ngsl-core""]","[""evaluate""]",New General Service List,1.2,https://www.newgeneralservicelist.com/new-general-service-list,CC BY-SA 4.0
2140,anger,2140,"[""ngsl-core""]","[""anger""]",New General Service List,1.2,https://www.newgeneralservicelist.com/new-general-service-list,CC BY-SA 4.0
2141,pub,2141,"[""ngsl-core""]","[""pub""]",New General Service List,1.2,https://www.newgeneralservicelist.com/new-general-service-list,CC BY-SA 4.0
2142,perception,2142,"[""ngsl-core""]","[""perception""]",New General Service List,1.2,https://www.newgeneralservicelist.com/new-general-service-list,CC BY-SA 4.0
2143,naturally,2143,"[""ngsl-core""]","[""naturally""]",New General Service List,1.2,https://www.newgeneralservicelist.com/new-general-service-list,CC BY-SA 4.0
2144,currency,2144,"[""ngsl-core""]","[""currency""]",New General Service List,1.2,https://www.newgeneralservicelist.com/new-general-service-list,CC BY-SA 4.0
2145,database,2145,"[""ngsl-core""]","[""database""]",New General Service List,1.2,https://www.newgeneralservicelist.com/new-general-service-list,CC BY-SA 4.0
2146,initially,2146,"[""ngsl-core""]","[""initially""]",New General Service List,1.2,https://www.newgeneralservicelist.com/new-general-service-list,CC BY-SA 4.0
2147,territory,2147,"[""ngsl-core""]","[""territory""]",New General Service List,1.2,https://www.newgeneralservicelist.com/new-general-service-list,CC BY-SA 4.0
2148,stream,2148,"[""ngsl-core""]","[""stream""]",New General Service List,1.2,https://www.newgeneralservicelist.com/new-general-service-list,CC BY-SA 4.0
2149,rarely,2149,"[""ngsl-core""]","[""rarely""]",New General Service List,1.2,https://www.newgeneralservicelist.com/new-general-service-list,CC BY-SA 4.0
2150,height,2150,"[""ngsl-core""]","[""height""]",New General Service List,1.2,https://www.newgeneralservicelist.com/new-general-service-list,CC BY-SA 4.0
2151,apparent,2151,"[""ngsl-core""]","[""apparent""]",New General Service List,1.2,https://www.newgeneralservicelist.com/new-general-service-list,CC BY-SA 4.0
2152,western,2152,"[""ngsl-core""]","[""western""]",New General Service List,1.2,https://www.newgeneralservicelist.com/new-general-service-list,CC BY-SA 4.0
2153,expansion,2153,"[""ngsl-core""]","[""expansion""]",New General Service List,1.2,https://www.newgeneralservicelist.com/new-general-service-list,CC BY-SA 4.0
2154,constantly,2154,"[""ngsl-core""]","[""constantly""]",New General Service List,1.2,https://www.newgeneralservicelist.com/new-general-service-list,CC BY-SA 4.0
2155,muscle,2155,"[""ngsl-core""]","[""muscle""]",New General Service List,1.2,https://www.newgeneralservicelist.com/new-general-service-list,CC BY-SA 4.0
2156,scare,2156,"[""ngsl-core""]","[""scare""]",New General Service List,1.2,https://www.newgeneralservicelist.com/new-general-service-list,CC BY-SA 4.0
2157,badly,2157,"[""ngsl-core""]","[""badly""]",New General Service List,1.2,https://www.newgeneralservicelist.com/new-general-service-list,CC BY-SA 4.0
2158,everyday,2158,"[""ngsl-core""]","[""everyday""]",New General Service List,1.2,https://www.newgeneralservicelist.com/new-general-service-list,CC BY-SA 4.0
2159,boundary,2159,"[""ngsl-core""]","[""boundary""]",New General Service List,1.2,https://www.newgeneralservicelist.com/new-general-service-list,CC BY-SA 4.0
2160,ratio,2160,"[""ngsl-core""]","[""ratio""]",New General Service List,1.2,https://www.newgeneralservicelist.com/new-general-service-list,CC BY-SA 4.0
2161,essay,2161,"[""ngsl-core""]","[""essay""]",New General Service List,1.2,https://www.newgeneralservicelist.com/new-general-service-list,CC BY-SA 4.0
2162,scream,2162,"[""ngsl-core""]","[""scream""]",New General Service List,1.2,https://www.newgeneralservicelist.com/new-general-service-list,CC BY-SA 4.0
2163,withdraw,2163,"[""ngsl-core""]","[""withdraw""]",New General Service List,1.2,https://www.newgeneralservicelist.com/new-general-service-list,CC BY-SA 4.0
2164,pollution,2164,"[""ngsl-core""]","[""pollution""]",New General Service List,1.2,https://www.newgeneralservicelist.com/new-general-service-list,CC BY-SA 4.0
2165,disorder,2165,"[""ngsl-core""]","[""disorder""]",New General Service List,1.2,https://www.newgeneralservicelist.com/new-general-service-list,CC BY-SA 4.0
2166,furniture,2166,"[""ngsl-core""]","[""furniture""]",New General Service List,1.2,https://www.newgeneralservicelist.com/new-general-service-list,CC BY-SA 4.0
2167,symbol,2167,"[""ngsl-core""]","[""symbol""]",New General Service List,1.2,https://www.newgeneralservicelist.com/new-general-service-list,CC BY-SA 4.0
2168,apartment,2168,"[""ngsl-core""]","[""apartment""]",New General Service List,1.2,https://www.newgeneralservicelist.com/new-general-service-list,CC BY-SA 4.0
2169,demonstration,2169,"[""ngsl-core""]","[""demonstration""]",New General Service List,1.2,https://www.newgeneralservicelist.com/new-general-service-list,CC BY-SA 4.0
2170,analyst,2170,"[""ngsl-core""]","[""analyst""]",New General Service List,1.2,https://www.newgeneralservicelist.com/new-general-service-list,CC BY-SA 4.0
2171,platform,2171,"[""ngsl-core""]","[""platform""]",New General Service List,1.2,https://www.newgeneralservicelist.com/new-general-service-list,CC BY-SA 4.0
2172,steel,2172,"[""ngsl-core""]","[""steel""]",New General Service List,1.2,https://www.newgeneralservicelist.com/new-general-service-list,CC BY-SA 4.0
2173,cake,2173,"[""ngsl-core""]","[""cake""]",New General Service List,1.2,https://www.newgeneralservicelist.com/new-general-service-list,CC BY-SA 4.0
2174,transform,2174,"[""ngsl-core""]","[""transform""]",New General Service List,1.2,https://www.newgeneralservicelist.com/new-general-service-list,CC BY-SA 4.0
2175,wound,2175,"[""ngsl-core""]","[""wound""]",New General Service List,1.2,https://www.newgeneralservicelist.com/new-general-service-list,CC BY-SA 4.0
2176,restriction,2176,"[""ngsl-core""]","[""restriction""]",New General Service List,1.2,https://www.newgeneralservicelist.com/new-general-service-list,CC BY-SA 4.0
2177,foundation,2177,"[""ngsl-core""]","[""foundation""]",New General Service List,1.2,https://www.newgeneralservicelist.com/new-general-service-list,CC BY-SA 4.0
2178,designer,2178,"[""ngsl-core""]","[""designer""]",New General Service List,1.2,https://www.newgeneralservicelist.com/new-general-service-list,CC BY-SA 4.0
2179,strain,2179,"[""ngsl-core""]","[""strain""]",New General Service List,1.2,https://www.newgeneralservicelist.com/new-general-service-list,CC BY-SA 4.0
2180,innovation,2180,"[""ngsl-core""]","[""innovation""]",New General Service List,1.2,https://www.newgeneralservicelist.com/new-general-service-list,CC BY-SA 4.0
2181,album,2181,"[""ngsl-core""]","[""album""]",New General Service List,1.2,https://www.newgeneralservicelist.com/new-general-service-list,CC BY-SA 4.0
2182,singer,2182,"[""ngsl-core""]","[""singer""]",New General Service List,1.2,https://www.newgeneralservicelist.com/new-general-service-list,CC BY-SA 4.0
2183,trail,2183,"[""ngsl-core""]","[""trail""]",New General Service List,1.2,https://www.newgeneralservicelist.com/new-general-service-list,CC BY-SA 4.0
2184,trap,2184,"[""ngsl-core""]","[""trap""]",New General Service List,1.2,https://www.newgeneralservicelist.com/new-general-service-list,CC BY-SA 4.0
2185,loose,2185,"[""ngsl-core""]","[""loose""]",New General Service List,1.2,https://www.newgeneralservicelist.com/new-general-service-list,CC BY-SA 4.0
2186,extension,2186,"[""ngsl-core""]","[""extension""]",New General Service List,1.2,https://www.newgeneralservicelist.com/new-general-service-list,CC BY-SA 4.0
2187,wealth,2187,"[""ngsl-core""]","[""wealth""]",New General Service List,1.2,https://www.newgeneralservicelist.com/new-general-service-list,CC BY-SA 4.0
2188,gradually,2188,"[""ngsl-core""]","[""gradually""]",New General Service List,1.2,https://www.newgeneralservicelist.com/new-general-service-list,CC BY-SA 4.0
2189,tank,2189,"[""ngsl-core""]","[""tank""]",New General Service List,1.2,https://www.newgeneralservicelist.com/new-general-service-list,CC BY-SA 4.0
2190,evil,2190,"[""ngsl-core""]","[""evil""]",New General Service List,1.2,https://www.newgeneralservicelist.com/new-general-service-list,CC BY-SA 4.0
2191,remarkable,2191,"[""ngsl-core""]","[""remarkable""]",New General Service List,1.2,https://www.newgeneralservicelist.com/new-general-service-list,CC BY-SA 4.0
2192,tune,2192,"[""ngsl-core""]","[""tune""]",New General Service List,1.2,https://www.newgeneralservicelist.com/new-general-service-list,CC BY-SA 4.0
2193,grass,2193,"[""ngsl-core""]","[""grass""]",New General Service List,1.2,https://www.newgeneralservicelist.com/new-general-service-list,CC BY-SA 4.0
2194,invitation,2194,"[""ngsl-core""]","[""invitation""]",New General Service List,1.2,https://www.newgeneralservicelist.com/new-general-service-list,CC BY-SA 4.0
2195,transition,2195,"[""ngsl-core""]","[""transition""]",New General Service List,1.2,https://www.newgeneralservicelist.com/new-general-service-list,CC BY-SA 4.0
2196,frighten,2196,"[""ngsl-core""]","[""frighten""]",New General Service List,1.2,https://www.newgeneralservicelist.com/new-general-service-list,CC BY-SA 4.0
2197,bid,2197,"[""ngsl-core""]","[""bid""]",New General Service List,1.2,https://www.newgeneralservicelist.com/new-general-service-list,CC BY-SA 4.0
2198,breed,2198,"[""ngsl-core""]","[""breed""]",New General Service List,1.2,https://www.newgeneralservicelist.com/new-general-service-list,CC BY-SA 4.0
2199,extraordinary,2199,"[""ngsl-core""]","[""extraordinary""]",New General Service List,1.2,https://www.newgeneralservicelist.com/new-general-service-list,CC BY-SA 4.0
2200,brilliant,2200,"[""ngsl-core""]","[""brilliant""]",New General Service List,1.2,https://www.newgeneralservicelist.com/new-general-service-list,CC BY-SA 4.0
2201,adviser,2201,"[""ngsl-core""]","[""adviser""]",New General Service List,1.2,https://www.newgeneralservicelist.com/new-general-service-list,CC BY-SA 4.0
2202,stem,2202,"[""ngsl-core""]","[""stem""]",New General Service List,1.2,https://www.newgeneralservicelist.com/new-general-service-list,CC BY-SA 4.0
2203,reverse,2203,"[""ngsl-core""]","[""reverse""]",New General Service List,1.2,https://www.newgeneralservicelist.com/new-general-service-list,CC BY-SA 4.0
2204,mode,2204,"[""ngsl-core""]","[""mode""]",New General Service List,1.2,https://www.newgeneralservicelist.com/new-general-service-list,CC BY-SA 4.0
2205,mirror,2205,"[""ngsl-core""]","[""mirror""]",New General Service List,1.2,https://www.newgeneralservicelist.com/new-general-service-list,CC BY-SA 4.0
2206,awful,2206,"[""ngsl-core""]","[""awful""]",New General Service List,1.2,https://www.newgeneralservicelist.com/new-general-service-list,CC BY-SA 4.0
2207,pose,2207,"[""ngsl-core""]","[""pose""]",New General Service List,1.2,https://www.newgeneralservicelist.com/new-general-service-list,CC BY-SA 4.0
2208,adjust,2208,"[""ngsl-core""]","[""adjust""]",New General Service List,1.2,https://www.newgeneralservicelist.com/new-general-service-list,CC BY-SA 4.0
2209,creative,2209,"[""ngsl-core""]","[""creative""]",New General Service List,1.2,https://www.newgeneralservicelist.com/new-general-service-list,CC BY-SA 4.0
2210,nowadays,2210,"[""ngsl-core""]","[""nowadays""]",New General Service List,1.2,https://www.newgeneralservicelist.com/new-general-service-list,CC BY-SA 4.0
2211,poem,2211,"[""ngsl-core""]","[""poem""]",New General Service List,1.2,https://www.newgeneralservicelist.com/new-general-service-list,CC BY-SA 4.0
2212,agricultural,2212,"[""ngsl-core""]","[""agricultural""]",New General Service List,1.2,https://www.newgeneralservicelist.com/new-general-service-list,CC BY-SA 4.0
2213,competitor,2213,"[""ngsl-core""]","[""competitor""]",New General Service List,1.2,https://www.newgeneralservicelist.com/new-general-service-list,CC BY-SA 4.0
2214,alcohol,2214,"[""ngsl-core""]","[""alcohol""]",New General Service List,1.2,https://www.newgeneralservicelist.com/new-general-service-list,CC BY-SA 4.0
2215,festival,2215,"[""ngsl-core""]","[""festival""]",New General Service List,1.2,https://www.newgeneralservicelist.com/new-general-service-list,CC BY-SA 4.0
2216,vegetable,2216,"[""ngsl-core""]","[""vegetable""]",New General Service List,1.2,https://www.newgeneralservicelist.com/new-general-service-list,CC BY-SA 4.0
2217,van,2217,"[""ngsl-core""]","[""van""]",New General Service List,1.2,https://www.newgeneralservicelist.com/new-general-service-list,CC BY-SA 4.0
2218,confident,2218,"[""ngsl-core""]","[""confident""]",New General Service List,1.2,https://www.newgeneralservicelist.com/new-general-service-list,CC BY-SA 4.0
2219,planet,2219,"[""ngsl-core""]","[""planet""]",New General Service List,1.2,https://www.newgeneralservicelist.com/new-general-service-list,CC BY-SA 4.0
2220,curve,2220,"[""ngsl-core""]","[""curve""]",New General Service List,1.2,https://www.newgeneralservicelist.com/new-general-service-list,CC BY-SA 4.0
2221,knee,2221,"[""ngsl-core""]","[""knee""]",New General Service List,1.2,https://www.newgeneralservicelist.com/new-general-service-list,CC BY-SA 4.0
2222,overcome,2222,"[""ngsl-core""]","[""overcome""]",New General Service List,1.2,https://www.newgeneralservicelist.com/new-general-service-list,CC BY-SA 4.0
2223,web,2223,"[""ngsl-core""]","[""web""]",New General Service List,1.2,https://www.newgeneralservicelist.com/new-general-service-list,CC BY-SA 4.0
2224,depth,2224,"[""ngsl-core""]","[""depth""]",New General Service List,1.2,https://www.newgeneralservicelist.com/new-general-service-list,CC BY-SA 4.0
2225,entrance,2225,"[""ngsl-core""]","[""entrance""]",New General Service List,1.2,https://www.newgeneralservicelist.com/new-general-service-list,CC BY-SA 4.0
2226,log,2226,"[""ngsl-core""]","[""log""]",New General Service List,1.2,https://www.newgeneralservicelist.com/new-general-service-list,CC BY-SA 4.0
2227,giant,2227,"[""ngsl-core""]","[""giant""]",New General Service List,1.2,https://www.newgeneralservicelist.com/new-general-service-list,CC BY-SA 4.0
2228,god,2228,"[""ngsl-core""]","[""god""]",New General Service List,1.2,https://www.newgeneralservicelist.com/new-general-service-list,CC BY-SA 4.0
2229,portion,2229,"[""ngsl-core""]","[""portion""]",New General Service List,1.2,https://www.newgeneralservicelist.com/new-general-service-list,CC BY-SA 4.0
2230,substance,2230,"[""ngsl-core""]","[""substance""]",New General Service List,1.2,https://www.newgeneralservicelist.com/new-general-service-list,CC BY-SA 4.0
2231,extensive,2231,"[""ngsl-core""]","[""extensive""]",New General Service List,1.2,https://www.newgeneralservicelist.com/new-general-service-list,CC BY-SA 4.0
2232,interpret,2232,"[""ngsl-core""]","[""interpret""]",New General Service List,1.2,https://www.newgeneralservicelist.com/new-general-service-list,CC BY-SA 4.0
2233,independence,2233,"[""ngsl-core""]","[""independence""]",New General Service List,1.2,https://www.newgeneralservicelist.com/new-general-service-list,CC BY-SA 4.0
2234,sugar,2234,"[""ngsl-core""]","[""sugar""]",New General Service List,1.2,https://www.newgeneralservicelist.com/new-general-service-list,CC BY-SA 4.0
2235,inner,2235,"[""ngsl-core""]","[""inner""]",New General Service List,1.2,https://www.newgeneralservicelist.com/new-general-service-list,CC BY-SA 4.0
2236,harm,2236,"[""ngsl-core""]","[""harm""]",New General Service List,1.2,https://www.newgeneralservicelist.com/new-general-service-list,CC BY-SA 4.0
2237,consult,2237,"[""ngsl-core""]","[""consult""]",New General Service List,1.2,https://www.newgeneralservicelist.com/new-general-service-list,CC BY-SA 4.0
2238,pink,2238,"[""ngsl-core""]","[""pink""]",New General Service List,1.2,https://www.newgeneralservicelist.com/new-general-service-list,CC BY-SA 4.0
2239,shadow,2239,"[""ngsl-core""]","[""shadow""]",New General Service List,1.2,https://www.newgeneralservicelist.com/new-general-service-list,CC BY-SA 4.0
2240,strip,2240,"[""ngsl-core""]","[""strip""]",New General Service List,1.2,https://www.newgeneralservicelist.com/new-general-service-list,CC BY-SA 4.0
2241,smooth,2241,"[""ngsl-core""]","[""smooth""]",New General Service List,1.2,https://www.newgeneralservicelist.com/new-general-service-list,CC BY-SA 4.0
2242,intervention,2242,"[""ngsl-core""]","[""intervention""]",New General Service List,1.2,https://www.newgeneralservicelist.com/new-general-service-list,CC BY-SA 4.0
2243,impress,2243,"[""ngsl-core""]","[""impress""]",New General Service List,1.2,https://www.newgeneralservicelist.com/new-general-service-list,CC BY-SA 4.0
2244,exam,2244,"[""ngsl-core""]","[""exam""]",New General Service List,1.2,https://www.newgeneralservicelist.com/new-general-service-list,CC BY-SA 4.0
2245,vice,2245,"[""ngsl-core""]","[""vice""]",New General Service List,1.2,https://www.newgeneralservicelist.com/new-general-service-list,CC BY-SA 4.0
2246,radical,2246,"[""ngsl-core""]","[""radical""]",New General Service List,1.2,https://www.newgeneralservicelist.com/new-general-service-list,CC BY-SA 4.0
2247,similarly,2247,"[""ngsl-core""]","[""similarly""]",New General Service List,1.2,https://www.newgeneralservicelist.com/new-general-service-list,CC BY-SA 4.0
2248,behave,2248,"[""ngsl-core""]","[""behave""]",New General Service List,1.2,https://www.newgeneralservicelist.com/new-general-service-list,CC BY-SA 4.0
2249,loud,2249,"[""ngsl-core""]","[""loud""]",New General Service List,1.2,https://www.newgeneralservicelist.com/new-general-service-list,CC BY-SA 4.0
2250,dimension,2250,"[""ngsl-core""]","[""dimension""]",New General Service List,1.2,https://www.newgeneralservicelist.com/new-general-service-list,CC BY-SA 4.0
2251,subsequent,2251,"[""ngsl-core""]","[""subsequent""]",New General Service List,1.2,https://www.newgeneralservicelist.com/new-general-service-list,CC BY-SA 4.0
2252,infection,2252,"[""ngsl-core""]","[""infection""]",New General Service List,1.2,https://www.newgeneralservicelist.com/new-general-service-list,CC BY-SA 4.0
2253,jacket,2253,"[""ngsl-core""]","[""jacket""]",New General Service List,1.2,https://www.newgeneralservicelist.com/new-general-service-list,CC BY-SA 4.0
2254,efficiency,2254,"[""ngsl-core""]","[""efficiency""]",New General Service List,1.2,https://www.newgeneralservicelist.com/new-general-service-list,CC BY-SA 4.0
2255,dirty,2255,"[""ngsl-core""]","[""dirty""]",New General Service List,1.2,https://www.newgeneralservicelist.com/new-general-service-list,CC BY-SA 4.0
2256,statistic,2256,"[""ngsl-core""]","[""statistic""]",New General Service List,1.2,https://www.newgeneralservicelist.com/new-general-service-list,CC BY-SA 4.0
2257,regularly,2257,"[""ngsl-core""]","[""regularly""]",New General Service List,1.2,https://www.newgeneralservicelist.com/new-general-service-list,CC BY-SA 4.0
2258,resort,2258,"[""ngsl-core""]","[""resort""]",New General Service List,1.2,https://www.newgeneralservicelist.com/new-general-service-list,CC BY-SA 4.0
2259,iron,2259,"[""ngsl-core""]","[""iron""]",New General Service List,1.2,https://www.newgeneralservicelist.com/new-general-service-list,CC BY-SA 4.0
2260,broadcast,2260,"[""ngsl-core""]","[""broadcast""]",New General Service List,1.2,https://www.newgeneralservicelist.com/new-general-service-list,CC BY-SA 4.0
2261,membership,2261,"[""ngsl-core""]","[""membership""]",New General Service List,1.2,https://www.newgeneralservicelist.com/new-general-service-list,CC BY-SA 4.0
2262,bread,2262,"[""ngsl-core""]","[""bread""]",New General Service List,1.2,https://www.newgeneralservicelist.com/new-general-service-list,CC BY-SA 4.0
2263,blind,2263,"[""ngsl-core""]","[""blind""]",New General Service List,1.2,https://www.newgeneralservicelist.com/new-general-service-list,CC BY-SA 4.0
2264,pure,2264,"[""ngsl-core""]","[""pure""]",New General Service List,1.2,https://www.newgeneralservicelist.com/new-general-service-list,CC BY-SA 4.0
2265,bloody,2265,"[""ngsl-core""]","[""bloody""]",New General Service List,1.2,https://www.newgeneralservicelist.com/new-general-service-list,CC BY-SA 4.0
2266,ally,2266,"[""ngsl-core""]","[""ally""]",New General Service List,1.2,https://www.newgeneralservicelist.com/new-general-service-list,CC BY-SA 4.0
2267,quantity,2267,"[""ngsl-core""]","[""quantity""]",New General Service List,1.2,https://www.newgeneralservicelist.com/new-general-service-list,CC BY-SA 4.0
2268,bend,2268,"[""ngsl-core""]","[""bend""]",New General Service List,1.2,https://www.newgeneralservicelist.com/new-general-service-list,CC BY-SA 4.0
2269,mature,2269,"[""ngsl-core""]","[""mature""]",New General Service List,1.2,https://www.newgeneralservicelist.com/new-general-service-list,CC BY-SA 4.0
2270,briefly,2270,"[""ngsl-core""]","[""briefly""]",New General Service List,1.2,https://www.newgeneralservicelist.com/new-general-service-list,CC BY-SA 4.0
2271,alarm,2271,"[""ngsl-core""]","[""alarm""]",New General Service List,1.2,https://www.newgeneralservicelist.com/new-general-service-list,CC BY-SA 4.0
2272,disturb,2272,"[""ngsl-core""]","[""disturb""]",New General Service List,1.2,https://www.newgeneralservicelist.com/new-general-service-list,CC BY-SA 4.0
2273,sustain,2273,"[""ngsl-core""]","[""sustain""]",New General Service List,1.2,https://www.newgeneralservicelist.com/new-general-service-list,CC BY-SA 4.0
2274,flood,2274,"[""ngsl-core""]","[""flood""]",New General Service List,1.2,https://www.newgeneralservicelist.com/new-general-service-list,CC BY-SA 4.0
2275,poverty,2275,"[""ngsl-core""]","[""poverty""]",New General Service List,1.2,https://www.newgeneralservicelist.com/new-general-service-list,CC BY-SA 4.0
2276,crazy,2276,"[""ngsl-core""]","[""crazy""]",New General Service List,1.2,https://www.newgeneralservicelist.com/new-general-service-list,CC BY-SA 4.0
2277,cite,2277,"[""ngsl-core""]","[""cite""]",New General Service List,1.2,https://www.newgeneralservicelist.com/new-general-service-list,CC BY-SA 4.0
2278,newly,2278,"[""ngsl-core""]","[""newly""]",New General Service List,1.2,https://www.newgeneralservicelist.com/new-general-service-list,CC BY-SA 4.0
2279,parallel,2279,"[""ngsl-core""]","[""parallel""]",New General Service List,1.2,https://www.newgeneralservicelist.com/new-general-service-list,CC BY-SA 4.0
2280,gender,2280,"[""ngsl-core""]","[""gender""]",New General Service List,1.2,https://www.newgeneralservicelist.com/new-general-service-list,CC BY-SA 4.0
2281,sponsor,2281,"[""ngsl-core""]","[""sponsor""]",New General Service List,1.2,https://www.newgeneralservicelist.com/new-general-service-list,CC BY-SA 4.0
2282,boot,2282,"[""ngsl-core""]","[""boot""]",New General Service List,1.2,https://www.newgeneralservicelist.com/new-general-service-list,CC BY-SA 4.0
2283,accurate,2283,"[""ngsl-core""]","[""accurate""]",New General Service List,1.2,https://www.newgeneralservicelist.com/new-general-service-list,CC BY-SA 4.0
2284,dealer,2284,"[""ngsl-core""]","[""dealer""]",New General Service List,1.2,https://www.newgeneralservicelist.com/new-general-service-list,CC BY-SA 4.0
2285,button,2285,"[""ngsl-core""]","[""button""]",New General Service List,1.2,https://www.newgeneralservicelist.com/new-general-service-list,CC BY-SA 4.0
2286,burden,2286,"[""ngsl-core""]","[""burden""]",New General Service List,1.2,https://www.newgeneralservicelist.com/new-general-service-list,CC BY-SA 4.0
2287,desert,2287,"[""ngsl-core""]","[""desert""]",New General Service List,1.2,https://www.newgeneralservicelist.com/new-general-service-list,CC BY-SA 4.0
2288,mate,2288,"[""ngsl-core""]","[""mate""]",New General Service List,1.2,https://www.newgeneralservicelist.com/new-general-service-list,CC BY-SA 4.0
2289,occasionally,2289,"[""ngsl-core""]","[""occasionally""]",New General Service List,1.2,https://www.newgeneralservicelist.com/new-general-service-list,CC BY-SA 4.0
2290,shareholder,2290,"[""ngsl-core""]","[""shareholder""]",New General Service List,1.2,https://www.newgeneralservicelist.com/new-general-service-list,CC BY-SA 4.0
2291,bowl,2291,"[""ngsl-core""]","[""bowl""]",New General Service List,1.2,https://www.newgeneralservicelist.com/new-general-service-list,CC BY-SA 4.0
2292,discovery,2292,"[""ngsl-core""]","[""discovery""]",New General Service List,1.2,https://www.newgeneralservicelist.com/new-general-service-list,CC BY-SA 4.0
2293,resistance,2293,"[""ngsl-core""]","[""resistance""]",New General Service List,1.2,https://www.newgeneralservicelist.com/new-general-service-list,CC BY-SA 4.0
2294,bath,2294,"[""ngsl-core""]","[""bath""]",New General Service List,1.2,https://www.newgeneralservicelist.com/new-general-service-list,CC BY-SA 4.0
2295,frequency,2295,"[""ngsl-core""]","[""frequency""]",New General Service List,1.2,https://www.newgeneralservicelist.com/new-general-service-list,CC BY-SA 4.0
2296,criticize,2296,"[""ngsl-core""]","[""criticize""]",New General Service List,1.2,https://www.newgeneralservicelist.com/new-general-service-list,CC BY-SA 4.0
2297,tap,2297,"[""ngsl-core""]","[""tap""]",New General Service List,1.2,https://www.newgeneralservicelist.com/new-general-service-list,CC BY-SA 4.0
2298,philosophy,2298,"[""ngsl-core""]","[""philosophy""]",New General Service List,1.2,https://www.newgeneralservicelist.com/new-general-service-list,CC BY-SA 4.0
2299,lip,2299,"[""ngsl-core""]","[""lip""]",New General Service List,1.2,https://www.newgeneralservicelist.com/new-general-service-list,CC BY-SA 4.0
2300,attribute,2300,"[""ngsl-core""]","[""attribute""]",New General Service List,1.2,https://www.newgeneralservicelist.com/new-general-service-list,CC BY-SA 4.0
2301,apologize,2301,"[""ngsl-core""]","[""apologize""]",New General Service List,1.2,https://www.newgeneralservicelist.com/new-general-service-list,CC BY-SA 4.0
2302,approval,2302,"[""ngsl-core""]","[""approval""]",New General Service List,1.2,https://www.newgeneralservicelist.com/new-general-service-list,CC BY-SA 4.0
2303,grab,2303,"[""ngsl-core""]","[""grab""]",New General Service List,1.2,https://www.newgeneralservicelist.com/new-general-service-list,CC BY-SA 4.0
2304,entitle,2304,"[""ngsl-core""]","[""entitle""]",New General Service List,1.2,https://www.newgeneralservicelist.com/new-general-service-list,CC BY-SA 4.0
2305,lend,2305,"[""ngsl-core""]","[""lend""]",New General Service List,1.2,https://www.newgeneralservicelist.com/new-general-service-list,CC BY-SA 4.0
2306,involvement,2306,"[""ngsl-core""]","[""involvement""]",New General Service List,1.2,https://www.newgeneralservicelist.com/new-general-service-list,CC BY-SA 4.0
2307,exposure,2307,"[""ngsl-core""]","[""exposure""]",New General Service List,1.2,https://www.newgeneralservicelist.com/new-general-service-list,CC BY-SA 4.0
2308,conventional,2308,"[""ngsl-core""]","[""conventional""]",New General Service List,1.2,https://www.newgeneralservicelist.com/new-general-service-list,CC BY-SA 4.0
2309,digital,2309,"[""ngsl-core""]","[""digital""]",New General Service List,1.2,https://www.newgeneralservicelist.com/new-general-service-list,CC BY-SA 4.0
2310,translate,2310,"[""ngsl-core""]","[""translate""]",New General Service List,1.2,https://www.newgeneralservicelist.com/new-general-service-list,CC BY-SA 4.0
2311,edit,2311,"[""ngsl-core""]","[""edit""]",New General Service List,1.2,https://www.newgeneralservicelist.com/new-general-service-list,CC BY-SA 4.0
2312,formation,2312,"[""ngsl-core""]","[""formation""]",New General Service List,1.2,https://www.newgeneralservicelist.com/new-general-service-list,CC BY-SA 4.0
2313,deposit,2313,"[""ngsl-core""]","[""deposit""]",New General Service List,1.2,https://www.newgeneralservicelist.com/new-general-service-list,CC BY-SA 4.0
2314,pleasant,2314,"[""ngsl-core""]","[""pleasant""]",New General Service List,1.2,https://www.newgeneralservicelist.com/new-general-service-list,CC BY-SA 4.0
2315,overseas,2315,"[""ngsl-core""]","[""overseas""]",New General Service List,1.2,https://www.newgeneralservicelist.com/new-general-service-list,CC BY-SA 4.0
2316,advocate,2316,"[""ngsl-core""]","[""advocate""]",New General Service List,1.2,https://www.newgeneralservicelist.com/new-general-service-list,CC BY-SA 4.0
2317,establishment,2317,"[""ngsl-core""]","[""establishment""]",New General Service List,1.2,https://www.newgeneralservicelist.com/new-general-service-list,CC BY-SA 4.0
2318,summary,2318,"[""ngsl-core""]","[""summary""]",New General Service List,1.2,https://www.newgeneralservicelist.com/new-general-service-list,CC BY-SA 4.0
2319,rough,2319,"[""ngsl-core""]","[""rough""]",New General Service List,1.2,https://www.newgeneralservicelist.com/new-general-service-list,CC BY-SA 4.0
2320,pen,2320,"[""ngsl-core""]","[""pen""]",New General Service List,1.2,https://www.newgeneralservicelist.com/new-general-service-list,CC BY-SA 4.0
2321,recovery,2321,"[""ngsl-core""]","[""recovery""]",New General Service List,1.2,https://www.newgeneralservicelist.com/new-general-service-list,CC BY-SA 4.0
2322,seal,2322,"[""ngsl-core""]","[""seal""]",New General Service List,1.2,https://www.newgeneralservicelist.com/new-general-service-list,CC BY-SA 4.0
2323,tube,2323,"[""ngsl-core""]","[""tube""]",New General Service List,1.2,https://www.newgeneralservicelist.com/new-general-service-list,CC BY-SA 4.0
2324,tower,2324,"[""ngsl-core""]","[""tower""]",New General Service List,1.2,https://www.newgeneralservicelist.com/new-general-service-list,CC BY-SA 4.0
2325,characterize,2325,"[""ngsl-core""]","[""characterize""]",New General Service List,1.2,https://www.newgeneralservicelist.com/new-general-service-list,CC BY-SA 4.0
2326,specify,2326,"[""ngsl-core""]","[""specify""]",New General Service List,1.2,https://www.newgeneralservicelist.com/new-general-service-list,CC BY-SA 4.0
2327,exact,2327,"[""ngsl-core""]","[""exact""]",New General Service List,1.2,https://www.newgeneralservicelist.com/new-general-service-list,CC BY-SA 4.0
2328,spin,2328,"[""ngsl-core""]","[""spin""]",New General Service List,1.2,https://www.newgeneralservicelist.com/new-general-service-list,CC BY-SA 4.0
2329,operator,2329,"[""ngsl-core""]","[""operator""]",New General Service List,1.2,https://www.newgeneralservicelist.com/new-general-service-list,CC BY-SA 4.0
2330,infant,2330,"[""ngsl-core""]","[""infant""]",New General Service List,1.2,https://www.newgeneralservicelist.com/new-general-service-list,CC BY-SA 4.0
2331,dig,2331,"[""ngsl-core""]","[""dig""]",New General Service List,1.2,https://www.newgeneralservicelist.com/new-general-service-list,CC BY-SA 4.0
2332,drag,2332,"[""ngsl-core""]","[""drag""]",New General Service List,1.2,https://www.newgeneralservicelist.com/new-general-service-list,CC BY-SA 4.0
2333,mount,2333,"[""ngsl-core""]","[""mount""]",New General Service List,1.2,https://www.newgeneralservicelist.com/new-general-service-list,CC BY-SA 4.0
2334,wrap,2334,"[""ngsl-core""]","[""wrap""]",New General Service List,1.2,https://www.newgeneralservicelist.com/new-general-service-list,CC BY-SA 4.0
2335,anticipate,2335,"[""ngsl-core""]","[""anticipate""]",New General Service List,1.2,https://www.newgeneralservicelist.com/new-general-service-list,CC BY-SA 4.0
2336,dependent,2336,"[""ngsl-core""]","[""dependent""]",New General Service List,1.2,https://www.newgeneralservicelist.com/new-general-service-list,CC BY-SA 4.0
2337,specialize,2337,"[""ngsl-core""]","[""specialize""]",New General Service List,1.2,https://www.newgeneralservicelist.com/new-general-service-list,CC BY-SA 4.0
2338,angle,2338,"[""ngsl-core""]","[""angle""]",New General Service List,1.2,https://www.newgeneralservicelist.com/new-general-service-list,CC BY-SA 4.0
2339,chicken,2339,"[""ngsl-core""]","[""chicken""]",New General Service List,1.2,https://www.newgeneralservicelist.com/new-general-service-list,CC BY-SA 4.0
2340,anxiety,2340,"[""ngsl-core""]","[""anxiety""]",New General Service List,1.2,https://www.newgeneralservicelist.com/new-general-service-list,CC BY-SA 4.0
2341,virus,2341,"[""ngsl-core""]","[""virus""]",New General Service List,1.2,https://www.newgeneralservicelist.com/new-general-service-list,CC BY-SA 4.0
2342,precisely,2342,"[""ngsl-core""]","[""precisely""]",New General Service List,1.2,https://www.newgeneralservicelist.com/new-general-service-list,CC BY-SA 4.0
2343,rival,2343,"[""ngsl-core""]","[""rival""]",New General Service List,1.2,https://www.newgeneralservicelist.com/new-general-service-list,CC BY-SA 4.0
2344,offense,2344,"[""ngsl-core""]","[""offense""]",New General Service List,1.2,https://www.newgeneralservicelist.com/new-general-service-list,CC BY-SA 4.0
2345,detect,2345,"[""ngsl-core""]","[""detect""]",New General Service List,1.2,https://www.newgeneralservicelist.com/new-general-service-list,CC BY-SA 4.0
2346,teenager,2346,"[""ngsl-core""]","[""teenager""]",New General Service List,1.2,https://www.newgeneralservicelist.com/new-general-service-list,CC BY-SA 4.0
2347,admire,2347,"[""ngsl-core""]","[""admire""]",New General Service List,1.2,https://www.newgeneralservicelist.com/new-general-service-list,CC BY-SA 4.0
2348,moderate,2348,"[""ngsl-core""]","[""moderate""]",New General Service List,1.2,https://www.newgeneralservicelist.com/new-general-service-list,CC BY-SA 4.0
2349,surgery,2349,"[""ngsl-core""]","[""surgery""]",New General Service List,1.2,https://www.newgeneralservicelist.com/new-general-service-list,CC BY-SA 4.0
2350,musician,2350,"[""ngsl-core""]","[""musician""]",New General Service List,1.2,https://www.newgeneralservicelist.com/new-general-service-list,CC BY-SA 4.0
2351,significance,2351,"[""ngsl-core""]","[""significance""]",New General Service List,1.2,https://www.newgeneralservicelist.com/new-general-service-list,CC BY-SA 4.0
2352,shower,2352,"[""ngsl-core""]","[""shower""]",New General Service List,1.2,https://www.newgeneralservicelist.com/new-general-service-list,CC BY-SA 4.0
2353,illegal,2353,"[""ngsl-core""]","[""illegal""]",New General Service List,1.2,https://www.newgeneralservicelist.com/new-general-service-list,CC BY-SA 4.0
2354,charity,2354,"[""ngsl-core""]","[""charity""]",New General Service List,1.2,https://www.newgeneralservicelist.com/new-general-service-list,CC BY-SA 4.0
2355,universal,2355,"[""ngsl-core""]","[""universal""]",New General Service List,1.2,https://www.newgeneralservicelist.com/new-general-service-list,CC BY-SA 4.0
2356,cigarette,2356,"[""ngsl-core""]","[""cigarette""]",New General Service List,1.2,https://www.newgeneralservicelist.com/new-general-service-list,CC BY-SA 4.0
2357,constitute,2357,"[""ngsl-core""]","[""constitute""]",New General Service List,1.2,https://www.newgeneralservicelist.com/new-general-service-list,CC BY-SA 4.0
2358,adequate,2358,"[""ngsl-core""]","[""adequate""]",New General Service List,1.2,https://www.newgeneralservicelist.com/new-general-service-list,CC BY-SA 4.0
2359,consultant,2359,"[""ngsl-core""]","[""consultant""]",New General Service List,1.2,https://www.newgeneralservicelist.com/new-general-service-list,CC BY-SA 4.0
2360,historian,2360,"[""ngsl-core""]","[""historian""]",New General Service List,1.2,https://www.newgeneralservicelist.com/new-general-service-list,CC BY-SA 4.0
2361,cousin,2361,"[""ngsl-core""]","[""cousin""]",New General Service List,1.2,https://www.newgeneralservicelist.com/new-general-service-list,CC BY-SA 4.0
2362,visual,2362,"[""ngsl-core""]","[""visual""]",New General Service List,1.2,https://www.newgeneralservicelist.com/new-general-service-list,CC BY-SA 4.0
2363,stupid,2363,"[""ngsl-core""]","[""stupid""]",New General Service List,1.2,https://www.newgeneralservicelist.com/new-general-service-list,CC BY-SA 4.0
2364,keen,2364,"[""ngsl-core""]","[""keen""]",New General Service List,1.2,https://www.newgeneralservicelist.com/new-general-service-list,CC BY-SA 4.0
2365,ethnic,2365,"[""ngsl-core""]","[""ethnic""]",New General Service List,1.2,https://www.newgeneralservicelist.com/new-general-service-list,CC BY-SA 4.0
2366,twin,2366,"[""ngsl-core""]","[""twin""]",New General Service List,1.2,https://www.newgeneralservicelist.com/new-general-service-list,CC BY-SA 4.0
2367,clinical,2367,"[""ngsl-core""]","[""clinical""]",New General Service List,1.2,https://www.newgeneralservicelist.com/new-general-service-list,CC BY-SA 4.0
2368,eastern,2368,"[""ngsl-core""]","[""eastern""]",New General Service List,1.2,https://www.newgeneralservicelist.com/new-general-service-list,CC BY-SA 4.0
2369,forecast,2369,"[""ngsl-core""]","[""forecast""]",New General Service List,1.2,https://www.newgeneralservicelist.com/new-general-service-list,CC BY-SA 4.0
2370,segment,2370,"[""ngsl-core""]","[""segment""]",New General Service List,1.2,https://www.newgeneralservicelist.com/new-general-service-list,CC BY-SA 4.0
2371,custom,2371,"[""ngsl-core""]","[""custom""]",New General Service List,1.2,https://www.newgeneralservicelist.com/new-general-service-list,CC BY-SA 4.0
2372,adapt,2372,"[""ngsl-core""]","[""adapt""]",New General Service List,1.2,https://www.newgeneralservicelist.com/new-general-service-list,CC BY-SA 4.0
2373,sand,2373,"[""ngsl-core""]","[""sand""]",New General Service List,1.2,https://www.newgeneralservicelist.com/new-general-service-list,CC BY-SA 4.0
2374,cap,2374,"[""ngsl-core""]","[""cap""]",New General Service List,1.2,https://www.newgeneralservicelist.com/new-general-service-list,CC BY-SA 4.0
2375,prompt,2375,"[""ngsl-core""]","[""prompt""]",New General Service List,1.2,https://www.newgeneralservicelist.com/new-general-service-list,CC BY-SA 4.0
2376,charm,2376,"[""ngsl-core""]","[""charm""]",New General Service List,1.2,https://www.newgeneralservicelist.com/new-general-service-list,CC BY-SA 4.0
2377,react,2377,"[""ngsl-core""]","[""react""]",New General Service List,1.2,https://www.newgeneralservicelist.com/new-general-service-list,CC BY-SA 4.0
2378,lecture,2378,"[""ngsl-core""]","[""lecture""]",New General Service List,1.2,https://www.newgeneralservicelist.com/new-general-service-list,CC BY-SA 4.0
2379,venture,2379,"[""ngsl-core""]","[""venture""]",New General Service List,1.2,https://www.newgeneralservicelist.com/new-general-service-list,CC BY-SA 4.0
2380,compound,2380,"[""ngsl-core""]","[""compound""]",New General Service List,1.2,https://www.newgeneralservicelist.com/new-general-service-list,CC BY-SA 4.0
2381,rescue,2381,"[""ngsl-core""]","[""rescue""]",New General Service List,1.2,https://www.newgeneralservicelist.com/new-general-service-list,CC BY-SA 4.0
2382,mess,2382,"[""ngsl-core""]","[""mess""]",New General Service List,1.2,https://www.newgeneralservicelist.com/new-general-service-list,CC BY-SA 4.0
2383,preference,2383,"[""ngsl-core""]","[""preference""]",New General Service List,1.2,https://www.newgeneralservicelist.com/new-general-service-list,CC BY-SA 4.0
2384,comprehensive,2384,"[""ngsl-core""]","[""comprehensive""]",New General Service List,1.2,https://www.newgeneralservicelist.com/new-general-service-list,CC BY-SA 4.0
2385,incentive,2385,"[""ngsl-core""]","[""incentive""]",New General Service List,1.2,https://www.newgeneralservicelist.com/new-general-service-list,CC BY-SA 4.0
2386,league,2386,"[""ngsl-core""]","[""league""]",New General Service List,1.2,https://www.newgeneralservicelist.com/new-general-service-list,CC BY-SA 4.0
2387,dialog,2387,"[""ngsl-core""]","[""dialog""]",New General Service List,1.2,https://www.newgeneralservicelist.com/new-general-service-list,CC BY-SA 4.0
2388,cream,2388,"[""ngsl-core""]","[""cream""]",New General Service List,1.2,https://www.newgeneralservicelist.com/new-general-service-list,CC BY-SA 4.0
2389,rapid,2389,"[""ngsl-core""]","[""rapid""]",New General Service List,1.2,https://www.newgeneralservicelist.com/new-general-service-list,CC BY-SA 4.0
2390,cancel,2390,"[""ngsl-core""]","[""cancel""]",New General Service List,1.2,https://www.newgeneralservicelist.com/new-general-service-list,CC BY-SA 4.0
2391,regret,2391,"[""ngsl-core""]","[""regret""]",New General Service List,1.2,https://www.newgeneralservicelist.com/new-general-service-list,CC BY-SA 4.0
2392,dismiss,2392,"[""ngsl-core""]","[""dismiss""]",New General Service List,1.2,https://www.newgeneralservicelist.com/new-general-service-list,CC BY-SA 4.0
2393,margin,2393,"[""ngsl-core""]","[""margin""]",New General Service List,1.2,https://www.newgeneralservicelist.com/new-general-service-list,CC BY-SA 4.0
2394,beneath,2394,"[""ngsl-core""]","[""beneath""]",New General Service List,1.2,https://www.newgeneralservicelist.com/new-general-service-list,CC BY-SA 4.0
2395,opponent,2395,"[""ngsl-core""]","[""opponent""]",New General Service List,1.2,https://www.newgeneralservicelist.com/new-general-service-list,CC BY-SA 4.0
2396,resist,2396,"[""ngsl-core""]","[""resist""]",New General Service List,1.2,https://www.newgeneralservicelist.com/new-general-service-list,CC BY-SA 4.0
2397,capability,2397,"[""ngsl-core""]","[""capability""]",New General Service List,1.2,https://www.newgeneralservicelist.com/new-general-service-list,CC BY-SA 4.0
2398,absolute,2398,"[""ngsl-core""]","[""absolute""]",New General Service List,1.2,https://www.newgeneralservicelist.com/new-general-service-list,CC BY-SA 4.0
2399,correspond,2399,"[""ngsl-core""]","[""correspond""]",New General Service List,1.2,https://www.newgeneralservicelist.com/new-general-service-list,CC BY-SA 4.0
2400,stroke,2400,"[""ngsl-core""]","[""stroke""]",New General Service List,1.2,https://www.newgeneralservicelist.com/new-general-service-list,CC BY-SA 4.0
2401,dare,2401,"[""ngsl-core""]","[""dare""]",New General Service List,1.2,https://www.newgeneralservicelist.com/new-general-service-list,CC BY-SA 4.0
2402,barrier,2402,"[""ngsl-core""]","[""barrier""]",New General Service List,1.2,https://www.newgeneralservicelist.com/new-general-service-list,CC BY-SA 4.0
2403,rid,2403,"[""ngsl-core""]","[""rid""]",New General Service List,1.2,https://www.newgeneralservicelist.com/new-general-service-list,CC BY-SA 4.0
2404,divorce,2404,"[""ngsl-core""]","[""divorce""]",New General Service List,1.2,https://www.newgeneralservicelist.com/new-general-service-list,CC BY-SA 4.0
2405,ruin,2405,"[""ngsl-core""]","[""ruin""]",New General Service List,1.2,https://www.newgeneralservicelist.com/new-general-service-list,CC BY-SA 4.0
2406,bury,2406,"[""ngsl-core""]","[""bury""]",New General Service List,1.2,https://www.newgeneralservicelist.com/new-general-service-list,CC BY-SA 4.0
2407,counsel,2407,"[""ngsl-core""]","[""counsel""]",New General Service List,1.2,https://www.newgeneralservicelist.com/new-general-service-list,CC BY-SA 4.0
2408,tendency,2408,"[""ngsl-core""]","[""tendency""]",New General Service List,1.2,https://www.newgeneralservicelist.com/new-general-service-list,CC BY-SA 4.0
2409,frequent,2409,"[""ngsl-core""]","[""frequent""]",New General Service List,1.2,https://www.newgeneralservicelist.com/new-general-service-list,CC BY-SA 4.0
2410,motor,2410,"[""ngsl-core""]","[""motor""]",New General Service List,1.2,https://www.newgeneralservicelist.com/new-general-service-list,CC BY-SA 4.0
2411,survival,2411,"[""ngsl-core""]","[""survival""]",New General Service List,1.2,https://www.newgeneralservicelist.com/new-general-service-list,CC BY-SA 4.0
2412,counter,2412,"[""ngsl-core""]","[""counter""]",New General Service List,1.2,https://www.newgeneralservicelist.com/new-general-service-list,CC BY-SA 4.0
2413,possess,2413,"[""ngsl-core""]","[""possess""]",New General Service List,1.2,https://www.newgeneralservicelist.com/new-general-service-list,CC BY-SA 4.0
2414,permission,2414,"[""ngsl-core""]","[""permission""]",New General Service List,1.2,https://www.newgeneralservicelist.com/new-general-service-list,CC BY-SA 4.0
2415,valley,2415,"[""ngsl-core""]","[""valley""]",New General Service List,1.2,https://www.newgeneralservicelist.com/new-general-service-list,CC BY-SA 4.0
2416,float,2416,"[""ngsl-core""]","[""float""]",New General Service List,1.2,https://www.newgeneralservicelist.com/new-general-service-list,CC BY-SA 4.0
2417,mad,2417,"[""ngsl-core""]","[""mad""]",New General Service List,1.2,https://www.newgeneralservicelist.com/new-general-service-list,CC BY-SA 4.0
2418,greatly,2418,"[""ngsl-core""]","[""greatly""]",New General Service List,1.2,https://www.newgeneralservicelist.com/new-general-service-list,CC BY-SA 4.0
2419,visible,2419,"[""ngsl-core""]","[""visible""]",New General Service List,1.2,https://www.newgeneralservicelist.com/new-general-service-list,CC BY-SA 4.0
2420,electric,2420,"[""ngsl-core""]","[""electric""]",New General Service List,1.2,https://www.newgeneralservicelist.com/new-general-service-list,CC BY-SA 4.0
2421,impressive,2421,"[""ngsl-core""]","[""impressive""]",New General Service List,1.2,https://www.newgeneralservicelist.com/new-general-service-list,CC BY-SA 4.0
2422,evolution,2422,"[""ngsl-core""]","[""evolution""]",New General Service List,1.2,https://www.newgeneralservicelist.com/new-general-service-list,CC BY-SA 4.0
2423,awareness,2423,"[""ngsl-core""]","[""awareness""]",New General Service List,1.2,https://www.newgeneralservicelist.com/new-general-service-list,CC BY-SA 4.0
2424,violent,2424,"[""ngsl-core""]","[""violent""]",New General Service List,1.2,https://www.newgeneralservicelist.com/new-general-service-list,CC BY-SA 4.0
2425,slave,2425,"[""ngsl-core""]","[""slave""]",New General Service List,1.2,https://www.newgeneralservicelist.com/new-general-service-list,CC BY-SA 4.0
2426,wealthy,2426,"[""ngsl-core""]","[""wealthy""]",New General Service List,1.2,https://www.newgeneralservicelist.com/new-general-service-list,CC BY-SA 4.0
2427,architecture,2427,"[""ngsl-core""]","[""architecture""]",New General Service List,1.2,https://www.newgeneralservicelist.com/new-general-service-list,CC BY-SA 4.0
2428,acceptable,2428,"[""ngsl-core""]","[""acceptable""]",New General Service List,1.2,https://www.newgeneralservicelist.com/new-general-service-list,CC BY-SA 4.0
2429,journal,2429,"[""ngsl-core""]","[""journal""]",New General Service List,1.2,https://www.newgeneralservicelist.com/new-general-service-list,CC BY-SA 4.0
2430,coal,2430,"[""ngsl-core""]","[""coal""]",New General Service List,1.2,https://www.newgeneralservicelist.com/new-general-service-list,CC BY-SA 4.0
2431,measurement,2431,"[""ngsl-core""]","[""measurement""]",New General Service List,1.2,https://www.newgeneralservicelist.com/new-general-service-list,CC BY-SA 4.0
2432,random,2432,"[""ngsl-core""]","[""random""]",New General Service List,1.2,https://www.newgeneralservicelist.com/new-general-service-list,CC BY-SA 4.0
2433,successfully,2433,"[""ngsl-core""]","[""successfully""]",New General Service List,1.2,https://www.newgeneralservicelist.com/new-general-service-list,CC BY-SA 4.0
2434,depress,2434,"[""ngsl-core""]","[""depress""]",New General Service List,1.2,https://www.newgeneralservicelist.com/new-general-service-list,CC BY-SA 4.0
2435,illustration,2435,"[""ngsl-core""]","[""illustration""]",New General Service List,1.2,https://www.newgeneralservicelist.com/new-general-service-list,CC BY-SA 4.0
2436,burst,2436,"[""ngsl-core""]","[""burst""]",New General Service List,1.2,https://www.newgeneralservicelist.com/new-general-service-list,CC BY-SA 4.0
2437,privilege,2437,"[""ngsl-core""]","[""privilege""]",New General Service List,1.2,https://www.newgeneralservicelist.com/new-general-service-list,CC BY-SA 4.0
2438,buyer,2438,"[""ngsl-core""]","[""buyer""]",New General Service List,1.2,https://www.newgeneralservicelist.com/new-general-service-list,CC BY-SA 4.0
2439,mutual,2439,"[""ngsl-core""]","[""mutual""]",New General Service List,1.2,https://www.newgeneralservicelist.com/new-general-service-list,CC BY-SA 4.0
2440,rail,2440,"[""ngsl-core""]","[""rail""]",New General Service List,1.2,https://www.newgeneralservicelist.com/new-general-service-list,CC BY-SA 4.0
2441,motivate,2441,"[""ngsl-core""]","[""motivate""]",New General Service List,1.2,https://www.newgeneralservicelist.com/new-general-service-list,CC BY-SA 4.0
2442,laboratory,2442,"[""ngsl-core""]","[""laboratory""]",New General Service List,1.2,https://www.newgeneralservicelist.com/new-general-service-list,CC BY-SA 4.0
2443,mortgage,2443,"[""ngsl-core""]","[""mortgage""]",New General Service List,1.2,https://www.newgeneralservicelist.com/new-general-service-list,CC BY-SA 4.0
2444,promotion,2444,"[""ngsl-core""]","[""promotion""]",New General Service List,1.2,https://www.newgeneralservicelist.com/new-general-service-list,CC BY-SA 4.0
2445,passion,2445,"[""ngsl-core""]","[""passion""]",New General Service List,1.2,https://www.newgeneralservicelist.com/new-general-service-list,CC BY-SA 4.0
2446,champion,2446,"[""ngsl-core""]","[""champion""]",New General Service List,1.2,https://www.newgeneralservicelist.com/new-general-service-list,CC BY-SA 4.0
2447,fulfill,2447,"[""ngsl-core""]","[""fulfill""]",New General Service List,1.2,https://www.newgeneralservicelist.com/new-general-service-list,CC BY-SA 4.0
2448,dust,2448,"[""ngsl-core""]","[""dust""]",New General Service List,1.2,https://www.newgeneralservicelist.com/new-general-service-list,CC BY-SA 4.0
2449,dedicate,2449,"[""ngsl-core""]","[""dedicate""]",New General Service List,1.2,https://www.newgeneralservicelist.com/new-general-service-list,CC BY-SA 4.0
2450,roughly,2450,"[""ngsl-core""]","[""roughly""]",New General Service List,1.2,https://www.newgeneralservicelist.com/new-general-service-list,CC BY-SA 4.0
2451,skirt,2451,"[""ngsl-core""]","[""skirt""]",New General Service List,1.2,https://www.newgeneralservicelist.com/new-general-service-list,CC BY-SA 4.0
2452,province,2452,"[""ngsl-core""]","[""province""]",New General Service List,1.2,https://www.newgeneralservicelist.com/new-general-service-list,CC BY-SA 4.0
2453,march,2453,"[""ngsl-core"",""ngsl-supplement""]","[""march"",""March""]",New General Service List,1.2,https://www.newgeneralservicelist.com/new-general-service-list,CC BY-SA 4.0
2454,evaluation,2454,"[""ngsl-core""]","[""evaluation""]",New General Service List,1.2,https://www.newgeneralservicelist.com/new-general-service-list,CC BY-SA 4.0
2455,compromise,2455,"[""ngsl-core""]","[""compromise""]",New General Service List,1.2,https://www.newgeneralservicelist.com/new-general-service-list,CC BY-SA 4.0
2456,accomplish,2456,"[""ngsl-core""]","[""accomplish""]",New General Service List,1.2,https://www.newgeneralservicelist.com/new-general-service-list,CC BY-SA 4.0
2457,weakness,2457,"[""ngsl-core""]","[""weakness""]",New General Service List,1.2,https://www.newgeneralservicelist.com/new-general-service-list,CC BY-SA 4.0
2458,announcement,2458,"[""ngsl-core""]","[""announcement""]",New General Service List,1.2,https://www.newgeneralservicelist.com/new-general-service-list,CC BY-SA 4.0
2459,salt,2459,"[""ngsl-core""]","[""salt""]",New General Service List,1.2,https://www.newgeneralservicelist.com/new-general-service-list,CC BY-SA 4.0
2460,glance,2460,"[""ngsl-core""]","[""glance""]",New General Service List,1.2,https://www.newgeneralservicelist.com/new-general-service-list,CC BY-SA 4.0
2461,opera,2461,"[""ngsl-core""]","[""opera""]",New General Service List,1.2,https://www.newgeneralservicelist.com/new-general-service-list,CC BY-SA 4.0
2462,contest,2462,"[""ngsl-core""]","[""contest""]",New General Service List,1.2,https://www.newgeneralservicelist.com/new-general-service-list,CC BY-SA 4.0
2463,brush,2463,"[""ngsl-core""]","[""brush""]",New General Service List,1.2,https://www.newgeneralservicelist.com/new-general-service-list,CC BY-SA 4.0
2464,embarrass,2464,"[""ngsl-core""]","[""embarrass""]",New General Service List,1.2,https://www.newgeneralservicelist.com/new-general-service-list,CC BY-SA 4.0
2465,gallery,2465,"[""ngsl-core""]","[""gallery""]",New General Service List,1.2,https://www.newgeneralservicelist.com/new-general-service-list,CC BY-SA 4.0
2466,genetic,2466,"[""ngsl-core""]","[""genetic""]",New General Service List,1.2,https://www.newgeneralservicelist.com/new-general-service-list,CC BY-SA 4.0
2467,aggressive,2467,"[""ngsl-core""]","[""aggressive""]",New General Service List,1.2,https://www.newgeneralservicelist.com/new-general-service-list,CC BY-SA 4.0
2468,chest,2468,"[""ngsl-core""]","[""chest""]",New General Service List,1.2,https://www.newgeneralservicelist.com/new-general-service-list,CC BY-SA 4.0
2469,format,2469,"[""ngsl-core""]","[""format""]",New General Service List,1.2,https://www.newgeneralservicelist.com/new-general-service-list,CC BY-SA 4.0
2470,literary,2470,"[""ngsl-core""]","[""literary""]",New General Service List,1.2,https://www.newgeneralservicelist.com/new-general-service-list,CC BY-SA 4.0
2471,govern,2471,"[""ngsl-core""]","[""govern""]",New General Service List,1.2,https://www.newgeneralservicelist.com/new-general-service-list,CC BY-SA 4.0
2472,embrace,2472,"[""ngsl-core""]","[""embrace""]",New General Service List,1.2,https://www.newgeneralservicelist.com/new-general-service-list,CC BY-SA 4.0
2473,praise,2473,"[""ngsl-core""]","[""praise""]",New General Service List,1.2,https://www.newgeneralservicelist.com/new-general-service-list,CC BY-SA 4.0
2474,silent,2474,"[""ngsl-core""]","[""silent""]",New General Service List,1.2,https://www.newgeneralservicelist.com/new-general-service-list,CC BY-SA 4.0
2475,pump,2475,"[""ngsl-core""]","[""pump""]",New General Service List,1.2,https://www.newgeneralservicelist.com/new-general-service-list,CC BY-SA 4.0
2476,publisher,2476,"[""ngsl-core""]","[""publisher""]",New General Service List,1.2,https://www.newgeneralservicelist.com/new-general-service-list,CC BY-SA 4.0
2477,celebration,2477,"[""ngsl-core""]","[""celebration""]",New General Service List,1.2,https://www.newgeneralservicelist.com/new-general-service-list,CC BY-SA 4.0
2478,golf,2478,"[""ngsl-core""]","[""golf""]",New General Service List,1.2,https://www.newgeneralservicelist.com/new-general-service-list,CC BY-SA 4.0
2479,compensation,2479,"[""ngsl-core""]","[""compensation""]",New General Service List,1.2,https://www.newgeneralservicelist.com/new-general-service-list,CC BY-SA 4.0
2480,classical,2480,"[""ngsl-core""]","[""classical""]",New General Service List,1.2,https://www.newgeneralservicelist.com/new-general-service-list,CC BY-SA 4.0
2481,weigh,2481,"[""ngsl-core""]","[""weigh""]",New General Service List,1.2,https://www.newgeneralservicelist.com/new-general-service-list,CC BY-SA 4.0
2482,versus,2482,"[""ngsl-core""]","[""versus""]",New General Service List,1.2,https://www.newgeneralservicelist.com/new-general-service-list,CC BY-SA 4.0
2483,deficit,2483,"[""ngsl-core""]","[""deficit""]",New General Service List,1.2,https://www.newgeneralservicelist.com/new-general-service-list,CC BY-SA 4.0
2484,modify,2484,"[""ngsl-core""]","[""modify""]",New General Service List,1.2,https://www.newgeneralservicelist.com/new-general-service-list,CC BY-SA 4.0
2485,flash,2485,"[""ngsl-core""]","[""flash""]",New General Service List,1.2,https://www.newgeneralservicelist.com/new-general-service-list,CC BY-SA 4.0
2486,friendship,2486,"[""ngsl-core""]","[""friendship""]",New General Service List,1.2,https://www.newgeneralservicelist.com/new-general-service-list,CC BY-SA 4.0
2487,profession,2487,"[""ngsl-core""]","[""profession""]",New General Service List,1.2,https://www.newgeneralservicelist.com/new-general-service-list,CC BY-SA 4.0
2488,literally,2488,"[""ngsl-core""]","[""literally""]",New General Service List,1.2,https://www.newgeneralservicelist.com/new-general-service-list,CC BY-SA 4.0
2489,equation,2489,"[""ngsl-core""]","[""equation""]",New General Service List,1.2,https://www.newgeneralservicelist.com/new-general-service-list,CC BY-SA 4.0
2490,gesture,2490,"[""ngsl-core""]","[""gesture""]",New General Service List,1.2,https://www.newgeneralservicelist.com/new-general-service-list,CC BY-SA 4.0
2491,entertain,2491,"[""ngsl-core""]","[""entertain""]",New General Service List,1.2,https://www.newgeneralservicelist.com/new-general-service-list,CC BY-SA 4.0
2492,fantastic,2492,"[""ngsl-core""]","[""fantastic""]",New General Service List,1.2,https://www.newgeneralservicelist.com/new-general-service-list,CC BY-SA 4.0
2493,assign,2493,"[""ngsl-core""]","[""assign""]",New General Service List,1.2,https://www.newgeneralservicelist.com/new-general-service-list,CC BY-SA 4.0
2494,inflation,2494,"[""ngsl-core""]","[""inflation""]",New General Service List,1.2,https://www.newgeneralservicelist.com/new-general-service-list,CC BY-SA 4.0
2495,historic,2495,"[""ngsl-core""]","[""historic""]",New General Service List,1.2,https://www.newgeneralservicelist.com/new-general-service-list,CC BY-SA 4.0
2496,injure,2496,"[""ngsl-core""]","[""injure""]",New General Service List,1.2,https://www.newgeneralservicelist.com/new-general-service-list,CC BY-SA 4.0
2497,remote,2497,"[""ngsl-core""]","[""remote""]",New General Service List,1.2,https://www.newgeneralservicelist.com/new-general-service-list,CC BY-SA 4.0
2498,therapy,2498,"[""ngsl-core""]","[""therapy""]",New General Service List,1.2,https://www.newgeneralservicelist.com/new-general-service-list,CC BY-SA 4.0
2499,orange,2499,"[""ngsl-core""]","[""orange""]",New General Service List,1.2,https://www.newgeneralservicelist.com/new-general-service-list,CC BY-SA 4.0
2500,twist,2500,"[""ngsl-core""]","[""twist""]",New General Service List,1.2,https://www.newgeneralservicelist.com/new-general-service-list,CC BY-SA 4.0
2501,personnel,2501,"[""ngsl-core""]","[""personnel""]",New General Service List,1.2,https://www.newgeneralservicelist.com/new-general-service-list,CC BY-SA 4.0
2502,imagination,2502,"[""ngsl-core""]","[""imagination""]",New General Service List,1.2,https://www.newgeneralservicelist.com/new-general-service-list,CC BY-SA 4.0
2503,disagree,2503,"[""ngsl-core""]","[""disagree""]",New General Service List,1.2,https://www.newgeneralservicelist.com/new-general-service-list,CC BY-SA 4.0
2504,throat,2504,"[""ngsl-core""]","[""throat""]",New General Service List,1.2,https://www.newgeneralservicelist.com/new-general-service-list,CC BY-SA 4.0
2505,insight,2505,"[""ngsl-core""]","[""insight""]",New General Service List,1.2,https://www.newgeneralservicelist.com/new-general-service-list,CC BY-SA 4.0
2506,tackle,2506,"[""ngsl-core""]","[""tackle""]",New General Service List,1.2,https://www.newgeneralservicelist.com/new-general-service-list,CC BY-SA 4.0
2507,forever,2507,"[""ngsl-core""]","[""forever""]",New General Service List,1.2,https://www.newgeneralservicelist.com/new-general-service-list,CC BY-SA 4.0
2508,exceed,2508,"[""ngsl-core""]","[""exceed""]",New General Service List,1.2,https://www.newgeneralservicelist.com/new-general-service-list,CC BY-SA 4.0
2509,expenditure,2509,"[""ngsl-core""]","[""expenditure""]",New General Service List,1.2,https://www.newgeneralservicelist.com/new-general-service-list,CC BY-SA 4.0
2510,joy,2510,"[""ngsl-core""]","[""joy""]",New General Service List,1.2,https://www.newgeneralservicelist.com/new-general-service-list,CC BY-SA 4.0
2511,pregnant,2511,"[""ngsl-core""]","[""pregnant""]",New General Service List,1.2,https://www.newgeneralservicelist.com/new-general-service-list,CC BY-SA 4.0
2512,reliable,2512,"[""ngsl-core""]","[""reliable""]",New General Service List,1.2,https://www.newgeneralservicelist.com/new-general-service-list,CC BY-SA 4.0
2513,gear,2513,"[""ngsl-core""]","[""gear""]",New General Service List,1.2,https://www.newgeneralservicelist.com/new-general-service-list,CC BY-SA 4.0
2514,click,2514,"[""ngsl-core""]","[""click""]",New General Service List,1.2,https://www.newgeneralservicelist.com/new-general-service-list,CC BY-SA 4.0
2515,poet,2515,"[""ngsl-core""]","[""poet""]",New General Service List,1.2,https://www.newgeneralservicelist.com/new-general-service-list,CC BY-SA 4.0
2516,fortune,2516,"[""ngsl-core""]","[""fortune""]",New General Service List,1.2,https://www.newgeneralservicelist.com/new-general-service-list,CC BY-SA 4.0
2517,ceremony,2517,"[""ngsl-core""]","[""ceremony""]",New General Service List,1.2,https://www.newgeneralservicelist.com/new-general-service-list,CC BY-SA 4.0
2518,pile,2518,"[""ngsl-core""]","[""pile""]",New General Service List,1.2,https://www.newgeneralservicelist.com/new-general-service-list,CC BY-SA 4.0
2519,pig,2519,"[""ngsl-core""]","[""pig""]",New General Service List,1.2,https://www.newgeneralservicelist.com/new-general-service-list,CC BY-SA 4.0
2520,mixture,2520,"[""ngsl-core""]","[""mixture""]",New General Service List,1.2,https://www.newgeneralservicelist.com/new-general-service-list,CC BY-SA 4.0
2521,automatically,2521,"[""ngsl-core""]","[""automatically""]",New General Service List,1.2,https://www.newgeneralservicelist.com/new-general-service-list,CC BY-SA 4.0
2522,scholar,2522,"[""ngsl-core""]","[""scholar""]",New General Service List,1.2,https://www.newgeneralservicelist.com/new-general-service-list,CC BY-SA 4.0
2523,psychological,2523,"[""ngsl-core""]","[""psychological""]",New General Service List,1.2,https://www.newgeneralservicelist.com/new-general-service-list,CC BY-SA 4.0
2524,dramatically,2524,"[""ngsl-core""]","[""dramatically""]",New General Service List,1.2,https://www.newgeneralservicelist.com/new-general-service-list,CC BY-SA 4.0
2525,stake,2525,"[""ngsl-core""]","[""stake""]",New General Service List,1.2,https://www.newgeneralservicelist.com/new-general-service-list,CC BY-SA 4.0
2526,creature,2526,"[""ngsl-core""]","[""creature""]",New General Service List,1.2,https://www.newgeneralservicelist.com/new-general-service-list,CC BY-SA 4.0
2527,partnership,2527,"[""ngsl-core""]","[""partnership""]",New General Service List,1.2,https://www.newgeneralservicelist.com/new-general-service-list,CC BY-SA 4.0
2528,participation,2528,"[""ngsl-core""]","[""participation""]",New General Service List,1.2,https://www.newgeneralservicelist.com/new-general-service-list,CC BY-SA 4.0
2529,clause,2529,"[""ngsl-core""]","[""clause""]",New General Service List,1.2,https://www.newgeneralservicelist.com/new-general-service-list,CC BY-SA 4.0
2530,penalty,2530,"[""ngsl-core""]","[""penalty""]",New General Service List,1.2,https://www.newgeneralservicelist.com/new-general-service-list,CC BY-SA 4.0
2531,chamber,2531,"[""ngsl-core""]","[""chamber""]",New General Service List,1.2,https://www.newgeneralservicelist.com/new-general-service-list,CC BY-SA 4.0
2532,fancy,2532,"[""ngsl-core""]","[""fancy""]",New General Service List,1.2,https://www.newgeneralservicelist.com/new-general-service-list,CC BY-SA 4.0
2533,poetry,2533,"[""ngsl-core""]","[""poetry""]",New General Service List,1.2,https://www.newgeneralservicelist.com/new-general-service-list,CC BY-SA 4.0
2534,chat,2534,"[""ngsl-core""]","[""chat""]",New General Service List,1.2,https://www.newgeneralservicelist.com/new-general-service-list,CC BY-SA 4.0
2535,clothing,2535,"[""ngsl-core""]","[""clothing""]",New General Service List,1.2,https://www.newgeneralservicelist.com/new-general-service-list,CC BY-SA 4.0
2536,evolve,2536,"[""ngsl-core""]","[""evolve""]",New General Service List,1.2,https://www.newgeneralservicelist.com/new-general-service-list,CC BY-SA 4.0
2537,sake,2537,"[""ngsl-core""]","[""sake""]",New General Service List,1.2,https://www.newgeneralservicelist.com/new-general-service-list,CC BY-SA 4.0
2538,shelf,2538,"[""ngsl-core""]","[""shelf""]",New General Service List,1.2,https://www.newgeneralservicelist.com/new-general-service-list,CC BY-SA 4.0
2539,boost,2539,"[""ngsl-core""]","[""boost""]",New General Service List,1.2,https://www.newgeneralservicelist.com/new-general-service-list,CC BY-SA 4.0
2540,tail,2540,"[""ngsl-core""]","[""tail""]",New General Service List,1.2,https://www.newgeneralservicelist.com/new-general-service-list,CC BY-SA 4.0
2541,possession,2541,"[""ngsl-core""]","[""possession""]",New General Service List,1.2,https://www.newgeneralservicelist.com/new-general-service-list,CC BY-SA 4.0
2542,abortion,2542,"[""ngsl-core""]","[""abortion""]",New General Service List,1.2,https://www.newgeneralservicelist.com/new-general-service-list,CC BY-SA 4.0
2543,curious,2543,"[""ngsl-core""]","[""curious""]",New General Service List,1.2,https://www.newgeneralservicelist.com/new-general-service-list,CC BY-SA 4.0
2544,wooden,2544,"[""ngsl-core""]","[""wooden""]",New General Service List,1.2,https://www.newgeneralservicelist.com/new-general-service-list,CC BY-SA 4.0
2545,boom,2545,"[""ngsl-core""]","[""boom""]",New General Service List,1.2,https://www.newgeneralservicelist.com/new-general-service-list,CC BY-SA 4.0
2546,tale,2546,"[""ngsl-core""]","[""tale""]",New General Service List,1.2,https://www.newgeneralservicelist.com/new-general-service-list,CC BY-SA 4.0
2547,democratic,2547,"[""ngsl-core""]","[""democratic""]",New General Service List,1.2,https://www.newgeneralservicelist.com/new-general-service-list,CC BY-SA 4.0
2548,maintenance,2548,"[""ngsl-core""]","[""maintenance""]",New General Service List,1.2,https://www.newgeneralservicelist.com/new-general-service-list,CC BY-SA 4.0
2549,consequently,2549,"[""ngsl-core""]","[""consequently""]",New General Service List,1.2,https://www.newgeneralservicelist.com/new-general-service-list,CC BY-SA 4.0
2550,pot,2550,"[""ngsl-core""]","[""pot""]",New General Service List,1.2,https://www.newgeneralservicelist.com/new-general-service-list,CC BY-SA 4.0
2551,cow,2551,"[""ngsl-core""]","[""cow""]",New General Service List,1.2,https://www.newgeneralservicelist.com/new-general-service-list,CC BY-SA 4.0
2552,strengthen,2552,"[""ngsl-core""]","[""strengthen""]",New General Service List,1.2,https://www.newgeneralservicelist.com/new-general-service-list,CC BY-SA 4.0
2553,whilst,2553,"[""ngsl-core""]","[""whilst""]",New General Service List,1.2,https://www.newgeneralservicelist.com/new-general-service-list,CC BY-SA 4.0
2554,constraint,2554,"[""ngsl-core""]","[""constraint""]",New General Service List,1.2,https://www.newgeneralservicelist.com/new-general-service-list,CC BY-SA 4.0
2555,fold,2555,"[""ngsl-core""]","[""fold""]",New General Service List,1.2,https://www.newgeneralservicelist.com/new-general-service-list,CC BY-SA 4.0
2556,bin,2556,"[""ngsl-core""]","[""bin""]",New General Service List,1.2,https://www.newgeneralservicelist.com/new-general-service-list,CC BY-SA 4.0
2557,undergo,2557,"[""ngsl-core""]","[""undergo""]",New General Service List,1.2,https://www.newgeneralservicelist.com/new-general-service-list,CC BY-SA 4.0
2558,potentially,2558,"[""ngsl-core""]","[""potentially""]",New General Service List,1.2,https://www.newgeneralservicelist.com/new-general-service-list,CC BY-SA 4.0
2559,scope,2559,"[""ngsl-core""]","[""scope""]",New General Service List,1.2,https://www.newgeneralservicelist.com/new-general-service-list,CC BY-SA 4.0
2560,pretend,2560,"[""ngsl-core""]","[""pretend""]",New General Service List,1.2,https://www.newgeneralservicelist.com/new-general-service-list,CC BY-SA 4.0
2561,diversity,2561,"[""ngsl-core""]","[""diversity""]",New General Service List,1.2,https://www.newgeneralservicelist.com/new-general-service-list,CC BY-SA 4.0
2562,allege,2562,"[""ngsl-core""]","[""allege""]",New General Service List,1.2,https://www.newgeneralservicelist.com/new-general-service-list,CC BY-SA 4.0
2563,pride,2563,"[""ngsl-core""]","[""pride""]",New General Service List,1.2,https://www.newgeneralservicelist.com/new-general-service-list,CC BY-SA 4.0
2564,intense,2564,"[""ngsl-core""]","[""intense""]",New General Service List,1.2,https://www.newgeneralservicelist.com/new-general-service-list,CC BY-SA 4.0
2565,inquiry,2565,"[""ngsl-core""]","[""inquiry""]",New General Service List,1.2,https://www.newgeneralservicelist.com/new-general-service-list,CC BY-SA 4.0
2566,resign,2566,"[""ngsl-core""]","[""resign""]",New General Service List,1.2,https://www.newgeneralservicelist.com/new-general-service-list,CC BY-SA 4.0
2567,craft,2567,"[""ngsl-core""]","[""craft""]",New General Service List,1.2,https://www.newgeneralservicelist.com/new-general-service-list,CC BY-SA 4.0
2568,strict,2568,"[""ngsl-core""]","[""strict""]",New General Service List,1.2,https://www.newgeneralservicelist.com/new-general-service-list,CC BY-SA 4.0
2569,concrete,2569,"[""ngsl-core""]","[""concrete""]",New General Service List,1.2,https://www.newgeneralservicelist.com/new-general-service-list,CC BY-SA 4.0
2570,shell,2570,"[""ngsl-core""]","[""shell""]",New General Service List,1.2,https://www.newgeneralservicelist.com/new-general-service-list,CC BY-SA 4.0
2571,damn,2571,"[""ngsl-core""]","[""damn""]",New General Service List,1.2,https://www.newgeneralservicelist.com/new-general-service-list,CC BY-SA 4.0
2572,distinct,2572,"[""ngsl-core""]","[""distinct""]",New General Service List,1.2,https://www.newgeneralservicelist.com/new-general-service-list,CC BY-SA 4.0
2573,humor,2573,"[""ngsl-core""]","[""humor""]",New General Service List,1.2,https://www.newgeneralservicelist.com/new-general-service-list,CC BY-SA 4.0
2574,limitation,2574,"[""ngsl-core""]","[""limitation""]",New General Service List,1.2,https://www.newgeneralservicelist.com/new-general-service-list,CC BY-SA 4.0
2575,indication,2575,"[""ngsl-core""]","[""indication""]",New General Service List,1.2,https://www.newgeneralservicelist.com/new-general-service-list,CC BY-SA 4.0
2576,stability,2576,"[""ngsl-core""]","[""stability""]",New General Service List,1.2,https://www.newgeneralservicelist.com/new-general-service-list,CC BY-SA 4.0
2577,wise,2577,"[""ngsl-core""]","[""wise""]",New General Service List,1.2,https://www.newgeneralservicelist.com/new-general-service-list,CC BY-SA 4.0
2578,neglect,2578,"[""ngsl-core""]","[""neglect""]",New General Service List,1.2,https://www.newgeneralservicelist.com/new-general-service-list,CC BY-SA 4.0
2579,compose,2579,"[""ngsl-core""]","[""compose""]",New General Service List,1.2,https://www.newgeneralservicelist.com/new-general-service-list,CC BY-SA 4.0
2580,jail,2580,"[""ngsl-core""]","[""jail""]",New General Service List,1.2,https://www.newgeneralservicelist.com/new-general-service-list,CC BY-SA 4.0
2581,shelter,2581,"[""ngsl-core""]","[""shelter""]",New General Service List,1.2,https://www.newgeneralservicelist.com/new-general-service-list,CC BY-SA 4.0
2582,mere,2582,"[""ngsl-core""]","[""mere""]",New General Service List,1.2,https://www.newgeneralservicelist.com/new-general-service-list,CC BY-SA 4.0
2583,carbon,2583,"[""ngsl-core""]","[""carbon""]",New General Service List,1.2,https://www.newgeneralservicelist.com/new-general-service-list,CC BY-SA 4.0
2584,regulate,2584,"[""ngsl-core""]","[""regulate""]",New General Service List,1.2,https://www.newgeneralservicelist.com/new-general-service-list,CC BY-SA 4.0
2585,cheese,2585,"[""ngsl-core""]","[""cheese""]",New General Service List,1.2,https://www.newgeneralservicelist.com/new-general-service-list,CC BY-SA 4.0
2586,trigger,2586,"[""ngsl-core""]","[""trigger""]",New General Service List,1.2,https://www.newgeneralservicelist.com/new-general-service-list,CC BY-SA 4.0
2587,pipe,2587,"[""ngsl-core""]","[""pipe""]",New General Service List,1.2,https://www.newgeneralservicelist.com/new-general-service-list,CC BY-SA 4.0
2588,destruction,2588,"[""ngsl-core""]","[""destruction""]",New General Service List,1.2,https://www.newgeneralservicelist.com/new-general-service-list,CC BY-SA 4.0
2589,guitar,2589,"[""ngsl-core""]","[""guitar""]",New General Service List,1.2,https://www.newgeneralservicelist.com/new-general-service-list,CC BY-SA 4.0
2590,flag,2590,"[""ngsl-core""]","[""flag""]",New General Service List,1.2,https://www.newgeneralservicelist.com/new-general-service-list,CC BY-SA 4.0
2591,piano,2591,"[""ngsl-core""]","[""piano""]",New General Service List,1.2,https://www.newgeneralservicelist.com/new-general-service-list,CC BY-SA 4.0
2592,magic,2592,"[""ngsl-core""]","[""magic""]",New General Service List,1.2,https://www.newgeneralservicelist.com/new-general-service-list,CC BY-SA 4.0
2593,mystery,2593,"[""ngsl-core""]","[""mystery""]",New General Service List,1.2,https://www.newgeneralservicelist.com/new-general-service-list,CC BY-SA 4.0
2594,ski,2594,"[""ngsl-core""]","[""ski""]",New General Service List,1.2,https://www.newgeneralservicelist.com/new-general-service-list,CC BY-SA 4.0
2595,whisper,2595,"[""ngsl-core""]","[""whisper""]",New General Service List,1.2,https://www.newgeneralservicelist.com/new-general-service-list,CC BY-SA 4.0
2596,rear,2596,"[""ngsl-core""]","[""rear""]",New General Service List,1.2,https://www.newgeneralservicelist.com/new-general-service-list,CC BY-SA 4.0
2597,menu,2597,"[""ngsl-core""]","[""menu""]",New General Service List,1.2,https://www.newgeneralservicelist.com/new-general-service-list,CC BY-SA 4.0
2598,species,2598,"[""ngsl-core""]","[""species""]",New General Service List,1.2,https://www.newgeneralservicelist.com/new-general-service-list,CC BY-SA 4.0
2599,moon,2599,"[""ngsl-core""]","[""moon""]",New General Service List,1.2,https://www.newgeneralservicelist.com/new-general-service-list,CC BY-SA 4.0
2600,presumably,2600,"[""ngsl-core""]","[""presumably""]",New General Service List,1.2,https://www.newgeneralservicelist.com/new-general-service-list,CC BY-SA 4.0
2601,bless,2601,"[""ngsl-core""]","[""bless""]",New General Service List,1.2,https://www.newgeneralservicelist.com/new-general-service-list,CC BY-SA 4.0
2602,airline,2602,"[""ngsl-core""]","[""airline""]",New General Service List,1.2,https://www.newgeneralservicelist.com/new-general-service-list,CC BY-SA 4.0
2603,amendment,2603,"[""ngsl-core""]","[""amendment""]",New General Service List,1.2,https://www.newgeneralservicelist.com/new-general-service-list,CC BY-SA 4.0
2604,grandmother,2604,"[""ngsl-core""]","[""grandmother""]",New General Service List,1.2,https://www.newgeneralservicelist.com/new-general-service-list,CC BY-SA 4.0
2605,jury,2605,"[""ngsl-core""]","[""jury""]",New General Service List,1.2,https://www.newgeneralservicelist.com/new-general-service-list,CC BY-SA 4.0
2606,cooperation,2606,"[""ngsl-core""]","[""cooperation""]",New General Service List,1.2,https://www.newgeneralservicelist.com/new-general-service-list,CC BY-SA 4.0
2607,civilian,2607,"[""ngsl-core""]","[""civilian""]",New General Service List,1.2,https://www.newgeneralservicelist.com/new-general-service-list,CC BY-SA 4.0
2608,composition,2608,"[""ngsl-core""]","[""composition""]",New General Service List,1.2,https://www.newgeneralservicelist.com/new-general-service-list,CC BY-SA 4.0
2609,coin,2609,"[""ngsl-core""]","[""coin""]",New General Service List,1.2,https://www.newgeneralservicelist.com/new-general-service-list,CC BY-SA 4.0
2610,regardless,2610,"[""ngsl-core""]","[""regardless""]",New General Service List,1.2,https://www.newgeneralservicelist.com/new-general-service-list,CC BY-SA 4.0
2611,scan,2611,"[""ngsl-core""]","[""scan""]",New General Service List,1.2,https://www.newgeneralservicelist.com/new-general-service-list,CC BY-SA 4.0
2612,bunch,2612,"[""ngsl-core""]","[""bunch""]",New General Service List,1.2,https://www.newgeneralservicelist.com/new-general-service-list,CC BY-SA 4.0
2613,racial,2613,"[""ngsl-core""]","[""racial""]",New General Service List,1.2,https://www.newgeneralservicelist.com/new-general-service-list,CC BY-SA 4.0
2614,greet,2614,"[""ngsl-core""]","[""greet""]",New General Service List,1.2,https://www.newgeneralservicelist.com/new-general-service-list,CC BY-SA 4.0
2615,hopefully,2615,"[""ngsl-core""]","[""hopefully""]",New General Service List,1.2,https://www.newgeneralservicelist.com/new-general-service-list,CC BY-SA 4.0
2616,sanction,2616,"[""ngsl-core""]","[""sanction""]",New General Service List,1.2,https://www.newgeneralservicelist.com/new-general-service-list,CC BY-SA 4.0
2617,trick,2617,"[""ngsl-core""]","[""trick""]",New General Service List,1.2,https://www.newgeneralservicelist.com/new-general-service-list,CC BY-SA 4.0
2618,paragraph,2618,"[""ngsl-core""]","[""paragraph""]",New General Service List,1.2,https://www.newgeneralservicelist.com/new-general-service-list,CC BY-SA 4.0
2619,maker,2619,"[""ngsl-core""]","[""maker""]",New General Service List,1.2,https://www.newgeneralservicelist.com/new-general-service-list,CC BY-SA 4.0
2620,chocolate,2620,"[""ngsl-core""]","[""chocolate""]",New General Service List,1.2,https://www.newgeneralservicelist.com/new-general-service-list,CC BY-SA 4.0
2621,stimulate,2621,"[""ngsl-core""]","[""stimulate""]",New General Service List,1.2,https://www.newgeneralservicelist.com/new-general-service-list,CC BY-SA 4.0
2622,belt,2622,"[""ngsl-core""]","[""belt""]",New General Service List,1.2,https://www.newgeneralservicelist.com/new-general-service-list,CC BY-SA 4.0
2623,potato,2623,"[""ngsl-core""]","[""potato""]",New General Service List,1.2,https://www.newgeneralservicelist.com/new-general-service-list,CC BY-SA 4.0
2624,narrative,2624,"[""ngsl-core""]","[""narrative""]",New General Service List,1.2,https://www.newgeneralservicelist.com/new-general-service-list,CC BY-SA 4.0
2625,tissue,2625,"[""ngsl-core""]","[""tissue""]",New General Service List,1.2,https://www.newgeneralservicelist.com/new-general-service-list,CC BY-SA 4.0
2626,barely,2626,"[""ngsl-core""]","[""barely""]",New General Service List,1.2,https://www.newgeneralservicelist.com/new-general-service-list,CC BY-SA 4.0
2627,invent,2627,"[""ngsl-core""]","[""invent""]",New General Service List,1.2,https://www.newgeneralservicelist.com/new-general-service-list,CC BY-SA 4.0
2628,tourism,2628,"[""ngsl-core""]","[""tourism""]",New General Service List,1.2,https://www.newgeneralservicelist.com/new-general-service-list,CC BY-SA 4.0
2629,pro,2629,"[""ngsl-core""]","[""pro""]",New General Service List,1.2,https://www.newgeneralservicelist.com/new-general-service-list,CC BY-SA 4.0
2630,stair,2630,"[""ngsl-core""]","[""stair""]",New General Service List,1.2,https://www.newgeneralservicelist.com/new-general-service-list,CC BY-SA 4.0
2631,hesitate,2631,"[""ngsl-core""]","[""hesitate""]",New General Service List,1.2,https://www.newgeneralservicelist.com/new-general-service-list,CC BY-SA 4.0
2632,shine,2632,"[""ngsl-core""]","[""shine""]",New General Service List,1.2,https://www.newgeneralservicelist.com/new-general-service-list,CC BY-SA 4.0
2633,motivation,2633,"[""ngsl-core""]","[""motivation""]",New General Service List,1.2,https://www.newgeneralservicelist.com/new-general-service-list,CC BY-SA 4.0
2634,romantic,2634,"[""ngsl-core""]","[""romantic""]",New General Service List,1.2,https://www.newgeneralservicelist.com/new-general-service-list,CC BY-SA 4.0
2635,firmly,2635,"[""ngsl-core""]","[""firmly""]",New General Service List,1.2,https://www.newgeneralservicelist.com/new-general-service-list,CC BY-SA 4.0
2636,interior,2636,"[""ngsl-core""]","[""interior""]",New General Service List,1.2,https://www.newgeneralservicelist.com/new-general-service-list,CC BY-SA 4.0
2637,stomach,2637,"[""ngsl-core""]","[""stomach""]",New General Service List,1.2,https://www.newgeneralservicelist.com/new-general-service-list,CC BY-SA 4.0
2638,nowhere,2638,"[""ngsl-core""]","[""nowhere""]",New General Service List,1.2,https://www.newgeneralservicelist.com/new-general-service-list,CC BY-SA 4.0
2639,pray,2639,"[""ngsl-core""]","[""pray""]",New General Service List,1.2,https://www.newgeneralservicelist.com/new-general-service-list,CC BY-SA 4.0
2640,championship,2640,"[""ngsl-core""]","[""championship""]",New General Service List,1.2,https://www.newgeneralservicelist.com/new-general-service-list,CC BY-SA 4.0
2641,servant,2641,"[""ngsl-core""]","[""servant""]",New General Service List,1.2,https://www.newgeneralservicelist.com/new-general-service-list,CC BY-SA 4.0
2642,immigrant,2642,"[""ngsl-core""]","[""immigrant""]",New General Service List,1.2,https://www.newgeneralservicelist.com/new-general-service-list,CC BY-SA 4.0
2643,excess,2643,"[""ngsl-core""]","[""excess""]",New General Service List,1.2,https://www.newgeneralservicelist.com/new-general-service-list,CC BY-SA 4.0
2644,complexity,2644,"[""ngsl-core""]","[""complexity""]",New General Service List,1.2,https://www.newgeneralservicelist.com/new-general-service-list,CC BY-SA 4.0
2645,liability,2645,"[""ngsl-core""]","[""liability""]",New General Service List,1.2,https://www.newgeneralservicelist.com/new-general-service-list,CC BY-SA 4.0
2646,surprisingly,2646,"[""ngsl-core""]","[""surprisingly""]",New General Service List,1.2,https://www.newgeneralservicelist.com/new-general-service-list,CC BY-SA 4.0
2647,extract,2647,"[""ngsl-core""]","[""extract""]",New General Service List,1.2,https://www.newgeneralservicelist.com/new-general-service-list,CC BY-SA 4.0
2648,implementation,2648,"[""ngsl-core""]","[""implementation""]",New General Service List,1.2,https://www.newgeneralservicelist.com/new-general-service-list,CC BY-SA 4.0
2649,bias,2649,"[""ngsl-core""]","[""bias""]",New General Service List,1.2,https://www.newgeneralservicelist.com/new-general-service-list,CC BY-SA 4.0
2650,differently,2650,"[""ngsl-core""]","[""differently""]",New General Service List,1.2,https://www.newgeneralservicelist.com/new-general-service-list,CC BY-SA 4.0
2651,catalog,2651,"[""ngsl-core""]","[""catalog""]",New General Service List,1.2,https://www.newgeneralservicelist.com/new-general-service-list,CC BY-SA 4.0
2652,continuous,2652,"[""ngsl-core""]","[""continuous""]",New General Service List,1.2,https://www.newgeneralservicelist.com/new-general-service-list,CC BY-SA 4.0
2653,golden,2653,"[""ngsl-core""]","[""golden""]",New General Service List,1.2,https://www.newgeneralservicelist.com/new-general-service-list,CC BY-SA 4.0
2654,stamp,2654,"[""ngsl-core""]","[""stamp""]",New General Service List,1.2,https://www.newgeneralservicelist.com/new-general-service-list,CC BY-SA 4.0
2655,guideline,2655,"[""ngsl-core""]","[""guideline""]",New General Service List,1.2,https://www.newgeneralservicelist.com/new-general-service-list,CC BY-SA 4.0
2656,envelope,2656,"[""ngsl-core""]","[""envelope""]",New General Service List,1.2,https://www.newgeneralservicelist.com/new-general-service-list,CC BY-SA 4.0
2657,knife,2657,"[""ngsl-core""]","[""knife""]",New General Service List,1.2,https://www.newgeneralservicelist.com/new-general-service-list,CC BY-SA 4.0
2658,biological,2658,"[""ngsl-core""]","[""biological""]",New General Service List,1.2,https://www.newgeneralservicelist.com/new-general-service-list,CC BY-SA 4.0
2659,consume,2659,"[""ngsl-core""]","[""consume""]",New General Service List,1.2,https://www.newgeneralservicelist.com/new-general-service-list,CC BY-SA 4.0
2660,luxury,2660,"[""ngsl-core""]","[""luxury""]",New General Service List,1.2,https://www.newgeneralservicelist.com/new-general-service-list,CC BY-SA 4.0
2661,weekly,2661,"[""ngsl-core""]","[""weekly""]",New General Service List,1.2,https://www.newgeneralservicelist.com/new-general-service-list,CC BY-SA 4.0
2662,wherever,2662,"[""ngsl-core""]","[""wherever""]",New General Service List,1.2,https://www.newgeneralservicelist.com/new-general-service-list,CC BY-SA 4.0
2663,bite,2663,"[""ngsl-core""]","[""bite""]",New General Service List,1.2,https://www.newgeneralservicelist.com/new-general-service-list,CC BY-SA 4.0
2664,printer,2664,"[""ngsl-core""]","[""printer""]",New General Service List,1.2,https://www.newgeneralservicelist.com/new-general-service-list,CC BY-SA 4.0
2665,firstly,2665,"[""ngsl-core""]","[""firstly""]",New General Service List,1.2,https://www.newgeneralservicelist.com/new-general-service-list,CC BY-SA 4.0
2666,anxious,2666,"[""ngsl-core""]","[""anxious""]",New General Service List,1.2,https://www.newgeneralservicelist.com/new-general-service-list,CC BY-SA 4.0
2667,adventure,2667,"[""ngsl-core""]","[""adventure""]",New General Service List,1.2,https://www.newgeneralservicelist.com/new-general-service-list,CC BY-SA 4.0
2668,fence,2668,"[""ngsl-core""]","[""fence""]",New General Service List,1.2,https://www.newgeneralservicelist.com/new-general-service-list,CC BY-SA 4.0
2669,exhaust,2669,"[""ngsl-core""]","[""exhaust""]",New General Service List,1.2,https://www.newgeneralservicelist.com/new-general-service-list,CC BY-SA 4.0
2670,attraction,2670,"[""ngsl-core""]","[""attraction""]",New General Service List,1.2,https://www.newgeneralservicelist.com/new-general-service-list,CC BY-SA 4.0
2671,ocean,2671,"[""ngsl-core""]","[""ocean""]",New General Service List,1.2,https://www.newgeneralservicelist.com/new-general-service-list,CC BY-SA 4.0
2672,quietly,2672,"[""ngsl-core""]","[""quietly""]",New General Service List,1.2,https://www.newgeneralservicelist.com/new-general-service-list,CC BY-SA 4.0
2673,castle,2673,"[""ngsl-core""]","[""castle""]",New General Service List,1.2,https://www.newgeneralservicelist.com/new-general-service-list,CC BY-SA 4.0
2674,veteran,2674,"[""ngsl-core""]","[""veteran""]",New General Service List,1.2,https://www.newgeneralservicelist.com/new-general-service-list,CC BY-SA 4.0
2675,reflection,2675,"[""ngsl-core""]","[""reflection""]",New General Service List,1.2,https://www.newgeneralservicelist.com/new-general-service-list,CC BY-SA 4.0
2676,nerve,2676,"[""ngsl-core""]","[""nerve""]",New General Service List,1.2,https://www.newgeneralservicelist.com/new-general-service-list,CC BY-SA 4.0
2677,determination,2677,"[""ngsl-core""]","[""determination""]",New General Service List,1.2,https://www.newgeneralservicelist.com/new-general-service-list,CC BY-SA 4.0
2678,altogether,2678,"[""ngsl-core""]","[""altogether""]",New General Service List,1.2,https://www.newgeneralservicelist.com/new-general-service-list,CC BY-SA 4.0
2679,fiction,2679,"[""ngsl-core""]","[""fiction""]",New General Service List,1.2,https://www.newgeneralservicelist.com/new-general-service-list,CC BY-SA 4.0
2680,carpet,2680,"[""ngsl-core""]","[""carpet""]",New General Service List,1.2,https://www.newgeneralservicelist.com/new-general-service-list,CC BY-SA 4.0
2681,cluster,2681,"[""ngsl-core""]","[""cluster""]",New General Service List,1.2,https://www.newgeneralservicelist.com/new-general-service-list,CC BY-SA 4.0
2682,confusion,2682,"[""ngsl-core""]","[""confusion""]",New General Service List,1.2,https://www.newgeneralservicelist.com/new-general-service-list,CC BY-SA 4.0
2683,hurry,2683,"[""ngsl-core""]","[""hurry""]",New General Service List,1.2,https://www.newgeneralservicelist.com/new-general-service-list,CC BY-SA 4.0
2684,logic,2684,"[""ngsl-core""]","[""logic""]",New General Service List,1.2,https://www.newgeneralservicelist.com/new-general-service-list,CC BY-SA 4.0
2685,controversial,2685,"[""ngsl-core""]","[""controversial""]",New General Service List,1.2,https://www.newgeneralservicelist.com/new-general-service-list,CC BY-SA 4.0
2686,raw,2686,"[""ngsl-core""]","[""raw""]",New General Service List,1.2,https://www.newgeneralservicelist.com/new-general-service-list,CC BY-SA 4.0
2687,grammar,2687,"[""ngsl-core""]","[""grammar""]",New General Service List,1.2,https://www.newgeneralservicelist.com/new-general-service-list,CC BY-SA 4.0
2688,revise,2688,"[""ngsl-core""]","[""revise""]",New General Service List,1.2,https://www.newgeneralservicelist.com/new-general-service-list,CC BY-SA 4.0
2689,hint,2689,"[""ngsl-core""]","[""hint""]",New General Service List,1.2,https://www.newgeneralservicelist.com/new-general-service-list,CC BY-SA 4.0
2690,hook,2690,"[""ngsl-core""]","[""hook""]",New General Service List,1.2,https://www.newgeneralservicelist.com/new-general-service-list,CC BY-SA 4.0
2691,bell,2691,"[""ngsl-core""]","[""bell""]",New General Service List,1.2,https://www.newgeneralservicelist.com/new-general-service-list,CC BY-SA 4.0
2692,liquid,2692,"[""ngsl-core""]","[""liquid""]",New General Service List,1.2,https://www.newgeneralservicelist.com/new-general-service-list,CC BY-SA 4.0
2693,panic,2693,"[""ngsl-core""]","[""panic""]",New General Service List,1.2,https://www.newgeneralservicelist.com/new-general-service-list,CC BY-SA 4.0
2694,uncle,2694,"[""ngsl-core""]","[""uncle""]",New General Service List,1.2,https://www.newgeneralservicelist.com/new-general-service-list,CC BY-SA 4.0
2695,rice,2695,"[""ngsl-core""]","[""rice""]",New General Service List,1.2,https://www.newgeneralservicelist.com/new-general-service-list,CC BY-SA 4.0
2696,slope,2696,"[""ngsl-core""]","[""slope""]",New General Service List,1.2,https://www.newgeneralservicelist.com/new-general-service-list,CC BY-SA 4.0
2697,happiness,2697,"[""ngsl-core""]","[""happiness""]",New General Service List,1.2,https://www.newgeneralservicelist.com/new-general-service-list,CC BY-SA 4.0
2698,genuine,2698,"[""ngsl-core""]","[""genuine""]",New General Service List,1.2,https://www.newgeneralservicelist.com/new-general-service-list,CC BY-SA 4.0
2699,vessel,2699,"[""ngsl-core""]","[""vessel""]",New General Service List,1.2,https://www.newgeneralservicelist.com/new-general-service-list,CC BY-SA 4.0
2700,verb,2700,"[""ngsl-core""]","[""verb""]",New General Service List,1.2,https://www.newgeneralservicelist.com/new-general-service-list,CC BY-SA 4.0
2701,reckon,2701,"[""ngsl-core""]","[""reckon""]",New General Service List,1.2,https://www.newgeneralservicelist.com/new-general-service-list,CC BY-SA 4.0
2702,silly,2702,"[""ngsl-core""]","[""silly""]",New General Service List,1.2,https://www.newgeneralservicelist.com/new-general-service-list,CC BY-SA 4.0
2703,transportation,2703,"[""ngsl-core""]","[""transportation""]",New General Service List,1.2,https://www.newgeneralservicelist.com/new-general-service-list,CC BY-SA 4.0
2704,harbor,2704,"[""ngsl-core""]","[""harbor""]",New General Service List,1.2,https://www.newgeneralservicelist.com/new-general-service-list,CC BY-SA 4.0
2705,comedy,2705,"[""ngsl-core""]","[""comedy""]",New General Service List,1.2,https://www.newgeneralservicelist.com/new-general-service-list,CC BY-SA 4.0
2706,chase,2706,"[""ngsl-core""]","[""chase""]",New General Service List,1.2,https://www.newgeneralservicelist.com/new-general-service-list,CC BY-SA 4.0
2707,storage,2707,"[""ngsl-core""]","[""storage""]",New General Service List,1.2,https://www.newgeneralservicelist.com/new-general-service-list,CC BY-SA 4.0
2708,universe,2708,"[""ngsl-core""]","[""universe""]",New General Service List,1.2,https://www.newgeneralservicelist.com/new-general-service-list,CC BY-SA 4.0
2709,horrible,2709,"[""ngsl-core""]","[""horrible""]",New General Service List,1.2,https://www.newgeneralservicelist.com/new-general-service-list,CC BY-SA 4.0
2710,sheep,2710,"[""ngsl-core""]","[""sheep""]",New General Service List,1.2,https://www.newgeneralservicelist.com/new-general-service-list,CC BY-SA 4.0
2711,lover,2711,"[""ngsl-core""]","[""lover""]",New General Service List,1.2,https://www.newgeneralservicelist.com/new-general-service-list,CC BY-SA 4.0
2712,rat,2712,"[""ngsl-core""]","[""rat""]",New General Service List,1.2,https://www.newgeneralservicelist.com/new-general-service-list,CC BY-SA 4.0
2713,portrait,2713,"[""ngsl-core""]","[""portrait""]",New General Service List,1.2,https://www.newgeneralservicelist.com/new-general-service-list,CC BY-SA 4.0
2714,innocent,2714,"[""ngsl-core""]","[""innocent""]",New General Service List,1.2,https://www.newgeneralservicelist.com/new-general-service-list,CC BY-SA 4.0
2715,substitute,2715,"[""ngsl-core""]","[""substitute""]",New General Service List,1.2,https://www.newgeneralservicelist.com/new-general-service-list,CC BY-SA 4.0
2716,supplement,2716,"[""ngsl-core""]","[""supplement""]",New General Service List,1.2,https://www.newgeneralservicelist.com/new-general-service-list,CC BY-SA 4.0
2717,adjustment,2717,"[""ngsl-core""]","[""adjustment""]",New General Service List,1.2,https://www.newgeneralservicelist.com/new-general-service-list,CC BY-SA 4.0
2718,reasonably,2718,"[""ngsl-core""]","[""reasonably""]",New General Service List,1.2,https://www.newgeneralservicelist.com/new-general-service-list,CC BY-SA 4.0
2719,filter,2719,"[""ngsl-core""]","[""filter""]",New General Service List,1.2,https://www.newgeneralservicelist.com/new-general-service-list,CC BY-SA 4.0
2720,flexible,2720,"[""ngsl-core""]","[""flexible""]",New General Service List,1.2,https://www.newgeneralservicelist.com/new-general-service-list,CC BY-SA 4.0
2721,abstract,2721,"[""ngsl-core""]","[""abstract""]",New General Service List,1.2,https://www.newgeneralservicelist.com/new-general-service-list,CC BY-SA 4.0
2722,tent,2722,"[""ngsl-core""]","[""tent""]",New General Service List,1.2,https://www.newgeneralservicelist.com/new-general-service-list,CC BY-SA 4.0
2723,precise,2723,"[""ngsl-core""]","[""precise""]",New General Service List,1.2,https://www.newgeneralservicelist.com/new-general-service-list,CC BY-SA 4.0
2724,distant,2724,"[""ngsl-core""]","[""distant""]",New General Service List,1.2,https://www.newgeneralservicelist.com/new-general-service-list,CC BY-SA 4.0
2725,stranger,2725,"[""ngsl-core""]","[""stranger""]",New General Service List,1.2,https://www.newgeneralservicelist.com/new-general-service-list,CC BY-SA 4.0
2726,shade,2726,"[""ngsl-core""]","[""shade""]",New General Service List,1.2,https://www.newgeneralservicelist.com/new-general-service-list,CC BY-SA 4.0
2727,grain,2727,"[""ngsl-core""]","[""grain""]",New General Service List,1.2,https://www.newgeneralservicelist.com/new-general-service-list,CC BY-SA 4.0
2728,situate,2728,"[""ngsl-core""]","[""situate""]",New General Service List,1.2,https://www.newgeneralservicelist.com/new-general-service-list,CC BY-SA 4.0
2729,summarize,2729,"[""ngsl-core""]","[""summarize""]",New General Service List,1.2,https://www.newgeneralservicelist.com/new-general-service-list,CC BY-SA 4.0
2730,leap,2730,"[""ngsl-core""]","[""leap""]",New General Service List,1.2,https://www.newgeneralservicelist.com/new-general-service-list,CC BY-SA 4.0
2731,snap,2731,"[""ngsl-core""]","[""snap""]",New General Service List,1.2,https://www.newgeneralservicelist.com/new-general-service-list,CC BY-SA 4.0
2732,probability,2732,"[""ngsl-core""]","[""probability""]",New General Service List,1.2,https://www.newgeneralservicelist.com/new-general-service-list,CC BY-SA 4.0
2733,leather,2733,"[""ngsl-core""]","[""leather""]",New General Service List,1.2,https://www.newgeneralservicelist.com/new-general-service-list,CC BY-SA 4.0
2734,uncertainty,2734,"[""ngsl-core""]","[""uncertainty""]",New General Service List,1.2,https://www.newgeneralservicelist.com/new-general-service-list,CC BY-SA 4.0
2735,swear,2735,"[""ngsl-core""]","[""swear""]",New General Service List,1.2,https://www.newgeneralservicelist.com/new-general-service-list,CC BY-SA 4.0
2736,refugee,2736,"[""ngsl-core""]","[""refugee""]",New General Service List,1.2,https://www.newgeneralservicelist.com/new-general-service-list,CC BY-SA 4.0
2737,shore,2737,"[""ngsl-core""]","[""shore""]",New General Service List,1.2,https://www.newgeneralservicelist.com/new-general-service-list,CC BY-SA 4.0
2738,monthly,2738,"[""ngsl-core""]","[""monthly""]",New General Service List,1.2,https://www.newgeneralservicelist.com/new-general-service-list,CC BY-SA 4.0
2739,comprise,2739,"[""ngsl-core""]","[""comprise""]",New General Service List,1.2,https://www.newgeneralservicelist.com/new-general-service-list,CC BY-SA 4.0
2740,stir,2740,"[""ngsl-core""]","[""stir""]",New General Service List,1.2,https://www.newgeneralservicelist.com/new-general-service-list,CC BY-SA 4.0
2741,excitement,2741,"[""ngsl-core""]","[""excitement""]",New General Service List,1.2,https://www.newgeneralservicelist.com/new-general-service-list,CC BY-SA 4.0
2742,sigh,2742,"[""ngsl-core""]","[""sigh""]",New General Service List,1.2,https://www.newgeneralservicelist.com/new-general-service-list,CC BY-SA 4.0
2743,pregnancy,2743,"[""ngsl-core""]","[""pregnancy""]",New General Service List,1.2,https://www.newgeneralservicelist.com/new-general-service-list,CC BY-SA 4.0
2744,experimental,2744,"[""ngsl-core""]","[""experimental""]",New General Service List,1.2,https://www.newgeneralservicelist.com/new-general-service-list,CC BY-SA 4.0
2745,institutional,2745,"[""ngsl-core""]","[""institutional""]",New General Service List,1.2,https://www.newgeneralservicelist.com/new-general-service-list,CC BY-SA 4.0
2746,slice,2746,"[""ngsl-core""]","[""slice""]",New General Service List,1.2,https://www.newgeneralservicelist.com/new-general-service-list,CC BY-SA 4.0
2747,wander,2747,"[""ngsl-core""]","[""wander""]",New General Service List,1.2,https://www.newgeneralservicelist.com/new-general-service-list,CC BY-SA 4.0
2748,empire,2748,"[""ngsl-core""]","[""empire""]",New General Service List,1.2,https://www.newgeneralservicelist.com/new-general-service-list,CC BY-SA 4.0
2749,subsequently,2749,"[""ngsl-core""]","[""subsequently""]",New General Service List,1.2,https://www.newgeneralservicelist.com/new-general-service-list,CC BY-SA 4.0
2750,gentle,2750,"[""ngsl-core""]","[""gentle""]",New General Service List,1.2,https://www.newgeneralservicelist.com/new-general-service-list,CC BY-SA 4.0
2751,attendance,2751,"[""ngsl-core""]","[""attendance""]",New General Service List,1.2,https://www.newgeneralservicelist.com/new-general-service-list,CC BY-SA 4.0
2752,ownership,2752,"[""ngsl-core""]","[""ownership""]",New General Service List,1.2,https://www.newgeneralservicelist.com/new-general-service-list,CC BY-SA 4.0
2753,qualification,2753,"[""ngsl-core""]","[""qualification""]",New General Service List,1.2,https://www.newgeneralservicelist.com/new-general-service-list,CC BY-SA 4.0
2754,suspend,2754,"[""ngsl-core""]","[""suspend""]",New General Service List,1.2,https://www.newgeneralservicelist.com/new-general-service-list,CC BY-SA 4.0
2755,functional,2755,"[""ngsl-core""]","[""functional""]",New General Service List,1.2,https://www.newgeneralservicelist.com/new-general-service-list,CC BY-SA 4.0
2756,voluntary,2756,"[""ngsl-core""]","[""voluntary""]",New General Service List,1.2,https://www.newgeneralservicelist.com/new-general-service-list,CC BY-SA 4.0
2757,pale,2757,"[""ngsl-core""]","[""pale""]",New General Service List,1.2,https://www.newgeneralservicelist.com/new-general-service-list,CC BY-SA 4.0
2758,stain,2758,"[""ngsl-core""]","[""stain""]",New General Service List,1.2,https://www.newgeneralservicelist.com/new-general-service-list,CC BY-SA 4.0
2759,athlete,2759,"[""ngsl-core""]","[""athlete""]",New General Service List,1.2,https://www.newgeneralservicelist.com/new-general-service-list,CC BY-SA 4.0
2760,organic,2760,"[""ngsl-core""]","[""organic""]",New General Service List,1.2,https://www.newgeneralservicelist.com/new-general-service-list,CC BY-SA 4.0
2761,tongue,2761,"[""ngsl-core""]","[""tongue""]",New General Service List,1.2,https://www.newgeneralservicelist.com/new-general-service-list,CC BY-SA 4.0
2762,server,2762,"[""ngsl-core""]","[""server""]",New General Service List,1.2,https://www.newgeneralservicelist.com/new-general-service-list,CC BY-SA 4.0
2763,structural,2763,"[""ngsl-core""]","[""structural""]",New General Service List,1.2,https://www.newgeneralservicelist.com/new-general-service-list,CC BY-SA 4.0
2764,website,2764,"[""ngsl-core""]","[""website""]",New General Service List,1.2,https://www.newgeneralservicelist.com/new-general-service-list,CC BY-SA 4.0
2765,fool,2765,"[""ngsl-core""]","[""fool""]",New General Service List,1.2,https://www.newgeneralservicelist.com/new-general-service-list,CC BY-SA 4.0
2766,alongside,2766,"[""ngsl-core""]","[""alongside""]",New General Service List,1.2,https://www.newgeneralservicelist.com/new-general-service-list,CC BY-SA 4.0
2767,unite,2767,"[""ngsl-core""]","[""unite""]",New General Service List,1.2,https://www.newgeneralservicelist.com/new-general-service-list,CC BY-SA 4.0
2768,gently,2768,"[""ngsl-core""]","[""gently""]",New General Service List,1.2,https://www.newgeneralservicelist.com/new-general-service-list,CC BY-SA 4.0
2769,compute,2769,"[""ngsl-core""]","[""compute""]",New General Service List,1.2,https://www.newgeneralservicelist.com/new-general-service-list,CC BY-SA 4.0
2770,wipe,2770,"[""ngsl-core""]","[""wipe""]",New General Service List,1.2,https://www.newgeneralservicelist.com/new-general-service-list,CC BY-SA 4.0
2771,weird,2771,"[""ngsl-core""]","[""weird""]",New General Service List,1.2,https://www.newgeneralservicelist.com/new-general-service-list,CC BY-SA 4.0
2772,gaze,2772,"[""ngsl-core""]","[""gaze""]",New General Service List,1.2,https://www.newgeneralservicelist.com/new-general-service-list,CC BY-SA 4.0
2773,fade,2773,"[""ngsl-core""]","[""fade""]",New General Service List,1.2,https://www.newgeneralservicelist.com/new-general-service-list,CC BY-SA 4.0
2774,cough,2774,"[""ngsl-core""]","[""cough""]",New General Service List,1.2,https://www.newgeneralservicelist.com/new-general-service-list,CC BY-SA 4.0
2775,hypothesis,2775,"[""ngsl-core""]","[""hypothesis""]",New General Service List,1.2,https://www.newgeneralservicelist.com/new-general-service-list,CC BY-SA 4.0
2776,royal,2776,"[""ngsl-core""]","[""royal""]",New General Service List,1.2,https://www.newgeneralservicelist.com/new-general-service-list,CC BY-SA 4.0
2777,theoretical,2777,"[""ngsl-core""]","[""theoretical""]",New General Service List,1.2,https://www.newgeneralservicelist.com/new-general-service-list,CC BY-SA 4.0
2778,curtain,2778,"[""ngsl-core""]","[""curtain""]",New General Service List,1.2,https://www.newgeneralservicelist.com/new-general-service-list,CC BY-SA 4.0
2779,mayor,2779,"[""ngsl-core""]","[""mayor""]",New General Service List,1.2,https://www.newgeneralservicelist.com/new-general-service-list,CC BY-SA 4.0
2780,darkness,2780,"[""ngsl-core""]","[""darkness""]",New General Service List,1.2,https://www.newgeneralservicelist.com/new-general-service-list,CC BY-SA 4.0
2781,aunt,2781,"[""ngsl-core""]","[""aunt""]",New General Service List,1.2,https://www.newgeneralservicelist.com/new-general-service-list,CC BY-SA 4.0
2782,tournament,2782,"[""ngsl-core""]","[""tournament""]",New General Service List,1.2,https://www.newgeneralservicelist.com/new-general-service-list,CC BY-SA 4.0
2783,registration,2783,"[""ngsl-core""]","[""registration""]",New General Service List,1.2,https://www.newgeneralservicelist.com/new-general-service-list,CC BY-SA 4.0
2784,fragment,2784,"[""ngsl-core""]","[""fragment""]",New General Service List,1.2,https://www.newgeneralservicelist.com/new-general-service-list,CC BY-SA 4.0
2785,listener,2785,"[""ngsl-core""]","[""listener""]",New General Service List,1.2,https://www.newgeneralservicelist.com/new-general-service-list,CC BY-SA 4.0
2786,immigration,2786,"[""ngsl-core""]","[""immigration""]",New General Service List,1.2,https://www.newgeneralservicelist.com/new-general-service-list,CC BY-SA 4.0
2787,tender,2787,"[""ngsl-core""]","[""tender""]",New General Service List,1.2,https://www.newgeneralservicelist.com/new-general-service-list,CC BY-SA 4.0
2788,density,2788,"[""ngsl-core""]","[""density""]",New General Service List,1.2,https://www.newgeneralservicelist.com/new-general-service-list,CC BY-SA 4.0
2789,ugly,2789,"[""ngsl-core""]","[""ugly""]",New General Service List,1.2,https://www.newgeneralservicelist.com/new-general-service-list,CC BY-SA 4.0
2790,module,2790,"[""ngsl-core""]","[""module""]",New General Service List,1.2,https://www.newgeneralservicelist.com/new-general-service-list,CC BY-SA 4.0
2791,faithfully,2791,"[""ngsl-core""]","[""faithfully""]",New General Service List,1.2,https://www.newgeneralservicelist.com/new-general-service-list,CC BY-SA 4.0
2792,autumn,2792,"[""ngsl-core""]","[""autumn""]",New General Service List,1.2,https://www.newgeneralservicelist.com/new-general-service-list,CC BY-SA 4.0
2793,cheek,2793,"[""ngsl-core""]","[""cheek""]",New General Service List,1.2,https://www.newgeneralservicelist.com/new-general-service-list,CC BY-SA 4.0
2794,attachment,2794,"[""ngsl-core""]","[""attachment""]",New General Service List,1.2,https://www.newgeneralservicelist.com/new-general-service-list,CC BY-SA 4.0
2795,holder,2795,"[""ngsl-core""]","[""holder""]",New General Service List,1.2,https://www.newgeneralservicelist.com/new-general-service-list,CC BY-SA 4.0
2796,solar,2796,"[""ngsl-core""]","[""solar""]",New General Service List,1.2,https://www.newgeneralservicelist.com/new-general-service-list,CC BY-SA 4.0
2797,grin,2797,"[""ngsl-core""]","[""grin""]",New General Service List,1.2,https://www.newgeneralservicelist.com/new-general-service-list,CC BY-SA 4.0
2798,rose,2798,"[""ngsl-core""]","[""rose""]",New General Service List,1.2,https://www.newgeneralservicelist.com/new-general-service-list,CC BY-SA 4.0
2799,noun,2799,"[""ngsl-core""]","[""noun""]",New General Service List,1.2,https://www.newgeneralservicelist.com/new-general-service-list,CC BY-SA 4.0
2800,fortunate,2800,"[""ngsl-core""]","[""fortunate""]",New General Service List,1.2,https://www.newgeneralservicelist.com/new-general-service-list,CC BY-SA 4.0
2801,alright,2801,"[""ngsl-core""]","[""alright""]",New General Service List,1.2,https://www.newgeneralservicelist.com/new-general-service-list,CC BY-SA 4.0
2802,lazy,2802,"[""ngsl-core""]","[""lazy""]",New General Service List,1.2,https://www.newgeneralservicelist.com/new-general-service-list,CC BY-SA 4.0
2803,hello,2803,"[""ngsl-core""]","[""hello""]",New General Service List,1.2,https://www.newgeneralservicelist.com/new-general-service-list,CC BY-SA 4.0
2804,hunger,2804,"[""ngsl-core""]","[""hunger""]",New General Service List,1.2,https://www.newgeneralservicelist.com/new-general-service-list,CC BY-SA 4.0
2805,insure,2805,"[""ngsl-core""]","[""insure""]",New General Service List,1.2,https://www.newgeneralservicelist.com/new-general-service-list,CC BY-SA 4.0
2806,ashamed,2806,"[""ngsl-core""]","[""ashamed""]",New General Service List,1.2,https://www.newgeneralservicelist.com/new-general-service-list,CC BY-SA 4.0
2807,found,2807,"[""ngsl-core""]","[""found""]",New General Service List,1.2,https://www.newgeneralservicelist.com/new-general-service-list,CC BY-SA 4.0
2808,blog,2808,"[""ngsl-core""]","[""blog""]",New General Service List,1.2,https://www.newgeneralservicelist.com/new-general-service-list,CC BY-SA 4.0
2809,thirst,2809,"[""ngsl-core""]","[""thirst""]",New General Service List,1.2,https://www.newgeneralservicelist.com/new-general-service-list,CC BY-SA 4.0
2810,monday,,"[""ngsl-supplement""]","[""Monday""]",New General Service List,1.2,https://www.newgeneralservicelist.com/new-general-service-list,CC BY-SA 4.0
2811,tuesday,,"[""ngsl-supplement""]","[""Tuesday""]",New General Service List,1.2,https://www.newgeneralservicelist.com/new-general-service-list,CC BY-SA 4.0
2812,wednesday,,"[""ngsl-supplement""]","[""Wednesday""]",New General Service List,1.2,https://www.newgeneralservicelist.com/new-general-service-list,CC BY-SA 4.0
2813,thursday,,"[""ngsl-supplement""]","[""Thursday""]",New General Service List,1.2,https://www.newgeneralservicelist.com/new-general-service-list,CC BY-SA 4.0
2814,friday,,"[""ngsl-supplement""]","[""Friday""]",New General Service List,1.2,https://www.newgeneralservicelist.com/new-general-service-list,CC BY-SA 4.0
2815,saturday,,"[""ngsl-supplement""]","[""Saturday""]",New General Service List,1.2,https://www.newgeneralservicelist.com/new-general-service-list,CC BY-SA 4.0
2816,sunday,,"[""ngsl-supplement""]","[""Sunday""]",New General Service List,1.2,https://www.newgeneralservicelist.com/new-general-service-list,CC BY-SA 4.0
2817,january,,"[""ngsl-supplement""]","[""January""]",New General Service List,1.2,https://www.newgeneralservicelist.com/new-general-service-list,CC BY-SA 4.0
2818,february,,"[""ngsl-supplement""]","[""February""]",New General Service List,1.2,https://www.newgeneralservicelist.com/new-general-service-list,CC BY-SA 4.0
2819,april,,"[""ngsl-supplement""]","[""April""]",New General Service List,1.2,https://www.newgeneralservicelist.com/new-general-service-list,CC BY-SA 4.0
2820,june,,"[""ngsl-supplement""]","[""June""]",New General Service List,1.2,https://www.newgeneralservicelist.com/new-general-service-list,CC BY-SA 4.0
2821,july,,"[""ngsl-supplement""]","[""July""]",New General Service List,1.2,https://www.newgeneralservicelist.com/new-general-service-list,CC BY-SA 4.0
2822,august,,"[""ngsl-supplement""]","[""August""]",New General Service List,1.2,https://www.newgeneralservicelist.com/new-general-service-list,CC BY-SA 4.0
2823,september,,"[""ngsl-supplement""]","[""September""]",New General Service List,1.2,https://www.newgeneralservicelist.com/new-general-service-list,CC BY-SA 4.0
2824,october,,"[""ngsl-supplement""]","[""October""]",New General Service List,1.2,https://www.newgeneralservicelist.com/new-general-service-list,CC BY-SA 4.0
2825,november,,"[""ngsl-supplement""]","[""November""]",New General Service List,1.2,https://www.newgeneralservicelist.com/new-general-service-list,CC BY-SA 4.0
2826,december,,"[""ngsl-supplement""]","[""December""]",New General Service List,1.2,https://www.newgeneralservicelist.com/new-general-service-list,CC BY-SA 4.0
2827,two,,"[""ngsl-supplement""]","[""two""]",New General Service List,1.2,https://www.newgeneralservicelist.com/new-general-service-list,CC BY-SA 4.0
2828,three,,"[""ngsl-supplement""]","[""three""]",New General Service List,1.2,https://www.newgeneralservicelist.com/new-general-service-list,CC BY-SA 4.0
2829,four,,"[""ngsl-supplement""]","[""four""]",New General Service List,1.2,https://www.newgeneralservicelist.com/new-general-service-list,CC BY-SA 4.0
2830,five,,"[""ngsl-supplement""]","[""five""]",New General Service List,1.2,https://www.newgeneralservicelist.com/new-general-service-list,CC BY-SA 4.0
2831,six,,"[""ngsl-supplement""]","[""six""]",New General Service List,1.2,https://www.newgeneralservicelist.com/new-general-service-list,CC BY-SA 4.0
2832,seven,,"[""ngsl-supplement""]","[""seven""]",New General Service List,1.2,https://www.newgeneralservicelist.com/new-general-service-list,CC BY-SA 4.0
2833,eight,,"[""ngsl-supplement""]","[""eight""]",New General Service List,1.2,https://www.newgeneralservicelist.com/new-general-service-list,CC BY-SA 4.0
2834,nine,,"[""ngsl-supplement""]","[""nine""]",New General Service List,1.2,https://www.newgeneralservicelist.com/new-general-service-list,CC BY-SA 4.0
2835,ten,,"[""ngsl-supplement""]","[""ten""]",New General Service List,1.2,https://www.newgeneralservicelist.com/new-general-service-list,CC BY-SA 4.0
2836,eleven,,"[""ngsl-supplement""]","[""eleven""]",New General Service List,1.2,https://www.newgeneralservicelist.com/new-general-service-list,CC BY-SA 4.0
2837,twelve,,"[""ngsl-supplement""]","[""twelve""]",New General Service List,1.2,https://www.newgeneralservicelist.com/new-general-service-list,CC BY-SA 4.0
2838,thirteen,,"[""ngsl-supplement""]","[""thirteen""]",New General Service List,1.2,https://www.newgeneralservicelist.com/new-general-service-list,CC BY-SA 4.0
2839,fourteen,,"[""ngsl-supplement""]","[""fourteen""]",New General Service List,1.2,https://www.newgeneralservicelist.com/new-general-service-list,CC BY-SA 4.0
2840,fifteen,,"[""ngsl-supplement""]","[""fifteen""]",New General Service List,1.2,https://www.newgeneralservicelist.com/new-general-service-list,CC BY-SA 4.0
2841,sixteen,,"[""ngsl-supplement""]","[""sixteen""]",New General Service List,1.2,https://www.newgeneralservicelist.com/new-general-service-list,CC BY-SA 4.0
2842,seventeen,,"[""ngsl-supplement""]","[""seventeen""]",New General Service List,1.2,https://www.newgeneralservicelist.com/new-general-service-list,CC BY-SA 4.0
2843,eighteen,,"[""ngsl-supplement""]","[""eighteen""]",New General Service List,1.2,https://www.newgeneralservicelist.com/new-general-service-list,CC BY-SA 4.0
2844,nineteen,,"[""ngsl-supplement""]","[""nineteen""]",New General Service List,1.2,https://www.newgeneralservicelist.com/new-general-service-list,CC BY-SA 4.0
2845,twenty,,"[""ngsl-supplement""]","[""twenty""]",New General Service List,1.2,https://www.newgeneralservicelist.com/new-general-service-list,CC BY-SA 4.0
2846,thirty,,"[""ngsl-supplement""]","[""thirty""]",New General Service List,1.2,https://www.newgeneralservicelist.com/new-general-service-list,CC BY-SA 4.0
2847,forty,,"[""ngsl-supplement""]","[""forty""]",New General Service List,1.2,https://www.newgeneralservicelist.com/new-general-service-list,CC BY-SA 4.0
2848,fifty,,"[""ngsl-supplement""]","[""fifty""]",New General Service List,1.2,https://www.newgeneralservicelist.com/new-general-service-list,CC BY-SA 4.0
2849,sixty,,"[""ngsl-supplement""]","[""sixty""]",New General Service List,1.2,https://www.newgeneralservicelist.com/new-general-service-list,CC BY-SA 4.0
2850,seventy,,"[""ngsl-supplement""]","[""seventy""]",New General Service List,1.2,https://www.newgeneralservicelist.com/new-general-service-list,CC BY-SA 4.0
2851,eighty,,"[""ngsl-supplement""]","[""eighty""]",New General Service List,1.2,https://www.newgeneralservicelist.com/new-general-service-list,CC BY-SA 4.0
2852,ninety,,"[""ngsl-supplement""]","[""ninety""]",New General Service List,1.2,https://www.newgeneralservicelist.com/new-general-service-list,CC BY-SA 4.0
2853,hundred,,"[""ngsl-supplement""]","[""hundred""]",New General Service List,1.2,https://www.newgeneralservicelist.com/new-general-service-list,CC BY-SA 4.0
2854,thousand,,"[""ngsl-supplement""]","[""thousand""]",New General Service List,1.2,https://www.newgeneralservicelist.com/new-general-service-list,CC BY-SA 4.0
2855,million,,"[""ngsl-supplement""]","[""million""]",New General Service List,1.2,https://www.newgeneralservicelist.com/new-general-service-list,CC BY-SA 4.0
2856,billion,,"[""ngsl-supplement""]","[""billion""]",New General Service List,1.2,https://www.newgeneralservicelist.com/new-general-service-list,CC BY-SA 4.0
2857,trillion,,"[""ngsl-supplement""]","[""trillion""]",New General Service List,1.2,https://www.newgeneralservicelist.com/new-general-service-list,CC BY-SA 4.0
2858,quadrillion,,"[""ngsl-supplement""]","[""quadrillion""]",New General Service List,1.2,https://www.newgeneralservicelist.com/new-general-service-list,CC BY-SA 4.0
2859,quintillion,,"[""ngsl-supplement""]","[""quintillion""]",New General Service List,1.2,https://www.newgeneralservicelist.com/new-general-service-list,CC BY-SA 4.0
