priority_order,normalized_word,learner_rank,candidate_key,sense_key,source_sense_id,source_synset_id,ili,lexical_entry_id,entry_lemma,entry_source_pos,synset_source_pos,part_of_speech,adjective_satellite,source_entry_order,source_sense_position,source_order_is_pedagogical,lexfile,definitions_en,examples_en,explicit_forms,pronunciations,synset_members,candidate_status
2,be,2,oewn:2025:oewn-be__2.42.03..,oewn:oewn-be__2.42.03..,oewn-be__2.42.03..,oewn-02610777-v,i34713,oewn-be-v,be,v,v,verb,false,26829,1,false,verb.stative,"[{""text"":""have the quality of being; (copula, used with an adjective or a predicate noun)"",""source_sense_id"":null}]","[{""text"":""John is rich"",""source"":null,""scope"":""synset""},{""text"":""This is not a good answer"",""source"":null,""scope"":""synset""}]","[""am"",""are"",""been"",""is"",""was"",""were""]","[{""value"":""biː"",""variety"":""GB"",""notation"":null,""phonemic"":null,""audio"":null,""scope"":""lemma"",""form"":null},{""value"":""bi"",""variety"":""US"",""notation"":null,""phonemic"":null,""audio"":null,""scope"":""lemma"",""form"":null}]","[{""lexical_entry_id"":""oewn-be-v"",""written_form"":""be"",""source_pos"":""v""}]",unreviewed
2,be,2,oewn:2025:oewn-be__2.42.06..,oewn:oewn-be__2.42.06..,oewn-be__2.42.06..,oewn-02622439-v,i34756,oewn-be-v,be,v,v,verb,false,26829,2,false,verb.stative,"[{""text"":""be identical to; be someone or something"",""source_sense_id"":null}]","[{""text"":""The president of the company is John Smith"",""source"":null,""scope"":""synset""},{""text"":""This is my house"",""source"":null,""scope"":""synset""}]","[""am"",""are"",""been"",""is"",""was"",""were""]","[{""value"":""biː"",""variety"":""GB"",""notation"":null,""phonemic"":null,""audio"":null,""scope"":""lemma"",""form"":null},{""value"":""bi"",""variety"":""US"",""notation"":null,""phonemic"":null,""audio"":null,""scope"":""lemma"",""form"":null}]","[{""lexical_entry_id"":""oewn-be-v"",""written_form"":""be"",""source_pos"":""v""}]",unreviewed
2,be,2,oewn:2025:oewn-be__2.42.05..,oewn:oewn-be__2.42.05..,oewn-be__2.42.05..,oewn-02661230-v,i34943,oewn-be-v,be,v,v,verb,false,26829,3,false,verb.stative,"[{""text"":""occupy a certain position or area; be somewhere"",""source_sense_id"":null}]","[{""text"":""Where is my umbrella?"",""source"":null,""scope"":""synset""},{""text"":""The toolshed is in the back"",""source"":null,""scope"":""synset""},{""text"":""What is behind this behavior?"",""source"":null,""scope"":""synset""}]","[""am"",""are"",""been"",""is"",""was"",""were""]","[{""value"":""biː"",""variety"":""GB"",""notation"":null,""phonemic"":null,""audio"":null,""scope"":""lemma"",""form"":null},{""value"":""bi"",""variety"":""US"",""notation"":null,""phonemic"":null,""audio"":null,""scope"":""lemma"",""form"":null}]","[{""lexical_entry_id"":""oewn-be-v"",""written_form"":""be"",""source_pos"":""v""}]",unreviewed
2,be,2,oewn:2025:oewn-be__2.42.00..,oewn:oewn-be__2.42.00..,oewn-be__2.42.00..,oewn-02609706-v,i34708,oewn-be-v,be,v,v,verb,false,26829,4,false,verb.stative,"[{""text"":""have an existence, be extant"",""source_sense_id"":null}]","[{""text"":""Is there a God?"",""source"":null,""scope"":""synset""}]","[""am"",""are"",""been"",""is"",""was"",""were""]","[{""value"":""biː"",""variety"":""GB"",""notation"":null,""phonemic"":null,""audio"":null,""scope"":""lemma"",""form"":null},{""value"":""bi"",""variety"":""US"",""notation"":null,""phonemic"":null,""audio"":null,""scope"":""lemma"",""form"":null}]","[{""lexical_entry_id"":""oewn-exist-v"",""written_form"":""exist"",""source_pos"":""v""},{""lexical_entry_id"":""oewn-be-v"",""written_form"":""be"",""source_pos"":""v""}]",unreviewed
2,be,2,oewn:2025:oewn-be__2.42.07..,oewn:oewn-be__2.42.07..,oewn-be__2.42.07..,oewn-02670846-v,i34989,oewn-be-v,be,v,v,verb,false,26829,5,false,verb.stative,"[{""text"":""be identical or equivalent to"",""source_sense_id"":null}]","[{""text"":""One dollar equals 1,000 rubles these days!"",""source"":null,""scope"":""synset""}]","[""am"",""are"",""been"",""is"",""was"",""were""]","[{""value"":""biː"",""variety"":""GB"",""notation"":null,""phonemic"":null,""audio"":null,""scope"":""lemma"",""form"":null},{""value"":""bi"",""variety"":""US"",""notation"":null,""phonemic"":null,""audio"":null,""scope"":""lemma"",""form"":null}]","[{""lexical_entry_id"":""oewn-equal-v"",""written_form"":""equal"",""source_pos"":""v""},{""lexical_entry_id"":""oewn-be-v"",""written_form"":""be"",""source_pos"":""v""}]",unreviewed
2,be,2,oewn:2025:oewn-be__2.42.02..,oewn:oewn-be__2.42.02..,oewn-be__2.42.02..,oewn-02626667-v,i34777,oewn-be-v,be,v,v,verb,false,26829,6,false,verb.stative,"[{""text"":""form or compose"",""source_sense_id"":null}]","[{""text"":""This money is my only income"",""source"":null,""scope"":""synset""},{""text"":""The stone wall was the backdrop for the performance"",""source"":null,""scope"":""synset""},{""text"":""These constitute my entire belonging"",""source"":null,""scope"":""synset""},{""text"":""The children made up the chorus"",""source"":null,""scope"":""synset""},{""text"":""This sum represents my entire income for a year"",""source"":null,""scope"":""synset""},{""text"":""These few men comprise his entire army"",""source"":null,""scope"":""synset""}]","[""am"",""are"",""been"",""is"",""was"",""were""]","[{""value"":""biː"",""variety"":""GB"",""notation"":null,""phonemic"":null,""audio"":null,""scope"":""lemma"",""form"":null},{""value"":""bi"",""variety"":""US"",""notation"":null,""phonemic"":null,""audio"":null,""scope"":""lemma"",""form"":null}]","[{""lexical_entry_id"":""oewn-constitute-v"",""written_form"":""constitute"",""source_pos"":""v""},{""lexical_entry_id"":""oewn-represent-v"",""written_form"":""represent"",""source_pos"":""v""},{""lexical_entry_id"":""oewn-make_up-v"",""written_form"":""make up"",""source_pos"":""v""},{""lexical_entry_id"":""oewn-comprise-v"",""written_form"":""comprise"",""source_pos"":""v""},{""lexical_entry_id"":""oewn-be-v"",""written_form"":""be"",""source_pos"":""v""}]",unreviewed
2,be,2,oewn:2025:oewn-be__2.41.00..,oewn:oewn-be__2.41.00..,oewn-be__2.41.00..,oewn-02450790-v,i33953,oewn-be-v,be,v,v,verb,false,26829,7,false,verb.social,"[{""text"":""work in a specific place, with a specific subject, or in a specific function"",""source_sense_id"":null}]","[{""text"":""He is a herpetologist"",""source"":null,""scope"":""synset""},{""text"":""She is our resident philosopher"",""source"":null,""scope"":""synset""}]","[""am"",""are"",""been"",""is"",""was"",""were""]","[{""value"":""biː"",""variety"":""GB"",""notation"":null,""phonemic"":null,""audio"":null,""scope"":""lemma"",""form"":null},{""value"":""bi"",""variety"":""US"",""notation"":null,""phonemic"":null,""audio"":null,""scope"":""lemma"",""form"":null}]","[{""lexical_entry_id"":""oewn-be-v"",""written_form"":""be"",""source_pos"":""v""},{""lexical_entry_id"":""oewn-follow-v"",""written_form"":""follow"",""source_pos"":""v""}]",unreviewed
2,be,2,oewn:2025:oewn-be__2.42.08..,oewn:oewn-be__2.42.08..,oewn-be__2.42.08..,oewn-02703567-v,i35144,oewn-be-v,be,v,v,verb,false,26829,8,false,verb.stative,"[{""text"":""represent, as of a character on stage"",""source_sense_id"":null}]","[{""text"":""Derek Jacobi was Hamlet"",""source"":null,""scope"":""synset""}]","[""am"",""are"",""been"",""is"",""was"",""were""]","[{""value"":""biː"",""variety"":""GB"",""notation"":null,""phonemic"":null,""audio"":null,""scope"":""lemma"",""form"":null},{""value"":""bi"",""variety"":""US"",""notation"":null,""phonemic"":null,""audio"":null,""scope"":""lemma"",""form"":null}]","[{""lexical_entry_id"":""oewn-embody-v"",""written_form"":""embody"",""source_pos"":""v""},{""lexical_entry_id"":""oewn-be-v"",""written_form"":""be"",""source_pos"":""v""},{""lexical_entry_id"":""oewn-personify-v"",""written_form"":""personify"",""source_pos"":""v""}]",unreviewed
2,be,2,oewn:2025:oewn-be__2.40.00..,oewn:oewn-be__2.40.00..,oewn-be__2.40.00..,oewn-02273091-v,i33077,oewn-be-v,be,v,v,verb,false,26829,9,false,verb.possession,"[{""text"":""spend or use time"",""source_sense_id"":null}]","[{""text"":""I may be an hour"",""source"":null,""scope"":""synset""}]","[""am"",""are"",""been"",""is"",""was"",""were""]","[{""value"":""biː"",""variety"":""GB"",""notation"":null,""phonemic"":null,""audio"":null,""scope"":""lemma"",""form"":null},{""value"":""bi"",""variety"":""US"",""notation"":null,""phonemic"":null,""audio"":null,""scope"":""lemma"",""form"":null}]","[{""lexical_entry_id"":""oewn-be-v"",""written_form"":""be"",""source_pos"":""v""}]",unreviewed
2,be,2,oewn:2025:oewn-be__2.42.01..,oewn:oewn-be__2.42.01..,oewn-be__2.42.01..,oewn-02620216-v,i34743,oewn-be-v,be,v,v,verb,false,26829,10,false,verb.stative,"[{""text"":""have life, be alive"",""source_sense_id"":null}]","[{""text"":""Our great leader is no more"",""source"":null,""scope"":""synset""},{""text"":""My grandfather lived until the end of war"",""source"":null,""scope"":""synset""}]","[""am"",""are"",""been"",""is"",""was"",""were""]","[{""value"":""biː"",""variety"":""GB"",""notation"":null,""phonemic"":null,""audio"":null,""scope"":""lemma"",""form"":null},{""value"":""bi"",""variety"":""US"",""notation"":null,""phonemic"":null,""audio"":null,""scope"":""lemma"",""form"":null}]","[{""lexical_entry_id"":""oewn-be-v"",""written_form"":""be"",""source_pos"":""v""},{""lexical_entry_id"":""oewn-live-v"",""written_form"":""live"",""source_pos"":""v""}]",unreviewed
2,be,2,oewn:2025:oewn-be__2.42.13..,oewn:oewn-be__2.42.13..,oewn-be__2.42.13..,oewn-02750695-v,i35397,oewn-be-v,be,v,v,verb,false,26829,11,false,verb.stative,"[{""text"":""to remain unmolested, undisturbed, or uninterrupted — used only in infinitive form"",""source_sense_id"":null}]","[{""text"":""let her be"",""source"":null,""scope"":""synset""}]","[""am"",""are"",""been"",""is"",""was"",""were""]","[{""value"":""biː"",""variety"":""GB"",""notation"":null,""phonemic"":null,""audio"":null,""scope"":""lemma"",""form"":null},{""value"":""bi"",""variety"":""US"",""notation"":null,""phonemic"":null,""audio"":null,""scope"":""lemma"",""form"":null}]","[{""lexical_entry_id"":""oewn-be-v"",""written_form"":""be"",""source_pos"":""v""}]",unreviewed
2,be,2,oewn:2025:oewn-be__2.42.09..,oewn:oewn-be__2.42.09..,oewn-be__2.42.09..,oewn-02708368-v,i35167,oewn-be-v,be,v,v,verb,false,26829,12,false,verb.stative,"[{""text"":""be priced at"",""source_sense_id"":null}]","[{""text"":""These shoes cost $100"",""source"":null,""scope"":""synset""}]","[""am"",""are"",""been"",""is"",""was"",""were""]","[{""value"":""biː"",""variety"":""GB"",""notation"":null,""phonemic"":null,""audio"":null,""scope"":""lemma"",""form"":null},{""value"":""bi"",""variety"":""US"",""notation"":null,""phonemic"":null,""audio"":null,""scope"":""lemma"",""form"":null}]","[{""lexical_entry_id"":""oewn-cost-v"",""written_form"":""cost"",""source_pos"":""v""},{""lexical_entry_id"":""oewn-be-v"",""written_form"":""be"",""source_pos"":""v""}]",unreviewed
6,a,6,oewn:2025:oewn-a__1.10.01..,oewn:oewn-a__1.10.01..,oewn-a__1.10.01..,oewn-06844227-n,i72386,oewn-a-n,a,n,n,noun,false,17668,1,false,noun.communication,"[{""text"":""the 1st letter of the Roman alphabet"",""source_sense_id"":null}]",[],[],"[{""value"":""eɪ̯"",""variety"":null,""notation"":null,""phonemic"":null,""audio"":null,""scope"":""lemma"",""form"":null}]","[{""lexical_entry_id"":""oewn-A-n"",""written_form"":""A"",""source_pos"":""n""},{""lexical_entry_id"":""oewn-a-n"",""written_form"":""a"",""source_pos"":""n""}]",unreviewed
7,in,7,oewn:2025:oewn-in__5.00.00.successful.00,oewn:oewn-in__5.00.00.successful.00,oewn-in__5.00.00.successful.00,oewn-02340196-s,i12914,oewn-in-a,in,a,s,adjective_satellite,true,69877,1,false,adj.all,"[{""text"":""holding office"",""source_sense_id"":null}]","[{""text"":""the in party"",""source"":null,""scope"":""synset""}]",[],[],"[{""lexical_entry_id"":""oewn-in-a"",""written_form"":""in"",""source_pos"":""a""}]",unreviewed
7,in,7,oewn:2025:oewn-in__5.00.00.incoming.00,oewn:oewn-in__5.00.00.incoming.00,oewn-in__5.00.00.incoming.00,oewn-01298266-s,i7059,oewn-in-a,in,a,s,adjective_satellite,true,69877,2,false,adj.all,"[{""text"":""directed or bound inward"",""source_sense_id"":null}]","[{""text"":""took the in bus"",""source"":null,""scope"":""synset""},{""text"":""the in basket"",""source"":null,""scope"":""synset""}]",[],[],"[{""lexical_entry_id"":""oewn-in-a"",""written_form"":""in"",""source_pos"":""a""}]",unreviewed
7,in,7,oewn:2025:oewn-in__5.00.00.fashionable.00,oewn:oewn-in__5.00.00.fashionable.00,oewn-in__5.00.00.fashionable.00,oewn-00975680-s,i5321,oewn-in-a,in,a,s,adjective_satellite,true,69877,3,false,adj.all,"[{""text"":""currently fashionable"",""source_sense_id"":null}]","[{""text"":""the in thing to do"",""source"":null,""scope"":""synset""},{""text"":""large shoulder pads are in"",""source"":null,""scope"":""synset""}]",[],[],"[{""lexical_entry_id"":""oewn-in-a"",""written_form"":""in"",""source_pos"":""a""}]",unreviewed
7,in,7,oewn:2025:oewn-in__1.23.00..,oewn:oewn-in__1.23.00..,oewn-in__1.23.00..,oewn-13671409-n,i108437,oewn-in-n,in,n,n,noun,false,69886,1,false,noun.quantity,"[{""text"":""a unit of length equal to one twelfth of a foot"",""source_sense_id"":null}]",[],[],[],"[{""lexical_entry_id"":""oewn-inch-n"",""written_form"":""inch"",""source_pos"":""n""},{""lexical_entry_id"":""oewn-in-n"",""written_form"":""in"",""source_pos"":""n""}]",unreviewed
7,in,7,oewn:2025:oewn-in__4.02.01..,oewn:oewn-in__4.02.01..,oewn-in__4.02.01..,oewn-00504204-r,i21651,oewn-in-r,in,r,r,adverb,false,69888,1,false,adv.all,"[{""text"":""to or toward the inside of"",""source_sense_id"":null}]","[{""text"":""come in"",""source"":null,""scope"":""synset""},{""text"":""smash in the door"",""source"":null,""scope"":""synset""}]",[],[],"[{""lexical_entry_id"":""oewn-in-r"",""written_form"":""in"",""source_pos"":""r""},{""lexical_entry_id"":""oewn-inwards-r"",""written_form"":""inwards"",""source_pos"":""r""},{""lexical_entry_id"":""oewn-inward-r"",""written_form"":""inward"",""source_pos"":""r""}]",unreviewed
8,have,8,oewn:2025:oewn-have__1.18.00..,oewn:oewn-have__1.18.00..,oewn-have__1.18.00..,oewn-10548806-n,i92571,oewn-have-n,have,n,n,noun,false,65251,1,false,noun.person,"[{""text"":""a person who possesses great material wealth"",""source_sense_id"":null}]",[],[],[],"[{""lexical_entry_id"":""oewn-rich_person-n"",""written_form"":""rich person"",""source_pos"":""n""},{""lexical_entry_id"":""oewn-wealthy_person-n"",""written_form"":""wealthy person"",""source_pos"":""n""},{""lexical_entry_id"":""oewn-have-n"",""written_form"":""have"",""source_pos"":""n""}]",unreviewed
8,have,8,oewn:2025:oewn-have__2.40.00..,oewn:oewn-have__2.40.00..,oewn-have__2.40.00..,oewn-02208144-v,i32770,oewn-have-v,have,v,v,verb,false,65253,1,false,verb.possession,"[{""text"":""have or possess, either in a concrete or an abstract sense"",""source_sense_id"":null}]","[{""text"":""She has $1,000 in the bank"",""source"":null,""scope"":""synset""},{""text"":""He has got two beautiful daughters"",""source"":null,""scope"":""synset""},{""text"":""She holds a Master's degree from Harvard"",""source"":null,""scope"":""synset""},{""text"":""I have two years left"",""source"":null,""scope"":""synset""},{""text"":""I don't have any money left"",""source"":null,""scope"":""synset""},{""text"":""They have two more years before they retire"",""source"":null,""scope"":""synset""}]","[""had"",""has""]",[],"[{""lexical_entry_id"":""oewn-have-v"",""written_form"":""have"",""source_pos"":""v""},{""lexical_entry_id"":""oewn-have_got-v"",""written_form"":""have got"",""source_pos"":""v""},{""lexical_entry_id"":""oewn-hold-v"",""written_form"":""hold"",""source_pos"":""v""}]",unreviewed
8,have,8,oewn:2025:oewn-have__2.42.00..,oewn:oewn-have__2.42.00..,oewn-have__2.42.00..,oewn-02636270-v,i34822,oewn-have-v,have,v,v,verb,false,65253,2,false,verb.stative,"[{""text"":""have as a feature"",""source_sense_id"":null}]","[{""text"":""This restaurant features the most famous chefs in France"",""source"":null,""scope"":""synset""}]","[""had"",""has""]",[],"[{""lexical_entry_id"":""oewn-have-v"",""written_form"":""have"",""source_pos"":""v""},{""lexical_entry_id"":""oewn-feature-v"",""written_form"":""feature"",""source_pos"":""v""}]",unreviewed
8,have,8,oewn:2025:oewn-have__2.39.06..,oewn:oewn-have__2.39.06..,oewn-have__2.39.06..,oewn-02112480-v,i32302,oewn-have-v,have,v,v,verb,false,65253,3,false,verb.perception,"[{""text"":""go through (mental or physical states or experiences)"",""source_sense_id"":null}]","[{""text"":""get an idea"",""source"":null,""scope"":""synset""},{""text"":""experience vertigo"",""source"":null,""scope"":""synset""},{""text"":""get nauseous"",""source"":null,""scope"":""synset""},{""text"":""receive injuries"",""source"":null,""scope"":""synset""},{""text"":""have a feeling"",""source"":null,""scope"":""synset""}]","[""had"",""has""]",[],"[{""lexical_entry_id"":""oewn-experience-v"",""written_form"":""experience"",""source_pos"":""v""},{""lexical_entry_id"":""oewn-receive-v"",""written_form"":""receive"",""source_pos"":""v""},{""lexical_entry_id"":""oewn-have-v"",""written_form"":""have"",""source_pos"":""v""},{""lexical_entry_id"":""oewn-get-v"",""written_form"":""get"",""source_pos"":""v""}]",unreviewed
8,have,8,oewn:2025:oewn-have__2.40.04..,oewn:oewn-have__2.40.04..,oewn-have__2.40.04..,oewn-02209474-v,i32775,oewn-have-v,have,v,v,verb,false,65253,4,false,verb.possession,"[{""text"":""have ownership or possession of"",""source_sense_id"":null}]","[{""text"":""He owns three houses in Florida"",""source"":null,""scope"":""synset""},{""text"":""How many cars does she have?"",""source"":null,""scope"":""synset""}]","[""had"",""has""]",[],"[{""lexical_entry_id"":""oewn-own-v"",""written_form"":""own"",""source_pos"":""v""},{""lexical_entry_id"":""oewn-have-v"",""written_form"":""have"",""source_pos"":""v""},{""lexical_entry_id"":""oewn-possess-v"",""written_form"":""possess"",""source_pos"":""v""}]",unreviewed
8,have,8,oewn:2025:oewn-have__2.30.00..,oewn:oewn-have__2.30.00..,oewn-have__2.30.00..,oewn-00120604-v,i22363,oewn-have-v,have,v,v,verb,false,65253,5,false,verb.change,"[{""text"":""cause to move; cause to be in a certain position or condition"",""source_sense_id"":null}]","[{""text"":""He got his squad on the ball"",""source"":null,""scope"":""synset""},{""text"":""This let me in for a big surprise"",""source"":null,""scope"":""synset""},{""text"":""He got a girl into trouble"",""source"":null,""scope"":""synset""}]","[""had"",""has""]",[],"[{""lexical_entry_id"":""oewn-get-v"",""written_form"":""get"",""source_pos"":""v""},{""lexical_entry_id"":""oewn-let-v"",""written_form"":""let"",""source_pos"":""v""},{""lexical_entry_id"":""oewn-have-v"",""written_form"":""have"",""source_pos"":""v""}]",unreviewed
8,have,8,oewn:2025:oewn-have__2.34.00..,oewn:oewn-have__2.34.00..,oewn-have__2.34.00..,oewn-01159300-v,i27410,oewn-have-v,have,v,v,verb,false,65253,6,false,verb.consumption,"[{""text"":""serve oneself to, or consume regularly"",""source_sense_id"":null}]","[{""text"":""Have another bowl of chicken soup!"",""source"":null,""scope"":""synset""},{""text"":""I don't take sugar in my coffee"",""source"":null,""scope"":""synset""}]","[""had"",""has""]",[],"[{""lexical_entry_id"":""oewn-consume-v"",""written_form"":""consume"",""source_pos"":""v""},{""lexical_entry_id"":""oewn-ingest-v"",""written_form"":""ingest"",""source_pos"":""v""},{""lexical_entry_id"":""oewn-take_in-v"",""written_form"":""take in"",""source_pos"":""v""},{""lexical_entry_id"":""oewn-take-v"",""written_form"":""take"",""source_pos"":""v""},{""lexical_entry_id"":""oewn-have-v"",""written_form"":""have"",""source_pos"":""v""}]",unreviewed
8,have,8,oewn:2025:oewn-have__2.41.00..,oewn:oewn-have__2.41.00..,oewn-have__2.41.00..,oewn-02383544-v,i33649,oewn-have-v,have,v,v,verb,false,65253,7,false,verb.social,"[{""text"":""have a personal or business relationship with someone"",""source_sense_id"":null}]","[{""text"":""have a postdoc"",""source"":null,""scope"":""synset""},{""text"":""have an assistant"",""source"":null,""scope"":""synset""},{""text"":""have a lover"",""source"":null,""scope"":""synset""}]","[""had"",""has""]",[],"[{""lexical_entry_id"":""oewn-have-v"",""written_form"":""have"",""source_pos"":""v""}]",unreviewed
8,have,8,oewn:2025:oewn-have__2.36.00..,oewn:oewn-have__2.36.00..,oewn-have__2.36.00..,oewn-01737358-v,i30405,oewn-have-v,have,v,v,verb,false,65253,8,false,verb.creation,"[{""text"":""organize or be responsible for"",""source_sense_id"":null}]","[{""text"":""hold a reception"",""source"":null,""scope"":""synset""},{""text"":""have, throw, or make a party"",""source"":null,""scope"":""synset""},{""text"":""give a course"",""source"":null,""scope"":""synset""}]","[""had"",""has""]",[],"[{""lexical_entry_id"":""oewn-hold-v"",""written_form"":""hold"",""source_pos"":""v""},{""lexical_entry_id"":""oewn-throw-v"",""written_form"":""throw"",""source_pos"":""v""},{""lexical_entry_id"":""oewn-have-v"",""written_form"":""have"",""source_pos"":""v""},{""lexical_entry_id"":""oewn-make-v"",""written_form"":""make"",""source_pos"":""v""},{""lexical_entry_id"":""oewn-give-v"",""written_form"":""give"",""source_pos"":""v""}]",unreviewed
8,have,8,oewn:2025:oewn-have__2.42.12..,oewn:oewn-have__2.42.12..,oewn-have__2.42.12..,oewn-02746620-v,i35373,oewn-have-v,have,v,v,verb,false,65253,9,false,verb.stative,"[{""text"":""be confronted with"",""source_sense_id"":null}]","[{""text"":""What do we have here?"",""source"":null,""scope"":""synset""},{""text"":""Now we have a fine mess"",""source"":null,""scope"":""synset""}]","[""had"",""has""]",[],"[{""lexical_entry_id"":""oewn-have-v"",""written_form"":""have"",""source_pos"":""v""}]",unreviewed
8,have,8,oewn:2025:oewn-have__2.30.01..,oewn:oewn-have__2.30.01..,oewn-have__2.30.01..,oewn-00120854-v,i22364,oewn-have-v,have,v,v,verb,false,65253,10,false,verb.change,"[{""text"":""undergo"",""source_sense_id"":null}]","[{""text"":""The stocks had a fast run-up"",""source"":null,""scope"":""synset""}]","[""had"",""has""]",[],"[{""lexical_entry_id"":""oewn-have-v"",""written_form"":""have"",""source_pos"":""v""},{""lexical_entry_id"":""oewn-experience-v"",""written_form"":""experience"",""source_pos"":""v""}]",unreviewed
8,have,8,oewn:2025:oewn-have__2.29.02..,oewn:oewn-have__2.29.02..,oewn-have__2.29.02..,oewn-00065141-v,i22103,oewn-have-v,have,v,v,verb,false,65253,11,false,verb.body,"[{""text"":""suffer from; be ill with"",""source_sense_id"":null}]","[{""text"":""She has arthritis"",""source"":null,""scope"":""synset""}]","[""had"",""has""]",[],"[{""lexical_entry_id"":""oewn-have-v"",""written_form"":""have"",""source_pos"":""v""}]",unreviewed
8,have,8,oewn:2025:oewn-have__2.32.00..,oewn:oewn-have__2.32.00..,oewn-have__2.32.00..,oewn-00772482-v,i25546,oewn-have-v,have,v,v,verb,false,65253,12,false,verb.communication,"[{""text"":""cause to do; cause to act in a specified manner"",""source_sense_id"":null}]","[{""text"":""The ads induced me to buy a VCR"",""source"":null,""scope"":""synset""},{""text"":""My children finally got me to buy a computer"",""source"":null,""scope"":""synset""},{""text"":""My wife made me buy a new sofa"",""source"":null,""scope"":""synset""}]","[""had"",""has""]",[],"[{""lexical_entry_id"":""oewn-induce-v"",""written_form"":""induce"",""source_pos"":""v""},{""lexical_entry_id"":""oewn-stimulate-v"",""written_form"":""stimulate"",""source_pos"":""v""},{""lexical_entry_id"":""oewn-cause-v"",""written_form"":""cause"",""source_pos"":""v""},{""lexical_entry_id"":""oewn-have-v"",""written_form"":""have"",""source_pos"":""v""},{""lexical_entry_id"":""oewn-get-v"",""written_form"":""get"",""source_pos"":""v""},{""lexical_entry_id"":""oewn-make-v"",""written_form"":""make"",""source_pos"":""v""}]",unreviewed
8,have,8,oewn:2025:oewn-have__2.40.05..,oewn:oewn-have__2.40.05..,oewn-have__2.40.05..,oewn-02240906-v,i32922,oewn-have-v,have,v,v,verb,false,65253,13,false,verb.possession,"[{""text"":""receive willingly something given or offered"",""source_sense_id"":null}]","[{""text"":""The only girl who would have him was the miller's daughter"",""source"":null,""scope"":""synset""},{""text"":""I won't have this dog in my house!"",""source"":null,""scope"":""synset""},{""text"":""Please accept my present"",""source"":null,""scope"":""synset""}]","[""had"",""has""]",[],"[{""lexical_entry_id"":""oewn-accept-v"",""written_form"":""accept"",""source_pos"":""v""},{""lexical_entry_id"":""oewn-take-v"",""written_form"":""take"",""source_pos"":""v""},{""lexical_entry_id"":""oewn-have-v"",""written_form"":""have"",""source_pos"":""v""}]",unreviewed
8,have,8,oewn:2025:oewn-have__2.40.03..,oewn:oewn-have__2.40.03..,oewn-have__2.40.03..,oewn-02214901-v,i32799,oewn-have-v,have,v,v,verb,false,65253,14,false,verb.possession,"[{""text"":""get something; come into possession of"",""source_sense_id"":null}]","[{""text"":""receive payment"",""source"":null,""scope"":""synset""},{""text"":""receive a gift"",""source"":null,""scope"":""synset""},{""text"":""receive letters from the front"",""source"":null,""scope"":""synset""}]","[""had"",""has""]",[],"[{""lexical_entry_id"":""oewn-receive-v"",""written_form"":""receive"",""source_pos"":""v""},{""lexical_entry_id"":""oewn-have-v"",""written_form"":""have"",""source_pos"":""v""}]",unreviewed
8,have,8,oewn:2025:oewn-have__2.29.05..,oewn:oewn-have__2.29.05..,oewn-have__2.29.05..,oewn-00065410-v,i22105,oewn-have-v,have,v,v,verb,false,65253,15,false,verb.body,"[{""text"":""undergo (as of injuries and illnesses)"",""source_sense_id"":null}]","[{""text"":""She suffered a fracture in the accident"",""source"":null,""scope"":""synset""},{""text"":""He had an insulin shock after eating three candy bars"",""source"":null,""scope"":""synset""},{""text"":""She got a bruise on her leg"",""source"":null,""scope"":""synset""},{""text"":""He got his arm broken in the scuffle"",""source"":null,""scope"":""synset""}]","[""had"",""has""]",[],"[{""lexical_entry_id"":""oewn-suffer-v"",""written_form"":""suffer"",""source_pos"":""v""},{""lexical_entry_id"":""oewn-sustain-v"",""written_form"":""sustain"",""source_pos"":""v""},{""lexical_entry_id"":""oewn-have-v"",""written_form"":""have"",""source_pos"":""v""},{""lexical_entry_id"":""oewn-get-v"",""written_form"":""get"",""source_pos"":""v""}]",unreviewed
8,have,8,oewn:2025:oewn-have__2.40.02..,oewn:oewn-have__2.40.02..,oewn-have__2.40.02..,oewn-02360592-v,i33526,oewn-have-v,have,v,v,verb,false,65253,16,false,verb.possession,"[{""text"":""achieve a point or goal"",""source_sense_id"":null}]","[{""text"":""Nicklaus had a 70"",""source"":null,""scope"":""synset""},{""text"":""The Brazilian team got 4 goals"",""source"":null,""scope"":""synset""},{""text"":""She made 29 points that day"",""source"":null,""scope"":""synset""}]","[""had"",""has""]",[],"[{""lexical_entry_id"":""oewn-have-v"",""written_form"":""have"",""source_pos"":""v""},{""lexical_entry_id"":""oewn-get-v"",""written_form"":""get"",""source_pos"":""v""},{""lexical_entry_id"":""oewn-make-v"",""written_form"":""make"",""source_pos"":""v""}]",unreviewed
8,have,8,oewn:2025:oewn-have__2.29.00..,oewn:oewn-have__2.29.00..,oewn-have__2.29.00..,oewn-00056644-v,i22058,oewn-have-v,have,v,v,verb,false,65253,17,false,verb.body,"[{""text"":""cause to be born"",""source_sense_id"":null}]","[{""text"":""My wife had twins yesterday!"",""source"":null,""scope"":""synset""}]","[""had"",""has""]",[],"[{""lexical_entry_id"":""oewn-give_birth-v"",""written_form"":""give birth"",""source_pos"":""v""},{""lexical_entry_id"":""oewn-deliver-v"",""written_form"":""deliver"",""source_pos"":""v""},{""lexical_entry_id"":""oewn-bear-v"",""written_form"":""bear"",""source_pos"":""v""},{""lexical_entry_id"":""oewn-birth-v"",""written_form"":""birth"",""source_pos"":""v""},{""lexical_entry_id"":""oewn-have-v"",""written_form"":""have"",""source_pos"":""v""}]",unreviewed
8,have,8,oewn:2025:oewn-have__2.35.00..,oewn:oewn-have__2.35.00..,oewn-have__2.35.00..,oewn-01429760-v,i28864,oewn-have-v,have,v,v,verb,false,65253,18,false,verb.contact,"[{""text"":""have sex with; archaic use"",""source_sense_id"":null}]","[{""text"":""He had taken this woman when she was most vulnerable"",""source"":null,""scope"":""synset""}]","[""had"",""has""]",[],"[{""lexical_entry_id"":""oewn-take-v"",""written_form"":""take"",""source_pos"":""v""},{""lexical_entry_id"":""oewn-have-v"",""written_form"":""have"",""source_pos"":""v""}]",unreviewed
11,he,11,oewn:2025:oewn-he__1.10.00..,oewn:oewn-he__1.10.00..,oewn-he__1.10.00..,oewn-06850196-n,i72440,oewn-he-n,he,n,n,noun,false,65360,1,false,noun.communication,"[{""text"":""the 5th letter of the Hebrew alphabet"",""source_sense_id"":null}]",[],[],"[{""value"":""hi"",""variety"":null,""notation"":null,""phonemic"":null,""audio"":null,""scope"":""lemma"",""form"":null}]","[{""lexical_entry_id"":""oewn-he-n"",""written_form"":""he"",""source_pos"":""n""}]",unreviewed
14,not,14,oewn:2025:oewn-not__4.02.00..,oewn:oewn-not__4.02.00..,oewn-not__4.02.00..,oewn-00024432-r,i18280,oewn-not-r,not,r,r,adverb,false,87711,1,false,adv.all,"[{""text"":""negation of a word or group of words"",""source_sense_id"":null}]","[{""text"":""he does not speak French"",""source"":null,""scope"":""synset""},{""text"":""she is not going"",""source"":null,""scope"":""synset""},{""text"":""they are not friends"",""source"":null,""scope"":""synset""},{""text"":""not many"",""source"":null,""scope"":""synset""},{""text"":""not much"",""source"":null,""scope"":""synset""},{""text"":""not at all"",""source"":null,""scope"":""synset""}]",[],"[{""value"":""nɒt"",""variety"":null,""notation"":null,""phonemic"":null,""audio"":null,""scope"":""lemma"",""form"":null}]","[{""lexical_entry_id"":""oewn-not-r"",""written_form"":""not"",""source_pos"":""r""},{""lexical_entry_id"":""oewn-non-r"",""written_form"":""non"",""source_pos"":""r""}]",unreviewed
17,on,17,oewn:2025:oewn-on__3.00.00..,oewn:oewn-on__3.00.00..,oewn-on__3.00.00..,oewn-01655638-a,i9045,oewn-on-a,on,a,a,adjective,false,89020,1,false,adj.all,"[{""text"":""in operation or operational"",""source_sense_id"":null}]","[{""text"":""left the oven on"",""source"":null,""scope"":""synset""},{""text"":""the switch is in the on position"",""source"":null,""scope"":""synset""}]",[],[],"[{""lexical_entry_id"":""oewn-on-a"",""written_form"":""on"",""source_pos"":""a""}]",unreviewed
17,on,17,oewn:2025:oewn-on__3.00.02..,oewn:oewn-on__3.00.02..,oewn-on__3.00.02..,oewn-01656183-a,i9049,oewn-on-a,on,a,a,adjective,false,89020,2,false,adj.all,"[{""text"":""(of events) planned or scheduled"",""source_sense_id"":null}]","[{""text"":""the picnic is on, rain or shine"",""source"":null,""scope"":""synset""},{""text"":""we have nothing on for Friday night"",""source"":null,""scope"":""synset""}]",[],[],"[{""lexical_entry_id"":""oewn-on-a"",""written_form"":""on"",""source_pos"":""a""}]",unreviewed
17,on,17,oewn:2025:oewn-on__4.02.00..,oewn:oewn-on__4.02.00..,oewn-on__4.02.00..,oewn-00068768-r,i18551,oewn-on-r,on,r,r,adverb,false,89027,1,false,adv.all,"[{""text"":""with a forward motion"",""source_sense_id"":null}]","[{""text"":""we drove along admiring the view"",""source"":null,""scope"":""synset""},{""text"":""the horse trotted along at a steady pace"",""source"":null,""scope"":""synset""},{""text"":""the circus traveled on to the next city"",""source"":null,""scope"":""synset""},{""text"":""move along"",""source"":null,""scope"":""synset""},{""text"":""march on"",""source"":null,""scope"":""synset""}]",[],[],"[{""lexical_entry_id"":""oewn-along-r"",""written_form"":""along"",""source_pos"":""r""},{""lexical_entry_id"":""oewn-on-r"",""written_form"":""on"",""source_pos"":""r""}]",unreviewed
17,on,17,oewn:2025:oewn-on__4.02.01..,oewn:oewn-on__4.02.01..,oewn-on__4.02.01..,oewn-00069746-r,i18556,oewn-on-r,on,r,r,adverb,false,89027,2,false,adv.all,"[{""text"":""indicates continuity or persistence or concentration"",""source_sense_id"":null}]","[{""text"":""his spirit lives on"",""source"":null,""scope"":""synset""},{""text"":""shall I read on?"",""source"":null,""scope"":""synset""}]",[],[],"[{""lexical_entry_id"":""oewn-on-r"",""written_form"":""on"",""source_pos"":""r""}]",unreviewed
17,on,17,oewn:2025:oewn-on__4.02.02..,oewn:oewn-on__4.02.02..,oewn-on__4.02.02..,oewn-00069872-r,i18557,oewn-on-r,on,r,r,adverb,false,89027,3,false,adv.all,"[{""text"":""in a state required for something to function or be effective"",""source_sense_id"":null}]","[{""text"":""turn the lights on"",""source"":null,""scope"":""synset""},{""text"":""get a load on"",""source"":null,""scope"":""synset""}]",[],[],"[{""lexical_entry_id"":""oewn-on-r"",""written_form"":""on"",""source_pos"":""r""}]",unreviewed
20,i,20,oewn:2025:oewn-i__1.27.00..,oewn:oewn-i__1.27.00..,oewn-i__1.27.00..,oewn-14665575-n,i113951,oewn-I-n,I,n,n,noun,false,8068,1,false,noun.substance,"[{""text"":""a nonmetallic element belonging to the halogens; used especially in medicine and photography and in dyes; occurs naturally only in combination in small quantities (as in sea water or rocks)"",""source_sense_id"":null}]",[],[],"[{""value"":""aɪ"",""variety"":null,""notation"":null,""phonemic"":null,""audio"":null,""scope"":""lemma"",""form"":null}]","[{""lexical_entry_id"":""oewn-iodine-n"",""written_form"":""iodine"",""source_pos"":""n""},{""lexical_entry_id"":""oewn-iodin-n"",""written_form"":""iodin"",""source_pos"":""n""},{""lexical_entry_id"":""oewn-I-n"",""written_form"":""I"",""source_pos"":""n""},{""lexical_entry_id"":""oewn-atomic_number_53-n"",""written_form"":""atomic number 53"",""source_pos"":""n""}]",unreviewed
20,i,20,oewn:2025:oewn-i__1.23.00..,oewn:oewn-i__1.23.00..,oewn-i__1.23.00..,oewn-13764713-n,i109093,oewn-I-n,I,n,n,noun,false,8068,2,false,noun.quantity,"[{""text"":""the smallest whole number or a numeral representing this number"",""source_sense_id"":null}]","[{""text"":""he has the one but will need a two and three to go with it"",""source"":null,""scope"":""synset""},{""text"":""they had lunch at one"",""source"":null,""scope"":""synset""}]",[],"[{""value"":""aɪ"",""variety"":null,""notation"":null,""phonemic"":null,""audio"":null,""scope"":""lemma"",""form"":null}]","[{""lexical_entry_id"":""oewn-one-n"",""written_form"":""one"",""source_pos"":""n""},{""lexical_entry_id"":""oewn-1-n"",""written_form"":""1"",""source_pos"":""n""},{""lexical_entry_id"":""oewn-I-n"",""written_form"":""I"",""source_pos"":""n""},{""lexical_entry_id"":""oewn-ace-n"",""written_form"":""ace"",""source_pos"":""n""},{""lexical_entry_id"":""oewn-single-n"",""written_form"":""single"",""source_pos"":""n""},{""lexical_entry_id"":""oewn-unity-n"",""written_form"":""unity"",""source_pos"":""n""}]",unreviewed
20,i,20,oewn:2025:oewn-i__1.10.00..,oewn:oewn-i__1.10.00..,oewn-i__1.10.00..,oewn-06845083-n,i72394,oewn-I-n,I,n,n,noun,false,8068,3,false,noun.communication,"[{""text"":""the 9th letter of the Roman alphabet"",""source_sense_id"":null}]",[],[],"[{""value"":""aɪ"",""variety"":null,""notation"":null,""phonemic"":null,""audio"":null,""scope"":""lemma"",""form"":null}]","[{""lexical_entry_id"":""oewn-I-n"",""written_form"":""I"",""source_pos"":""n""},{""lexical_entry_id"":""oewn-i-n"",""written_form"":""i"",""source_pos"":""n""}]",unreviewed
21,do,21,oewn:2025:oewn-do__1.11.00..,oewn:oewn-do__1.11.00..,oewn-do__1.11.00..,oewn-07462638-n,i75851,oewn-do-n-1,do,n,n,noun,false,48836,1,false,noun.event,"[{""text"":""an uproarious party"",""source_sense_id"":null}]",[],[],"[{""value"":""duː"",""variety"":null,""notation"":null,""phonemic"":null,""audio"":null,""scope"":""lemma"",""form"":null}]","[{""lexical_entry_id"":""oewn-bash-n"",""written_form"":""bash"",""source_pos"":""n""},{""lexical_entry_id"":""oewn-do-n-1"",""written_form"":""do"",""source_pos"":""n""},{""lexical_entry_id"":""oewn-brawl-n"",""written_form"":""brawl"",""source_pos"":""n""}]",unreviewed
21,do,21,oewn:2025:oewn-do__1.10.00..,oewn:oewn-do__1.10.00..,oewn-do__1.10.00..,oewn-06881359-n,i72577,oewn-do-n-2,do,n,n,noun,false,48837,1,false,noun.communication,"[{""text"":""the syllable naming the first (tonic) note of any major scale in solmization"",""source_sense_id"":null}]",[],[],"[{""value"":""dəʊ"",""variety"":null,""notation"":null,""phonemic"":null,""audio"":null,""scope"":""lemma"",""form"":null}]","[{""lexical_entry_id"":""oewn-do-n-2"",""written_form"":""do"",""source_pos"":""n""},{""lexical_entry_id"":""oewn-doh-n"",""written_form"":""doh"",""source_pos"":""n""},{""lexical_entry_id"":""oewn-ut-n"",""written_form"":""ut"",""source_pos"":""n""}]",unreviewed
21,do,21,oewn:2025:oewn-do__2.41.01..,oewn:oewn-do__2.41.01..,oewn-do__2.41.01..,oewn-02566500-v,i34493,oewn-do-v,do,v,v,verb,false,48842,1,false,verb.social,"[{""text"":""engage in"",""source_sense_id"":null}]","[{""text"":""make love, not war"",""source"":null,""scope"":""synset""},{""text"":""make an effort"",""source"":null,""scope"":""synset""},{""text"":""do research"",""source"":null,""scope"":""synset""},{""text"":""do nothing"",""source"":null,""scope"":""synset""},{""text"":""make revolution"",""source"":null,""scope"":""synset""}]","[""did"",""done""]","[{""value"":""duː"",""variety"":""GB"",""notation"":null,""phonemic"":null,""audio"":null,""scope"":""lemma"",""form"":null},{""value"":""du"",""variety"":""US"",""notation"":null,""phonemic"":null,""audio"":null,""scope"":""lemma"",""form"":null},{""value"":""dʉː"",""variety"":""AU"",""notation"":null,""phonemic"":null,""audio"":null,""scope"":""lemma"",""form"":null}]","[{""lexical_entry_id"":""oewn-make-v"",""written_form"":""make"",""source_pos"":""v""},{""lexical_entry_id"":""oewn-do-v"",""written_form"":""do"",""source_pos"":""v""}]",unreviewed
21,do,21,oewn:2025:oewn-do__2.36.01..,oewn:oewn-do__2.36.01..,oewn-do__2.36.01..,oewn-01716563-v,i30309,oewn-do-v,do,v,v,verb,false,48842,2,false,verb.creation,"[{""text"":""carry out or perform an action"",""source_sense_id"":null}]","[{""text"":""John did the painting, the weeding, and he cleaned out the gutters"",""source"":null,""scope"":""synset""},{""text"":""the skater executed a triple pirouette"",""source"":null,""scope"":""synset""},{""text"":""she did a little dance"",""source"":null,""scope"":""synset""}]","[""did"",""done""]","[{""value"":""duː"",""variety"":""GB"",""notation"":null,""phonemic"":null,""audio"":null,""scope"":""lemma"",""form"":null},{""value"":""du"",""variety"":""US"",""notation"":null,""phonemic"":null,""audio"":null,""scope"":""lemma"",""form"":null},{""value"":""dʉː"",""variety"":""AU"",""notation"":null,""phonemic"":null,""audio"":null,""scope"":""lemma"",""form"":null}]","[{""lexical_entry_id"":""oewn-perform-v"",""written_form"":""perform"",""source_pos"":""v""},{""lexical_entry_id"":""oewn-execute-v"",""written_form"":""execute"",""source_pos"":""v""},{""lexical_entry_id"":""oewn-do-v"",""written_form"":""do"",""source_pos"":""v""}]",unreviewed
21,do,21,oewn:2025:oewn-do__2.41.04..,oewn:oewn-do__2.41.04..,oewn-do__2.41.04..,oewn-02567910-v,i34500,oewn-do-v,do,v,v,verb,false,48842,3,false,verb.social,"[{""text"":""get (something) done"",""source_sense_id"":null}]","[{""text"":""I did my job"",""source"":null,""scope"":""synset""}]","[""did"",""done""]","[{""value"":""duː"",""variety"":""GB"",""notation"":null,""phonemic"":null,""audio"":null,""scope"":""lemma"",""form"":null},{""value"":""du"",""variety"":""US"",""notation"":null,""phonemic"":null,""audio"":null,""scope"":""lemma"",""form"":null},{""value"":""dʉː"",""variety"":""AU"",""notation"":null,""phonemic"":null,""audio"":null,""scope"":""lemma"",""form"":null}]","[{""lexical_entry_id"":""oewn-do-v"",""written_form"":""do"",""source_pos"":""v""},{""lexical_entry_id"":""oewn-perform-v"",""written_form"":""perform"",""source_pos"":""v""}]",unreviewed
21,do,21,oewn:2025:oewn-do__2.42.00..,oewn:oewn-do__2.42.00..,oewn-do__2.42.00..,oewn-02623620-v,i34762,oewn-do-v,do,v,v,verb,false,48842,4,false,verb.stative,"[{""text"":""proceed or get along"",""source_sense_id"":null}]","[{""text"":""How is she doing in her new job?"",""source"":null,""scope"":""synset""},{""text"":""How are you making out in graduate school?"",""source"":null,""scope"":""synset""},{""text"":""He's come a long way"",""source"":null,""scope"":""synset""}]","[""did"",""done""]","[{""value"":""duː"",""variety"":""GB"",""notation"":null,""phonemic"":null,""audio"":null,""scope"":""lemma"",""form"":null},{""value"":""du"",""variety"":""US"",""notation"":null,""phonemic"":null,""audio"":null,""scope"":""lemma"",""form"":null},{""value"":""dʉː"",""variety"":""AU"",""notation"":null,""phonemic"":null,""audio"":null,""scope"":""lemma"",""form"":null}]","[{""lexical_entry_id"":""oewn-do-v"",""written_form"":""do"",""source_pos"":""v""},{""lexical_entry_id"":""oewn-fare-v"",""written_form"":""fare"",""source_pos"":""v""},{""lexical_entry_id"":""oewn-make_out-v"",""written_form"":""make out"",""source_pos"":""v""},{""lexical_entry_id"":""oewn-come-v"",""written_form"":""come"",""source_pos"":""v""},{""lexical_entry_id"":""oewn-get_along-v"",""written_form"":""get along"",""source_pos"":""v""}]",unreviewed
21,do,21,oewn:2025:oewn-do__2.36.02..,oewn:oewn-do__2.36.02..,oewn-do__2.36.02..,oewn-01649143-v,i29966,oewn-do-v,do,v,v,verb,false,48842,5,false,verb.creation,"[{""text"":""give rise to; cause to happen or occur, not always intentionally"",""source_sense_id"":null}]","[{""text"":""cause a commotion"",""source"":null,""scope"":""synset""},{""text"":""make a stir"",""source"":null,""scope"":""synset""},{""text"":""cause an accident"",""source"":null,""scope"":""synset""}]","[""did"",""done""]","[{""value"":""duː"",""variety"":""GB"",""notation"":null,""phonemic"":null,""audio"":null,""scope"":""lemma"",""form"":null},{""value"":""du"",""variety"":""US"",""notation"":null,""phonemic"":null,""audio"":null,""scope"":""lemma"",""form"":null},{""value"":""dʉː"",""variety"":""AU"",""notation"":null,""phonemic"":null,""audio"":null,""scope"":""lemma"",""form"":null}]","[{""lexical_entry_id"":""oewn-cause-v"",""written_form"":""cause"",""source_pos"":""v""},{""lexical_entry_id"":""oewn-do-v"",""written_form"":""do"",""source_pos"":""v""},{""lexical_entry_id"":""oewn-make-v"",""written_form"":""make"",""source_pos"":""v""}]",unreviewed
21,do,21,oewn:2025:oewn-do__2.41.02..,oewn:oewn-do__2.41.02..,oewn-do__2.41.02..,oewn-02574587-v,i34533,oewn-do-v,do,v,v,verb,false,48842,6,false,verb.social,"[{""text"":""carry out or practice; as of jobs and professions"",""source_sense_id"":null}]","[{""text"":""practice law"",""source"":null,""scope"":""synset""}]","[""did"",""done""]","[{""value"":""duː"",""variety"":""GB"",""notation"":null,""phonemic"":null,""audio"":null,""scope"":""lemma"",""form"":null},{""value"":""du"",""variety"":""US"",""notation"":null,""phonemic"":null,""audio"":null,""scope"":""lemma"",""form"":null},{""value"":""dʉː"",""variety"":""AU"",""notation"":null,""phonemic"":null,""audio"":null,""scope"":""lemma"",""form"":null}]","[{""lexical_entry_id"":""oewn-practice-v"",""written_form"":""practice"",""source_pos"":""v""},{""lexical_entry_id"":""oewn-practise-v"",""written_form"":""practise"",""source_pos"":""v""},{""lexical_entry_id"":""oewn-exercise-v"",""written_form"":""exercise"",""source_pos"":""v""},{""lexical_entry_id"":""oewn-do-v"",""written_form"":""do"",""source_pos"":""v""}]",unreviewed
21,do,21,oewn:2025:oewn-do__2.42.01..,oewn:oewn-do__2.42.01..,oewn-do__2.42.01..,oewn-02675578-v,i35014,oewn-do-v,do,v,v,verb,false,48842,7,false,verb.stative,"[{""text"":""be sufficient; be adequate, either in quality or quantity"",""source_sense_id"":null}]","[{""text"":""A few words would answer"",""source"":null,""scope"":""synset""},{""text"":""This car suits my purpose well"",""source"":null,""scope"":""synset""},{""text"":""Will $100 do?"",""source"":null,""scope"":""synset""},{""text"":""A ‘B’ grade doesn't suffice to get me into medical school"",""source"":null,""scope"":""synset""},{""text"":""Nothing else will serve"",""source"":null,""scope"":""synset""}]","[""did"",""done""]","[{""value"":""duː"",""variety"":""GB"",""notation"":null,""phonemic"":null,""audio"":null,""scope"":""lemma"",""form"":null},{""value"":""du"",""variety"":""US"",""notation"":null,""phonemic"":null,""audio"":null,""scope"":""lemma"",""form"":null},{""value"":""dʉː"",""variety"":""AU"",""notation"":null,""phonemic"":null,""audio"":null,""scope"":""lemma"",""form"":null}]","[{""lexical_entry_id"":""oewn-suffice-v"",""written_form"":""suffice"",""source_pos"":""v""},{""lexical_entry_id"":""oewn-do-v"",""written_form"":""do"",""source_pos"":""v""},{""lexical_entry_id"":""oewn-answer-v"",""written_form"":""answer"",""source_pos"":""v""},{""lexical_entry_id"":""oewn-serve-v"",""written_form"":""serve"",""source_pos"":""v""}]",unreviewed
21,do,21,oewn:2025:oewn-do__2.36.00..,oewn:oewn-do__2.36.00..,oewn-do__2.36.00..,oewn-01622033-v,i29854,oewn-do-v,do,v,v,verb,false,48842,8,false,verb.creation,"[{""text"":""create or design, often in a certain way"",""source_sense_id"":null}]","[{""text"":""Do my room in blue"",""source"":null,""scope"":""synset""},{""text"":""I did this piece in wood to express my love for the forest"",""source"":null,""scope"":""synset""}]","[""did"",""done""]","[{""value"":""duː"",""variety"":""GB"",""notation"":null,""phonemic"":null,""audio"":null,""scope"":""lemma"",""form"":null},{""value"":""du"",""variety"":""US"",""notation"":null,""phonemic"":null,""audio"":null,""scope"":""lemma"",""form"":null},{""value"":""dʉː"",""variety"":""AU"",""notation"":null,""phonemic"":null,""audio"":null,""scope"":""lemma"",""form"":null}]","[{""lexical_entry_id"":""oewn-do-v"",""written_form"":""do"",""source_pos"":""v""},{""lexical_entry_id"":""oewn-make-v"",""written_form"":""make"",""source_pos"":""v""}]",unreviewed
21,do,21,oewn:2025:oewn-do__2.29.09..,oewn:oewn-do__2.29.09..,oewn-do__2.29.09..,oewn-00010428-v,i21819,oewn-do-v,do,v,v,verb,false,48842,9,false,verb.body,"[{""text"":""behave in a certain manner; show a certain behavior; conduct or comport oneself"",""source_sense_id"":null}]","[{""text"":""You should act like an adult"",""source"":null,""scope"":""synset""},{""text"":""Don't behave like a fool"",""source"":null,""scope"":""synset""},{""text"":""What makes her do this way?"",""source"":null,""scope"":""synset""},{""text"":""The dog acts ferocious, but he is really afraid of people"",""source"":null,""scope"":""synset""}]","[""did"",""done""]","[{""value"":""duː"",""variety"":""GB"",""notation"":null,""phonemic"":null,""audio"":null,""scope"":""lemma"",""form"":null},{""value"":""du"",""variety"":""US"",""notation"":null,""phonemic"":null,""audio"":null,""scope"":""lemma"",""form"":null},{""value"":""dʉː"",""variety"":""AU"",""notation"":null,""phonemic"":null,""audio"":null,""scope"":""lemma"",""form"":null}]","[{""lexical_entry_id"":""oewn-act-v"",""written_form"":""act"",""source_pos"":""v""},{""lexical_entry_id"":""oewn-behave-v"",""written_form"":""behave"",""source_pos"":""v""},{""lexical_entry_id"":""oewn-do-v"",""written_form"":""do"",""source_pos"":""v""},{""lexical_entry_id"":""oewn-acquit-v"",""written_form"":""acquit"",""source_pos"":""v""},{""lexical_entry_id"":""oewn-bear-v"",""written_form"":""bear"",""source_pos"":""v""},{""lexical_entry_id"":""oewn-deport-v"",""written_form"":""deport"",""source_pos"":""v""},{""lexical_entry_id"":""oewn-conduct-v"",""written_form"":""conduct"",""source_pos"":""v""},{""lexical_entry_id"":""oewn-comport-v"",""written_form"":""comport"",""source_pos"":""v""},{""lexical_entry_id"":""oewn-carry-v"",""written_form"":""carry"",""source_pos"":""v""}]",unreviewed
21,do,21,oewn:2025:oewn-do__2.42.02..,oewn:oewn-do__2.42.02..,oewn-do__2.42.02..,oewn-02714981-v,i35206,oewn-do-v,do,v,v,verb,false,48842,10,false,verb.stative,"[{""text"":""spend time in prison or in a labor camp"",""source_sense_id"":null}]","[{""text"":""He did six years for embezzlement"",""source"":null,""scope"":""synset""}]","[""did"",""done""]","[{""value"":""duː"",""variety"":""GB"",""notation"":null,""phonemic"":null,""audio"":null,""scope"":""lemma"",""form"":null},{""value"":""du"",""variety"":""US"",""notation"":null,""phonemic"":null,""audio"":null,""scope"":""lemma"",""form"":null},{""value"":""dʉː"",""variety"":""AU"",""notation"":null,""phonemic"":null,""audio"":null,""scope"":""lemma"",""form"":null}]","[{""lexical_entry_id"":""oewn-serve-v"",""written_form"":""serve"",""source_pos"":""v""},{""lexical_entry_id"":""oewn-do-v"",""written_form"":""do"",""source_pos"":""v""}]",unreviewed
21,do,21,oewn:2025:oewn-do__2.41.03..,oewn:oewn-do__2.41.03..,oewn-do__2.41.03..,oewn-02528887-v,i34325,oewn-do-v,do,v,v,verb,false,48842,11,false,verb.social,"[{""text"":""carry on or function"",""source_sense_id"":null}]","[{""text"":""We could do with a little more help around here"",""source"":null,""scope"":""synset""}]","[""did"",""done""]","[{""value"":""duː"",""variety"":""GB"",""notation"":null,""phonemic"":null,""audio"":null,""scope"":""lemma"",""form"":null},{""value"":""du"",""variety"":""US"",""notation"":null,""phonemic"":null,""audio"":null,""scope"":""lemma"",""form"":null},{""value"":""dʉː"",""variety"":""AU"",""notation"":null,""phonemic"":null,""audio"":null,""scope"":""lemma"",""form"":null}]","[{""lexical_entry_id"":""oewn-do-v"",""written_form"":""do"",""source_pos"":""v""},{""lexical_entry_id"":""oewn-manage-v"",""written_form"":""manage"",""source_pos"":""v""}]",unreviewed
21,do,21,oewn:2025:oewn-do__2.29.04..,oewn:oewn-do__2.29.04..,oewn-do__2.29.04..,oewn-00038562-v,i21960,oewn-do-v,do,v,v,verb,false,48842,12,false,verb.body,"[{""text"":""arrange attractively"",""source_sense_id"":null}]","[{""text"":""dress my hair for the wedding"",""source"":null,""scope"":""synset""}]","[""did"",""done""]","[{""value"":""duː"",""variety"":""GB"",""notation"":null,""phonemic"":null,""audio"":null,""scope"":""lemma"",""form"":null},{""value"":""du"",""variety"":""US"",""notation"":null,""phonemic"":null,""audio"":null,""scope"":""lemma"",""form"":null},{""value"":""dʉː"",""variety"":""AU"",""notation"":null,""phonemic"":null,""audio"":null,""scope"":""lemma"",""form"":null}]","[{""lexical_entry_id"":""oewn-dress-v"",""written_form"":""dress"",""source_pos"":""v""},{""lexical_entry_id"":""oewn-arrange-v"",""written_form"":""arrange"",""source_pos"":""v""},{""lexical_entry_id"":""oewn-set-v"",""written_form"":""set"",""source_pos"":""v""},{""lexical_entry_id"":""oewn-do-v"",""written_form"":""do"",""source_pos"":""v""},{""lexical_entry_id"":""oewn-coif-v"",""written_form"":""coif"",""source_pos"":""v""},{""lexical_entry_id"":""oewn-coiffe-v"",""written_form"":""coiffe"",""source_pos"":""v""},{""lexical_entry_id"":""oewn-coiffure-v"",""written_form"":""coiffure"",""source_pos"":""v""}]",unreviewed
21,do,21,oewn:2025:oewn-do__2.38.00..,oewn:oewn-do__2.38.00..,oewn-do__2.38.00..,oewn-01845714-v,i30918,oewn-do-v,do,v,v,verb,false,48842,13,false,verb.motion,"[{""text"":""travel or traverse (a distance)"",""source_sense_id"":null}]","[{""text"":""This car does 150 miles per hour"",""source"":null,""scope"":""synset""},{""text"":""We did 6 miles on our hike every day"",""source"":null,""scope"":""synset""}]","[""did"",""done""]","[{""value"":""duː"",""variety"":""GB"",""notation"":null,""phonemic"":null,""audio"":null,""scope"":""lemma"",""form"":null},{""value"":""du"",""variety"":""US"",""notation"":null,""phonemic"":null,""audio"":null,""scope"":""lemma"",""form"":null},{""value"":""dʉː"",""variety"":""AU"",""notation"":null,""phonemic"":null,""audio"":null,""scope"":""lemma"",""form"":null}]","[{""lexical_entry_id"":""oewn-do-v"",""written_form"":""do"",""source_pos"":""v""}]",unreviewed
22,as,22,oewn:2025:oewn-as__4.02.00..,oewn:oewn-as__4.02.00..,oewn-as__4.02.00..,oewn-00022585-r,i18267,oewn-as-r,as,r,r,adverb,false,23708,1,false,adv.all,"[{""text"":""to the same degree (often followed by ‘as’)"",""source_sense_id"":null}]","[{""text"":""they were equally beautiful"",""source"":null,""scope"":""synset""},{""text"":""birds were singing and the child sang as sweetly"",""source"":null,""scope"":""synset""},{""text"":""sang as sweetly as a nightingale"",""source"":null,""scope"":""synset""},{""text"":""he is every bit as mean as she is"",""source"":null,""scope"":""synset""}]",[],"[{""value"":""ˈæs"",""variety"":null,""notation"":null,""phonemic"":null,""audio"":null,""scope"":""lemma"",""form"":null}]","[{""lexical_entry_id"":""oewn-equally-r"",""written_form"":""equally"",""source_pos"":""r""},{""lexical_entry_id"":""oewn-as-r"",""written_form"":""as"",""source_pos"":""r""},{""lexical_entry_id"":""oewn-every_bit-r"",""written_form"":""every bit"",""source_pos"":""r""}]",unreviewed
23,at,23,oewn:2025:oewn-at__1.23.00..,oewn:oewn-at__1.23.00..,oewn-at__1.23.00..,oewn-13703153-n,i108646,oewn-at-n,at,n,n,noun,false,24168,1,false,noun.quantity,"[{""text"":""100 at equal 1 kip in Laos"",""source_sense_id"":null}]",[],[],[],"[{""lexical_entry_id"":""oewn-at-n"",""written_form"":""at"",""source_pos"":""n""}]",unreviewed
25,but,25,oewn:2025:oewn-but__4.02.01..,oewn:oewn-but__4.02.01..,oewn-but__4.02.01..,oewn-00005103-r,i18177,oewn-but-r,but,r,r,adverb,false,32524,1,false,adv.all,"[{""text"":""and nothing more"",""source_sense_id"":null}]","[{""text"":""I was merely asking"",""source"":null,""scope"":""synset""},{""text"":""it is simply a matter of time"",""source"":null,""scope"":""synset""},{""text"":""just a scratch"",""source"":null,""scope"":""synset""},{""text"":""he was only a child"",""source"":null,""scope"":""synset""},{""text"":""hopes that last but a moment"",""source"":null,""scope"":""synset""}]",[],"[{""value"":""bʌt"",""variety"":null,""notation"":null,""phonemic"":null,""audio"":null,""scope"":""lemma"",""form"":null}]","[{""lexical_entry_id"":""oewn-merely-r"",""written_form"":""merely"",""source_pos"":""r""},{""lexical_entry_id"":""oewn-simply-r"",""written_form"":""simply"",""source_pos"":""r""},{""lexical_entry_id"":""oewn-just-r"",""written_form"":""just"",""source_pos"":""r""},{""lexical_entry_id"":""oewn-only-r"",""written_form"":""only"",""source_pos"":""r""},{""lexical_entry_id"":""oewn-but-r"",""written_form"":""but"",""source_pos"":""r""}]",unreviewed
27,by,27,oewn:2025:oewn-by__4.02.00..,oewn:oewn-by__4.02.00..,oewn-by__4.02.00..,oewn-00419697-r,i21008,oewn-by-r,by,r,r,adverb,false,32709,1,false,adv.all,"[{""text"":""so as to pass a given point"",""source_sense_id"":null}]","[{""text"":""every hour a train goes past"",""source"":null,""scope"":""synset""}]",[],"[{""value"":""baɪ"",""variety"":null,""notation"":null,""phonemic"":null,""audio"":null,""scope"":""lemma"",""form"":null}]","[{""lexical_entry_id"":""oewn-by-r"",""written_form"":""by"",""source_pos"":""r""},{""lexical_entry_id"":""oewn-past-r"",""written_form"":""past"",""source_pos"":""r""}]",unreviewed
27,by,27,oewn:2025:oewn-by__4.02.01..,oewn:oewn-by__4.02.01..,oewn-by__4.02.01..,oewn-00235417-r,i19750,oewn-by-r,by,r,r,adverb,false,32709,2,false,adv.all,"[{""text"":""in reserve; not for immediate use"",""source_sense_id"":null}]","[{""text"":""started setting aside money to buy a car"",""source"":null,""scope"":""synset""},{""text"":""put something by for her old age"",""source"":null,""scope"":""synset""},{""text"":""has a nest egg tucked away for a rainy day"",""source"":null,""scope"":""synset""}]",[],"[{""value"":""baɪ"",""variety"":null,""notation"":null,""phonemic"":null,""audio"":null,""scope"":""lemma"",""form"":null}]","[{""lexical_entry_id"":""oewn-aside-r"",""written_form"":""aside"",""source_pos"":""r""},{""lexical_entry_id"":""oewn-by-r"",""written_form"":""by"",""source_pos"":""r""},{""lexical_entry_id"":""oewn-away-r"",""written_form"":""away"",""source_pos"":""r""}]",unreviewed
28,will,28,oewn:2025:oewn-will__1.09.00..,oewn:oewn-will__1.09.00..,oewn-will__1.09.00..,oewn-05660438-n,i66624,oewn-will-n,will,n,n,noun,false,134043,1,false,noun.cognition,"[{""text"":""the capability of conscious choice and decision and intention"",""source_sense_id"":null}]","[{""text"":""the exercise of their volition we construe as revolt"",""source"":""George Meredith"",""scope"":""synset""}]",[],"[{""value"":""wɪl"",""variety"":null,""notation"":null,""phonemic"":null,""audio"":null,""scope"":""lemma"",""form"":null}]","[{""lexical_entry_id"":""oewn-volition-n"",""written_form"":""volition"",""source_pos"":""n""},{""lexical_entry_id"":""oewn-will-n"",""written_form"":""will"",""source_pos"":""n""}]",unreviewed
28,will,28,oewn:2025:oewn-will__1.09.01..,oewn:oewn-will__1.09.01..,oewn-will__1.09.01..,oewn-05992539-n,i68267,oewn-will-n,will,n,n,noun,false,134043,2,false,noun.cognition,"[{""text"":""a fixed and persistent intent or purpose"",""source_sense_id"":null}]","[{""text"":""where there's a will, there's a way"",""source"":null,""scope"":""synset""}]",[],"[{""value"":""wɪl"",""variety"":null,""notation"":null,""phonemic"":null,""audio"":null,""scope"":""lemma"",""form"":null}]","[{""lexical_entry_id"":""oewn-will-n"",""written_form"":""will"",""source_pos"":""n""}]",unreviewed
28,will,28,oewn:2025:oewn-will__1.10.00..,oewn:oewn-will__1.10.00..,oewn-will__1.10.00..,oewn-06556133-n,i70854,oewn-will-n,will,n,n,noun,false,134043,3,false,noun.communication,"[{""text"":""a legal document declaring a person's wishes regarding the disposal of their property when they die"",""source_sense_id"":null}]",[],[],"[{""value"":""wɪl"",""variety"":null,""notation"":null,""phonemic"":null,""audio"":null,""scope"":""lemma"",""form"":null}]","[{""lexical_entry_id"":""oewn-will-n"",""written_form"":""will"",""source_pos"":""n""},{""lexical_entry_id"":""oewn-testament-n"",""written_form"":""testament"",""source_pos"":""n""}]",unreviewed
28,will,28,oewn:2025:oewn-will__2.32.00..,oewn:oewn-will__2.32.00..,oewn-will__2.32.00..,oewn-00748352-v,i25430,oewn-will-v,will,v,v,verb,false,134045,1,false,verb.communication,"[{""text"":""decree or ordain"",""source_sense_id"":null}]","[{""text"":""God wills our existence"",""source"":null,""scope"":""synset""}]",[],[],"[{""lexical_entry_id"":""oewn-will-v"",""written_form"":""will"",""source_pos"":""v""}]",unreviewed
28,will,28,oewn:2025:oewn-will__2.31.01..,oewn:oewn-will__2.31.01..,oewn-will__2.31.01..,oewn-00700164-v,i25199,oewn-will-v,will,v,v,verb,false,134045,2,false,verb.cognition,"[{""text"":""determine by choice"",""source_sense_id"":null}]","[{""text"":""This action was willed and intended"",""source"":null,""scope"":""synset""}]",[],[],"[{""lexical_entry_id"":""oewn-will-v"",""written_form"":""will"",""source_pos"":""v""}]",unreviewed
28,will,28,oewn:2025:oewn-will__2.40.00..,oewn:oewn-will__2.40.00..,oewn-will__2.40.00..,oewn-02233837-v,i32890,oewn-will-v,will,v,v,verb,false,134045,3,false,verb.possession,"[{""text"":""leave or give by will after one's death"",""source_sense_id"":null}]","[{""text"":""My aunt bequeathed me all her jewelry"",""source"":null,""scope"":""synset""},{""text"":""My grandfather left me his entire estate"",""source"":null,""scope"":""synset""}]",[],[],"[{""lexical_entry_id"":""oewn-bequeath-v"",""written_form"":""bequeath"",""source_pos"":""v""},{""lexical_entry_id"":""oewn-will-v"",""written_form"":""will"",""source_pos"":""v""},{""lexical_entry_id"":""oewn-leave-v"",""written_form"":""leave"",""source_pos"":""v""}]",unreviewed
30,say,30,oewn:2025:oewn-say__1.26.00..,oewn:oewn-say__1.26.00..,oewn-say__1.26.00..,oewn-14509110-n,i113123,oewn-say-n,say,n,n,noun,false,107630,1,false,noun.state,"[{""text"":""the chance to speak"",""source_sense_id"":null}]","[{""text"":""let him have his say"",""source"":null,""scope"":""synset""}]",[],[],"[{""lexical_entry_id"":""oewn-say-n"",""written_form"":""say"",""source_pos"":""n""}]",unreviewed
30,say,30,oewn:2025:oewn-say__2.32.00..,oewn:oewn-say__2.32.00..,oewn-say__2.32.00..,oewn-01011267-v,i26632,oewn-say-v,say,v,v,verb,false,107632,1,false,verb.communication,"[{""text"":""express in words"",""source_sense_id"":null}]","[{""text"":""He said that he wanted to marry her"",""source"":null,""scope"":""synset""},{""text"":""tell me what is bothering you"",""source"":null,""scope"":""synset""},{""text"":""state your opinion"",""source"":null,""scope"":""synset""},{""text"":""state your name"",""source"":null,""scope"":""synset""}]","[""said""]",[],"[{""lexical_entry_id"":""oewn-state-v"",""written_form"":""state"",""source_pos"":""v""},{""lexical_entry_id"":""oewn-say-v"",""written_form"":""say"",""source_pos"":""v""},{""lexical_entry_id"":""oewn-tell-v"",""written_form"":""tell"",""source_pos"":""v""}]",unreviewed
30,say,30,oewn:2025:oewn-say__2.32.01..,oewn:oewn-say__2.32.01..,oewn-say__2.32.01..,oewn-01018011-v,i26659,oewn-say-v,say,v,v,verb,false,107632,2,false,verb.communication,"[{""text"":""report or maintain"",""source_sense_id"":null}]","[{""text"":""He alleged that he was the victim of a crime"",""source"":null,""scope"":""synset""},{""text"":""He said it was too late to intervene in the war"",""source"":null,""scope"":""synset""},{""text"":""The registrar says that I owe the school money"",""source"":null,""scope"":""synset""}]","[""said""]",[],"[{""lexical_entry_id"":""oewn-allege-v"",""written_form"":""allege"",""source_pos"":""v""},{""lexical_entry_id"":""oewn-aver-v"",""written_form"":""aver"",""source_pos"":""v""},{""lexical_entry_id"":""oewn-say-v"",""written_form"":""say"",""source_pos"":""v""}]",unreviewed
30,say,30,oewn:2025:oewn-say__2.32.03..,oewn:oewn-say__2.32.03..,oewn-say__2.32.03..,oewn-00919271-v,i26199,oewn-say-v,say,v,v,verb,false,107632,3,false,verb.communication,"[{""text"":""express a supposition"",""source_sense_id"":null}]","[{""text"":""Let us say that he did not tell the truth"",""source"":null,""scope"":""synset""},{""text"":""Let's say you had a lot of money — what would you do?"",""source"":null,""scope"":""synset""}]","[""said""]",[],"[{""lexical_entry_id"":""oewn-suppose-v"",""written_form"":""suppose"",""source_pos"":""v""},{""lexical_entry_id"":""oewn-say-v"",""written_form"":""say"",""source_pos"":""v""}]",unreviewed
30,say,30,oewn:2025:oewn-say__2.42.00..,oewn:oewn-say__2.42.00..,oewn-say__2.42.00..,oewn-02736688-v,i35319,oewn-say-v,say,v,v,verb,false,107632,4,false,verb.stative,"[{""text"":""have or contain a certain wording or form"",""source_sense_id"":null}]","[{""text"":""The passage reads as follows"",""source"":null,""scope"":""synset""},{""text"":""What does the law say?"",""source"":null,""scope"":""synset""}]","[""said""]",[],"[{""lexical_entry_id"":""oewn-read-v"",""written_form"":""read"",""source_pos"":""v""},{""lexical_entry_id"":""oewn-say-v"",""written_form"":""say"",""source_pos"":""v""}]",unreviewed
30,say,30,oewn:2025:oewn-say__2.32.04..,oewn:oewn-say__2.32.04..,oewn-say__2.32.04..,oewn-00748704-v,i25432,oewn-say-v,say,v,v,verb,false,107632,5,false,verb.communication,"[{""text"":""give instructions to or direct somebody to do something with authority"",""source_sense_id"":null}]","[{""text"":""I said to him to go home"",""source"":null,""scope"":""synset""},{""text"":""She ordered him to do the shopping"",""source"":null,""scope"":""synset""},{""text"":""The mother told the child to get dressed"",""source"":null,""scope"":""synset""}]","[""said""]",[],"[{""lexical_entry_id"":""oewn-order-v"",""written_form"":""order"",""source_pos"":""v""},{""lexical_entry_id"":""oewn-tell-v"",""written_form"":""tell"",""source_pos"":""v""},{""lexical_entry_id"":""oewn-enjoin-v"",""written_form"":""enjoin"",""source_pos"":""v""},{""lexical_entry_id"":""oewn-say-v"",""written_form"":""say"",""source_pos"":""v""}]",unreviewed
30,say,30,oewn:2025:oewn-say__2.32.02..,oewn:oewn-say__2.32.02..,oewn-say__2.32.02..,oewn-00980581-v,i26483,oewn-say-v,say,v,v,verb,false,107632,6,false,verb.communication,"[{""text"":""speak, pronounce, or utter in a certain way"",""source_sense_id"":null}]","[{""text"":""She pronounces French words in a funny way"",""source"":null,""scope"":""synset""},{""text"":""I cannot say ‘zip wire’"",""source"":null,""scope"":""synset""},{""text"":""Can the child sound out this complicated word?"",""source"":null,""scope"":""synset""}]","[""said""]",[],"[{""lexical_entry_id"":""oewn-pronounce-v"",""written_form"":""pronounce"",""source_pos"":""v""},{""lexical_entry_id"":""oewn-articulate-v"",""written_form"":""articulate"",""source_pos"":""v""},{""lexical_entry_id"":""oewn-enounce-v"",""written_form"":""enounce"",""source_pos"":""v""},{""lexical_entry_id"":""oewn-sound_out-v"",""written_form"":""sound out"",""source_pos"":""v""},{""lexical_entry_id"":""oewn-enunciate-v"",""written_form"":""enunciate"",""source_pos"":""v""},{""lexical_entry_id"":""oewn-say-v"",""written_form"":""say"",""source_pos"":""v""}]",unreviewed
30,say,30,oewn:2025:oewn-say__2.32.07..,oewn:oewn-say__2.32.07..,oewn-say__2.32.07..,oewn-00930921-v,i26254,oewn-say-v,say,v,v,verb,false,107632,7,false,verb.communication,"[{""text"":""communicate or express nonverbally"",""source_sense_id"":null}]","[{""text"":""What does this painting say?"",""source"":null,""scope"":""synset""},{""text"":""Did his face say anything about how he felt?"",""source"":null,""scope"":""synset""}]","[""said""]",[],"[{""lexical_entry_id"":""oewn-say-v"",""written_form"":""say"",""source_pos"":""v""}]",unreviewed
30,say,30,oewn:2025:oewn-say__2.32.15..,oewn:oewn-say__2.32.15..,oewn-say__2.32.15..,oewn-00981902-v,i26486,oewn-say-v,say,v,v,verb,false,107632,8,false,verb.communication,"[{""text"":""utter aloud"",""source_sense_id"":null}]","[{""text"":""She said ‘Hello’ to everyone in the office"",""source"":null,""scope"":""synset""}]","[""said""]",[],"[{""lexical_entry_id"":""oewn-say-v"",""written_form"":""say"",""source_pos"":""v""}]",unreviewed
30,say,30,oewn:2025:oewn-say__2.32.13..,oewn:oewn-say__2.32.13..,oewn-say__2.32.13..,oewn-01011848-v,i26633,oewn-say-v,say,v,v,verb,false,107632,9,false,verb.communication,"[{""text"":""state as one's opinion or judgement; declare"",""source_sense_id"":null}]","[{""text"":""I say let's forget this whole business"",""source"":null,""scope"":""synset""}]","[""said""]",[],"[{""lexical_entry_id"":""oewn-say-v"",""written_form"":""say"",""source_pos"":""v""}]",unreviewed
30,say,30,oewn:2025:oewn-say__2.32.08..,oewn:oewn-say__2.32.08..,oewn-say__2.32.08..,oewn-00947531-v,i26329,oewn-say-v,say,v,v,verb,false,107632,10,false,verb.communication,"[{""text"":""recite or repeat a fixed text"",""source_sense_id"":null}]","[{""text"":""Say grace"",""source"":null,""scope"":""synset""},{""text"":""She said her ‘Hail Mary’"",""source"":null,""scope"":""synset""}]","[""said""]",[],"[{""lexical_entry_id"":""oewn-say-v"",""written_form"":""say"",""source_pos"":""v""}]",unreviewed
30,say,30,oewn:2025:oewn-say__2.32.09..,oewn:oewn-say__2.32.09..,oewn-say__2.32.09..,oewn-00925168-v,i26226,oewn-say-v,say,v,v,verb,false,107632,11,false,verb.communication,"[{""text"":""indicate"",""source_sense_id"":null}]","[{""text"":""The clock says noon"",""source"":null,""scope"":""synset""}]","[""said""]",[],"[{""lexical_entry_id"":""oewn-say-v"",""written_form"":""say"",""source_pos"":""v""}]",unreviewed
31,go,31,oewn:2025:oewn-go__3.00.00..,oewn:oewn-go__3.00.00..,oewn-go__3.00.00..,oewn-01126538-a,i6160,oewn-go-a,go,a,a,adjective,false,62052,1,false,adj.all,"[{""text"":""functioning correctly and ready for action"",""source_sense_id"":null}]","[{""text"":""all systems are go"",""source"":null,""scope"":""synset""}]",[],"[{""value"":""ɡəʊ"",""variety"":""GB"",""notation"":null,""phonemic"":null,""audio"":null,""scope"":""lemma"",""form"":null},{""value"":""ɡoʊ"",""variety"":""US"",""notation"":null,""phonemic"":null,""audio"":null,""scope"":""lemma"",""form"":null},{""value"":""ɡəʉ"",""variety"":""AU"",""notation"":null,""phonemic"":null,""audio"":null,""scope"":""lemma"",""form"":null},{""value"":""ɡɐʉ"",""variety"":""NZ"",""notation"":null,""phonemic"":null,""audio"":null,""scope"":""lemma"",""form"":null}]","[{""lexical_entry_id"":""oewn-go-a"",""written_form"":""go"",""source_pos"":""a""}]",unreviewed
31,go,31,oewn:2025:oewn-go__1.28.00..,oewn:oewn-go__1.28.00..,oewn-go__1.28.00..,oewn-15317305-n,i117610,oewn-go-n,go,n,n,noun,false,62060,1,false,noun.time,"[{""text"":""a time period for working (after which you will be relieved by someone else)"",""source_sense_id"":null}]","[{""text"":""it's my go"",""source"":null,""scope"":""synset""},{""text"":""a spell of work"",""source"":null,""scope"":""synset""}]","[""goes""]","[{""value"":""ɡəʊ"",""variety"":""GB"",""notation"":null,""phonemic"":null,""audio"":null,""scope"":""lemma"",""form"":null},{""value"":""ɡoʊ"",""variety"":""US"",""notation"":null,""phonemic"":null,""audio"":null,""scope"":""lemma"",""form"":null},{""value"":""ɡəʉ"",""variety"":""AU"",""notation"":null,""phonemic"":null,""audio"":null,""scope"":""lemma"",""form"":null},{""value"":""ɡɐʉ"",""variety"":""NZ"",""notation"":null,""phonemic"":null,""audio"":null,""scope"":""lemma"",""form"":null}]","[{""lexical_entry_id"":""oewn-go-n"",""written_form"":""go"",""source_pos"":""n""},{""lexical_entry_id"":""oewn-spell-n"",""written_form"":""spell"",""source_pos"":""n""},{""lexical_entry_id"":""oewn-tour-n"",""written_form"":""tour"",""source_pos"":""n""},{""lexical_entry_id"":""oewn-turn-n"",""written_form"":""turn"",""source_pos"":""n""}]",unreviewed
31,go,31,oewn:2025:oewn-go__1.06.00..,oewn:oewn-go__1.06.00..,oewn-go__1.06.00..,oewn-02681592-n,i49828,oewn-go-n,go,n,n,noun,false,62060,2,false,noun.artifact,"[{""text"":""street names for methylenedioxymethamphetamine"",""source_sense_id"":null}]",[],"[""goes""]","[{""value"":""ɡəʊ"",""variety"":""GB"",""notation"":null,""phonemic"":null,""audio"":null,""scope"":""lemma"",""form"":null},{""value"":""ɡoʊ"",""variety"":""US"",""notation"":null,""phonemic"":null,""audio"":null,""scope"":""lemma"",""form"":null},{""value"":""ɡəʉ"",""variety"":""AU"",""notation"":null,""phonemic"":null,""audio"":null,""scope"":""lemma"",""form"":null},{""value"":""ɡɐʉ"",""variety"":""NZ"",""notation"":null,""phonemic"":null,""audio"":null,""scope"":""lemma"",""form"":null}]","[{""lexical_entry_id"":""oewn-Adam-n"",""written_form"":""Adam"",""source_pos"":""n""},{""lexical_entry_id"":""oewn-ecstasy-n"",""written_form"":""ecstasy"",""source_pos"":""n""},{""lexical_entry_id"":""oewn-XTC-n"",""written_form"":""XTC"",""source_pos"":""n""},{""lexical_entry_id"":""oewn-go-n"",""written_form"":""go"",""source_pos"":""n""},{""lexical_entry_id"":""oewn-disco_biscuit-n"",""written_form"":""disco biscuit"",""source_pos"":""n""},{""lexical_entry_id"":""oewn-cristal-n"",""written_form"":""cristal"",""source_pos"":""n""},{""lexical_entry_id"":""oewn-X-n"",""written_form"":""X"",""source_pos"":""n""},{""lexical_entry_id"":""oewn-hug_drug-n"",""written_form"":""hug drug"",""source_pos"":""n""}]",unreviewed
31,go,31,oewn:2025:oewn-go__1.04.01..,oewn:oewn-go__1.04.01..,oewn-go__1.04.01..,oewn-00788715-n,i39542,oewn-go-n,go,n,n,noun,false,62060,3,false,noun.act,"[{""text"":""a usually brief attempt"",""source_sense_id"":null}]","[{""text"":""he took a crack at it"",""source"":null,""scope"":""synset""},{""text"":""I gave it a whirl"",""source"":null,""scope"":""synset""}]","[""goes""]","[{""value"":""ɡəʊ"",""variety"":""GB"",""notation"":null,""phonemic"":null,""audio"":null,""scope"":""lemma"",""form"":null},{""value"":""ɡoʊ"",""variety"":""US"",""notation"":null,""phonemic"":null,""audio"":null,""scope"":""lemma"",""form"":null},{""value"":""ɡəʉ"",""variety"":""AU"",""notation"":null,""phonemic"":null,""audio"":null,""scope"":""lemma"",""form"":null},{""value"":""ɡɐʉ"",""variety"":""NZ"",""notation"":null,""phonemic"":null,""audio"":null,""scope"":""lemma"",""form"":null}]","[{""lexical_entry_id"":""oewn-crack-n"",""written_form"":""crack"",""source_pos"":""n""},{""lexical_entry_id"":""oewn-fling-n"",""written_form"":""fling"",""source_pos"":""n""},{""lexical_entry_id"":""oewn-go-n"",""written_form"":""go"",""source_pos"":""n""},{""lexical_entry_id"":""oewn-pass-n"",""written_form"":""pass"",""source_pos"":""n""},{""lexical_entry_id"":""oewn-whirl-n"",""written_form"":""whirl"",""source_pos"":""n""},{""lexical_entry_id"":""oewn-offer-n"",""written_form"":""offer"",""source_pos"":""n""}]",unreviewed
31,go,31,oewn:2025:oewn-go__1.04.00..,oewn:oewn-go__1.04.00..,oewn-go__1.04.00..,oewn-00505336-n,i38026,oewn-go-n,go,n,n,noun,false,62060,4,false,noun.act,"[{""text"":""a board game for two players who place counters on a grid; the object is to surround and so capture the opponent's counters"",""source_sense_id"":null}]",[],"[""goes""]","[{""value"":""ɡəʊ"",""variety"":""GB"",""notation"":null,""phonemic"":null,""audio"":null,""scope"":""lemma"",""form"":null},{""value"":""ɡoʊ"",""variety"":""US"",""notation"":null,""phonemic"":null,""audio"":null,""scope"":""lemma"",""form"":null},{""value"":""ɡəʉ"",""variety"":""AU"",""notation"":null,""phonemic"":null,""audio"":null,""scope"":""lemma"",""form"":null},{""value"":""ɡɐʉ"",""variety"":""NZ"",""notation"":null,""phonemic"":null,""audio"":null,""scope"":""lemma"",""form"":null}]","[{""lexical_entry_id"":""oewn-go-n"",""written_form"":""go"",""source_pos"":""n""},{""lexical_entry_id"":""oewn-go_game-n"",""written_form"":""go game"",""source_pos"":""n""}]",unreviewed
31,go,31,oewn:2025:oewn-go__2.38.00..,oewn:oewn-go__2.38.00..,oewn-go__2.38.00..,oewn-01839438-v,i30898,oewn-go-v,go,v,v,verb,false,62064,1,false,verb.motion,"[{""text"":""change location; move, travel, or proceed, also metaphorically"",""source_sense_id"":null}]","[{""text"":""How fast does your new car go?"",""source"":null,""scope"":""synset""},{""text"":""We travelled from Rome to Naples by bus"",""source"":null,""scope"":""synset""},{""text"":""The policemen went from door to door looking for the suspect"",""source"":null,""scope"":""synset""},{""text"":""The soldiers moved towards the city in an attempt to take it before night fell"",""source"":null,""scope"":""synset""},{""text"":""news travelled fast"",""source"":null,""scope"":""synset""}]","[""gone"",""went""]","[{""value"":""ɡəʊ"",""variety"":""GB"",""notation"":null,""phonemic"":null,""audio"":null,""scope"":""lemma"",""form"":null},{""value"":""ɡoʊ"",""variety"":""US"",""notation"":null,""phonemic"":null,""audio"":null,""scope"":""lemma"",""form"":null},{""value"":""ɡəʉ"",""variety"":""AU"",""notation"":null,""phonemic"":null,""audio"":null,""scope"":""lemma"",""form"":null},{""value"":""ɡɐʉ"",""variety"":""NZ"",""notation"":null,""phonemic"":null,""audio"":null,""scope"":""lemma"",""form"":null}]","[{""lexical_entry_id"":""oewn-travel-v"",""written_form"":""travel"",""source_pos"":""v""},{""lexical_entry_id"":""oewn-go-v"",""written_form"":""go"",""source_pos"":""v""},{""lexical_entry_id"":""oewn-move-v"",""written_form"":""move"",""source_pos"":""v""},{""lexical_entry_id"":""oewn-locomote-v"",""written_form"":""locomote"",""source_pos"":""v""}]",unreviewed
31,go,31,oewn:2025:oewn-go__2.41.00..,oewn:oewn-go__2.41.00..,oewn-go__2.41.00..,oewn-02377696-v,i33621,oewn-go-v,go,v,v,verb,false,62064,2,false,verb.social,"[{""text"":""follow a procedure or take a course"",""source_sense_id"":null}]","[{""text"":""We should go farther in this matter"",""source"":null,""scope"":""synset""},{""text"":""She went through a lot of trouble"",""source"":null,""scope"":""synset""},{""text"":""go about the world in a certain manner"",""source"":null,""scope"":""synset""},{""text"":""Messages must go through diplomatic channels"",""source"":null,""scope"":""synset""}]","[""gone"",""went""]","[{""value"":""ɡəʊ"",""variety"":""GB"",""notation"":null,""phonemic"":null,""audio"":null,""scope"":""lemma"",""form"":null},{""value"":""ɡoʊ"",""variety"":""US"",""notation"":null,""phonemic"":null,""audio"":null,""scope"":""lemma"",""form"":null},{""value"":""ɡəʉ"",""variety"":""AU"",""notation"":null,""phonemic"":null,""audio"":null,""scope"":""lemma"",""form"":null},{""value"":""ɡɐʉ"",""variety"":""NZ"",""notation"":null,""phonemic"":null,""audio"":null,""scope"":""lemma"",""form"":null}]","[{""lexical_entry_id"":""oewn-go-v"",""written_form"":""go"",""source_pos"":""v""},{""lexical_entry_id"":""oewn-proceed-v"",""written_form"":""proceed"",""source_pos"":""v""},{""lexical_entry_id"":""oewn-move-v"",""written_form"":""move"",""source_pos"":""v""}]",unreviewed
31,go,31,oewn:2025:oewn-go__2.38.01..,oewn:oewn-go__2.38.01..,oewn-go__2.38.01..,oewn-01852660-v,i30954,oewn-go-v,go,v,v,verb,false,62064,3,false,verb.motion,"[{""text"":""move away from a place into another direction"",""source_sense_id"":null}]","[{""text"":""Go away before I start to cry"",""source"":null,""scope"":""synset""},{""text"":""The train departs at noon"",""source"":null,""scope"":""synset""}]","[""gone"",""went""]","[{""value"":""ɡəʊ"",""variety"":""GB"",""notation"":null,""phonemic"":null,""audio"":null,""scope"":""lemma"",""form"":null},{""value"":""ɡoʊ"",""variety"":""US"",""notation"":null,""phonemic"":null,""audio"":null,""scope"":""lemma"",""form"":null},{""value"":""ɡəʉ"",""variety"":""AU"",""notation"":null,""phonemic"":null,""audio"":null,""scope"":""lemma"",""form"":null},{""value"":""ɡɐʉ"",""variety"":""NZ"",""notation"":null,""phonemic"":null,""audio"":null,""scope"":""lemma"",""form"":null}]","[{""lexical_entry_id"":""oewn-go-v"",""written_form"":""go"",""source_pos"":""v""},{""lexical_entry_id"":""oewn-go_away-v"",""written_form"":""go away"",""source_pos"":""v""},{""lexical_entry_id"":""oewn-depart-v"",""written_form"":""depart"",""source_pos"":""v""}]",unreviewed
31,go,31,oewn:2025:oewn-go__2.30.04..,oewn:oewn-go__2.30.04..,oewn-go__2.30.04..,oewn-00149403-v,i22460,oewn-go-v,go,v,v,verb,false,62064,4,false,verb.change,"[{""text"":""enter or assume a certain state or condition"",""source_sense_id"":null}]","[{""text"":""He became annoyed when he heard the bad news"",""source"":null,""scope"":""synset""},{""text"":""It must be getting more serious"",""source"":null,""scope"":""synset""},{""text"":""her face went red with anger"",""source"":null,""scope"":""synset""},{""text"":""She went into ecstasy"",""source"":null,""scope"":""synset""},{""text"":""Get going!"",""source"":null,""scope"":""synset""}]","[""gone"",""went""]","[{""value"":""ɡəʊ"",""variety"":""GB"",""notation"":null,""phonemic"":null,""audio"":null,""scope"":""lemma"",""form"":null},{""value"":""ɡoʊ"",""variety"":""US"",""notation"":null,""phonemic"":null,""audio"":null,""scope"":""lemma"",""form"":null},{""value"":""ɡəʉ"",""variety"":""AU"",""notation"":null,""phonemic"":null,""audio"":null,""scope"":""lemma"",""form"":null},{""value"":""ɡɐʉ"",""variety"":""NZ"",""notation"":null,""phonemic"":null,""audio"":null,""scope"":""lemma"",""form"":null}]","[{""lexical_entry_id"":""oewn-become-v"",""written_form"":""become"",""source_pos"":""v""},{""lexical_entry_id"":""oewn-go-v"",""written_form"":""go"",""source_pos"":""v""},{""lexical_entry_id"":""oewn-get-v"",""written_form"":""get"",""source_pos"":""v""}]",unreviewed
31,go,31,oewn:2025:oewn-go__2.42.06..,oewn:oewn-go__2.42.06..,oewn-go__2.42.06..,oewn-02659957-v,i34937,oewn-go-v,go,v,v,verb,false,62064,5,false,verb.stative,"[{""text"":""be awarded; be allotted"",""source_sense_id"":null}]","[{""text"":""The first prize goes to Mary"",""source"":null,""scope"":""synset""},{""text"":""Her money went on clothes"",""source"":null,""scope"":""synset""}]","[""gone"",""went""]","[{""value"":""ɡəʊ"",""variety"":""GB"",""notation"":null,""phonemic"":null,""audio"":null,""scope"":""lemma"",""form"":null},{""value"":""ɡoʊ"",""variety"":""US"",""notation"":null,""phonemic"":null,""audio"":null,""scope"":""lemma"",""form"":null},{""value"":""ɡəʉ"",""variety"":""AU"",""notation"":null,""phonemic"":null,""audio"":null,""scope"":""lemma"",""form"":null},{""value"":""ɡɐʉ"",""variety"":""NZ"",""notation"":null,""phonemic"":null,""audio"":null,""scope"":""lemma"",""form"":null}]","[{""lexical_entry_id"":""oewn-go-v"",""written_form"":""go"",""source_pos"":""v""}]",unreviewed
31,go,31,oewn:2025:oewn-go__2.42.02..,oewn:oewn-go__2.42.02..,oewn-go__2.42.02..,oewn-02727159-v,i35271,oewn-go-v,go,v,v,verb,false,62064,6,false,verb.stative,"[{""text"":""have a particular form"",""source_sense_id"":null}]","[{""text"":""the story or argument runs as follows"",""source"":null,""scope"":""synset""},{""text"":""as the saying goes …"",""source"":null,""scope"":""synset""}]","[""gone"",""went""]","[{""value"":""ɡəʊ"",""variety"":""GB"",""notation"":null,""phonemic"":null,""audio"":null,""scope"":""lemma"",""form"":null},{""value"":""ɡoʊ"",""variety"":""US"",""notation"":null,""phonemic"":null,""audio"":null,""scope"":""lemma"",""form"":null},{""value"":""ɡəʉ"",""variety"":""AU"",""notation"":null,""phonemic"":null,""audio"":null,""scope"":""lemma"",""form"":null},{""value"":""ɡɐʉ"",""variety"":""NZ"",""notation"":null,""phonemic"":null,""audio"":null,""scope"":""lemma"",""form"":null}]","[{""lexical_entry_id"":""oewn-run-v"",""written_form"":""run"",""source_pos"":""v""},{""lexical_entry_id"":""oewn-go-v"",""written_form"":""go"",""source_pos"":""v""}]",unreviewed
31,go,31,oewn:2025:oewn-go__2.42.00..,oewn:oewn-go__2.42.00..,oewn-go__2.42.00..,oewn-02691775-v,i35084,oewn-go-v,go,v,v,verb,false,62064,7,false,verb.stative,"[{""text"":""stretch out over a distance, space, time, or scope; run or extend between two points or beyond a certain point"",""source_sense_id"":null}]","[{""text"":""Service runs all the way to Cranbury"",""source"":null,""scope"":""synset""},{""text"":""His knowledge doesn't go very far"",""source"":null,""scope"":""synset""},{""text"":""My memory extends back to my fourth year of life"",""source"":null,""scope"":""synset""},{""text"":""The facts extend beyond a consideration of her personal assets"",""source"":null,""scope"":""synset""}]","[""gone"",""went""]","[{""value"":""ɡəʊ"",""variety"":""GB"",""notation"":null,""phonemic"":null,""audio"":null,""scope"":""lemma"",""form"":null},{""value"":""ɡoʊ"",""variety"":""US"",""notation"":null,""phonemic"":null,""audio"":null,""scope"":""lemma"",""form"":null},{""value"":""ɡəʉ"",""variety"":""AU"",""notation"":null,""phonemic"":null,""audio"":null,""scope"":""lemma"",""form"":null},{""value"":""ɡɐʉ"",""variety"":""NZ"",""notation"":null,""phonemic"":null,""audio"":null,""scope"":""lemma"",""form"":null}]","[{""lexical_entry_id"":""oewn-run-v"",""written_form"":""run"",""source_pos"":""v""},{""lexical_entry_id"":""oewn-go-v"",""written_form"":""go"",""source_pos"":""v""},{""lexical_entry_id"":""oewn-pass-v"",""written_form"":""pass"",""source_pos"":""v""},{""lexical_entry_id"":""oewn-lead-v"",""written_form"":""lead"",""source_pos"":""v""},{""lexical_entry_id"":""oewn-extend-v"",""written_form"":""extend"",""source_pos"":""v""}]",unreviewed
31,go,31,oewn:2025:oewn-go__2.30.01..,oewn:oewn-go__2.30.01..,oewn-go__2.30.01..,oewn-00342215-v,i23442,oewn-go-v,go,v,v,verb,false,62064,8,false,verb.change,"[{""text"":""follow a certain course"",""source_sense_id"":null}]","[{""text"":""The inauguration went well"",""source"":null,""scope"":""synset""},{""text"":""how did your interview go?"",""source"":null,""scope"":""synset""}]","[""gone"",""went""]","[{""value"":""ɡəʊ"",""variety"":""GB"",""notation"":null,""phonemic"":null,""audio"":null,""scope"":""lemma"",""form"":null},{""value"":""ɡoʊ"",""variety"":""US"",""notation"":null,""phonemic"":null,""audio"":null,""scope"":""lemma"",""form"":null},{""value"":""ɡəʉ"",""variety"":""AU"",""notation"":null,""phonemic"":null,""audio"":null,""scope"":""lemma"",""form"":null},{""value"":""ɡɐʉ"",""variety"":""NZ"",""notation"":null,""phonemic"":null,""audio"":null,""scope"":""lemma"",""form"":null}]","[{""lexical_entry_id"":""oewn-proceed-v"",""written_form"":""proceed"",""source_pos"":""v""},{""lexical_entry_id"":""oewn-go-v"",""written_form"":""go"",""source_pos"":""v""}]",unreviewed
31,go,31,oewn:2025:oewn-go__2.30.08..,oewn:oewn-go__2.30.08..,oewn-go__2.30.08..,oewn-00360569-v,i23533,oewn-go-v,go,v,v,verb,false,62064,9,false,verb.change,"[{""text"":""be abolished or discarded"",""source_sense_id"":null}]","[{""text"":""These ugly billboards have to go!"",""source"":null,""scope"":""synset""},{""text"":""These luxuries all had to go under the Khmer Rouge"",""source"":null,""scope"":""synset""}]","[""gone"",""went""]","[{""value"":""ɡəʊ"",""variety"":""GB"",""notation"":null,""phonemic"":null,""audio"":null,""scope"":""lemma"",""form"":null},{""value"":""ɡoʊ"",""variety"":""US"",""notation"":null,""phonemic"":null,""audio"":null,""scope"":""lemma"",""form"":null},{""value"":""ɡəʉ"",""variety"":""AU"",""notation"":null,""phonemic"":null,""audio"":null,""scope"":""lemma"",""form"":null},{""value"":""ɡɐʉ"",""variety"":""NZ"",""notation"":null,""phonemic"":null,""audio"":null,""scope"":""lemma"",""form"":null}]","[{""lexical_entry_id"":""oewn-go-v"",""written_form"":""go"",""source_pos"":""v""}]",unreviewed
31,go,31,oewn:2025:oewn-go__2.42.07..,oewn:oewn-go__2.42.07..,oewn-go__2.42.07..,oewn-02624054-v,i34764,oewn-go-v,go,v,v,verb,false,62064,10,false,verb.stative,"[{""text"":""be or continue to be in a certain condition"",""source_sense_id"":null}]","[{""text"":""The children went hungry that day"",""source"":null,""scope"":""synset""}]","[""gone"",""went""]","[{""value"":""ɡəʊ"",""variety"":""GB"",""notation"":null,""phonemic"":null,""audio"":null,""scope"":""lemma"",""form"":null},{""value"":""ɡoʊ"",""variety"":""US"",""notation"":null,""phonemic"":null,""audio"":null,""scope"":""lemma"",""form"":null},{""value"":""ɡəʉ"",""variety"":""AU"",""notation"":null,""phonemic"":null,""audio"":null,""scope"":""lemma"",""form"":null},{""value"":""ɡɐʉ"",""variety"":""NZ"",""notation"":null,""phonemic"":null,""audio"":null,""scope"":""lemma"",""form"":null}]","[{""lexical_entry_id"":""oewn-go-v"",""written_form"":""go"",""source_pos"":""v""}]",unreviewed
31,go,31,oewn:2025:oewn-go__2.39.00..,oewn:oewn-go__2.39.00..,oewn-go__2.39.00..,oewn-02180712-v,i32635,oewn-go-v,go,v,v,verb,false,62064,11,false,verb.perception,"[{""text"":""make a certain noise or sound"",""source_sense_id"":null}]","[{""text"":""She went ‘Mmmmm’"",""source"":null,""scope"":""synset""},{""text"":""The gun went ‘bang’"",""source"":null,""scope"":""synset""}]","[""gone"",""went""]","[{""value"":""ɡəʊ"",""variety"":""GB"",""notation"":null,""phonemic"":null,""audio"":null,""scope"":""lemma"",""form"":null},{""value"":""ɡoʊ"",""variety"":""US"",""notation"":null,""phonemic"":null,""audio"":null,""scope"":""lemma"",""form"":null},{""value"":""ɡəʉ"",""variety"":""AU"",""notation"":null,""phonemic"":null,""audio"":null,""scope"":""lemma"",""form"":null},{""value"":""ɡɐʉ"",""variety"":""NZ"",""notation"":null,""phonemic"":null,""audio"":null,""scope"":""lemma"",""form"":null}]","[{""lexical_entry_id"":""oewn-sound-v"",""written_form"":""sound"",""source_pos"":""v""},{""lexical_entry_id"":""oewn-go-v"",""written_form"":""go"",""source_pos"":""v""}]",unreviewed
31,go,31,oewn:2025:oewn-go__2.35.00..,oewn:oewn-go__2.35.00..,oewn-go__2.35.00..,oewn-01528454-v,i29358,oewn-go-v,go,v,v,verb,false,62064,12,false,verb.contact,"[{""text"":""perform as expected when applied"",""source_sense_id"":null}]","[{""text"":""The washing machine won't go unless it's plugged in"",""source"":null,""scope"":""synset""},{""text"":""Does this old car still run well?"",""source"":null,""scope"":""synset""},{""text"":""This old radio doesn't work anymore"",""source"":null,""scope"":""synset""}]","[""gone"",""went""]","[{""value"":""ɡəʊ"",""variety"":""GB"",""notation"":null,""phonemic"":null,""audio"":null,""scope"":""lemma"",""form"":null},{""value"":""ɡoʊ"",""variety"":""US"",""notation"":null,""phonemic"":null,""audio"":null,""scope"":""lemma"",""form"":null},{""value"":""ɡəʉ"",""variety"":""AU"",""notation"":null,""phonemic"":null,""audio"":null,""scope"":""lemma"",""form"":null},{""value"":""ɡɐʉ"",""variety"":""NZ"",""notation"":null,""phonemic"":null,""audio"":null,""scope"":""lemma"",""form"":null}]","[{""lexical_entry_id"":""oewn-function-v"",""written_form"":""function"",""source_pos"":""v""},{""lexical_entry_id"":""oewn-work-v"",""written_form"":""work"",""source_pos"":""v""},{""lexical_entry_id"":""oewn-operate-v"",""written_form"":""operate"",""source_pos"":""v""},{""lexical_entry_id"":""oewn-go-v"",""written_form"":""go"",""source_pos"":""v""},{""lexical_entry_id"":""oewn-run-v"",""written_form"":""run"",""source_pos"":""v""}]",unreviewed
31,go,31,oewn:2025:oewn-go__2.34.00..,oewn:oewn-go__2.34.00..,oewn-go__2.34.00..,oewn-01195306-v,i27584,oewn-go-v,go,v,v,verb,false,62064,13,false,verb.consumption,"[{""text"":""to be spent or finished"",""source_sense_id"":null}]","[{""text"":""The money had gone after a few days"",""source"":null,""scope"":""synset""},{""text"":""Gas is running low at the gas stations in the Midwest"",""source"":null,""scope"":""synset""}]","[""gone"",""went""]","[{""value"":""ɡəʊ"",""variety"":""GB"",""notation"":null,""phonemic"":null,""audio"":null,""scope"":""lemma"",""form"":null},{""value"":""ɡoʊ"",""variety"":""US"",""notation"":null,""phonemic"":null,""audio"":null,""scope"":""lemma"",""form"":null},{""value"":""ɡəʉ"",""variety"":""AU"",""notation"":null,""phonemic"":null,""audio"":null,""scope"":""lemma"",""form"":null},{""value"":""ɡɐʉ"",""variety"":""NZ"",""notation"":null,""phonemic"":null,""audio"":null,""scope"":""lemma"",""form"":null}]","[{""lexical_entry_id"":""oewn-run_low-v"",""written_form"":""run low"",""source_pos"":""v""},{""lexical_entry_id"":""oewn-run_short-v"",""written_form"":""run short"",""source_pos"":""v""},{""lexical_entry_id"":""oewn-go-v"",""written_form"":""go"",""source_pos"":""v""}]",unreviewed
31,go,31,oewn:2025:oewn-go__2.30.02..,oewn:oewn-go__2.30.02..,oewn-go__2.30.02..,oewn-00540190-v,i24430,oewn-go-v,go,v,v,verb,false,62064,14,false,verb.change,"[{""text"":""progress by being changed"",""source_sense_id"":null}]","[{""text"":""The speech has to go through several more drafts"",""source"":null,""scope"":""synset""},{""text"":""run through your presentation before the meeting"",""source"":null,""scope"":""synset""}]","[""gone"",""went""]","[{""value"":""ɡəʊ"",""variety"":""GB"",""notation"":null,""phonemic"":null,""audio"":null,""scope"":""lemma"",""form"":null},{""value"":""ɡoʊ"",""variety"":""US"",""notation"":null,""phonemic"":null,""audio"":null,""scope"":""lemma"",""form"":null},{""value"":""ɡəʉ"",""variety"":""AU"",""notation"":null,""phonemic"":null,""audio"":null,""scope"":""lemma"",""form"":null},{""value"":""ɡɐʉ"",""variety"":""NZ"",""notation"":null,""phonemic"":null,""audio"":null,""scope"":""lemma"",""form"":null}]","[{""lexical_entry_id"":""oewn-move-v"",""written_form"":""move"",""source_pos"":""v""},{""lexical_entry_id"":""oewn-go-v"",""written_form"":""go"",""source_pos"":""v""},{""lexical_entry_id"":""oewn-run-v"",""written_form"":""run"",""source_pos"":""v""}]",unreviewed
31,go,31,oewn:2025:oewn-go__2.42.14..,oewn:oewn-go__2.42.14..,oewn-go__2.42.14..,oewn-02624202-v,i34765,oewn-go-v,go,v,v,verb,false,62064,15,false,verb.stative,"[{""text"":""continue to live and avoid dying"",""source_sense_id"":null}]","[{""text"":""We went without water and food for 3 days"",""source"":null,""scope"":""synset""},{""text"":""These superstitions survive in the backwaters of America"",""source"":null,""scope"":""synset""},{""text"":""The race car driver lived through several very serious accidents"",""source"":null,""scope"":""synset""},{""text"":""how long can a person last without food and water?"",""source"":null,""scope"":""synset""},{""text"":""one crash victim died, the other lived"",""source"":null,""scope"":""synset""}]","[""gone"",""went""]","[{""value"":""ɡəʊ"",""variety"":""GB"",""notation"":null,""phonemic"":null,""audio"":null,""scope"":""lemma"",""form"":null},{""value"":""ɡoʊ"",""variety"":""US"",""notation"":null,""phonemic"":null,""audio"":null,""scope"":""lemma"",""form"":null},{""value"":""ɡəʉ"",""variety"":""AU"",""notation"":null,""phonemic"":null,""audio"":null,""scope"":""lemma"",""form"":null},{""value"":""ɡɐʉ"",""variety"":""NZ"",""notation"":null,""phonemic"":null,""audio"":null,""scope"":""lemma"",""form"":null}]","[{""lexical_entry_id"":""oewn-survive-v"",""written_form"":""survive"",""source_pos"":""v""},{""lexical_entry_id"":""oewn-last-v"",""written_form"":""last"",""source_pos"":""v""},{""lexical_entry_id"":""oewn-live-v"",""written_form"":""live"",""source_pos"":""v""},{""lexical_entry_id"":""oewn-live_on-v"",""written_form"":""live on"",""source_pos"":""v""},{""lexical_entry_id"":""oewn-go-v"",""written_form"":""go"",""source_pos"":""v""},{""lexical_entry_id"":""oewn-endure-v"",""written_form"":""endure"",""source_pos"":""v""},{""lexical_entry_id"":""oewn-hold_up-v"",""written_form"":""hold up"",""source_pos"":""v""},{""lexical_entry_id"":""oewn-hold_out-v"",""written_form"":""hold out"",""source_pos"":""v""}]",unreviewed
31,go,31,oewn:2025:oewn-go__2.42.03..,oewn:oewn-go__2.42.03..,oewn-go__2.42.03..,oewn-02623851-v,i34763,oewn-go-v,go,v,v,verb,false,62064,16,false,verb.stative,"[{""text"":""pass, fare, or elapse; of a certain state of affairs or action"",""source_sense_id"":null}]","[{""text"":""How is it going?"",""source"":null,""scope"":""synset""},{""text"":""The day went well until I got your call"",""source"":null,""scope"":""synset""}]","[""gone"",""went""]","[{""value"":""ɡəʊ"",""variety"":""GB"",""notation"":null,""phonemic"":null,""audio"":null,""scope"":""lemma"",""form"":null},{""value"":""ɡoʊ"",""variety"":""US"",""notation"":null,""phonemic"":null,""audio"":null,""scope"":""lemma"",""form"":null},{""value"":""ɡəʉ"",""variety"":""AU"",""notation"":null,""phonemic"":null,""audio"":null,""scope"":""lemma"",""form"":null},{""value"":""ɡɐʉ"",""variety"":""NZ"",""notation"":null,""phonemic"":null,""audio"":null,""scope"":""lemma"",""form"":null}]","[{""lexical_entry_id"":""oewn-go-v"",""written_form"":""go"",""source_pos"":""v""}]",unreviewed
31,go,31,oewn:2025:oewn-go__2.30.00..,oewn:oewn-go__2.30.00..,oewn-go__2.30.00..,oewn-00359085-v,i23529,oewn-go-v,go,v,v,verb,false,62064,17,false,verb.change,"[{""text"":""pass from physical life and lose all bodily attributes and functions necessary to sustain life"",""source_sense_id"":null}]","[{""text"":""She died from cancer"",""source"":null,""scope"":""synset""},{""text"":""The children perished in the fire"",""source"":null,""scope"":""synset""},{""text"":""The patient went peacefully"",""source"":null,""scope"":""synset""},{""text"":""The old guy kicked the bucket at the age of 102"",""source"":null,""scope"":""synset""}]","[""gone"",""went""]","[{""value"":""ɡəʊ"",""variety"":""GB"",""notation"":null,""phonemic"":null,""audio"":null,""scope"":""lemma"",""form"":null},{""value"":""ɡoʊ"",""variety"":""US"",""notation"":null,""phonemic"":null,""audio"":null,""scope"":""lemma"",""form"":null},{""value"":""ɡəʉ"",""variety"":""AU"",""notation"":null,""phonemic"":null,""audio"":null,""scope"":""lemma"",""form"":null},{""value"":""ɡɐʉ"",""variety"":""NZ"",""notation"":null,""phonemic"":null,""audio"":null,""scope"":""lemma"",""form"":null}]","[{""lexical_entry_id"":""oewn-die-v"",""written_form"":""die"",""source_pos"":""v""},{""lexical_entry_id"":""oewn-decease-v"",""written_form"":""decease"",""source_pos"":""v""},{""lexical_entry_id"":""oewn-perish-v"",""written_form"":""perish"",""source_pos"":""v""},{""lexical_entry_id"":""oewn-go-v"",""written_form"":""go"",""source_pos"":""v""},{""lexical_entry_id"":""oewn-exit-v"",""written_form"":""exit"",""source_pos"":""v""},{""lexical_entry_id"":""oewn-pass_away-v"",""written_form"":""pass away"",""source_pos"":""v""},{""lexical_entry_id"":""oewn-expire-v"",""written_form"":""expire"",""source_pos"":""v""},{""lexical_entry_id"":""oewn-pass-v"",""written_form"":""pass"",""source_pos"":""v""},{""lexical_entry_id"":""oewn-kick_the_bucket-v"",""written_form"":""kick the bucket"",""source_pos"":""v""},{""lexical_entry_id"":""oewn-cash_in_one-ap-s_chips-v"",""written_form"":""cash in one's chips"",""source_pos"":""v""},{""lexical_entry_id"":""oewn-buy_the_farm-v"",""written_form"":""buy the farm"",""source_pos"":""v""},{""lexical_entry_id"":""oewn-conk-v"",""written_form"":""conk"",""source_pos"":""v""},{""lexical_entry_id"":""oewn-give-up_the_ghost-v"",""written_form"":""give-up the ghost"",""source_pos"":""v""},{""lexical_entry_id"":""oewn-drop_dead-v"",""written_form"":""drop dead"",""source_pos"":""v""},{""lexical_entry_id"":""oewn-pop_off-v"",""written_form"":""pop off"",""source_pos"":""v""},{""lexical_entry_id"":""oewn-choke-v"",""written_form"":""choke"",""source_pos"":""v""},{""lexical_entry_id"":""oewn-croak-v"",""written_form"":""croak"",""source_pos"":""v""},{""lexical_entry_id"":""oewn-snuff_it-v"",""written_form"":""snuff it"",""source_pos"":""v""}]",unreviewed
31,go,31,oewn:2025:oewn-go__2.42.04..,oewn:oewn-go__2.42.04..,oewn-go__2.42.04..,oewn-02743751-v,i35357,oewn-go-v,go,v,v,verb,false,62064,18,false,verb.stative,"[{""text"":""be in the right place or situation"",""source_sense_id"":null}]","[{""text"":""Where do these books belong?"",""source"":null,""scope"":""synset""},{""text"":""Let's put health care where it belongs — under the control of the government"",""source"":null,""scope"":""synset""},{""text"":""Where do these books go?"",""source"":null,""scope"":""synset""}]","[""gone"",""went""]","[{""value"":""ɡəʊ"",""variety"":""GB"",""notation"":null,""phonemic"":null,""audio"":null,""scope"":""lemma"",""form"":null},{""value"":""ɡoʊ"",""variety"":""US"",""notation"":null,""phonemic"":null,""audio"":null,""scope"":""lemma"",""form"":null},{""value"":""ɡəʉ"",""variety"":""AU"",""notation"":null,""phonemic"":null,""audio"":null,""scope"":""lemma"",""form"":null},{""value"":""ɡɐʉ"",""variety"":""NZ"",""notation"":null,""phonemic"":null,""audio"":null,""scope"":""lemma"",""form"":null}]","[{""lexical_entry_id"":""oewn-belong-v"",""written_form"":""belong"",""source_pos"":""v""},{""lexical_entry_id"":""oewn-go-v"",""written_form"":""go"",""source_pos"":""v""}]",unreviewed
31,go,31,oewn:2025:oewn-go__2.42.10..,oewn:oewn-go__2.42.10..,oewn-go__2.42.10..,oewn-02735694-v,i35313,oewn-go-v,go,v,v,verb,false,62064,19,false,verb.stative,"[{""text"":""be ranked or compare"",""source_sense_id"":null}]","[{""text"":""This violinist is as good as Juilliard-trained violinists go"",""source"":null,""scope"":""synset""}]","[""gone"",""went""]","[{""value"":""ɡəʊ"",""variety"":""GB"",""notation"":null,""phonemic"":null,""audio"":null,""scope"":""lemma"",""form"":null},{""value"":""ɡoʊ"",""variety"":""US"",""notation"":null,""phonemic"":null,""audio"":null,""scope"":""lemma"",""form"":null},{""value"":""ɡəʉ"",""variety"":""AU"",""notation"":null,""phonemic"":null,""audio"":null,""scope"":""lemma"",""form"":null},{""value"":""ɡɐʉ"",""variety"":""NZ"",""notation"":null,""phonemic"":null,""audio"":null,""scope"":""lemma"",""form"":null}]","[{""lexical_entry_id"":""oewn-go-v"",""written_form"":""go"",""source_pos"":""v""}]",unreviewed
31,go,31,oewn:2025:oewn-go__2.38.09..,oewn:oewn-go__2.38.09..,oewn-go__2.38.09..,oewn-01868216-v,i31023,oewn-go-v,go,v,v,verb,false,62064,20,false,verb.motion,"[{""text"":""begin or set in motion"",""source_sense_id"":null}]","[{""text"":""I start at eight in the morning"",""source"":null,""scope"":""synset""},{""text"":""Ready, set, go!"",""source"":null,""scope"":""synset""}]","[""gone"",""went""]","[{""value"":""ɡəʊ"",""variety"":""GB"",""notation"":null,""phonemic"":null,""audio"":null,""scope"":""lemma"",""form"":null},{""value"":""ɡoʊ"",""variety"":""US"",""notation"":null,""phonemic"":null,""audio"":null,""scope"":""lemma"",""form"":null},{""value"":""ɡəʉ"",""variety"":""AU"",""notation"":null,""phonemic"":null,""audio"":null,""scope"":""lemma"",""form"":null},{""value"":""ɡɐʉ"",""variety"":""NZ"",""notation"":null,""phonemic"":null,""audio"":null,""scope"":""lemma"",""form"":null}]","[{""lexical_entry_id"":""oewn-start-v"",""written_form"":""start"",""source_pos"":""v""},{""lexical_entry_id"":""oewn-go-v"",""written_form"":""go"",""source_pos"":""v""},{""lexical_entry_id"":""oewn-get_going-v"",""written_form"":""get going"",""source_pos"":""v""}]",unreviewed
31,go,31,oewn:2025:oewn-go__2.33.00..,oewn:oewn-go__2.33.00..,oewn-go__2.33.00..,oewn-01079008-v,i26973,oewn-go-v,go,v,v,verb,false,62064,21,false,verb.competition,"[{""text"":""have a turn; make one's move in a game"",""source_sense_id"":null}]","[{""text"":""Can I go now?"",""source"":null,""scope"":""synset""}]","[""gone"",""went""]","[{""value"":""ɡəʊ"",""variety"":""GB"",""notation"":null,""phonemic"":null,""audio"":null,""scope"":""lemma"",""form"":null},{""value"":""ɡoʊ"",""variety"":""US"",""notation"":null,""phonemic"":null,""audio"":null,""scope"":""lemma"",""form"":null},{""value"":""ɡəʉ"",""variety"":""AU"",""notation"":null,""phonemic"":null,""audio"":null,""scope"":""lemma"",""form"":null},{""value"":""ɡɐʉ"",""variety"":""NZ"",""notation"":null,""phonemic"":null,""audio"":null,""scope"":""lemma"",""form"":null}]","[{""lexical_entry_id"":""oewn-move-v"",""written_form"":""move"",""source_pos"":""v""},{""lexical_entry_id"":""oewn-go-v"",""written_form"":""go"",""source_pos"":""v""}]",unreviewed
31,go,31,oewn:2025:oewn-go__2.42.13..,oewn:oewn-go__2.42.13..,oewn-go__2.42.13..,oewn-02706632-v,i35158,oewn-go-v,go,v,v,verb,false,62064,22,false,verb.stative,"[{""text"":""be contained in"",""source_sense_id"":null}]","[{""text"":""How many times does 18 go into 54?"",""source"":null,""scope"":""synset""}]","[""gone"",""went""]","[{""value"":""ɡəʊ"",""variety"":""GB"",""notation"":null,""phonemic"":null,""audio"":null,""scope"":""lemma"",""form"":null},{""value"":""ɡoʊ"",""variety"":""US"",""notation"":null,""phonemic"":null,""audio"":null,""scope"":""lemma"",""form"":null},{""value"":""ɡəʉ"",""variety"":""AU"",""notation"":null,""phonemic"":null,""audio"":null,""scope"":""lemma"",""form"":null},{""value"":""ɡɐʉ"",""variety"":""NZ"",""notation"":null,""phonemic"":null,""audio"":null,""scope"":""lemma"",""form"":null}]","[{""lexical_entry_id"":""oewn-go-v"",""written_form"":""go"",""source_pos"":""v""}]",unreviewed
31,go,31,oewn:2025:oewn-go__2.42.12..,oewn:oewn-go__2.42.12..,oewn-go__2.42.12..,oewn-02706526-v,i35157,oewn-go-v,go,v,v,verb,false,62064,23,false,verb.stative,"[{""text"":""be sounded, played, or expressed"",""source_sense_id"":null}]","[{""text"":""How does this song go again?"",""source"":null,""scope"":""synset""}]","[""gone"",""went""]","[{""value"":""ɡəʊ"",""variety"":""GB"",""notation"":null,""phonemic"":null,""audio"":null,""scope"":""lemma"",""form"":null},{""value"":""ɡoʊ"",""variety"":""US"",""notation"":null,""phonemic"":null,""audio"":null,""scope"":""lemma"",""form"":null},{""value"":""ɡəʉ"",""variety"":""AU"",""notation"":null,""phonemic"":null,""audio"":null,""scope"":""lemma"",""form"":null},{""value"":""ɡɐʉ"",""variety"":""NZ"",""notation"":null,""phonemic"":null,""audio"":null,""scope"":""lemma"",""form"":null}]","[{""lexical_entry_id"":""oewn-go-v"",""written_form"":""go"",""source_pos"":""v""}]",unreviewed
31,go,31,oewn:2025:oewn-go__2.42.11..,oewn:oewn-go__2.42.11..,oewn-go__2.42.11..,oewn-02706315-v,i35156,oewn-go-v,go,v,v,verb,false,62064,24,false,verb.stative,"[{""text"":""blend or harmonize"",""source_sense_id"":null}]","[{""text"":""This flavor will blend with those in your dish"",""source"":null,""scope"":""synset""},{""text"":""This sofa won't go with the chairs"",""source"":null,""scope"":""synset""}]","[""gone"",""went""]","[{""value"":""ɡəʊ"",""variety"":""GB"",""notation"":null,""phonemic"":null,""audio"":null,""scope"":""lemma"",""form"":null},{""value"":""ɡoʊ"",""variety"":""US"",""notation"":null,""phonemic"":null,""audio"":null,""scope"":""lemma"",""form"":null},{""value"":""ɡəʉ"",""variety"":""AU"",""notation"":null,""phonemic"":null,""audio"":null,""scope"":""lemma"",""form"":null},{""value"":""ɡɐʉ"",""variety"":""NZ"",""notation"":null,""phonemic"":null,""audio"":null,""scope"":""lemma"",""form"":null}]","[{""lexical_entry_id"":""oewn-blend-v"",""written_form"":""blend"",""source_pos"":""v""},{""lexical_entry_id"":""oewn-go-v"",""written_form"":""go"",""source_pos"":""v""},{""lexical_entry_id"":""oewn-blend_in-v"",""written_form"":""blend in"",""source_pos"":""v""}]",unreviewed
31,go,31,oewn:2025:oewn-go__2.42.08..,oewn:oewn-go__2.42.08..,oewn-go__2.42.08..,oewn-02692313-v,i35085,oewn-go-v,go,v,v,verb,false,62064,25,false,verb.stative,"[{""text"":""lead, extend, or afford access"",""source_sense_id"":null}]","[{""text"":""This door goes to the basement"",""source"":null,""scope"":""synset""},{""text"":""The road runs South"",""source"":null,""scope"":""synset""}]","[""gone"",""went""]","[{""value"":""ɡəʊ"",""variety"":""GB"",""notation"":null,""phonemic"":null,""audio"":null,""scope"":""lemma"",""form"":null},{""value"":""ɡoʊ"",""variety"":""US"",""notation"":null,""phonemic"":null,""audio"":null,""scope"":""lemma"",""form"":null},{""value"":""ɡəʉ"",""variety"":""AU"",""notation"":null,""phonemic"":null,""audio"":null,""scope"":""lemma"",""form"":null},{""value"":""ɡɐʉ"",""variety"":""NZ"",""notation"":null,""phonemic"":null,""audio"":null,""scope"":""lemma"",""form"":null}]","[{""lexical_entry_id"":""oewn-go-v"",""written_form"":""go"",""source_pos"":""v""},{""lexical_entry_id"":""oewn-lead-v"",""written_form"":""lead"",""source_pos"":""v""}]",unreviewed
31,go,31,oewn:2025:oewn-go__2.42.05..,oewn:oewn-go__2.42.05..,oewn-go__2.42.05..,oewn-02665841-v,i34964,oewn-go-v,go,v,v,verb,false,62064,26,false,verb.stative,"[{""text"":""be the right size or shape; fit correctly or as desired"",""source_sense_id"":null}]","[{""text"":""This piece won't fit into the puzzle"",""source"":null,""scope"":""synset""}]","[""gone"",""went""]","[{""value"":""ɡəʊ"",""variety"":""GB"",""notation"":null,""phonemic"":null,""audio"":null,""scope"":""lemma"",""form"":null},{""value"":""ɡoʊ"",""variety"":""US"",""notation"":null,""phonemic"":null,""audio"":null,""scope"":""lemma"",""form"":null},{""value"":""ɡəʉ"",""variety"":""AU"",""notation"":null,""phonemic"":null,""audio"":null,""scope"":""lemma"",""form"":null},{""value"":""ɡɐʉ"",""variety"":""NZ"",""notation"":null,""phonemic"":null,""audio"":null,""scope"":""lemma"",""form"":null}]","[{""lexical_entry_id"":""oewn-fit-v"",""written_form"":""fit"",""source_pos"":""v""},{""lexical_entry_id"":""oewn-go-v"",""written_form"":""go"",""source_pos"":""v""}]",unreviewed
31,go,31,oewn:2025:oewn-go__2.35.13..,oewn:oewn-go__2.35.13..,oewn-go__2.35.13..,oewn-01321509-v,i28278,oewn-go-v,go,v,v,verb,false,62064,27,false,verb.contact,"[{""text"":""go through in search of something; search through someone's belongings in an unauthorized way"",""source_sense_id"":null}]","[{""text"":""Who rifled through my desk drawers?"",""source"":null,""scope"":""synset""}]","[""gone"",""went""]","[{""value"":""ɡəʊ"",""variety"":""GB"",""notation"":null,""phonemic"":null,""audio"":null,""scope"":""lemma"",""form"":null},{""value"":""ɡoʊ"",""variety"":""US"",""notation"":null,""phonemic"":null,""audio"":null,""scope"":""lemma"",""form"":null},{""value"":""ɡəʉ"",""variety"":""AU"",""notation"":null,""phonemic"":null,""audio"":null,""scope"":""lemma"",""form"":null},{""value"":""ɡɐʉ"",""variety"":""NZ"",""notation"":null,""phonemic"":null,""audio"":null,""scope"":""lemma"",""form"":null}]","[{""lexical_entry_id"":""oewn-rifle-v"",""written_form"":""rifle"",""source_pos"":""v""},{""lexical_entry_id"":""oewn-go-v"",""written_form"":""go"",""source_pos"":""v""}]",unreviewed
31,go,31,oewn:2025:oewn-go__2.34.09..,oewn:oewn-go__2.34.09..,oewn-go__2.34.09..,oewn-01195525-v,i27585,oewn-go-v,go,v,v,verb,false,62064,28,false,verb.consumption,"[{""text"":""be spent"",""source_sense_id"":null}]","[{""text"":""All my money went for food and rent"",""source"":null,""scope"":""synset""}]","[""gone"",""went""]","[{""value"":""ɡəʊ"",""variety"":""GB"",""notation"":null,""phonemic"":null,""audio"":null,""scope"":""lemma"",""form"":null},{""value"":""ɡoʊ"",""variety"":""US"",""notation"":null,""phonemic"":null,""audio"":null,""scope"":""lemma"",""form"":null},{""value"":""ɡəʉ"",""variety"":""AU"",""notation"":null,""phonemic"":null,""audio"":null,""scope"":""lemma"",""form"":null},{""value"":""ɡɐʉ"",""variety"":""NZ"",""notation"":null,""phonemic"":null,""audio"":null,""scope"":""lemma"",""form"":null}]","[{""lexical_entry_id"":""oewn-go-v"",""written_form"":""go"",""source_pos"":""v""}]",unreviewed
31,go,31,oewn:2025:oewn-go__2.31.12..,oewn:oewn-go__2.31.12..,oewn-go__2.31.12..,oewn-00678186-v,i25098,oewn-go-v,go,v,v,verb,false,62064,29,false,verb.cognition,"[{""text"":""give support (to) or make a choice (of) one out of a group or number"",""source_sense_id"":null}]","[{""text"":""I plumped for the losing candidates"",""source"":null,""scope"":""synset""}]","[""gone"",""went""]","[{""value"":""ɡəʊ"",""variety"":""GB"",""notation"":null,""phonemic"":null,""audio"":null,""scope"":""lemma"",""form"":null},{""value"":""ɡoʊ"",""variety"":""US"",""notation"":null,""phonemic"":null,""audio"":null,""scope"":""lemma"",""form"":null},{""value"":""ɡəʉ"",""variety"":""AU"",""notation"":null,""phonemic"":null,""audio"":null,""scope"":""lemma"",""form"":null},{""value"":""ɡɐʉ"",""variety"":""NZ"",""notation"":null,""phonemic"":null,""audio"":null,""scope"":""lemma"",""form"":null}]","[{""lexical_entry_id"":""oewn-plump-v"",""written_form"":""plump"",""source_pos"":""v""},{""lexical_entry_id"":""oewn-go-v"",""written_form"":""go"",""source_pos"":""v""}]",unreviewed
31,go,31,oewn:2025:oewn-go__2.30.03..,oewn:oewn-go__2.30.03..,oewn-go__2.30.03..,oewn-00435327-v,i23899,oewn-go-v,go,v,v,verb,false,62064,30,false,verb.change,"[{""text"":""stop operating or functioning"",""source_sense_id"":null}]","[{""text"":""The engine finally went"",""source"":null,""scope"":""synset""},{""text"":""The car died on the road"",""source"":null,""scope"":""synset""},{""text"":""The bus we travelled in broke down on the way to town"",""source"":null,""scope"":""synset""},{""text"":""The coffee maker broke"",""source"":null,""scope"":""synset""},{""text"":""The engine failed on the way to town"",""source"":null,""scope"":""synset""},{""text"":""her eyesight went after the accident"",""source"":null,""scope"":""synset""}]","[""gone"",""went""]","[{""value"":""ɡəʊ"",""variety"":""GB"",""notation"":null,""phonemic"":null,""audio"":null,""scope"":""lemma"",""form"":null},{""value"":""ɡoʊ"",""variety"":""US"",""notation"":null,""phonemic"":null,""audio"":null,""scope"":""lemma"",""form"":null},{""value"":""ɡəʉ"",""variety"":""AU"",""notation"":null,""phonemic"":null,""audio"":null,""scope"":""lemma"",""form"":null},{""value"":""ɡɐʉ"",""variety"":""NZ"",""notation"":null,""phonemic"":null,""audio"":null,""scope"":""lemma"",""form"":null}]","[{""lexical_entry_id"":""oewn-fail-v"",""written_form"":""fail"",""source_pos"":""v""},{""lexical_entry_id"":""oewn-go_bad-v"",""written_form"":""go bad"",""source_pos"":""v""},{""lexical_entry_id"":""oewn-give_way-v"",""written_form"":""give way"",""source_pos"":""v""},{""lexical_entry_id"":""oewn-die-v"",""written_form"":""die"",""source_pos"":""v""},{""lexical_entry_id"":""oewn-give_out-v"",""written_form"":""give out"",""source_pos"":""v""},{""lexical_entry_id"":""oewn-conk_out-v"",""written_form"":""conk out"",""source_pos"":""v""},{""lexical_entry_id"":""oewn-go-v"",""written_form"":""go"",""source_pos"":""v""},{""lexical_entry_id"":""oewn-break-v"",""written_form"":""break"",""source_pos"":""v""},{""lexical_entry_id"":""oewn-break_down-v"",""written_form"":""break down"",""source_pos"":""v""}]",unreviewed
32,so,32,oewn:2025:oewn-so__1.10.00..,oewn:oewn-so__1.10.00..,oewn-so__1.10.00..,oewn-06881894-n,i72581,oewn-so-n,so,n,n,noun,false,113744,1,false,noun.communication,"[{""text"":""the syllable naming the fifth (dominant) note of any musical scale in solmization"",""source_sense_id"":null}]",[],[],"[{""value"":""soʊ"",""variety"":""US"",""notation"":null,""phonemic"":null,""audio"":null,""scope"":""lemma"",""form"":null}]","[{""lexical_entry_id"":""oewn-sol-n"",""written_form"":""sol"",""source_pos"":""n""},{""lexical_entry_id"":""oewn-soh-n"",""written_form"":""soh"",""source_pos"":""n""},{""lexical_entry_id"":""oewn-so-n"",""written_form"":""so"",""source_pos"":""n""}]",unreviewed
32,so,32,oewn:2025:oewn-so__4.02.02..,oewn:oewn-so__4.02.02..,oewn-so__4.02.02..,oewn-00147630-r,i19124,oewn-so-r,so,r,r,adverb,false,113745,1,false,adv.all,"[{""text"":""to a very great extent or degree"",""source_sense_id"":null}]","[{""text"":""the idea is so obvious"",""source"":null,""scope"":""synset""},{""text"":""never been so happy"",""source"":null,""scope"":""synset""},{""text"":""I love you so"",""source"":null,""scope"":""synset""},{""text"":""my head aches so!"",""source"":null,""scope"":""synset""}]",[],"[{""value"":""səʊ"",""variety"":""GB"",""notation"":null,""phonemic"":null,""audio"":null,""scope"":""lemma"",""form"":null},{""value"":""soʊ"",""variety"":""US"",""notation"":null,""phonemic"":null,""audio"":null,""scope"":""lemma"",""form"":null}]","[{""lexical_entry_id"":""oewn-so-r"",""written_form"":""so"",""source_pos"":""r""}]",unreviewed
32,so,32,oewn:2025:oewn-so__4.02.06..,oewn:oewn-so__4.02.06..,oewn-so__4.02.06..,oewn-00119259-r,i18894,oewn-so-r,so,r,r,adverb,false,113745,2,false,adv.all,"[{""text"":""in a manner that facilitates"",""source_sense_id"":null}]","[{""text"":""he observed the snakes so he could describe their behavior"",""source"":null,""scope"":""synset""},{""text"":""he stooped down so he could pick up his hat"",""source"":null,""scope"":""synset""}]",[],"[{""value"":""səʊ"",""variety"":""GB"",""notation"":null,""phonemic"":null,""audio"":null,""scope"":""lemma"",""form"":null},{""value"":""soʊ"",""variety"":""US"",""notation"":null,""phonemic"":null,""audio"":null,""scope"":""lemma"",""form"":null}]","[{""lexical_entry_id"":""oewn-so-r"",""written_form"":""so"",""source_pos"":""r""}]",unreviewed
32,so,32,oewn:2025:oewn-so__4.02.05..,oewn:oewn-so__4.02.05..,oewn-so__4.02.05..,oewn-00147962-r,i19126,oewn-so-r,so,r,r,adverb,false,113745,3,false,adv.all,"[{""text"":""in such a condition or manner, especially as expressed or implied"",""source_sense_id"":null}]","[{""text"":""They're happy and I hope they will remain so"",""source"":null,""scope"":""synset""},{""text"":""so live your life that old age will bring no regrets"",""source"":null,""scope"":""synset""}]",[],"[{""value"":""səʊ"",""variety"":""GB"",""notation"":null,""phonemic"":null,""audio"":null,""scope"":""lemma"",""form"":null},{""value"":""soʊ"",""variety"":""US"",""notation"":null,""phonemic"":null,""audio"":null,""scope"":""lemma"",""form"":null}]","[{""lexical_entry_id"":""oewn-so-r"",""written_form"":""so"",""source_pos"":""r""}]",unreviewed
32,so,32,oewn:2025:oewn-so__4.02.07..,oewn:oewn-so__4.02.07..,oewn-so__4.02.07..,oewn-00148162-r,i19127,oewn-so-r,so,r,r,adverb,false,113745,4,false,adv.all,"[{""text"":""to a certain unspecified extent or degree"",""source_sense_id"":null}]","[{""text"":""I can only go so far with this student"",""source"":null,""scope"":""synset""},{""text"":""can do only so much in a day"",""source"":null,""scope"":""synset""}]",[],"[{""value"":""səʊ"",""variety"":""GB"",""notation"":null,""phonemic"":null,""audio"":null,""scope"":""lemma"",""form"":null},{""value"":""soʊ"",""variety"":""US"",""notation"":null,""phonemic"":null,""audio"":null,""scope"":""lemma"",""form"":null}]","[{""lexical_entry_id"":""oewn-so-r"",""written_form"":""so"",""source_pos"":""r""}]",unreviewed
32,so,32,oewn:2025:oewn-so__4.02.08..,oewn:oewn-so__4.02.08..,oewn-so__4.02.08..,oewn-00148308-r,i19128,oewn-so-r,so,r,r,adverb,false,113745,5,false,adv.all,"[{""text"":""in the same way; also"",""source_sense_id"":null}]","[{""text"":""I was offended and so was he"",""source"":null,""scope"":""synset""},{""text"":""worked hard and so did she"",""source"":null,""scope"":""synset""}]",[],"[{""value"":""səʊ"",""variety"":""GB"",""notation"":null,""phonemic"":null,""audio"":null,""scope"":""lemma"",""form"":null},{""value"":""soʊ"",""variety"":""US"",""notation"":null,""phonemic"":null,""audio"":null,""scope"":""lemma"",""form"":null}]","[{""lexical_entry_id"":""oewn-so-r"",""written_form"":""so"",""source_pos"":""r""}]",unreviewed
32,so,32,oewn:2025:oewn-so__4.02.04..,oewn:oewn-so__4.02.04..,oewn-so__4.02.04..,oewn-00122019-r,i18911,oewn-so-r,so,r,r,adverb,false,113745,6,false,adv.all,"[{""text"":""in the way indicated"",""source_sense_id"":null}]","[{""text"":""hold the brush so"",""source"":null,""scope"":""synset""},{""text"":""set up the pieces thus"",""source"":null,""scope"":""synset""}]",[],"[{""value"":""səʊ"",""variety"":""GB"",""notation"":null,""phonemic"":null,""audio"":null,""scope"":""lemma"",""form"":null},{""value"":""soʊ"",""variety"":""US"",""notation"":null,""phonemic"":null,""audio"":null,""scope"":""lemma"",""form"":null}]","[{""lexical_entry_id"":""oewn-thus-r"",""written_form"":""thus"",""source_pos"":""r""},{""lexical_entry_id"":""oewn-thusly-r"",""written_form"":""thusly"",""source_pos"":""r""},{""lexical_entry_id"":""oewn-so-r"",""written_form"":""so"",""source_pos"":""r""}]",unreviewed
32,so,32,oewn:2025:oewn-so__4.02.03..,oewn:oewn-so__4.02.03..,oewn-so__4.02.03..,oewn-00147799-r,i19125,oewn-so-r,so,r,r,adverb,false,113745,7,false,adv.all,"[{""text"":""(usually followed by ‘that’) to an extent or degree as expressed"",""source_sense_id"":null}]","[{""text"":""he was so tired he could hardly stand"",""source"":null,""scope"":""synset""},{""text"":""so dirty that it smells"",""source"":null,""scope"":""synset""}]",[],"[{""value"":""səʊ"",""variety"":""GB"",""notation"":null,""phonemic"":null,""audio"":null,""scope"":""lemma"",""form"":null},{""value"":""soʊ"",""variety"":""US"",""notation"":null,""phonemic"":null,""audio"":null,""scope"":""lemma"",""form"":null}]","[{""lexical_entry_id"":""oewn-so-r"",""written_form"":""so"",""source_pos"":""r""}]",unreviewed
32,so,32,oewn:2025:oewn-so__4.02.09..,oewn:oewn-so__4.02.09..,oewn-so__4.02.09..,oewn-00118527-r,i18890,oewn-so-r,so,r,r,adverb,false,113745,8,false,adv.all,"[{""text"":""subsequently or soon afterward (often used as sentence connectors)"",""source_sense_id"":null}]","[{""text"":""then he left"",""source"":null,""scope"":""synset""},{""text"":""go left first, then right"",""source"":null,""scope"":""synset""},{""text"":""first came lightning, then thunder"",""source"":null,""scope"":""synset""},{""text"":""we watched the late movie and then went to bed"",""source"":null,""scope"":""synset""},{""text"":""and so home and to bed"",""source"":null,""scope"":""synset""}]",[],"[{""value"":""səʊ"",""variety"":""GB"",""notation"":null,""phonemic"":null,""audio"":null,""scope"":""lemma"",""form"":null},{""value"":""soʊ"",""variety"":""US"",""notation"":null,""phonemic"":null,""audio"":null,""scope"":""lemma"",""form"":null}]","[{""lexical_entry_id"":""oewn-then-r"",""written_form"":""then"",""source_pos"":""r""},{""lexical_entry_id"":""oewn-so-r"",""written_form"":""so"",""source_pos"":""r""},{""lexical_entry_id"":""oewn-and_so-r"",""written_form"":""and so"",""source_pos"":""r""}]",unreviewed
32,so,32,oewn:2025:oewn-so__4.02.10..,oewn:oewn-so__4.02.10..,oewn-so__4.02.10..,oewn-00043413-r,i18390,oewn-so-r,so,r,r,adverb,false,113745,9,false,adv.all,"[{""text"":""(used to introduce a logical conclusion) from that fact or reason or as a result"",""source_sense_id"":null}]","[{""text"":""therefore X must be true"",""source"":null,""scope"":""synset""},{""text"":""the eggs were fresh and hence satisfactory"",""source"":null,""scope"":""synset""},{""text"":""we were young and thence optimistic"",""source"":null,""scope"":""synset""},{""text"":""it is late and thus we must go"",""source"":null,""scope"":""synset""},{""text"":""the witness is biased and so cannot be trusted"",""source"":null,""scope"":""synset""}]",[],"[{""value"":""səʊ"",""variety"":""GB"",""notation"":null,""phonemic"":null,""audio"":null,""scope"":""lemma"",""form"":null},{""value"":""soʊ"",""variety"":""US"",""notation"":null,""phonemic"":null,""audio"":null,""scope"":""lemma"",""form"":null}]","[{""lexical_entry_id"":""oewn-therefore-r"",""written_form"":""therefore"",""source_pos"":""r""},{""lexical_entry_id"":""oewn-hence-r"",""written_form"":""hence"",""source_pos"":""r""},{""lexical_entry_id"":""oewn-thence-r"",""written_form"":""thence"",""source_pos"":""r""},{""lexical_entry_id"":""oewn-thus-r"",""written_form"":""thus"",""source_pos"":""r""},{""lexical_entry_id"":""oewn-so-r"",""written_form"":""so"",""source_pos"":""r""}]",unreviewed
32,so,32,oewn:2025:oewn-so__4.02.00..,oewn:oewn-so__4.02.00..,oewn-so__4.02.00..,oewn-00038035-r,i18359,oewn-so-r,so,r,r,adverb,false,113745,10,false,adv.all,"[{""text"":""in truth (often tends to intensify)"",""source_sense_id"":null}]","[{""text"":""they said the car would break down and indeed it did"",""source"":null,""scope"":""synset""},{""text"":""it is very cold indeed"",""source"":null,""scope"":""synset""},{""text"":""was indeed grateful"",""source"":null,""scope"":""synset""},{""text"":""indeed, the rain may still come"",""source"":null,""scope"":""synset""},{""text"":""he did so do it!"",""source"":null,""scope"":""synset""}]",[],"[{""value"":""səʊ"",""variety"":""GB"",""notation"":null,""phonemic"":null,""audio"":null,""scope"":""lemma"",""form"":null},{""value"":""soʊ"",""variety"":""US"",""notation"":null,""phonemic"":null,""audio"":null,""scope"":""lemma"",""form"":null}]","[{""lexical_entry_id"":""oewn-indeed-r"",""written_form"":""indeed"",""source_pos"":""r""},{""lexical_entry_id"":""oewn-so-r"",""written_form"":""so"",""source_pos"":""r""}]",unreviewed
33,all,33,oewn:2025:oewn-all__3.00.00..,oewn:oewn-all__3.00.00..,oewn-all__3.00.00..,oewn-02277044-a,i12561,oewn-all-a,all,a,a,adjective,false,20350,1,false,adj.all,"[{""text"":""(quantifier) used with either mass or count nouns to indicate the whole number or amount of or every one of a class"",""source_sense_id"":null}]","[{""text"":""we sat up all night"",""source"":null,""scope"":""synset""},{""text"":""ate all the food"",""source"":null,""scope"":""synset""},{""text"":""all men are mortal"",""source"":null,""scope"":""synset""},{""text"":""all parties are welcome"",""source"":null,""scope"":""synset""}]",[],"[{""value"":""ɔːl"",""variety"":""GB"",""notation"":null,""phonemic"":null,""audio"":null,""scope"":""lemma"",""form"":null},{""value"":""ɔl"",""variety"":""US"",""notation"":null,""phonemic"":null,""audio"":null,""scope"":""lemma"",""form"":null}]","[{""lexical_entry_id"":""oewn-all-a"",""written_form"":""all"",""source_pos"":""a""}]",unreviewed
33,all,33,oewn:2025:oewn-all__5.00.00.complete.00,oewn:oewn-all__5.00.00.complete.00,oewn-all__5.00.00.complete.00,oewn-00523527-s,i2924,oewn-all-a,all,a,s,adjective_satellite,true,20350,2,false,adj.all,"[{""text"":""completely given to or absorbed by"",""source_sense_id"":null}]","[{""text"":""became all attention"",""source"":null,""scope"":""synset""}]",[],"[{""value"":""ɔːl"",""variety"":""GB"",""notation"":null,""phonemic"":null,""audio"":null,""scope"":""lemma"",""form"":null},{""value"":""ɔl"",""variety"":""US"",""notation"":null,""phonemic"":null,""audio"":null,""scope"":""lemma"",""form"":null}]","[{""lexical_entry_id"":""oewn-all-a"",""written_form"":""all"",""source_pos"":""a""}]",unreviewed
33,all,33,oewn:2025:oewn-all__4.02.00..,oewn:oewn-all__4.02.00..,oewn-all__4.02.00..,oewn-00008423-r,i19554,oewn-all-r,all,r,r,adverb,false,20371,1,false,adv.all,"[{""text"":""to a complete degree or to the full or entire extent; Completely or entirely"",""source_sense_id"":null}]","[{""text"":""he was wholly convinced"",""source"":null,""scope"":""synset""},{""text"":""entirely satisfied with the meal"",""source"":null,""scope"":""synset""},{""text"":""it was completely different from what we expected"",""source"":null,""scope"":""synset""},{""text"":""was completely at fault"",""source"":null,""scope"":""synset""},{""text"":""a totally new situation"",""source"":null,""scope"":""synset""},{""text"":""the directions were all wrong"",""source"":null,""scope"":""synset""},{""text"":""it was not altogether her fault"",""source"":null,""scope"":""synset""},{""text"":""an altogether new approach"",""source"":null,""scope"":""synset""},{""text"":""a whole new idea"",""source"":null,""scope"":""synset""},{""text"":""she felt right at home"",""source"":null,""scope"":""synset""},{""text"":""he fell right into the trap"",""source"":null,""scope"":""synset""}]",[],"[{""value"":""ɔːl"",""variety"":""GB"",""notation"":null,""phonemic"":null,""audio"":null,""scope"":""lemma"",""form"":null},{""value"":""ɔl"",""variety"":""US"",""notation"":null,""phonemic"":null,""audio"":null,""scope"":""lemma"",""form"":null}]","[{""lexical_entry_id"":""oewn-wholly-r"",""written_form"":""wholly"",""source_pos"":""r""},{""lexical_entry_id"":""oewn-entirely-r"",""written_form"":""entirely"",""source_pos"":""r""},{""lexical_entry_id"":""oewn-completely-r"",""written_form"":""completely"",""source_pos"":""r""},{""lexical_entry_id"":""oewn-totally-r"",""written_form"":""totally"",""source_pos"":""r""},{""lexical_entry_id"":""oewn-all-r"",""written_form"":""all"",""source_pos"":""r""},{""lexical_entry_id"":""oewn-altogether-r"",""written_form"":""altogether"",""source_pos"":""r""},{""lexical_entry_id"":""oewn-whole-r"",""written_form"":""whole"",""source_pos"":""r""},{""lexical_entry_id"":""oewn-right-r"",""written_form"":""right"",""source_pos"":""r""}]",unreviewed
35,one,35,oewn:2025:oewn-one__5.00.00.cardinal.00,oewn:oewn-one__5.00.00.cardinal.00,oewn-one__5.00.00.cardinal.00,oewn-02193977-s,i12006,oewn-one-a,one,a,s,adjective_satellite,true,89115,1,false,adj.all,"[{""text"":""used of a single unit or thing; not two or more"",""source_sense_id"":null}]","[{""text"":""‘ane’ is Scottish"",""source"":null,""scope"":""synset""}]",[],"[{""value"":""wʌn"",""variety"":""GB"",""notation"":null,""phonemic"":null,""audio"":null,""scope"":""lemma"",""form"":null},{""value"":""wan"",""variety"":""AU"",""notation"":null,""phonemic"":null,""audio"":null,""scope"":""lemma"",""form"":null},{""value"":""wʌn"",""variety"":""US"",""notation"":null,""phonemic"":null,""audio"":null,""scope"":""lemma"",""form"":null},{""value"":""oʊn"",""variety"":null,""notation"":null,""phonemic"":null,""audio"":null,""scope"":""lemma"",""form"":null}]","[{""lexical_entry_id"":""oewn-one-a"",""written_form"":""one"",""source_pos"":""a""},{""lexical_entry_id"":""oewn-1-a"",""written_form"":""1"",""source_pos"":""a""},{""lexical_entry_id"":""oewn-i-a"",""written_form"":""i"",""source_pos"":""a""},{""lexical_entry_id"":""oewn-ane-a"",""written_form"":""ane"",""source_pos"":""a""}]",unreviewed
35,one,35,oewn:2025:oewn-one__5.00.00.united.00,oewn:oewn-one__5.00.00.united.00,oewn-one__5.00.00.united.00,oewn-02487360-s,i13734,oewn-one-a,one,a,s,adjective_satellite,true,89115,2,false,adj.all,"[{""text"":""having the indivisible character of a unit"",""source_sense_id"":null}]","[{""text"":""a unitary action"",""source"":null,""scope"":""synset""},{""text"":""spoke with one voice"",""source"":null,""scope"":""synset""}]",[],"[{""value"":""wʌn"",""variety"":""GB"",""notation"":null,""phonemic"":null,""audio"":null,""scope"":""lemma"",""form"":null},{""value"":""wan"",""variety"":""AU"",""notation"":null,""phonemic"":null,""audio"":null,""scope"":""lemma"",""form"":null},{""value"":""wʌn"",""variety"":""US"",""notation"":null,""phonemic"":null,""audio"":null,""scope"":""lemma"",""form"":null},{""value"":""oʊn"",""variety"":null,""notation"":null,""phonemic"":null,""audio"":null,""scope"":""lemma"",""form"":null}]","[{""lexical_entry_id"":""oewn-one-a"",""written_form"":""one"",""source_pos"":""a""},{""lexical_entry_id"":""oewn-unitary-a"",""written_form"":""unitary"",""source_pos"":""a""}]",unreviewed
35,one,35,oewn:2025:oewn-one__5.00.00.same.00,oewn:oewn-one__5.00.00.same.00,oewn-one__5.00.00.same.00,oewn-02071831-s,i11323,oewn-one-a,one,a,s,adjective_satellite,true,89115,3,false,adj.all,"[{""text"":""of the same kind or quality"",""source_sense_id"":null}]","[{""text"":""two animals of one species"",""source"":null,""scope"":""synset""}]",[],"[{""value"":""wʌn"",""variety"":""GB"",""notation"":null,""phonemic"":null,""audio"":null,""scope"":""lemma"",""form"":null},{""value"":""wan"",""variety"":""AU"",""notation"":null,""phonemic"":null,""audio"":null,""scope"":""lemma"",""form"":null},{""value"":""wʌn"",""variety"":""US"",""notation"":null,""phonemic"":null,""audio"":null,""scope"":""lemma"",""form"":null},{""value"":""oʊn"",""variety"":null,""notation"":null,""phonemic"":null,""audio"":null,""scope"":""lemma"",""form"":null}]","[{""lexical_entry_id"":""oewn-one-a"",""written_form"":""one"",""source_pos"":""a""}]",unreviewed
35,one,35,oewn:2025:oewn-one__5.00.00.extraordinary.00,oewn:oewn-one__5.00.00.extraordinary.00,oewn-one__5.00.00.extraordinary.00,oewn-01682215-s,i9190,oewn-one-a,one,a,s,adjective_satellite,true,89115,4,false,adj.all,"[{""text"":""(informal) very; used informally as an intensifier"",""source_sense_id"":null}]","[{""text"":""that is one fine dog"",""source"":null,""scope"":""synset""},{""text"":""a right fine day"",""source"":null,""scope"":""synset""}]",[],"[{""value"":""wʌn"",""variety"":""GB"",""notation"":null,""phonemic"":null,""audio"":null,""scope"":""lemma"",""form"":null},{""value"":""wan"",""variety"":""AU"",""notation"":null,""phonemic"":null,""audio"":null,""scope"":""lemma"",""form"":null},{""value"":""wʌn"",""variety"":""US"",""notation"":null,""phonemic"":null,""audio"":null,""scope"":""lemma"",""form"":null},{""value"":""oʊn"",""variety"":null,""notation"":null,""phonemic"":null,""audio"":null,""scope"":""lemma"",""form"":null}]","[{""lexical_entry_id"":""oewn-one-a"",""written_form"":""one"",""source_pos"":""a""},{""lexical_entry_id"":""oewn-right-a"",""written_form"":""right"",""source_pos"":""a""}]",unreviewed
35,one,35,oewn:2025:oewn-one__5.00.00.indefinite.00,oewn:oewn-one__5.00.00.indefinite.00,oewn-one__5.00.00.indefinite.00,oewn-00706087-s,i3906,oewn-one-a,one,a,s,adjective_satellite,true,89115,5,false,adj.all,"[{""text"":""indefinite in time or position"",""source_sense_id"":null}]","[{""text"":""he will come one day"",""source"":null,""scope"":""synset""},{""text"":""one place or another"",""source"":null,""scope"":""synset""}]",[],"[{""value"":""wʌn"",""variety"":""GB"",""notation"":null,""phonemic"":null,""audio"":null,""scope"":""lemma"",""form"":null},{""value"":""wan"",""variety"":""AU"",""notation"":null,""phonemic"":null,""audio"":null,""scope"":""lemma"",""form"":null},{""value"":""wʌn"",""variety"":""US"",""notation"":null,""phonemic"":null,""audio"":null,""scope"":""lemma"",""form"":null},{""value"":""oʊn"",""variety"":null,""notation"":null,""phonemic"":null,""audio"":null,""scope"":""lemma"",""form"":null}]","[{""lexical_entry_id"":""oewn-one-a"",""written_form"":""one"",""source_pos"":""a""}]",unreviewed
35,one,35,oewn:2025:oewn-one__5.00.00.combined.00,oewn:oewn-one__5.00.00.combined.00,oewn-one__5.00.00.combined.00,oewn-01333458-s,i7256,oewn-one-a,one,a,s,adjective_satellite,true,89115,6,false,adj.all,"[{""text"":""being a single entity made by combining separate components"",""source_sense_id"":null}]","[{""text"":""three chemicals combining into one solution"",""source"":null,""scope"":""synset""}]",[],"[{""value"":""wʌn"",""variety"":""GB"",""notation"":null,""phonemic"":null,""audio"":null,""scope"":""lemma"",""form"":null},{""value"":""wan"",""variety"":""AU"",""notation"":null,""phonemic"":null,""audio"":null,""scope"":""lemma"",""form"":null},{""value"":""wʌn"",""variety"":""US"",""notation"":null,""phonemic"":null,""audio"":null,""scope"":""lemma"",""form"":null},{""value"":""oʊn"",""variety"":null,""notation"":null,""phonemic"":null,""audio"":null,""scope"":""lemma"",""form"":null}]","[{""lexical_entry_id"":""oewn-one-a"",""written_form"":""one"",""source_pos"":""a""}]",unreviewed
35,one,35,oewn:2025:oewn-one__5.00.00.incomparable.00,oewn:oewn-one__5.00.00.incomparable.00,oewn-one__5.00.00.incomparable.00,oewn-00507322-s,i2845,oewn-one-a,one,a,s,adjective_satellite,true,89115,7,false,adj.all,"[{""text"":""eminent beyond or above comparison"",""source_sense_id"":null}]","[{""text"":""matchless beauty"",""source"":null,""scope"":""synset""},{""text"":""the team's nonpareil center fielder"",""source"":null,""scope"":""synset""},{""text"":""she's one girl in a million"",""source"":null,""scope"":""synset""},{""text"":""the one and only Muhammad Ali"",""source"":null,""scope"":""synset""},{""text"":""a peerless scholar"",""source"":null,""scope"":""synset""},{""text"":""infamy unmatched in the Western world"",""source"":null,""scope"":""synset""},{""text"":""wrote with unmatchable clarity"",""source"":null,""scope"":""synset""},{""text"":""unrivaled mastery of her art"",""source"":null,""scope"":""synset""}]",[],"[{""value"":""wʌn"",""variety"":""GB"",""notation"":null,""phonemic"":null,""audio"":null,""scope"":""lemma"",""form"":null},{""value"":""wan"",""variety"":""AU"",""notation"":null,""phonemic"":null,""audio"":null,""scope"":""lemma"",""form"":null},{""value"":""wʌn"",""variety"":""US"",""notation"":null,""phonemic"":null,""audio"":null,""scope"":""lemma"",""form"":null},{""value"":""oʊn"",""variety"":null,""notation"":null,""phonemic"":null,""audio"":null,""scope"":""lemma"",""form"":null}]","[{""lexical_entry_id"":""oewn-matchless-a"",""written_form"":""matchless"",""source_pos"":""a""},{""lexical_entry_id"":""oewn-nonpareil-a"",""written_form"":""nonpareil"",""source_pos"":""a""},{""lexical_entry_id"":""oewn-one-a"",""written_form"":""one"",""source_pos"":""a""},{""lexical_entry_id"":""oewn-one_and_only-a"",""written_form"":""one and only"",""source_pos"":""a""},{""lexical_entry_id"":""oewn-peerless-a"",""written_form"":""peerless"",""source_pos"":""a""},{""lexical_entry_id"":""oewn-unmatched-a"",""written_form"":""unmatched"",""source_pos"":""a""},{""lexical_entry_id"":""oewn-unmatchable-a"",""written_form"":""unmatchable"",""source_pos"":""a""},{""lexical_entry_id"":""oewn-unrivaled-a"",""written_form"":""unrivaled"",""source_pos"":""a""},{""lexical_entry_id"":""oewn-unrivalled-a"",""written_form"":""unrivalled"",""source_pos"":""a""}]",unreviewed
35,one,35,oewn:2025:oewn-one__1.23.00..,oewn:oewn-one__1.23.00..,oewn-one__1.23.00..,oewn-13764713-n,i109093,oewn-one-n,one,n,n,noun,false,89146,1,false,noun.quantity,"[{""text"":""the smallest whole number or a numeral representing this number"",""source_sense_id"":null}]","[{""text"":""he has the one but will need a two and three to go with it"",""source"":null,""scope"":""synset""},{""text"":""they had lunch at one"",""source"":null,""scope"":""synset""}]",[],"[{""value"":""wʌn"",""variety"":""GB"",""notation"":null,""phonemic"":null,""audio"":null,""scope"":""lemma"",""form"":null},{""value"":""wan"",""variety"":""AU"",""notation"":null,""phonemic"":null,""audio"":null,""scope"":""lemma"",""form"":null},{""value"":""wʌn"",""variety"":""US"",""notation"":null,""phonemic"":null,""audio"":null,""scope"":""lemma"",""form"":null},{""value"":""oʊn"",""variety"":null,""notation"":null,""phonemic"":null,""audio"":null,""scope"":""lemma"",""form"":null}]","[{""lexical_entry_id"":""oewn-one-n"",""written_form"":""one"",""source_pos"":""n""},{""lexical_entry_id"":""oewn-1-n"",""written_form"":""1"",""source_pos"":""n""},{""lexical_entry_id"":""oewn-I-n"",""written_form"":""I"",""source_pos"":""n""},{""lexical_entry_id"":""oewn-ace-n"",""written_form"":""ace"",""source_pos"":""n""},{""lexical_entry_id"":""oewn-single-n"",""written_form"":""single"",""source_pos"":""n""},{""lexical_entry_id"":""oewn-unity-n"",""written_form"":""unity"",""source_pos"":""n""}]",unreviewed
35,one,35,oewn:2025:oewn-one__1.09.00..,oewn:oewn-one__1.09.00..,oewn-one__1.09.00..,oewn-05878677-n,i67720,oewn-one-n,one,n,n,noun,false,89146,2,false,noun.cognition,"[{""text"":""a single person or thing"",""source_sense_id"":null}]","[{""text"":""he is the best one"",""source"":null,""scope"":""synset""},{""text"":""this is the one I ordered"",""source"":null,""scope"":""synset""}]",[],"[{""value"":""wʌn"",""variety"":""GB"",""notation"":null,""phonemic"":null,""audio"":null,""scope"":""lemma"",""form"":null},{""value"":""wan"",""variety"":""AU"",""notation"":null,""phonemic"":null,""audio"":null,""scope"":""lemma"",""form"":null},{""value"":""wʌn"",""variety"":""US"",""notation"":null,""phonemic"":null,""audio"":null,""scope"":""lemma"",""form"":null},{""value"":""oʊn"",""variety"":null,""notation"":null,""phonemic"":null,""audio"":null,""scope"":""lemma"",""form"":null}]","[{""lexical_entry_id"":""oewn-one-n"",""written_form"":""one"",""source_pos"":""n""}]",unreviewed
37,about,37,oewn:2025:oewn-about__5.00.00.active.01,oewn:oewn-about__5.00.00.active.01,oewn-about__5.00.00.active.01,oewn-00032471-s,i157,oewn-about-a,about,a,s,adjective_satellite,true,17914,1,false,adj.all,"[{""text"":""on the move"",""source_sense_id"":null}]","[{""text"":""up and about"",""source"":null,""scope"":""synset""},{""text"":""the whole town was astir over the incident"",""source"":null,""scope"":""synset""}]",[],"[{""value"":""əˈ baʊt"",""variety"":""US"",""notation"":null,""phonemic"":null,""audio"":null,""scope"":""lemma"",""form"":null}]","[{""lexical_entry_id"":""oewn-about-a"",""written_form"":""about"",""source_pos"":""a""},{""lexical_entry_id"":""oewn-astir-a"",""written_form"":""astir"",""source_pos"":""a""}]",unreviewed
37,about,37,oewn:2025:oewn-about__4.02.00..,oewn:oewn-about__4.02.00..,oewn-about__4.02.00..,oewn-00007414-r,i18193,oewn-about-r,about,r,r,adverb,false,17917,1,false,adv.all,"[{""text"":""(of quantities) imprecise but fairly close to correct"",""source_sense_id"":null}]","[{""text"":""lasted approximately an hour"",""source"":null,""scope"":""synset""},{""text"":""in just about a minute"",""source"":null,""scope"":""synset""},{""text"":""he's about 30 years old"",""source"":null,""scope"":""synset""},{""text"":""I've had about all I can stand"",""source"":null,""scope"":""synset""},{""text"":""we meet about once a month"",""source"":null,""scope"":""synset""},{""text"":""some forty people came"",""source"":null,""scope"":""synset""},{""text"":""weighs around a hundred pounds"",""source"":null,""scope"":""synset""},{""text"":""roughly $3,000"",""source"":null,""scope"":""synset""},{""text"":""holds 3 gallons, more or less"",""source"":null,""scope"":""synset""},{""text"":""20 or so people were at the party"",""source"":null,""scope"":""synset""}]",[],"[{""value"":""əˈ baʊt"",""variety"":""US"",""notation"":null,""phonemic"":null,""audio"":null,""scope"":""lemma"",""form"":null}]","[{""lexical_entry_id"":""oewn-approximately-r"",""written_form"":""approximately"",""source_pos"":""r""},{""lexical_entry_id"":""oewn-about-r"",""written_form"":""about"",""source_pos"":""r""},{""lexical_entry_id"":""oewn-close_to-r"",""written_form"":""close to"",""source_pos"":""r""},{""lexical_entry_id"":""oewn-just_about-r"",""written_form"":""just about"",""source_pos"":""r""},{""lexical_entry_id"":""oewn-some-r"",""written_form"":""some"",""source_pos"":""r""},{""lexical_entry_id"":""oewn-roughly-r"",""written_form"":""roughly"",""source_pos"":""r""},{""lexical_entry_id"":""oewn-more_or_less-r"",""written_form"":""more or less"",""source_pos"":""r""},{""lexical_entry_id"":""oewn-around-r"",""written_form"":""around"",""source_pos"":""r""},{""lexical_entry_id"":""oewn-or_so-r"",""written_form"":""or so"",""source_pos"":""r""}]",unreviewed
37,about,37,oewn:2025:oewn-about__4.02.06..,oewn:oewn-about__4.02.06..,oewn-about__4.02.06..,oewn-00072240-r,i18572,oewn-about-r,about,r,r,adverb,false,17917,2,false,adv.all,"[{""text"":""all around or on all sides"",""source_sense_id"":null}]","[{""text"":""dirty clothes lying around (or about)"",""source"":null,""scope"":""synset""},{""text"":""let's look about for help"",""source"":null,""scope"":""synset""},{""text"":""There were trees growing all around"",""source"":null,""scope"":""synset""},{""text"":""she looked around her"",""source"":null,""scope"":""synset""}]",[],"[{""value"":""əˈ baʊt"",""variety"":""US"",""notation"":null,""phonemic"":null,""audio"":null,""scope"":""lemma"",""form"":null}]","[{""lexical_entry_id"":""oewn-about-r"",""written_form"":""about"",""source_pos"":""r""},{""lexical_entry_id"":""oewn-around-r"",""written_form"":""around"",""source_pos"":""r""}]",unreviewed
37,about,37,oewn:2025:oewn-about__4.02.01..,oewn:oewn-about__4.02.01..,oewn-about__4.02.01..,oewn-00071565-r,i18567,oewn-about-r,about,r,r,adverb,false,17917,3,false,adv.all,"[{""text"":""in the area or vicinity"",""source_sense_id"":null}]","[{""text"":""a few spectators standing about"",""source"":null,""scope"":""synset""},{""text"":""hanging around"",""source"":null,""scope"":""synset""},{""text"":""waited around for the next flight"",""source"":null,""scope"":""synset""}]",[],"[{""value"":""əˈ baʊt"",""variety"":""US"",""notation"":null,""phonemic"":null,""audio"":null,""scope"":""lemma"",""form"":null}]","[{""lexical_entry_id"":""oewn-about-r"",""written_form"":""about"",""source_pos"":""r""},{""lexical_entry_id"":""oewn-around-r"",""written_form"":""around"",""source_pos"":""r""}]",unreviewed
37,about,37,oewn:2025:oewn-about__4.02.04..,oewn:oewn-about__4.02.04..,oewn-about__4.02.04..,oewn-00072729-r,i18575,oewn-about-r,about,r,r,adverb,false,17917,4,false,adv.all,"[{""text"":""used of movement to or among many different places or in no particular direction"",""source_sense_id"":null}]","[{""text"":""wandering about with no place to go"",""source"":null,""scope"":""synset""},{""text"":""people were rushing about"",""source"":null,""scope"":""synset""},{""text"":""news gets around (or about)"",""source"":null,""scope"":""synset""},{""text"":""traveled around in Asia"",""source"":null,""scope"":""synset""},{""text"":""he needs advice from someone who's been around"",""source"":null,""scope"":""synset""},{""text"":""she sleeps around"",""source"":null,""scope"":""synset""}]",[],"[{""value"":""əˈ baʊt"",""variety"":""US"",""notation"":null,""phonemic"":null,""audio"":null,""scope"":""lemma"",""form"":null}]","[{""lexical_entry_id"":""oewn-about-r"",""written_form"":""about"",""source_pos"":""r""},{""lexical_entry_id"":""oewn-around-r"",""written_form"":""around"",""source_pos"":""r""}]",unreviewed
37,about,37,oewn:2025:oewn-about__4.02.02..,oewn:oewn-about__4.02.02..,oewn-about__4.02.02..,oewn-00072601-r,i18574,oewn-about-r,about,r,r,adverb,false,17917,5,false,adv.all,"[{""text"":""in or to a reversed position or direction"",""source_sense_id"":null}]","[{""text"":""about face"",""source"":null,""scope"":""synset""},{""text"":""suddenly she turned around"",""source"":null,""scope"":""synset""}]",[],"[{""value"":""əˈ baʊt"",""variety"":""US"",""notation"":null,""phonemic"":null,""audio"":null,""scope"":""lemma"",""form"":null}]","[{""lexical_entry_id"":""oewn-about-r"",""written_form"":""about"",""source_pos"":""r""},{""lexical_entry_id"":""oewn-around-r"",""written_form"":""around"",""source_pos"":""r""}]",unreviewed
37,about,37,oewn:2025:oewn-about__4.02.03..,oewn:oewn-about__4.02.03..,oewn-about__4.02.03..,oewn-00359910-r,i20611,oewn-about-r,about,r,r,adverb,false,17917,6,false,adv.all,"[{""text"":""in rotation or succession"",""source_sense_id"":null}]","[{""text"":""turn about is fair play"",""source"":null,""scope"":""synset""}]",[],"[{""value"":""əˈ baʊt"",""variety"":""US"",""notation"":null,""phonemic"":null,""audio"":null,""scope"":""lemma"",""form"":null}]","[{""lexical_entry_id"":""oewn-about-r"",""written_form"":""about"",""source_pos"":""r""}]",unreviewed
37,about,37,oewn:2025:oewn-about__4.02.05..,oewn:oewn-about__4.02.05..,oewn-about__4.02.05..,oewn-00073433-r,i18578,oewn-about-r,about,r,r,adverb,false,17917,7,false,adv.all,"[{""text"":""(of actions or states) slightly short of or not quite accomplished; all but"",""source_sense_id"":null}]","[{""text"":""the job is (just) about done"",""source"":null,""scope"":""synset""},{""text"":""the baby was almost asleep when the alarm sounded"",""source"":null,""scope"":""synset""},{""text"":""we're almost finished"",""source"":null,""scope"":""synset""},{""text"":""the car all but ran her down"",""source"":null,""scope"":""synset""},{""text"":""he nearly fainted"",""source"":null,""scope"":""synset""},{""text"":""talked for nigh onto 2 hours"",""source"":null,""scope"":""synset""},{""text"":""the recording is well-nigh perfect"",""source"":null,""scope"":""synset""},{""text"":""virtually all the parties signed the contract"",""source"":null,""scope"":""synset""},{""text"":""I was near exhausted by the run"",""source"":null,""scope"":""synset""},{""text"":""most everyone agrees"",""source"":null,""scope"":""synset""}]",[],"[{""value"":""əˈ baʊt"",""variety"":""US"",""notation"":null,""phonemic"":null,""audio"":null,""scope"":""lemma"",""form"":null}]","[{""lexical_entry_id"":""oewn-about-r"",""written_form"":""about"",""source_pos"":""r""},{""lexical_entry_id"":""oewn-almost-r"",""written_form"":""almost"",""source_pos"":""r""},{""lexical_entry_id"":""oewn-most-r"",""written_form"":""most"",""source_pos"":""r""},{""lexical_entry_id"":""oewn-nearly-r"",""written_form"":""nearly"",""source_pos"":""r""},{""lexical_entry_id"":""oewn-near-r"",""written_form"":""near"",""source_pos"":""r""},{""lexical_entry_id"":""oewn-nigh-r"",""written_form"":""nigh"",""source_pos"":""r""},{""lexical_entry_id"":""oewn-virtually-r"",""written_form"":""virtually"",""source_pos"":""r""},{""lexical_entry_id"":""oewn-well-nigh-r"",""written_form"":""well-nigh"",""source_pos"":""r""}]",unreviewed
38,can,38,oewn:2025:oewn-can__1.06.00..,oewn:oewn-can__1.06.00..,oewn-can__1.06.00..,oewn-02950393-n,i51426,oewn-can-n,can,n,n,noun,false,33382,1,false,noun.artifact,"[{""text"":""airtight sealed metal container for food or drink or paint etc."",""source_sense_id"":null}]",[],[],"[{""value"":""ˈkæn"",""variety"":null,""notation"":null,""phonemic"":null,""audio"":null,""scope"":""lemma"",""form"":null}]","[{""lexical_entry_id"":""oewn-can-n"",""written_form"":""can"",""source_pos"":""n""},{""lexical_entry_id"":""oewn-tin-n"",""written_form"":""tin"",""source_pos"":""n""},{""lexical_entry_id"":""oewn-tin_can-n"",""written_form"":""tin can"",""source_pos"":""n""}]",unreviewed
38,can,38,oewn:2025:oewn-can__1.23.00..,oewn:oewn-can__1.23.00..,oewn-can__1.23.00..,oewn-13788130-n,i109225,oewn-can-n,can,n,n,noun,false,33382,2,false,noun.quantity,"[{""text"":""the quantity contained in a can"",""source_sense_id"":null}]",[],[],"[{""value"":""ˈkæn"",""variety"":null,""notation"":null,""phonemic"":null,""audio"":null,""scope"":""lemma"",""form"":null}]","[{""lexical_entry_id"":""oewn-can-n"",""written_form"":""can"",""source_pos"":""n""},{""lexical_entry_id"":""oewn-canful-n"",""written_form"":""canful"",""source_pos"":""n""}]",unreviewed
38,can,38,oewn:2025:oewn-can__1.10.01..,oewn:oewn-can__1.10.01..,oewn-can__1.10.01..,oewn-07281481-n,i74867,oewn-can-n,can,n,n,noun,false,33382,3,false,noun.communication,"[{""text"":""a buoy with a round bottom and conical top"",""source_sense_id"":null}]",[],[],"[{""value"":""ˈkæn"",""variety"":null,""notation"":null,""phonemic"":null,""audio"":null,""scope"":""lemma"",""form"":null}]","[{""lexical_entry_id"":""oewn-can-n"",""written_form"":""can"",""source_pos"":""n""},{""lexical_entry_id"":""oewn-can_buoy-n"",""written_form"":""can buoy"",""source_pos"":""n""}]",unreviewed
38,can,38,oewn:2025:oewn-can__1.08.00..,oewn:oewn-can__1.08.00..,oewn-can__1.08.00..,oewn-05566889-n,i66132,oewn-can-n,can,n,n,noun,false,33382,4,false,noun.body,"[{""text"":""the fleshy part of the human body that you sit on"",""source_sense_id"":null}]","[{""text"":""he deserves a good kick in the butt"",""source"":null,""scope"":""synset""},{""text"":""are you going to sit on your fanny and do nothing?"",""source"":null,""scope"":""synset""}]",[],"[{""value"":""ˈkæn"",""variety"":null,""notation"":null,""phonemic"":null,""audio"":null,""scope"":""lemma"",""form"":null}]","[{""lexical_entry_id"":""oewn-buttocks-n"",""written_form"":""buttocks"",""source_pos"":""n""},{""lexical_entry_id"":""oewn-nates-n"",""written_form"":""nates"",""source_pos"":""n""},{""lexical_entry_id"":""oewn-arse-n"",""written_form"":""arse"",""source_pos"":""n""},{""lexical_entry_id"":""oewn-butt-n"",""written_form"":""butt"",""source_pos"":""n""},{""lexical_entry_id"":""oewn-backside-n"",""written_form"":""backside"",""source_pos"":""n""},{""lexical_entry_id"":""oewn-bum-n"",""written_form"":""bum"",""source_pos"":""n""},{""lexical_entry_id"":""oewn-buns-n"",""written_form"":""buns"",""source_pos"":""n""},{""lexical_entry_id"":""oewn-can-n"",""written_form"":""can"",""source_pos"":""n""},{""lexical_entry_id"":""oewn-fundament-n"",""written_form"":""fundament"",""source_pos"":""n""},{""lexical_entry_id"":""oewn-hindquarters-n"",""written_form"":""hindquarters"",""source_pos"":""n""},{""lexical_entry_id"":""oewn-hind_end-n"",""written_form"":""hind end"",""source_pos"":""n""},{""lexical_entry_id"":""oewn-keister-n"",""written_form"":""keister"",""source_pos"":""n""},{""lexical_entry_id"":""oewn-posterior-n"",""written_form"":""posterior"",""source_pos"":""n""},{""lexical_entry_id"":""oewn-prat-n"",""written_form"":""prat"",""source_pos"":""n""},{""lexical_entry_id"":""oewn-rear-n"",""written_form"":""rear"",""source_pos"":""n""},{""lexical_entry_id"":""oewn-rear_end-n"",""written_form"":""rear end"",""source_pos"":""n""},{""lexical_entry_id"":""oewn-rump-n"",""written_form"":""rump"",""source_pos"":""n""},{""lexical_entry_id"":""oewn-stern-n"",""written_form"":""stern"",""source_pos"":""n""},{""lexical_entry_id"":""oewn-seat-n"",""written_form"":""seat"",""source_pos"":""n""},{""lexical_entry_id"":""oewn-tail-n"",""written_form"":""tail"",""source_pos"":""n""},{""lexical_entry_id"":""oewn-tail_end-n"",""written_form"":""tail end"",""source_pos"":""n""},{""lexical_entry_id"":""oewn-tooshie-n"",""written_form"":""tooshie"",""source_pos"":""n""},{""lexical_entry_id"":""oewn-tush-n"",""written_form"":""tush"",""source_pos"":""n""},{""lexical_entry_id"":""oewn-bottom-n"",""written_form"":""bottom"",""source_pos"":""n""},{""lexical_entry_id"":""oewn-behind-n"",""written_form"":""behind"",""source_pos"":""n""},{""lexical_entry_id"":""oewn-derriere-n"",""written_form"":""derriere"",""source_pos"":""n""},{""lexical_entry_id"":""oewn-fanny-n"",""written_form"":""fanny"",""source_pos"":""n""},{""lexical_entry_id"":""oewn-ass-n"",""written_form"":""ass"",""source_pos"":""n""}]",unreviewed
38,can,38,oewn:2025:oewn-can__1.06.03..,oewn:oewn-can__1.06.03..,oewn-can__1.06.03..,oewn-04453655-n,i60334,oewn-can-n,can,n,n,noun,false,33382,5,false,noun.artifact,"[{""text"":""a plumbing fixture for defecation and urination"",""source_sense_id"":null}]",[],[],"[{""value"":""ˈkæn"",""variety"":null,""notation"":null,""phonemic"":null,""audio"":null,""scope"":""lemma"",""form"":null}]","[{""lexical_entry_id"":""oewn-toilet-n"",""written_form"":""toilet"",""source_pos"":""n""},{""lexical_entry_id"":""oewn-can-n"",""written_form"":""can"",""source_pos"":""n""},{""lexical_entry_id"":""oewn-commode-n"",""written_form"":""commode"",""source_pos"":""n""},{""lexical_entry_id"":""oewn-crapper-n"",""written_form"":""crapper"",""source_pos"":""n""},{""lexical_entry_id"":""oewn-pot-n"",""written_form"":""pot"",""source_pos"":""n""},{""lexical_entry_id"":""oewn-potty-n"",""written_form"":""potty"",""source_pos"":""n""},{""lexical_entry_id"":""oewn-stool-n"",""written_form"":""stool"",""source_pos"":""n""},{""lexical_entry_id"":""oewn-throne-n"",""written_form"":""throne"",""source_pos"":""n""}]",unreviewed
38,can,38,oewn:2025:oewn-can__1.06.02..,oewn:oewn-can__1.06.02..,oewn-can__1.06.02..,oewn-04453410-n,i60333,oewn-can-n,can,n,n,noun,false,33382,6,false,noun.artifact,"[{""text"":""a room or building equipped with one or more toilets"",""source_sense_id"":null}]",[],[],"[{""value"":""ˈkæn"",""variety"":null,""notation"":null,""phonemic"":null,""audio"":null,""scope"":""lemma"",""form"":null}]","[{""lexical_entry_id"":""oewn-toilet-n"",""written_form"":""toilet"",""source_pos"":""n""},{""lexical_entry_id"":""oewn-lavatory-n"",""written_form"":""lavatory"",""source_pos"":""n""},{""lexical_entry_id"":""oewn-lav-n"",""written_form"":""lav"",""source_pos"":""n""},{""lexical_entry_id"":""oewn-can-n"",""written_form"":""can"",""source_pos"":""n""},{""lexical_entry_id"":""oewn-john-n"",""written_form"":""john"",""source_pos"":""n""},{""lexical_entry_id"":""oewn-privy-n"",""written_form"":""privy"",""source_pos"":""n""},{""lexical_entry_id"":""oewn-bathroom-n"",""written_form"":""bathroom"",""source_pos"":""n""}]",unreviewed
38,can,38,oewn:2025:oewn-can__2.30.00..,oewn:oewn-can__2.30.00..,oewn-can__2.30.00..,oewn-00214220-v,i22788,oewn-can-v,can,v,v,verb,false,33383,1,false,verb.change,"[{""text"":""preserve in a can or tin"",""source_sense_id"":null}]","[{""text"":""tinned foods are not very tasty"",""source"":null,""scope"":""synset""}]","[""canned"",""canning""]","[{""value"":""ˈkæn"",""variety"":null,""notation"":null,""phonemic"":null,""audio"":null,""scope"":""lemma"",""form"":null}]","[{""lexical_entry_id"":""oewn-can-v"",""written_form"":""can"",""source_pos"":""v""},{""lexical_entry_id"":""oewn-tin-v"",""written_form"":""tin"",""source_pos"":""v""},{""lexical_entry_id"":""oewn-put_up-v"",""written_form"":""put up"",""source_pos"":""v""}]",unreviewed
38,can,38,oewn:2025:oewn-can__2.41.00..,oewn:oewn-can__2.41.00..,oewn-can__2.41.00..,oewn-02407967-v,i33760,oewn-can-v,can,v,v,verb,false,33383,2,false,verb.social,"[{""text"":""terminate the employment of; discharge from an office or position"",""source_sense_id"":null}]","[{""text"":""The boss fired his secretary today"",""source"":null,""scope"":""synset""},{""text"":""The company terminated 25% of its workers"",""source"":null,""scope"":""synset""}]","[""canned"",""canning""]","[{""value"":""ˈkæn"",""variety"":null,""notation"":null,""phonemic"":null,""audio"":null,""scope"":""lemma"",""form"":null}]","[{""lexical_entry_id"":""oewn-displace-v"",""written_form"":""displace"",""source_pos"":""v""},{""lexical_entry_id"":""oewn-fire-v"",""written_form"":""fire"",""source_pos"":""v""},{""lexical_entry_id"":""oewn-give_notice-v"",""written_form"":""give notice"",""source_pos"":""v""},{""lexical_entry_id"":""oewn-can-v"",""written_form"":""can"",""source_pos"":""v""},{""lexical_entry_id"":""oewn-dismiss-v"",""written_form"":""dismiss"",""source_pos"":""v""},{""lexical_entry_id"":""oewn-give_the_axe-v"",""written_form"":""give the axe"",""source_pos"":""v""},{""lexical_entry_id"":""oewn-send_away-v"",""written_form"":""send away"",""source_pos"":""v""},{""lexical_entry_id"":""oewn-sack-v"",""written_form"":""sack"",""source_pos"":""v""},{""lexical_entry_id"":""oewn-force_out-v"",""written_form"":""force out"",""source_pos"":""v""},{""lexical_entry_id"":""oewn-give_the_sack-v"",""written_form"":""give the sack"",""source_pos"":""v""},{""lexical_entry_id"":""oewn-terminate-v"",""written_form"":""terminate"",""source_pos"":""v""}]",unreviewed
40,there,40,oewn:2025:oewn-there__1.15.00..,oewn:oewn-there__1.15.00..,oewn-there__1.15.00..,oewn-08506637-n,i81668,oewn-there-n,there,n,n,noun,false,122712,1,false,noun.location,"[{""text"":""a location other than here; that place; location, medial pronoun; demonstrative pronoun, location; quantifier: demonstrative determiner, distal; demonstrative pronoun, location; quantifier: demonstrative determiner, singular, distal"",""source_sense_id"":null}]","[{""text"":""you can take it from there"",""source"":null,""scope"":""synset""}]",[],"[{""value"":""ðɛə(ɹ)"",""variety"":""GB"",""notation"":null,""phonemic"":null,""audio"":null,""scope"":""lemma"",""form"":null},{""value"":""ðɛəɹ"",""variety"":""US"",""notation"":null,""phonemic"":null,""audio"":null,""scope"":""lemma"",""form"":null},{""value"":""ðeː(ɹ)"",""variety"":""AU"",""notation"":null,""phonemic"":null,""audio"":null,""scope"":""lemma"",""form"":null}]","[{""lexical_entry_id"":""oewn-there-n"",""written_form"":""there"",""source_pos"":""n""}]",unreviewed
40,there,40,oewn:2025:oewn-there__4.02.00..,oewn:oewn-there__4.02.00..,oewn-there__4.02.00..,oewn-00109919-r,i18828,oewn-there-r,there,r,r,adverb,false,122713,1,false,adv.all,"[{""text"":""in or at that place or location"",""source_sense_id"":null}]","[{""text"":""they have lived there for years"",""source"":null,""scope"":""synset""},{""text"":""it's not there"",""source"":null,""scope"":""synset""},{""text"":""that man there"",""source"":null,""scope"":""synset""}]",[],"[{""value"":""ðɛə(ɹ)"",""variety"":""GB"",""notation"":null,""phonemic"":null,""audio"":null,""scope"":""lemma"",""form"":null},{""value"":""ðɛəɹ"",""variety"":""US"",""notation"":null,""phonemic"":null,""audio"":null,""scope"":""lemma"",""form"":null},{""value"":""ðeː(ɹ)"",""variety"":""AU"",""notation"":null,""phonemic"":null,""audio"":null,""scope"":""lemma"",""form"":null}]","[{""lexical_entry_id"":""oewn-there-r"",""written_form"":""there"",""source_pos"":""r""}]",unreviewed
40,there,40,oewn:2025:oewn-there__4.02.02..,oewn:oewn-there__4.02.02..,oewn-there__4.02.02..,oewn-00110206-r,i18830,oewn-there-r,there,r,r,adverb,false,122713,2,false,adv.all,"[{""text"":""in that matter; in that respect; on that point"",""source_sense_id"":null}]","[{""text"":""I agree with you there"",""source"":null,""scope"":""synset""}]",[],"[{""value"":""ðɛə(ɹ)"",""variety"":""GB"",""notation"":null,""phonemic"":null,""audio"":null,""scope"":""lemma"",""form"":null},{""value"":""ðɛəɹ"",""variety"":""US"",""notation"":null,""phonemic"":null,""audio"":null,""scope"":""lemma"",""form"":null},{""value"":""ðeː(ɹ)"",""variety"":""AU"",""notation"":null,""phonemic"":null,""audio"":null,""scope"":""lemma"",""form"":null}]","[{""lexical_entry_id"":""oewn-there-r"",""written_form"":""there"",""source_pos"":""r""}]",unreviewed
40,there,40,oewn:2025:oewn-there__4.02.01..,oewn:oewn-there__4.02.01..,oewn-there__4.02.01..,oewn-00110073-r,i18829,oewn-there-r,there,r,r,adverb,false,122713,3,false,adv.all,"[{""text"":""to or toward that place; away from the speaker"",""source_sense_id"":null}]","[{""text"":""go there around noon!"",""source"":null,""scope"":""synset""}]",[],"[{""value"":""ðɛə(ɹ)"",""variety"":""GB"",""notation"":null,""phonemic"":null,""audio"":null,""scope"":""lemma"",""form"":null},{""value"":""ðɛəɹ"",""variety"":""US"",""notation"":null,""phonemic"":null,""audio"":null,""scope"":""lemma"",""form"":null},{""value"":""ðeː(ɹ)"",""variety"":""AU"",""notation"":null,""phonemic"":null,""audio"":null,""scope"":""lemma"",""form"":null}]","[{""lexical_entry_id"":""oewn-there-r"",""written_form"":""there"",""source_pos"":""r""},{""lexical_entry_id"":""oewn-thither-r"",""written_form"":""thither"",""source_pos"":""r""}]",unreviewed
41,know,41,oewn:2025:oewn-know__1.09.00..,oewn:oewn-know__1.09.00..,oewn-know__1.09.00..,oewn-05813020-n,i67388,oewn-know-n,know,n,n,noun,false,74570,1,false,noun.cognition,"[{""text"":""the fact of being aware of information that is known to few people"",""source_sense_id"":null}]","[{""text"":""he is always in the know"",""source"":null,""scope"":""synset""}]",[],"[{""value"":""nəʊ"",""variety"":""GB"",""notation"":null,""phonemic"":null,""audio"":null,""scope"":""lemma"",""form"":null},{""value"":""noʊ"",""variety"":""US"",""notation"":null,""phonemic"":null,""audio"":null,""scope"":""lemma"",""form"":null}]","[{""lexical_entry_id"":""oewn-know-n"",""written_form"":""know"",""source_pos"":""n""}]",unreviewed
41,know,41,oewn:2025:oewn-know__2.31.01..,oewn:oewn-know__2.31.01..,oewn-know__2.31.01..,oewn-00596016-v,i24736,oewn-know-v,know,v,v,verb,false,74571,1,false,verb.cognition,"[{""text"":""be cognizant or aware of a fact or a specific piece of information; possess knowledge or information about"",""source_sense_id"":null}]","[{""text"":""I know that the President lied to the people"",""source"":null,""scope"":""synset""},{""text"":""I want to know who is winning the game!"",""source"":null,""scope"":""synset""},{""text"":""I know it's time"",""source"":null,""scope"":""synset""}]","[""knew"",""known""]","[{""value"":""nəʊ"",""variety"":""GB"",""notation"":null,""phonemic"":null,""audio"":null,""scope"":""lemma"",""form"":null},{""value"":""noʊ"",""variety"":""US"",""notation"":null,""phonemic"":null,""audio"":null,""scope"":""lemma"",""form"":null}]","[{""lexical_entry_id"":""oewn-know-v"",""written_form"":""know"",""source_pos"":""v""},{""lexical_entry_id"":""oewn-cognize-v"",""written_form"":""cognize"",""source_pos"":""v""},{""lexical_entry_id"":""oewn-cognise-v"",""written_form"":""cognise"",""source_pos"":""v""}]",unreviewed
41,know,41,oewn:2025:oewn-know__2.31.03..,oewn:oewn-know__2.31.03..,oewn-know__2.31.03..,oewn-00597330-v,i24741,oewn-know-v,know,v,v,verb,false,74571,2,false,verb.cognition,"[{""text"":""know how to do or perform something"",""source_sense_id"":null}]","[{""text"":""She knows how to knit"",""source"":null,""scope"":""synset""},{""text"":""Does your husband know how to cook?"",""source"":null,""scope"":""synset""}]","[""knew"",""known""]","[{""value"":""nəʊ"",""variety"":""GB"",""notation"":null,""phonemic"":null,""audio"":null,""scope"":""lemma"",""form"":null},{""value"":""noʊ"",""variety"":""US"",""notation"":null,""phonemic"":null,""audio"":null,""scope"":""lemma"",""form"":null}]","[{""lexical_entry_id"":""oewn-know-v"",""written_form"":""know"",""source_pos"":""v""}]",unreviewed
41,know,41,oewn:2025:oewn-know__2.31.00..,oewn:oewn-know__2.31.00..,oewn-know__2.31.00..,oewn-00595732-v,i24735,oewn-know-v,know,v,v,verb,false,74571,3,false,verb.cognition,"[{""text"":""be familiar or acquainted with a person or an object"",""source_sense_id"":null}]","[{""text"":""She doesn't know this composer"",""source"":null,""scope"":""synset""},{""text"":""Do you know my sister?"",""source"":null,""scope"":""synset""},{""text"":""We know this movie"",""source"":null,""scope"":""synset""},{""text"":""I know him under a different name"",""source"":null,""scope"":""synset""},{""text"":""This flower is known as a Peruvian Lily"",""source"":null,""scope"":""synset""}]","[""knew"",""known""]","[{""value"":""nəʊ"",""variety"":""GB"",""notation"":null,""phonemic"":null,""audio"":null,""scope"":""lemma"",""form"":null},{""value"":""noʊ"",""variety"":""US"",""notation"":null,""phonemic"":null,""audio"":null,""scope"":""lemma"",""form"":null}]","[{""lexical_entry_id"":""oewn-know-v"",""written_form"":""know"",""source_pos"":""v""}]",unreviewed
41,know,41,oewn:2025:oewn-know__2.31.04..,oewn:oewn-know__2.31.04..,oewn-know__2.31.04..,oewn-00598039-v,i24745,oewn-know-v,know,v,v,verb,false,74571,4,false,verb.cognition,"[{""text"":""have firsthand knowledge of states, situations, emotions, or sensations"",""source_sense_id"":null}]","[{""text"":""I know the feeling!"",""source"":null,""scope"":""synset""},{""text"":""have you ever known hunger?"",""source"":null,""scope"":""synset""},{""text"":""I have lived a kind of hell when I was a drug addict"",""source"":null,""scope"":""synset""},{""text"":""The holocaust survivors have lived a nightmare"",""source"":null,""scope"":""synset""},{""text"":""I lived through two divorces"",""source"":null,""scope"":""synset""}]","[""knew"",""known""]","[{""value"":""nəʊ"",""variety"":""GB"",""notation"":null,""phonemic"":null,""audio"":null,""scope"":""lemma"",""form"":null},{""value"":""noʊ"",""variety"":""US"",""notation"":null,""phonemic"":null,""audio"":null,""scope"":""lemma"",""form"":null}]","[{""lexical_entry_id"":""oewn-know-v"",""written_form"":""know"",""source_pos"":""v""},{""lexical_entry_id"":""oewn-experience-v"",""written_form"":""experience"",""source_pos"":""v""},{""lexical_entry_id"":""oewn-live-v"",""written_form"":""live"",""source_pos"":""v""}]",unreviewed
41,know,41,oewn:2025:oewn-know__2.31.06..,oewn:oewn-know__2.31.06..,oewn-know__2.31.06..,oewn-00594278-v,i24728,oewn-know-v,know,v,v,verb,false,74571,5,false,verb.cognition,"[{""text"":""accept (someone) to be what is claimed or accept their power and authority"",""source_sense_id"":null}]","[{""text"":""The Crown Prince was acknowledged as the true heir to the throne"",""source"":null,""scope"":""synset""},{""text"":""We do not recognize your gods"",""source"":null,""scope"":""synset""}]","[""knew"",""known""]","[{""value"":""nəʊ"",""variety"":""GB"",""notation"":null,""phonemic"":null,""audio"":null,""scope"":""lemma"",""form"":null},{""value"":""noʊ"",""variety"":""US"",""notation"":null,""phonemic"":null,""audio"":null,""scope"":""lemma"",""form"":null}]","[{""lexical_entry_id"":""oewn-acknowledge-v"",""written_form"":""acknowledge"",""source_pos"":""v""},{""lexical_entry_id"":""oewn-recognize-v"",""written_form"":""recognize"",""source_pos"":""v""},{""lexical_entry_id"":""oewn-recognise-v"",""written_form"":""recognise"",""source_pos"":""v""},{""lexical_entry_id"":""oewn-know-v"",""written_form"":""know"",""source_pos"":""v""}]",unreviewed
41,know,41,oewn:2025:oewn-know__2.31.15..,oewn:oewn-know__2.31.15..,oewn-know__2.31.15..,oewn-00597527-v,i24742,oewn-know-v,know,v,v,verb,false,74571,6,false,verb.cognition,"[{""text"":""have fixed in the mind"",""source_sense_id"":null}]","[{""text"":""I know Latin"",""source"":null,""scope"":""synset""},{""text"":""This student knows her irregular verbs"",""source"":null,""scope"":""synset""},{""text"":""Do you know the poem well enough to recite it?"",""source"":null,""scope"":""synset""}]","[""knew"",""known""]","[{""value"":""nəʊ"",""variety"":""GB"",""notation"":null,""phonemic"":null,""audio"":null,""scope"":""lemma"",""form"":null},{""value"":""noʊ"",""variety"":""US"",""notation"":null,""phonemic"":null,""audio"":null,""scope"":""lemma"",""form"":null}]","[{""lexical_entry_id"":""oewn-know-v"",""written_form"":""know"",""source_pos"":""v""}]",unreviewed
41,know,41,oewn:2025:oewn-know__2.35.00..,oewn:oewn-know__2.35.00..,oewn-know__2.35.00..,oewn-01429048-v,i28863,oewn-know-v,know,v,v,verb,false,74571,7,false,verb.contact,"[{""text"":""have sexual intercourse with"",""source_sense_id"":null}]","[{""text"":""Adam knew Eve"",""source"":null,""scope"":""synset""},{""text"":""Were you ever intimate with this man?"",""source"":null,""scope"":""synset""}]","[""knew"",""known""]","[{""value"":""nəʊ"",""variety"":""GB"",""notation"":null,""phonemic"":null,""audio"":null,""scope"":""lemma"",""form"":null},{""value"":""noʊ"",""variety"":""US"",""notation"":null,""phonemic"":null,""audio"":null,""scope"":""lemma"",""form"":null}]","[{""lexical_entry_id"":""oewn-sleep_together-v"",""written_form"":""sleep together"",""source_pos"":""v""},{""lexical_entry_id"":""oewn-roll_in_the_hay-v"",""written_form"":""roll in the hay"",""source_pos"":""v""},{""lexical_entry_id"":""oewn-love-v"",""written_form"":""love"",""source_pos"":""v""},{""lexical_entry_id"":""oewn-make_out-v"",""written_form"":""make out"",""source_pos"":""v""},{""lexical_entry_id"":""oewn-make_love-v"",""written_form"":""make love"",""source_pos"":""v""},{""lexical_entry_id"":""oewn-sleep_with-v"",""written_form"":""sleep with"",""source_pos"":""v""},{""lexical_entry_id"":""oewn-get_laid-v"",""written_form"":""get laid"",""source_pos"":""v""},{""lexical_entry_id"":""oewn-have_sex-v"",""written_form"":""have sex"",""source_pos"":""v""},{""lexical_entry_id"":""oewn-know-v"",""written_form"":""know"",""source_pos"":""v""},{""lexical_entry_id"":""oewn-do_it-v"",""written_form"":""do it"",""source_pos"":""v""},{""lexical_entry_id"":""oewn-be_intimate-v"",""written_form"":""be intimate"",""source_pos"":""v""},{""lexical_entry_id"":""oewn-have_intercourse-v"",""written_form"":""have intercourse"",""source_pos"":""v""},{""lexical_entry_id"":""oewn-have_it_away-v"",""written_form"":""have it away"",""source_pos"":""v""},{""lexical_entry_id"":""oewn-have_it_off-v"",""written_form"":""have it off"",""source_pos"":""v""},{""lexical_entry_id"":""oewn-screw-v"",""written_form"":""screw"",""source_pos"":""v""},{""lexical_entry_id"":""oewn-fuck-v"",""written_form"":""fuck"",""source_pos"":""v""},{""lexical_entry_id"":""oewn-jazz-v"",""written_form"":""jazz"",""source_pos"":""v""},{""lexical_entry_id"":""oewn-eff-v"",""written_form"":""eff"",""source_pos"":""v""},{""lexical_entry_id"":""oewn-hump-v"",""written_form"":""hump"",""source_pos"":""v""},{""lexical_entry_id"":""oewn-lie_with-v"",""written_form"":""lie with"",""source_pos"":""v""},{""lexical_entry_id"":""oewn-bed-v"",""written_form"":""bed"",""source_pos"":""v""},{""lexical_entry_id"":""oewn-have_a_go_at_it-v"",""written_form"":""have a go at it"",""source_pos"":""v""},{""lexical_entry_id"":""oewn-bang-v"",""written_form"":""bang"",""source_pos"":""v""},{""lexical_entry_id"":""oewn-get_it_on-v"",""written_form"":""get it on"",""source_pos"":""v""},{""lexical_entry_id"":""oewn-bonk-v"",""written_form"":""bonk"",""source_pos"":""v""}]",unreviewed
41,know,41,oewn:2025:oewn-know__2.31.11..,oewn:oewn-know__2.31.11..,oewn-know__2.31.11..,oewn-00610224-v,i24802,oewn-know-v,know,v,v,verb,false,74571,8,false,verb.cognition,"[{""text"":""know the nature or character of"",""source_sense_id"":null}]","[{""text"":""we all knew her as a big show-off"",""source"":null,""scope"":""synset""}]","[""knew"",""known""]","[{""value"":""nəʊ"",""variety"":""GB"",""notation"":null,""phonemic"":null,""audio"":null,""scope"":""lemma"",""form"":null},{""value"":""noʊ"",""variety"":""US"",""notation"":null,""phonemic"":null,""audio"":null,""scope"":""lemma"",""form"":null}]","[{""lexical_entry_id"":""oewn-know-v"",""written_form"":""know"",""source_pos"":""v""}]",unreviewed
41,know,41,oewn:2025:oewn-know__2.31.12..,oewn:oewn-know__2.31.12..,oewn-know__2.31.12..,oewn-00610056-v,i24801,oewn-know-v,know,v,v,verb,false,74571,9,false,verb.cognition,"[{""text"":""be able to distinguish, recognize as being different"",""source_sense_id"":null}]","[{""text"":""The child knows right from wrong"",""source"":null,""scope"":""synset""}]","[""knew"",""known""]","[{""value"":""nəʊ"",""variety"":""GB"",""notation"":null,""phonemic"":null,""audio"":null,""scope"":""lemma"",""form"":null},{""value"":""noʊ"",""variety"":""US"",""notation"":null,""phonemic"":null,""audio"":null,""scope"":""lemma"",""form"":null}]","[{""lexical_entry_id"":""oewn-know-v"",""written_form"":""know"",""source_pos"":""v""}]",unreviewed
41,know,41,oewn:2025:oewn-know__2.31.14..,oewn:oewn-know__2.31.14..,oewn-know__2.31.14..,oewn-00609926-v,i24800,oewn-know-v,know,v,v,verb,false,74571,10,false,verb.cognition,"[{""text"":""perceive as familiar"",""source_sense_id"":null}]","[{""text"":""I know this voice!"",""source"":null,""scope"":""synset""}]","[""knew"",""known""]","[{""value"":""nəʊ"",""variety"":""GB"",""notation"":null,""phonemic"":null,""audio"":null,""scope"":""lemma"",""form"":null},{""value"":""noʊ"",""variety"":""US"",""notation"":null,""phonemic"":null,""audio"":null,""scope"":""lemma"",""form"":null}]","[{""lexical_entry_id"":""oewn-know-v"",""written_form"":""know"",""source_pos"":""v""}]",unreviewed
42,more,42,oewn:2025:oewn-more__3.00.01..,oewn:oewn-more__3.00.01..,oewn-more__3.00.01..,oewn-01559526-a,i8536,oewn-more-a,more,a,a,adjective,false,83989,1,false,adj.all,"[{""text"":""(comparative of ‘much’ used with mass nouns) a quantifier meaning greater in size or amount or extent or degree; above; more than"",""source_sense_id"":null}]","[{""text"":""more land"",""source"":null,""scope"":""synset""},{""text"":""more support"",""source"":null,""scope"":""synset""},{""text"":""more rain fell"",""source"":null,""scope"":""synset""},{""text"":""more than a gallon"",""source"":null,""scope"":""synset""}]",[],[],"[{""lexical_entry_id"":""oewn-more-a"",""written_form"":""more"",""source_pos"":""a""},{""lexical_entry_id"":""oewn-more_than-a"",""written_form"":""more than"",""source_pos"":""a""}]",unreviewed
42,more,42,oewn:2025:oewn-more__3.00.02..,oewn:oewn-more__3.00.02..,oewn-more__3.00.02..,oewn-01560748-a,i8540,oewn-more-a,more,a,a,adjective,false,83989,2,false,adj.all,"[{""text"":""(comparative of ‘many’ used with count nouns) quantifier meaning greater in number"",""source_sense_id"":null}]","[{""text"":""a hall with more seats"",""source"":null,""scope"":""synset""},{""text"":""we have no more bananas"",""source"":null,""scope"":""synset""},{""text"":""more than one"",""source"":null,""scope"":""synset""}]",[],[],"[{""lexical_entry_id"":""oewn-more-a"",""written_form"":""more"",""source_pos"":""a""}]",unreviewed
42,more,42,oewn:2025:oewn-more__4.02.00..,oewn:oewn-more__4.02.00..,oewn-more__4.02.00..,oewn-00099891-r,i18760,oewn-more-r,more,r,r,adverb,false,83991,1,false,adv.all,"[{""text"":""used to form the comparative of some adjectives and adverbs, indicates that the adjective or adverb is more of something"",""source_sense_id"":null}]","[{""text"":""more interesting"",""source"":null,""scope"":""synset""},{""text"":""more beautiful"",""source"":null,""scope"":""synset""},{""text"":""more quickly"",""source"":null,""scope"":""synset""}]",[],[],"[{""lexical_entry_id"":""oewn-more-r"",""written_form"":""more"",""source_pos"":""r""},{""lexical_entry_id"":""oewn-to_a_greater_extent-r"",""written_form"":""to a greater extent"",""source_pos"":""r""}]",unreviewed
42,more,42,oewn:2025:oewn-more__4.02.01..,oewn:oewn-more__4.02.01..,oewn-more__4.02.01..,oewn-00100262-r,i18762,oewn-more-r,more,r,r,adverb,false,83991,2,false,adv.all,"[{""text"":""comparative of much; to a greater degree or extent"",""source_sense_id"":null}]","[{""text"":""he works more now"",""source"":null,""scope"":""synset""},{""text"":""they eat more than they should"",""source"":null,""scope"":""synset""}]",[],[],"[{""lexical_entry_id"":""oewn-more-r"",""written_form"":""more"",""source_pos"":""r""}]",unreviewed
43,get,43,oewn:2025:oewn-get__1.04.00..,oewn:oewn-get__1.04.00..,oewn-get__1.04.00..,oewn-00568933-n,i38377,oewn-get-n,get,n,n,noun,false,61240,1,false,noun.act,"[{""text"":""a return on a shot that seemed impossible to reach and would normally have resulted in a point for the opponent"",""source_sense_id"":null}]",[],[],[],"[{""lexical_entry_id"":""oewn-get-n"",""written_form"":""get"",""source_pos"":""n""}]",unreviewed
43,get,43,oewn:2025:oewn-get__2.40.00..,oewn:oewn-get__2.40.00..,oewn-get__2.40.00..,oewn-02215637-v,i32803,oewn-get-v,get,v,v,verb,false,61242,1,false,verb.possession,"[{""text"":""come into the possession of something concrete or abstract"",""source_sense_id"":null}]","[{""text"":""She got a lot of paintings from her uncle"",""source"":null,""scope"":""synset""},{""text"":""They acquired a new pet"",""source"":null,""scope"":""synset""},{""text"":""Get your results the next day"",""source"":null,""scope"":""synset""},{""text"":""Get permission to take a few days off from work"",""source"":null,""scope"":""synset""}]","[""getting"",""got"",""gotten""]",[],"[{""lexical_entry_id"":""oewn-get-v"",""written_form"":""get"",""source_pos"":""v""},{""lexical_entry_id"":""oewn-acquire-v"",""written_form"":""acquire"",""source_pos"":""v""}]",unreviewed
43,get,43,oewn:2025:oewn-get__2.30.00..,oewn:oewn-get__2.30.00..,oewn-get__2.30.00..,oewn-00149403-v,i22460,oewn-get-v,get,v,v,verb,false,61242,2,false,verb.change,"[{""text"":""enter or assume a certain state or condition"",""source_sense_id"":null}]","[{""text"":""He became annoyed when he heard the bad news"",""source"":null,""scope"":""synset""},{""text"":""It must be getting more serious"",""source"":null,""scope"":""synset""},{""text"":""her face went red with anger"",""source"":null,""scope"":""synset""},{""text"":""She went into ecstasy"",""source"":null,""scope"":""synset""},{""text"":""Get going!"",""source"":null,""scope"":""synset""}]","[""getting"",""got"",""gotten""]",[],"[{""lexical_entry_id"":""oewn-become-v"",""written_form"":""become"",""source_pos"":""v""},{""lexical_entry_id"":""oewn-go-v"",""written_form"":""go"",""source_pos"":""v""},{""lexical_entry_id"":""oewn-get-v"",""written_form"":""get"",""source_pos"":""v""}]",unreviewed
43,get,43,oewn:2025:oewn-get__2.30.02..,oewn:oewn-get__2.30.02..,oewn-get__2.30.02..,oewn-00120604-v,i22363,oewn-get-v,get,v,v,verb,false,61242,3,false,verb.change,"[{""text"":""cause to move; cause to be in a certain position or condition"",""source_sense_id"":null}]","[{""text"":""He got his squad on the ball"",""source"":null,""scope"":""synset""},{""text"":""This let me in for a big surprise"",""source"":null,""scope"":""synset""},{""text"":""He got a girl into trouble"",""source"":null,""scope"":""synset""}]","[""getting"",""got"",""gotten""]",[],"[{""lexical_entry_id"":""oewn-get-v"",""written_form"":""get"",""source_pos"":""v""},{""lexical_entry_id"":""oewn-let-v"",""written_form"":""let"",""source_pos"":""v""},{""lexical_entry_id"":""oewn-have-v"",""written_form"":""have"",""source_pos"":""v""}]",unreviewed
43,get,43,oewn:2025:oewn-get__2.30.03..,oewn:oewn-get__2.30.03..,oewn-get__2.30.03..,oewn-00523831-v,i24333,oewn-get-v,get,v,v,verb,false,61242,4,false,verb.change,"[{""text"":""receive a specified treatment (abstract)"",""source_sense_id"":null}]","[{""text"":""These aspects of civilization do not find expression or receive an interpretation"",""source"":null,""scope"":""synset""},{""text"":""His movie received a good review"",""source"":null,""scope"":""synset""},{""text"":""I got nothing but trouble for my good intentions"",""source"":null,""scope"":""synset""}]","[""getting"",""got"",""gotten""]",[],"[{""lexical_entry_id"":""oewn-receive-v"",""written_form"":""receive"",""source_pos"":""v""},{""lexical_entry_id"":""oewn-get-v"",""written_form"":""get"",""source_pos"":""v""},{""lexical_entry_id"":""oewn-find-v"",""written_form"":""find"",""source_pos"":""v""},{""lexical_entry_id"":""oewn-obtain-v"",""written_form"":""obtain"",""source_pos"":""v""},{""lexical_entry_id"":""oewn-incur-v"",""written_form"":""incur"",""source_pos"":""v""}]",unreviewed
43,get,43,oewn:2025:oewn-get__2.38.00..,oewn:oewn-get__2.38.00..,oewn-get__2.38.00..,oewn-02009962-v,i31766,oewn-get-v,get,v,v,verb,false,61242,5,false,verb.motion,"[{""text"":""reach a destination; arrive by movement or progress"",""source_sense_id"":null}]","[{""text"":""She arrived home at 7 o'clock"",""source"":null,""scope"":""synset""},{""text"":""She didn't get to Chicago until after midnight"",""source"":null,""scope"":""synset""}]","[""getting"",""got"",""gotten""]",[],"[{""lexical_entry_id"":""oewn-arrive-v"",""written_form"":""arrive"",""source_pos"":""v""},{""lexical_entry_id"":""oewn-get-v"",""written_form"":""get"",""source_pos"":""v""},{""lexical_entry_id"":""oewn-come-v"",""written_form"":""come"",""source_pos"":""v""}]",unreviewed
43,get,43,oewn:2025:oewn-get__2.35.03..,oewn:oewn-get__2.35.03..,oewn-get__2.35.03..,oewn-01435927-v,i28895,oewn-get-v,get,v,v,verb,false,61242,6,false,verb.contact,"[{""text"":""go or come after and bring or take back"",""source_sense_id"":null}]","[{""text"":""Get me those books over there, please"",""source"":null,""scope"":""synset""},{""text"":""Could you bring the wine?"",""source"":null,""scope"":""synset""},{""text"":""The dog fetched the hat"",""source"":null,""scope"":""synset""}]","[""getting"",""got"",""gotten""]",[],"[{""lexical_entry_id"":""oewn-bring-v"",""written_form"":""bring"",""source_pos"":""v""},{""lexical_entry_id"":""oewn-get-v"",""written_form"":""get"",""source_pos"":""v""},{""lexical_entry_id"":""oewn-convey-v"",""written_form"":""convey"",""source_pos"":""v""},{""lexical_entry_id"":""oewn-fetch-v"",""written_form"":""fetch"",""source_pos"":""v""}]",unreviewed
43,get,43,oewn:2025:oewn-get__2.39.00..,oewn:oewn-get__2.39.00..,oewn-get__2.39.00..,oewn-02112480-v,i32302,oewn-get-v,get,v,v,verb,false,61242,7,false,verb.perception,"[{""text"":""go through (mental or physical states or experiences)"",""source_sense_id"":null}]","[{""text"":""get an idea"",""source"":null,""scope"":""synset""},{""text"":""experience vertigo"",""source"":null,""scope"":""synset""},{""text"":""get nauseous"",""source"":null,""scope"":""synset""},{""text"":""receive injuries"",""source"":null,""scope"":""synset""},{""text"":""have a feeling"",""source"":null,""scope"":""synset""}]","[""getting"",""got"",""gotten""]",[],"[{""lexical_entry_id"":""oewn-experience-v"",""written_form"":""experience"",""source_pos"":""v""},{""lexical_entry_id"":""oewn-receive-v"",""written_form"":""receive"",""source_pos"":""v""},{""lexical_entry_id"":""oewn-have-v"",""written_form"":""have"",""source_pos"":""v""},{""lexical_entry_id"":""oewn-get-v"",""written_form"":""get"",""source_pos"":""v""}]",unreviewed
43,get,43,oewn:2025:oewn-get__2.33.00..,oewn:oewn-get__2.33.00..,oewn-get__2.33.00..,oewn-01156413-v,i27393,oewn-get-v,get,v,v,verb,false,61242,8,false,verb.competition,"[{""text"":""take vengeance on or get even"",""source_sense_id"":null}]","[{""text"":""We'll get them!"",""source"":null,""scope"":""synset""},{""text"":""That'll fix him good!"",""source"":null,""scope"":""synset""},{""text"":""This time I got him"",""source"":null,""scope"":""synset""}]","[""getting"",""got"",""gotten""]",[],"[{""lexical_entry_id"":""oewn-pay_back-v"",""written_form"":""pay back"",""source_pos"":""v""},{""lexical_entry_id"":""oewn-pay_off-v"",""written_form"":""pay off"",""source_pos"":""v""},{""lexical_entry_id"":""oewn-get-v"",""written_form"":""get"",""source_pos"":""v""},{""lexical_entry_id"":""oewn-fix-v"",""written_form"":""fix"",""source_pos"":""v""}]",unreviewed
43,get,43,oewn:2025:oewn-get__2.40.01..,oewn:oewn-get__2.40.01..,oewn-get__2.40.01..,oewn-02360592-v,i33526,oewn-get-v,get,v,v,verb,false,61242,9,false,verb.possession,"[{""text"":""achieve a point or goal"",""source_sense_id"":null}]","[{""text"":""Nicklaus had a 70"",""source"":null,""scope"":""synset""},{""text"":""The Brazilian team got 4 goals"",""source"":null,""scope"":""synset""},{""text"":""She made 29 points that day"",""source"":null,""scope"":""synset""}]","[""getting"",""got"",""gotten""]",[],"[{""lexical_entry_id"":""oewn-have-v"",""written_form"":""have"",""source_pos"":""v""},{""lexical_entry_id"":""oewn-get-v"",""written_form"":""get"",""source_pos"":""v""},{""lexical_entry_id"":""oewn-make-v"",""written_form"":""make"",""source_pos"":""v""}]",unreviewed
43,get,43,oewn:2025:oewn-get__2.32.00..,oewn:oewn-get__2.32.00..,oewn-get__2.32.00..,oewn-00772482-v,i25546,oewn-get-v,get,v,v,verb,false,61242,10,false,verb.communication,"[{""text"":""cause to do; cause to act in a specified manner"",""source_sense_id"":null}]","[{""text"":""The ads induced me to buy a VCR"",""source"":null,""scope"":""synset""},{""text"":""My children finally got me to buy a computer"",""source"":null,""scope"":""synset""},{""text"":""My wife made me buy a new sofa"",""source"":null,""scope"":""synset""}]","[""getting"",""got"",""gotten""]",[],"[{""lexical_entry_id"":""oewn-induce-v"",""written_form"":""induce"",""source_pos"":""v""},{""lexical_entry_id"":""oewn-stimulate-v"",""written_form"":""stimulate"",""source_pos"":""v""},{""lexical_entry_id"":""oewn-cause-v"",""written_form"":""cause"",""source_pos"":""v""},{""lexical_entry_id"":""oewn-have-v"",""written_form"":""have"",""source_pos"":""v""},{""lexical_entry_id"":""oewn-get-v"",""written_form"":""get"",""source_pos"":""v""},{""lexical_entry_id"":""oewn-make-v"",""written_form"":""make"",""source_pos"":""v""}]",unreviewed
43,get,43,oewn:2025:oewn-get__2.35.09..,oewn:oewn-get__2.35.09..,oewn-get__2.35.09..,oewn-01217985-v,i27699,oewn-get-v,get,v,v,verb,false,61242,11,false,verb.contact,"[{""text"":""succeed in catching or seizing, especially after a chase"",""source_sense_id"":null}]","[{""text"":""We finally got the suspect"",""source"":null,""scope"":""synset""},{""text"":""Did you catch the thief?"",""source"":null,""scope"":""synset""}]","[""getting"",""got"",""gotten""]",[],"[{""lexical_entry_id"":""oewn-get-v"",""written_form"":""get"",""source_pos"":""v""},{""lexical_entry_id"":""oewn-catch-v"",""written_form"":""catch"",""source_pos"":""v""},{""lexical_entry_id"":""oewn-capture-v"",""written_form"":""capture"",""source_pos"":""v""}]",unreviewed
43,get,43,oewn:2025:oewn-get__2.29.01..,oewn:oewn-get__2.29.01..,oewn-get__2.29.01..,oewn-00094214-v,i22243,oewn-get-v,get,v,v,verb,false,61242,12,false,verb.body,"[{""text"":""come to have or undergo a change of (physical features and attributes)"",""source_sense_id"":null}]","[{""text"":""He grew a beard"",""source"":null,""scope"":""synset""},{""text"":""The patient developed abdominal pains"",""source"":null,""scope"":""synset""},{""text"":""I got funny spots all over my body"",""source"":null,""scope"":""synset""},{""text"":""Well-developed breasts"",""source"":null,""scope"":""synset""}]","[""getting"",""got"",""gotten""]",[],"[{""lexical_entry_id"":""oewn-grow-v"",""written_form"":""grow"",""source_pos"":""v""},{""lexical_entry_id"":""oewn-develop-v"",""written_form"":""develop"",""source_pos"":""v""},{""lexical_entry_id"":""oewn-produce-v"",""written_form"":""produce"",""source_pos"":""v""},{""lexical_entry_id"":""oewn-get-v"",""written_form"":""get"",""source_pos"":""v""},{""lexical_entry_id"":""oewn-acquire-v"",""written_form"":""acquire"",""source_pos"":""v""}]",unreviewed
43,get,43,oewn:2025:oewn-get__2.29.00..,oewn:oewn-get__2.29.00..,oewn-get__2.29.00..,oewn-00087488-v,i22208,oewn-get-v,get,v,v,verb,false,61242,13,false,verb.body,"[{""text"":""be stricken by an illness, fall victim to an illness"",""source_sense_id"":null}]","[{""text"":""He got AIDS"",""source"":null,""scope"":""synset""},{""text"":""She came down with pneumonia"",""source"":null,""scope"":""synset""},{""text"":""She took a chill"",""source"":null,""scope"":""synset""}]","[""getting"",""got"",""gotten""]",[],"[{""lexical_entry_id"":""oewn-contract-v"",""written_form"":""contract"",""source_pos"":""v""},{""lexical_entry_id"":""oewn-take-v"",""written_form"":""take"",""source_pos"":""v""},{""lexical_entry_id"":""oewn-get-v"",""written_form"":""get"",""source_pos"":""v""}]",unreviewed
43,get,43,oewn:2025:oewn-get__2.32.03..,oewn:oewn-get__2.32.03..,oewn-get__2.32.03..,oewn-01068058-v,i26918,oewn-get-v,get,v,v,verb,false,61242,14,false,verb.communication,"[{""text"":""communicate with a place or person; establish communication with, as if by telephone"",""source_sense_id"":null}]","[{""text"":""Bill called this number and he got Mary"",""source"":null,""scope"":""synset""},{""text"":""The operator couldn't get Kobe because of the earthquake"",""source"":null,""scope"":""synset""}]","[""getting"",""got"",""gotten""]",[],"[{""lexical_entry_id"":""oewn-get-v"",""written_form"":""get"",""source_pos"":""v""}]",unreviewed
43,get,43,oewn:2025:oewn-get__2.30.01..,oewn:oewn-get__2.30.01..,oewn-get__2.30.01..,oewn-00120124-v,i22361,oewn-get-v,get,v,v,verb,false,61242,15,false,verb.change,"[{""text"":""give certain properties to something"",""source_sense_id"":null}]","[{""text"":""get someone mad"",""source"":null,""scope"":""synset""},{""text"":""She made us look silly"",""source"":null,""scope"":""synset""},{""text"":""He made a fool of himself at the meeting"",""source"":null,""scope"":""synset""},{""text"":""Don't make this into a big deal"",""source"":null,""scope"":""synset""},{""text"":""This invention will make you a millionaire"",""source"":null,""scope"":""synset""},{""text"":""Make yourself clear"",""source"":null,""scope"":""synset""}]","[""getting"",""got"",""gotten""]",[],"[{""lexical_entry_id"":""oewn-make-v"",""written_form"":""make"",""source_pos"":""v""},{""lexical_entry_id"":""oewn-get-v"",""written_form"":""get"",""source_pos"":""v""}]",unreviewed
43,get,43,oewn:2025:oewn-get__2.32.08..,oewn:oewn-get__2.32.08..,oewn-get__2.32.08..,oewn-01028984-v,i26709,oewn-get-v,get,v,v,verb,false,61242,16,false,verb.communication,"[{""text"":""move into a desired direction of discourse"",""source_sense_id"":null}]","[{""text"":""What are you driving at?"",""source"":null,""scope"":""synset""}]","[""getting"",""got"",""gotten""]",[],"[{""lexical_entry_id"":""oewn-drive-v"",""written_form"":""drive"",""source_pos"":""v""},{""lexical_entry_id"":""oewn-get-v"",""written_form"":""get"",""source_pos"":""v""},{""lexical_entry_id"":""oewn-aim-v"",""written_form"":""aim"",""source_pos"":""v""}]",unreviewed
43,get,43,oewn:2025:oewn-get__2.31.09..,oewn:oewn-get__2.31.09..,oewn-get__2.31.09..,oewn-00591299-v,i24714,oewn-get-v,get,v,v,verb,false,61242,17,false,verb.cognition,"[{""text"":""grasp with the mind or develop an understanding of"",""source_sense_id"":null}]","[{""text"":""did you catch that allusion?"",""source"":null,""scope"":""synset""},{""text"":""We caught something of his theory in the lecture"",""source"":null,""scope"":""synset""},{""text"":""don't catch your meaning"",""source"":null,""scope"":""synset""},{""text"":""did you get it?"",""source"":null,""scope"":""synset""},{""text"":""She didn't get the joke"",""source"":null,""scope"":""synset""},{""text"":""I just don't get him"",""source"":null,""scope"":""synset""}]","[""getting"",""got"",""gotten""]",[],"[{""lexical_entry_id"":""oewn-catch-v"",""written_form"":""catch"",""source_pos"":""v""},{""lexical_entry_id"":""oewn-get-v"",""written_form"":""get"",""source_pos"":""v""}]",unreviewed
43,get,43,oewn:2025:oewn-get__2.35.00..,oewn:oewn-get__2.35.00..,oewn-get__2.35.00..,oewn-01508590-v,i29253,oewn-get-v,get,v,v,verb,false,61242,18,false,verb.contact,"[{""text"":""attract and fix"",""source_sense_id"":null}]","[{""text"":""His look caught her"",""source"":null,""scope"":""synset""},{""text"":""She caught his eye"",""source"":null,""scope"":""synset""},{""text"":""Catch the attention of the waiter"",""source"":null,""scope"":""synset""}]","[""getting"",""got"",""gotten""]",[],"[{""lexical_entry_id"":""oewn-catch-v"",""written_form"":""catch"",""source_pos"":""v""},{""lexical_entry_id"":""oewn-arrest-v"",""written_form"":""arrest"",""source_pos"":""v""},{""lexical_entry_id"":""oewn-get-v"",""written_form"":""get"",""source_pos"":""v""}]",unreviewed
43,get,43,oewn:2025:oewn-get__2.35.10..,oewn:oewn-get__2.35.10..,oewn-get__2.35.10..,oewn-01403769-v,i28726,oewn-get-v,get,v,v,verb,false,61242,19,false,verb.contact,"[{""text"":""reach with a blow or hit in a particular spot"",""source_sense_id"":null}]","[{""text"":""the rock caught her in the back of the head"",""source"":null,""scope"":""synset""},{""text"":""The blow got him in the back"",""source"":null,""scope"":""synset""},{""text"":""The punch caught him in the stomach"",""source"":null,""scope"":""synset""}]","[""getting"",""got"",""gotten""]",[],"[{""lexical_entry_id"":""oewn-get-v"",""written_form"":""get"",""source_pos"":""v""},{""lexical_entry_id"":""oewn-catch-v"",""written_form"":""catch"",""source_pos"":""v""}]",unreviewed
43,get,43,oewn:2025:oewn-get__2.31.03..,oewn:oewn-get__2.31.03..,oewn-get__2.31.03..,oewn-00641511-v,i24934,oewn-get-v,get,v,v,verb,false,61242,20,false,verb.cognition,"[{""text"":""reach by calculation"",""source_sense_id"":null}]","[{""text"":""What do you get when you add up these numbers?"",""source"":null,""scope"":""synset""}]","[""getting"",""got"",""gotten""]",[],"[{""lexical_entry_id"":""oewn-get-v"",""written_form"":""get"",""source_pos"":""v""}]",unreviewed
43,get,43,oewn:2025:oewn-get__2.40.14..,oewn:oewn-get__2.40.14..,oewn-get__2.40.14..,oewn-02364339-v,i33548,oewn-get-v,get,v,v,verb,false,61242,21,false,verb.possession,"[{""text"":""acquire as a result of some effort or action"",""source_sense_id"":null}]","[{""text"":""You cannot get water out of a stone"",""source"":null,""scope"":""synset""},{""text"":""Where did she get these news?"",""source"":null,""scope"":""synset""}]","[""getting"",""got"",""gotten""]",[],"[{""lexical_entry_id"":""oewn-get-v"",""written_form"":""get"",""source_pos"":""v""}]",unreviewed
43,get,43,oewn:2025:oewn-get__2.40.13..,oewn:oewn-get__2.40.13..,oewn-get__2.40.13..,oewn-02213047-v,i32791,oewn-get-v,get,v,v,verb,false,61242,22,false,verb.possession,"[{""text"":""purchase"",""source_sense_id"":null}]","[{""text"":""What did you get at the toy store?"",""source"":null,""scope"":""synset""}]","[""getting"",""got"",""gotten""]",[],"[{""lexical_entry_id"":""oewn-get-v"",""written_form"":""get"",""source_pos"":""v""}]",unreviewed
43,get,43,oewn:2025:oewn-get__2.39.13..,oewn:oewn-get__2.39.13..,oewn-get__2.39.13..,oewn-02193844-v,i32701,oewn-get-v,get,v,v,verb,false,61242,23,false,verb.perception,"[{""text"":""perceive by hearing"",""source_sense_id"":null}]","[{""text"":""I didn't catch your name"",""source"":null,""scope"":""synset""},{""text"":""She didn't get his name when they met the first time"",""source"":null,""scope"":""synset""}]","[""getting"",""got"",""gotten""]",[],"[{""lexical_entry_id"":""oewn-catch-v"",""written_form"":""catch"",""source_pos"":""v""},{""lexical_entry_id"":""oewn-get-v"",""written_form"":""get"",""source_pos"":""v""}]",unreviewed
43,get,43,oewn:2025:oewn-get__2.39.09..,oewn:oewn-get__2.39.09..,oewn-get__2.39.09..,oewn-02114099-v,i32309,oewn-get-v,get,v,v,verb,false,61242,24,false,verb.perception,"[{""text"":""suffer from the receipt of"",""source_sense_id"":null}]","[{""text"":""She will catch hell for this behavior!"",""source"":null,""scope"":""synset""}]","[""getting"",""got"",""gotten""]",[],"[{""lexical_entry_id"":""oewn-catch-v"",""written_form"":""catch"",""source_pos"":""v""},{""lexical_entry_id"":""oewn-get-v"",""written_form"":""get"",""source_pos"":""v""}]",unreviewed
43,get,43,oewn:2025:oewn-get__2.39.14..,oewn:oewn-get__2.39.14..,oewn-get__2.39.14..,oewn-02113108-v,i32304,oewn-get-v,get,v,v,verb,false,61242,25,false,verb.perception,"[{""text"":""receive as a retribution or punishment"",""source_sense_id"":null}]","[{""text"":""He got 5 years in prison"",""source"":null,""scope"":""synset""}]","[""getting"",""got"",""gotten""]",[],"[{""lexical_entry_id"":""oewn-get-v"",""written_form"":""get"",""source_pos"":""v""},{""lexical_entry_id"":""oewn-receive-v"",""written_form"":""receive"",""source_pos"":""v""}]",unreviewed
43,get,43,oewn:2025:oewn-get__2.38.15..,oewn:oewn-get__2.38.15..,oewn-get__2.38.15..,oewn-02014716-v,i31791,oewn-get-v,get,v,v,verb,false,61242,26,false,verb.motion,"[{""text"":""leave immediately; used usually in the imperative form"",""source_sense_id"":null}]","[{""text"":""Scram!"",""source"":null,""scope"":""synset""}]","[""getting"",""got"",""gotten""]",[],"[{""lexical_entry_id"":""oewn-scram-v"",""written_form"":""scram"",""source_pos"":""v""},{""lexical_entry_id"":""oewn-buzz_off-v"",""written_form"":""buzz off"",""source_pos"":""v""},{""lexical_entry_id"":""oewn-fuck_off-v"",""written_form"":""fuck off"",""source_pos"":""v""},{""lexical_entry_id"":""oewn-get-v"",""written_form"":""get"",""source_pos"":""v""},{""lexical_entry_id"":""oewn-bugger_off-v"",""written_form"":""bugger off"",""source_pos"":""v""}]",unreviewed
43,get,43,oewn:2025:oewn-get__2.38.12..,oewn:oewn-get__2.38.12..,oewn-get__2.38.12..,oewn-02010587-v,i31768,oewn-get-v,get,v,v,verb,false,61242,27,false,verb.motion,"[{""text"":""reach and board"",""source_sense_id"":null}]","[{""text"":""She got the bus just as it was leaving"",""source"":null,""scope"":""synset""}]","[""getting"",""got"",""gotten""]",[],"[{""lexical_entry_id"":""oewn-get-v"",""written_form"":""get"",""source_pos"":""v""}]",unreviewed
43,get,43,oewn:2025:oewn-get__2.37.12..,oewn:oewn-get__2.37.12..,oewn-get__2.37.12..,oewn-01775115-v,i30593,oewn-get-v,get,v,v,verb,false,61242,28,false,verb.emotion,"[{""text"":""irritate"",""source_sense_id"":null}]","[{""text"":""Her childish behavior really gets to me"",""source"":null,""scope"":""synset""},{""text"":""His lying really gets me"",""source"":null,""scope"":""synset""}]","[""getting"",""got"",""gotten""]",[],"[{""lexical_entry_id"":""oewn-get-v"",""written_form"":""get"",""source_pos"":""v""},{""lexical_entry_id"":""oewn-get_under_one-ap-s_skin-v"",""written_form"":""get under one's skin"",""source_pos"":""v""}]",unreviewed
43,get,43,oewn:2025:oewn-get__2.37.11..,oewn:oewn-get__2.37.11..,oewn-get__2.37.11..,oewn-01774960-v,i30592,oewn-get-v,get,v,v,verb,false,61242,29,false,verb.emotion,"[{""text"":""evoke an emotional response"",""source_sense_id"":null}]","[{""text"":""Brahms's ‘Requiem’ gets me every time"",""source"":null,""scope"":""synset""}]","[""getting"",""got"",""gotten""]",[],"[{""lexical_entry_id"":""oewn-get-v"",""written_form"":""get"",""source_pos"":""v""}]",unreviewed
43,get,43,oewn:2025:oewn-get__2.36.14..,oewn:oewn-get__2.36.14..,oewn-get__2.36.14..,oewn-01741988-v,i30428,oewn-get-v,get,v,v,verb,false,61242,30,false,verb.creation,"[{""text"":""apprehend and reproduce accurately"",""source_sense_id"":null}]","[{""text"":""She really caught the spirit of the place in her drawings"",""source"":null,""scope"":""synset""},{""text"":""She got the mood just right in her photographs"",""source"":null,""scope"":""synset""}]","[""getting"",""got"",""gotten""]",[],"[{""lexical_entry_id"":""oewn-catch-v"",""written_form"":""catch"",""source_pos"":""v""},{""lexical_entry_id"":""oewn-get-v"",""written_form"":""get"",""source_pos"":""v""}]",unreviewed
43,get,43,oewn:2025:oewn-get__2.36.00..,oewn:oewn-get__2.36.00..,oewn-get__2.36.00..,oewn-01646839-v,i29955,oewn-get-v,get,v,v,verb,false,61242,31,false,verb.creation,"[{""text"":""earn or achieve a base by being walked by the pitcher"",""source_sense_id"":null}]","[{""text"":""He drew a base on balls"",""source"":null,""scope"":""synset""}]","[""getting"",""got"",""gotten""]",[],"[{""lexical_entry_id"":""oewn-draw-v"",""written_form"":""draw"",""source_pos"":""v""},{""lexical_entry_id"":""oewn-get-v"",""written_form"":""get"",""source_pos"":""v""}]",unreviewed
43,get,43,oewn:2025:oewn-get__2.35.12..,oewn:oewn-get__2.35.12..,oewn-get__2.35.12..,oewn-01567992-v,i29555,oewn-get-v,get,v,v,verb,false,61242,32,false,verb.contact,"[{""text"":""overcome or destroy"",""source_sense_id"":null}]","[{""text"":""The ice storm got my hibiscus"",""source"":null,""scope"":""synset""},{""text"":""the cat got the goldfish"",""source"":null,""scope"":""synset""}]","[""getting"",""got"",""gotten""]",[],"[{""lexical_entry_id"":""oewn-get-v"",""written_form"":""get"",""source_pos"":""v""}]",unreviewed
43,get,43,oewn:2025:oewn-get__2.31.10..,oewn:oewn-get__2.31.10..,oewn-get__2.31.10..,oewn-00624056-v,i24864,oewn-get-v,get,v,v,verb,false,61242,33,false,verb.cognition,"[{""text"":""be a mystery or bewildering to"",""source_sense_id"":null}]","[{""text"":""This beats me!"",""source"":null,""scope"":""synset""},{""text"":""Got me — I don't know the answer!"",""source"":null,""scope"":""synset""},{""text"":""a vexing problem"",""source"":null,""scope"":""synset""},{""text"":""This question really stuck me"",""source"":null,""scope"":""synset""}]","[""getting"",""got"",""gotten""]",[],"[{""lexical_entry_id"":""oewn-perplex-v"",""written_form"":""perplex"",""source_pos"":""v""},{""lexical_entry_id"":""oewn-vex-v"",""written_form"":""vex"",""source_pos"":""v""},{""lexical_entry_id"":""oewn-stick-v"",""written_form"":""stick"",""source_pos"":""v""},{""lexical_entry_id"":""oewn-get-v"",""written_form"":""get"",""source_pos"":""v""},{""lexical_entry_id"":""oewn-puzzle-v"",""written_form"":""puzzle"",""source_pos"":""v""},{""lexical_entry_id"":""oewn-mystify-v"",""written_form"":""mystify"",""source_pos"":""v""},{""lexical_entry_id"":""oewn-baffle-v"",""written_form"":""baffle"",""source_pos"":""v""},{""lexical_entry_id"":""oewn-beat-v"",""written_form"":""beat"",""source_pos"":""v""},{""lexical_entry_id"":""oewn-pose-v"",""written_form"":""pose"",""source_pos"":""v""},{""lexical_entry_id"":""oewn-bewilder-v"",""written_form"":""bewilder"",""source_pos"":""v""},{""lexical_entry_id"":""oewn-flummox-v"",""written_form"":""flummox"",""source_pos"":""v""},{""lexical_entry_id"":""oewn-stupefy-v"",""written_form"":""stupefy"",""source_pos"":""v""},{""lexical_entry_id"":""oewn-nonplus-v"",""written_form"":""nonplus"",""source_pos"":""v""},{""lexical_entry_id"":""oewn-gravel-v"",""written_form"":""gravel"",""source_pos"":""v""},{""lexical_entry_id"":""oewn-amaze-v"",""written_form"":""amaze"",""source_pos"":""v""},{""lexical_entry_id"":""oewn-dumbfound-v"",""written_form"":""dumbfound"",""source_pos"":""v""}]",unreviewed
43,get,43,oewn:2025:oewn-get__2.30.12..,oewn:oewn-get__2.30.12..,oewn-get__2.30.12..,oewn-00346415-v,i23466,oewn-get-v,get,v,v,verb,false,61242,34,false,verb.change,"[{""text"":""take the first step or steps in carrying out an action"",""source_sense_id"":null}]","[{""text"":""We began working at dawn"",""source"":null,""scope"":""synset""},{""text"":""Who will start?"",""source"":null,""scope"":""synset""},{""text"":""Get working as soon as the sun rises!"",""source"":null,""scope"":""synset""},{""text"":""The first tourists began to arrive in Cambodia"",""source"":null,""scope"":""synset""},{""text"":""He began early in the day"",""source"":null,""scope"":""synset""},{""text"":""Let's get down to work now"",""source"":null,""scope"":""synset""}]","[""getting"",""got"",""gotten""]",[],"[{""lexical_entry_id"":""oewn-get_down-v"",""written_form"":""get down"",""source_pos"":""v""},{""lexical_entry_id"":""oewn-begin-v"",""written_form"":""begin"",""source_pos"":""v""},{""lexical_entry_id"":""oewn-get-v"",""written_form"":""get"",""source_pos"":""v""},{""lexical_entry_id"":""oewn-start_out-v"",""written_form"":""start out"",""source_pos"":""v""},{""lexical_entry_id"":""oewn-start-v"",""written_form"":""start"",""source_pos"":""v""},{""lexical_entry_id"":""oewn-set_about-v"",""written_form"":""set about"",""source_pos"":""v""},{""lexical_entry_id"":""oewn-set_out-v"",""written_form"":""set out"",""source_pos"":""v""},{""lexical_entry_id"":""oewn-commence-v"",""written_form"":""commence"",""source_pos"":""v""}]",unreviewed
43,get,43,oewn:2025:oewn-get__2.29.11..,oewn:oewn-get__2.29.11..,oewn-get__2.29.11..,oewn-00065410-v,i22105,oewn-get-v,get,v,v,verb,false,61242,35,false,verb.body,"[{""text"":""undergo (as of injuries and illnesses)"",""source_sense_id"":null}]","[{""text"":""She suffered a fracture in the accident"",""source"":null,""scope"":""synset""},{""text"":""He had an insulin shock after eating three candy bars"",""source"":null,""scope"":""synset""},{""text"":""She got a bruise on her leg"",""source"":null,""scope"":""synset""},{""text"":""He got his arm broken in the scuffle"",""source"":null,""scope"":""synset""}]","[""getting"",""got"",""gotten""]",[],"[{""lexical_entry_id"":""oewn-suffer-v"",""written_form"":""suffer"",""source_pos"":""v""},{""lexical_entry_id"":""oewn-sustain-v"",""written_form"":""sustain"",""source_pos"":""v""},{""lexical_entry_id"":""oewn-have-v"",""written_form"":""have"",""source_pos"":""v""},{""lexical_entry_id"":""oewn-get-v"",""written_form"":""get"",""source_pos"":""v""}]",unreviewed
43,get,43,oewn:2025:oewn-get__2.29.08..,oewn:oewn-get__2.29.08..,oewn-get__2.29.08..,oewn-00054345-v,i22046,oewn-get-v,get,v,v,verb,false,61242,36,false,verb.body,"[{""text"":""make (offspring) by reproduction"",""source_sense_id"":null}]","[{""text"":""Abraham begot Isaac"",""source"":null,""scope"":""synset""},{""text"":""John fathered four daughters"",""source"":null,""scope"":""synset""}]","[""getting"",""got"",""gotten""]",[],"[{""lexical_entry_id"":""oewn-beget-v"",""written_form"":""beget"",""source_pos"":""v""},{""lexical_entry_id"":""oewn-get-v"",""written_form"":""get"",""source_pos"":""v""},{""lexical_entry_id"":""oewn-engender-v"",""written_form"":""engender"",""source_pos"":""v""},{""lexical_entry_id"":""oewn-father-v"",""written_form"":""father"",""source_pos"":""v""},{""lexical_entry_id"":""oewn-mother-v"",""written_form"":""mother"",""source_pos"":""v""},{""lexical_entry_id"":""oewn-sire-v"",""written_form"":""sire"",""source_pos"":""v""},{""lexical_entry_id"":""oewn-generate-v"",""written_form"":""generate"",""source_pos"":""v""},{""lexical_entry_id"":""oewn-bring_forth-v"",""written_form"":""bring forth"",""source_pos"":""v""}]",unreviewed
45,like,45,oewn:2025:oewn-like__3.00.00..,oewn:oewn-like__3.00.00..,oewn-like__3.00.00..,oewn-01412553-a,i7691,oewn-like-a,like,a,a,adjective,false,76994,1,false,adj.all,"[{""text"":""resembling or similar; having the same or some of the same characteristics; often used in combination"",""source_sense_id"":null}]","[{""text"":""suits of like design"",""source"":null,""scope"":""synset""},{""text"":""a limited circle of like minds"",""source"":null,""scope"":""synset""},{""text"":""members of the cat family have like dispositions"",""source"":null,""scope"":""synset""},{""text"":""as like as two peas in a pod"",""source"":null,""scope"":""synset""},{""text"":""doglike devotion"",""source"":null,""scope"":""synset""},{""text"":""a dreamlike quality"",""source"":null,""scope"":""synset""}]",[],[],"[{""lexical_entry_id"":""oewn-like-a"",""written_form"":""like"",""source_pos"":""a""},{""lexical_entry_id"":""oewn-similar-a"",""written_form"":""similar"",""source_pos"":""a""}]",unreviewed
45,like,45,oewn:2025:oewn-like__3.00.02..,oewn:oewn-like__3.00.02..,oewn-like__3.00.02..,oewn-01413922-a,i7698,oewn-like-a,like,a,a,adjective,false,76994,2,false,adj.all,"[{""text"":""equal in amount or value"",""source_sense_id"":null}]","[{""text"":""like amounts"",""source"":null,""scope"":""synset""},{""text"":""the same amount"",""source"":null,""scope"":""synset""},{""text"":""gave one six blows and the other a like number"",""source"":null,""scope"":""synset""},{""text"":""the same number"",""source"":null,""scope"":""synset""}]",[],[],"[{""lexical_entry_id"":""oewn-like-a"",""written_form"":""like"",""source_pos"":""a""},{""lexical_entry_id"":""oewn-same-a"",""written_form"":""same"",""source_pos"":""a""}]",unreviewed
45,like,45,oewn:2025:oewn-like__3.00.04..,oewn:oewn-like__3.00.04..,oewn-like__3.00.04..,oewn-01413463-a,i7696,oewn-like-a,like,a,a,adjective,false,76994,3,false,adj.all,"[{""text"":""having the same or similar characteristics"",""source_sense_id"":null}]","[{""text"":""all politicians are alike"",""source"":null,""scope"":""synset""},{""text"":""they looked utterly alike"",""source"":null,""scope"":""synset""},{""text"":""friends are generally alike in background and taste"",""source"":null,""scope"":""synset""}]",[],[],"[{""lexical_entry_id"":""oewn-alike-a"",""written_form"":""alike"",""source_pos"":""a""},{""lexical_entry_id"":""oewn-similar-a"",""written_form"":""similar"",""source_pos"":""a""},{""lexical_entry_id"":""oewn-like-a"",""written_form"":""like"",""source_pos"":""a""}]",unreviewed
45,like,45,oewn:2025:oewn-like__5.00.00.same.00,oewn:oewn-like__5.00.00.same.00,oewn-like__5.00.00.same.00,oewn-02070958-s,i11318,oewn-like-a,like,a,s,adjective_satellite,true,76994,4,false,adj.all,"[{""text"":""conforming in every respect"",""source_sense_id"":null}]","[{""text"":""boxes with corresponding dimensions"",""source"":null,""scope"":""synset""},{""text"":""the like period of the preceding year"",""source"":null,""scope"":""synset""}]",[],[],"[{""lexical_entry_id"":""oewn-comparable-a"",""written_form"":""comparable"",""source_pos"":""a""},{""lexical_entry_id"":""oewn-corresponding-a"",""written_form"":""corresponding"",""source_pos"":""a""},{""lexical_entry_id"":""oewn-like-a"",""written_form"":""like"",""source_pos"":""a""}]",unreviewed
45,like,45,oewn:2025:oewn-like__1.09.01..,oewn:oewn-like__1.09.01..,oewn-like__1.09.01..,oewn-05854415-n,i67596,oewn-like-n,like,n,n,noun,false,76996,1,false,noun.cognition,"[{""text"":""a similar kind"",""source_sense_id"":null}]","[{""text"":""dogs, foxes, and the like"",""source"":null,""scope"":""synset""},{""text"":""we don't want the likes of you around here"",""source"":null,""scope"":""synset""}]",[],[],"[{""lexical_entry_id"":""oewn-like-n"",""written_form"":""like"",""source_pos"":""n""},{""lexical_entry_id"":""oewn-the_like-n"",""written_form"":""the like"",""source_pos"":""n""},{""lexical_entry_id"":""oewn-the_likes_of-n"",""written_form"":""the likes of"",""source_pos"":""n""}]",unreviewed
45,like,45,oewn:2025:oewn-like__1.09.00..,oewn:oewn-like__1.09.00..,oewn-like__1.09.00..,oewn-05853946-n,i67592,oewn-like-n,like,n,n,noun,false,76996,2,false,noun.cognition,"[{""text"":""a kind of person"",""source_sense_id"":null}]","[{""text"":""We'll not see his like again"",""source"":null,""scope"":""synset""},{""text"":""I can't tolerate people of his ilk"",""source"":null,""scope"":""synset""}]",[],[],"[{""lexical_entry_id"":""oewn-like-n"",""written_form"":""like"",""source_pos"":""n""},{""lexical_entry_id"":""oewn-ilk-n"",""written_form"":""ilk"",""source_pos"":""n""}]",unreviewed
45,like,45,oewn:2025:oewn-like__2.37.01..,oewn:oewn-like__2.37.01..,oewn-like__2.37.01..,oewn-01828678-v,i30849,oewn-like-v,like,v,v,verb,false,76997,1,false,verb.emotion,"[{""text"":""to hope, to desire or to prefer to have something, or to do something"",""source_sense_id"":null}]","[{""text"":""Do you care to try this dish?"",""source"":null,""scope"":""synset""},{""text"":""Would you like to come along to the movies?"",""source"":null,""scope"":""synset""},{""text"":""I wish I could go home now"",""source"":null,""scope"":""synset""}]",[],[],"[{""lexical_entry_id"":""oewn-wish-v"",""written_form"":""wish"",""source_pos"":""v""},{""lexical_entry_id"":""oewn-care-v"",""written_form"":""care"",""source_pos"":""v""},{""lexical_entry_id"":""oewn-like-v"",""written_form"":""like"",""source_pos"":""v""}]",unreviewed
45,like,45,oewn:2025:oewn-like__2.37.05..,oewn:oewn-like__2.37.05..,oewn-like__2.37.05..,oewn-01781131-v,i30622,oewn-like-v,like,v,v,verb,false,76997,2,false,verb.emotion,"[{""text"":""find enjoyable or agreeable"",""source_sense_id"":null}]","[{""text"":""I like jogging"",""source"":null,""scope"":""synset""},{""text"":""She likes to read Russian novels"",""source"":null,""scope"":""synset""}]",[],[],"[{""lexical_entry_id"":""oewn-like-v"",""written_form"":""like"",""source_pos"":""v""}]",unreviewed
45,like,45,oewn:2025:oewn-like__2.37.04..,oewn:oewn-like__2.37.04..,oewn-like__2.37.04..,oewn-01780873-v,i30620,oewn-like-v,like,v,v,verb,false,76997,3,false,verb.emotion,"[{""text"":""be fond of"",""source_sense_id"":null}]","[{""text"":""I like my nephews"",""source"":null,""scope"":""synset""}]",[],[],"[{""lexical_entry_id"":""oewn-like-v"",""written_form"":""like"",""source_pos"":""v""}]",unreviewed
45,like,45,oewn:2025:oewn-like__2.31.00..,oewn:oewn-like__2.31.00..,oewn-like__2.31.00..,oewn-00693431-v,i25168,oewn-like-v,like,v,v,verb,false,76997,4,false,verb.cognition,"[{""text"":""feel about or towards; consider, evaluate, or regard"",""source_sense_id"":null}]","[{""text"":""How did you like the President's speech last night?"",""source"":null,""scope"":""synset""}]",[],[],"[{""lexical_entry_id"":""oewn-like-v"",""written_form"":""like"",""source_pos"":""v""}]",unreviewed
45,like,45,oewn:2025:oewn-like__2.37.06..,oewn:oewn-like__2.37.06..,oewn-like__2.37.06..,oewn-01829904-v,i30854,oewn-like-v,like,v,v,verb,false,76997,5,false,verb.emotion,"[{""text"":""want to have"",""source_sense_id"":null}]","[{""text"":""I'd like a beer now!"",""source"":null,""scope"":""synset""}]",[],[],"[{""lexical_entry_id"":""oewn-like-v"",""written_form"":""like"",""source_pos"":""v""}]",unreviewed
47,think,47,oewn:2025:oewn-think__1.09.00..,oewn:oewn-think__1.09.00..,oewn-think__1.09.00..,oewn-05794377-n,i67296,oewn-think-n,think,n,n,noun,false,122906,1,false,noun.cognition,"[{""text"":""an instance of deliberate thinking"",""source_sense_id"":null}]","[{""text"":""I need to give it a good think"",""source"":null,""scope"":""synset""}]",[],[],"[{""lexical_entry_id"":""oewn-think-n"",""written_form"":""think"",""source_pos"":""n""}]",unreviewed
47,think,47,oewn:2025:oewn-think__2.31.01..,oewn:oewn-think__2.31.01..,oewn-think__2.31.01..,oewn-00691086-v,i25161,oewn-think-v,think,v,v,verb,false,122907,1,false,verb.cognition,"[{""text"":""judge or regard; look upon; judge"",""source_sense_id"":null}]","[{""text"":""I think he is very smart"",""source"":null,""scope"":""synset""},{""text"":""I believe her to be very smart"",""source"":null,""scope"":""synset""},{""text"":""I think that he is her boyfriend"",""source"":null,""scope"":""synset""},{""text"":""The racist conceives such people to be inferior"",""source"":null,""scope"":""synset""}]","[""thought""]",[],"[{""lexical_entry_id"":""oewn-think-v"",""written_form"":""think"",""source_pos"":""v""},{""lexical_entry_id"":""oewn-believe-v"",""written_form"":""believe"",""source_pos"":""v""},{""lexical_entry_id"":""oewn-consider-v"",""written_form"":""consider"",""source_pos"":""v""},{""lexical_entry_id"":""oewn-conceive-v"",""written_form"":""conceive"",""source_pos"":""v""}]",unreviewed
47,think,47,oewn:2025:oewn-think__2.31.03..,oewn:oewn-think__2.31.03..,oewn-think__2.31.03..,oewn-00633399-v,i24904,oewn-think-v,think,v,v,verb,false,122907,2,false,verb.cognition,"[{""text"":""expect, believe, or suppose"",""source_sense_id"":null}]","[{""text"":""I imagine she earned a lot of money with her new novel"",""source"":null,""scope"":""synset""},{""text"":""I thought to find her in a bad state"",""source"":null,""scope"":""synset""},{""text"":""he didn't think to find her in the kitchen"",""source"":null,""scope"":""synset""},{""text"":""I guess she is angry at me for standing her up"",""source"":null,""scope"":""synset""}]","[""thought""]",[],"[{""lexical_entry_id"":""oewn-think-v"",""written_form"":""think"",""source_pos"":""v""},{""lexical_entry_id"":""oewn-opine-v"",""written_form"":""opine"",""source_pos"":""v""},{""lexical_entry_id"":""oewn-suppose-v"",""written_form"":""suppose"",""source_pos"":""v""},{""lexical_entry_id"":""oewn-imagine-v"",""written_form"":""imagine"",""source_pos"":""v""},{""lexical_entry_id"":""oewn-reckon-v"",""written_form"":""reckon"",""source_pos"":""v""},{""lexical_entry_id"":""oewn-guess-v"",""written_form"":""guess"",""source_pos"":""v""}]",unreviewed
47,think,47,oewn:2025:oewn-think__2.31.00..,oewn:oewn-think__2.31.00..,oewn-think__2.31.00..,oewn-00630153-v,i24893,oewn-think-v,think,v,v,verb,false,122907,3,false,verb.cognition,"[{""text"":""use or exercise the mind or one's power of reason in order to make inferences, decisions, or arrive at a solution or judgments"",""source_sense_id"":null}]","[{""text"":""I've been thinking all day and getting nowhere"",""source"":null,""scope"":""synset""}]","[""thought""]",[],"[{""lexical_entry_id"":""oewn-think-v"",""written_form"":""think"",""source_pos"":""v""},{""lexical_entry_id"":""oewn-cogitate-v"",""written_form"":""cogitate"",""source_pos"":""v""},{""lexical_entry_id"":""oewn-cerebrate-v"",""written_form"":""cerebrate"",""source_pos"":""v""}]",unreviewed
47,think,47,oewn:2025:oewn-think__2.31.02..,oewn:oewn-think__2.31.02..,oewn-think__2.31.02..,oewn-00609334-v,i24799,oewn-think-v,think,v,v,verb,false,122907,4,false,verb.cognition,"[{""text"":""recall knowledge from memory; have a recollection"",""source_sense_id"":null}]","[{""text"":""I can't remember saying any such thing"",""source"":null,""scope"":""synset""},{""text"":""I can't think what her last name was"",""source"":null,""scope"":""synset""},{""text"":""can you remember her phone number?"",""source"":null,""scope"":""synset""},{""text"":""Do you remember that he once loved you?"",""source"":null,""scope"":""synset""},{""text"":""call up memories"",""source"":null,""scope"":""synset""}]","[""thought""]",[],"[{""lexical_entry_id"":""oewn-remember-v"",""written_form"":""remember"",""source_pos"":""v""},{""lexical_entry_id"":""oewn-retrieve-v"",""written_form"":""retrieve"",""source_pos"":""v""},{""lexical_entry_id"":""oewn-recall-v"",""written_form"":""recall"",""source_pos"":""v""},{""lexical_entry_id"":""oewn-call_back-v"",""written_form"":""call back"",""source_pos"":""v""},{""lexical_entry_id"":""oewn-call_up-v"",""written_form"":""call up"",""source_pos"":""v""},{""lexical_entry_id"":""oewn-recollect-v"",""written_form"":""recollect"",""source_pos"":""v""},{""lexical_entry_id"":""oewn-think-v"",""written_form"":""think"",""source_pos"":""v""}]",unreviewed
47,think,47,oewn:2025:oewn-think__2.36.00..,oewn:oewn-think__2.36.00..,oewn-think__2.36.00..,oewn-01640708-v,i29929,oewn-think-v,think,v,v,verb,false,122907,5,false,verb.creation,"[{""text"":""imagine or visualize"",""source_sense_id"":null}]","[{""text"":""Just think — you could be rich one day!"",""source"":null,""scope"":""synset""},{""text"":""Think what a scene it must have been!"",""source"":null,""scope"":""synset""}]","[""thought""]",[],"[{""lexical_entry_id"":""oewn-think-v"",""written_form"":""think"",""source_pos"":""v""}]",unreviewed
47,think,47,oewn:2025:oewn-think__2.31.09..,oewn:oewn-think__2.31.09..,oewn-think__2.31.09..,oewn-00725018-v,i25315,oewn-think-v,think,v,v,verb,false,122907,6,false,verb.cognition,"[{""text"":""focus one's attention on a certain state"",""source_sense_id"":null}]","[{""text"":""Think big"",""source"":null,""scope"":""synset""},{""text"":""think thin"",""source"":null,""scope"":""synset""}]","[""thought""]",[],"[{""lexical_entry_id"":""oewn-think-v"",""written_form"":""think"",""source_pos"":""v""}]",unreviewed
47,think,47,oewn:2025:oewn-think__2.31.06..,oewn:oewn-think__2.31.06..,oewn-think__2.31.06..,oewn-00710367-v,i25248,oewn-think-v,think,v,v,verb,false,122907,7,false,verb.cognition,"[{""text"":""have in mind as a purpose"",""source_sense_id"":null}]","[{""text"":""I mean no harm"",""source"":null,""scope"":""synset""},{""text"":""I only meant to help you"",""source"":null,""scope"":""synset""},{""text"":""She didn't think to harm me"",""source"":null,""scope"":""synset""},{""text"":""We thought to return early that night"",""source"":null,""scope"":""synset""}]","[""thought""]",[],"[{""lexical_entry_id"":""oewn-intend-v"",""written_form"":""intend"",""source_pos"":""v""},{""lexical_entry_id"":""oewn-mean-v"",""written_form"":""mean"",""source_pos"":""v""},{""lexical_entry_id"":""oewn-think-v"",""written_form"":""think"",""source_pos"":""v""}]",unreviewed
47,think,47,oewn:2025:oewn-think__2.31.12..,oewn:oewn-think__2.31.12..,oewn-think__2.31.12..,oewn-00741345-v,i25397,oewn-think-v,think,v,v,verb,false,122907,8,false,verb.cognition,"[{""text"":""decide by pondering, reasoning, or reflecting"",""source_sense_id"":null}]","[{""text"":""Can you think what to do next?"",""source"":null,""scope"":""synset""}]","[""thought""]",[],"[{""lexical_entry_id"":""oewn-think-v"",""written_form"":""think"",""source_pos"":""v""}]",unreviewed
47,think,47,oewn:2025:oewn-think__2.31.13..,oewn:oewn-think__2.31.13..,oewn-think__2.31.13..,oewn-00741087-v,i25396,oewn-think-v,think,v,v,verb,false,122907,9,false,verb.cognition,"[{""text"":""ponder; reflect on, or reason about"",""source_sense_id"":null}]","[{""text"":""Think the matter through"",""source"":null,""scope"":""synset""},{""text"":""Think how hard life in Russia must be these days"",""source"":null,""scope"":""synset""}]","[""thought""]",[],"[{""lexical_entry_id"":""oewn-think-v"",""written_form"":""think"",""source_pos"":""v""}]",unreviewed
47,think,47,oewn:2025:oewn-think__2.31.15..,oewn:oewn-think__2.31.15..,oewn-think__2.31.15..,oewn-00691551-v,i25162,oewn-think-v,think,v,v,verb,false,122907,10,false,verb.cognition,"[{""text"":""dispose the mind in a certain way"",""source_sense_id"":null}]","[{""text"":""Do you really think so?"",""source"":null,""scope"":""synset""}]","[""thought""]",[],"[{""lexical_entry_id"":""oewn-think-v"",""written_form"":""think"",""source_pos"":""v""}]",unreviewed
47,think,47,oewn:2025:oewn-think__2.31.14..,oewn:oewn-think__2.31.14..,oewn-think__2.31.14..,oewn-00631400-v,i24896,oewn-think-v,think,v,v,verb,false,122907,11,false,verb.cognition,"[{""text"":""have or formulate in the mind"",""source_sense_id"":null}]","[{""text"":""think good thoughts"",""source"":null,""scope"":""synset""}]","[""thought""]",[],"[{""lexical_entry_id"":""oewn-think-v"",""written_form"":""think"",""source_pos"":""v""}]",unreviewed
47,think,47,oewn:2025:oewn-think__2.31.08..,oewn:oewn-think__2.31.08..,oewn-think__2.31.08..,oewn-00610362-v,i24803,oewn-think-v,think,v,v,verb,false,122907,12,false,verb.cognition,"[{""text"":""be capable of conscious thought"",""source_sense_id"":null}]","[{""text"":""Man is the only creature that thinks"",""source"":null,""scope"":""synset""}]","[""thought""]",[],"[{""lexical_entry_id"":""oewn-think-v"",""written_form"":""think"",""source_pos"":""v""}]",unreviewed
47,think,47,oewn:2025:oewn-think__2.30.00..,oewn:oewn-think__2.30.00..,oewn-think__2.30.00..,oewn-00562964-v,i24556,oewn-think-v,think,v,v,verb,false,122907,13,false,verb.change,"[{""text"":""bring into a given condition by mental preoccupation"",""source_sense_id"":null}]","[{""text"":""She thought herself into a state of panic over the final exam"",""source"":null,""scope"":""synset""}]","[""thought""]",[],"[{""lexical_entry_id"":""oewn-think-v"",""written_form"":""think"",""source_pos"":""v""}]",unreviewed
48,make,48,oewn:2025:oewn-make__1.09.00..,oewn:oewn-make__1.09.00..,oewn-make__1.09.00..,oewn-05853667-n,i67590,oewn-make-n,make,n,n,noun,false,79567,1,false,noun.cognition,"[{""text"":""a recognizable kind"",""source_sense_id"":null}]","[{""text"":""there's a new brand of hero in the movies now"",""source"":null,""scope"":""synset""},{""text"":""what make of car is that?"",""source"":null,""scope"":""synset""}]",[],[],"[{""lexical_entry_id"":""oewn-brand-n"",""written_form"":""brand"",""source_pos"":""n""},{""lexical_entry_id"":""oewn-make-n"",""written_form"":""make"",""source_pos"":""n""}]",unreviewed
48,make,48,oewn:2025:oewn-make__1.04.00..,oewn:oewn-make__1.04.00..,oewn-make__1.04.00..,oewn-00341289-n,i37198,oewn-make-n,make,n,n,noun,false,79567,2,false,noun.act,"[{""text"":""the act of mixing cards haphazardly"",""source_sense_id"":null}]",[],[],[],"[{""lexical_entry_id"":""oewn-shuffle-n"",""written_form"":""shuffle"",""source_pos"":""n""},{""lexical_entry_id"":""oewn-shuffling-n"",""written_form"":""shuffling"",""source_pos"":""n""},{""lexical_entry_id"":""oewn-make-n"",""written_form"":""make"",""source_pos"":""n""}]",unreviewed
48,make,48,oewn:2025:oewn-make__2.41.00..,oewn:oewn-make__2.41.00..,oewn-make__2.41.00..,oewn-02566500-v,i34493,oewn-make-v,make,v,v,verb,false,79570,1,false,verb.social,"[{""text"":""engage in"",""source_sense_id"":null}]","[{""text"":""make love, not war"",""source"":null,""scope"":""synset""},{""text"":""make an effort"",""source"":null,""scope"":""synset""},{""text"":""do research"",""source"":null,""scope"":""synset""},{""text"":""do nothing"",""source"":null,""scope"":""synset""},{""text"":""make revolution"",""source"":null,""scope"":""synset""}]","[""made""]",[],"[{""lexical_entry_id"":""oewn-make-v"",""written_form"":""make"",""source_pos"":""v""},{""lexical_entry_id"":""oewn-do-v"",""written_form"":""do"",""source_pos"":""v""}]",unreviewed
48,make,48,oewn:2025:oewn-make__2.30.00..,oewn:oewn-make__2.30.00..,oewn-make__2.30.00..,oewn-00120124-v,i22361,oewn-make-v,make,v,v,verb,false,79570,2,false,verb.change,"[{""text"":""give certain properties to something"",""source_sense_id"":null}]","[{""text"":""get someone mad"",""source"":null,""scope"":""synset""},{""text"":""She made us look silly"",""source"":null,""scope"":""synset""},{""text"":""He made a fool of himself at the meeting"",""source"":null,""scope"":""synset""},{""text"":""Don't make this into a big deal"",""source"":null,""scope"":""synset""},{""text"":""This invention will make you a millionaire"",""source"":null,""scope"":""synset""},{""text"":""Make yourself clear"",""source"":null,""scope"":""synset""}]","[""made""]",[],"[{""lexical_entry_id"":""oewn-make-v"",""written_form"":""make"",""source_pos"":""v""},{""lexical_entry_id"":""oewn-get-v"",""written_form"":""get"",""source_pos"":""v""}]",unreviewed
48,make,48,oewn:2025:oewn-make__2.36.00..,oewn:oewn-make__2.36.00..,oewn-make__2.36.00..,oewn-01620211-v,i29849,oewn-make-v,make,v,v,verb,false,79570,3,false,verb.creation,"[{""text"":""make or cause to be or to become"",""source_sense_id"":null}]","[{""text"":""make a mess in one's office"",""source"":null,""scope"":""synset""},{""text"":""create a furor"",""source"":null,""scope"":""synset""}]","[""made""]",[],"[{""lexical_entry_id"":""oewn-make-v"",""written_form"":""make"",""source_pos"":""v""},{""lexical_entry_id"":""oewn-create-v"",""written_form"":""create"",""source_pos"":""v""}]",unreviewed
48,make,48,oewn:2025:oewn-make__2.32.00..,oewn:oewn-make__2.32.00..,oewn-make__2.32.00..,oewn-00772482-v,i25546,oewn-make-v,make,v,v,verb,false,79570,4,false,verb.communication,"[{""text"":""cause to do; cause to act in a specified manner"",""source_sense_id"":null}]","[{""text"":""The ads induced me to buy a VCR"",""source"":null,""scope"":""synset""},{""text"":""My children finally got me to buy a computer"",""source"":null,""scope"":""synset""},{""text"":""My wife made me buy a new sofa"",""source"":null,""scope"":""synset""}]","[""made""]",[],"[{""lexical_entry_id"":""oewn-induce-v"",""written_form"":""induce"",""source_pos"":""v""},{""lexical_entry_id"":""oewn-stimulate-v"",""written_form"":""stimulate"",""source_pos"":""v""},{""lexical_entry_id"":""oewn-cause-v"",""written_form"":""cause"",""source_pos"":""v""},{""lexical_entry_id"":""oewn-have-v"",""written_form"":""have"",""source_pos"":""v""},{""lexical_entry_id"":""oewn-get-v"",""written_form"":""get"",""source_pos"":""v""},{""lexical_entry_id"":""oewn-make-v"",""written_form"":""make"",""source_pos"":""v""}]",unreviewed
48,make,48,oewn:2025:oewn-make__2.36.08..,oewn:oewn-make__2.36.08..,oewn-make__2.36.08..,oewn-01649143-v,i29966,oewn-make-v,make,v,v,verb,false,79570,5,false,verb.creation,"[{""text"":""give rise to; cause to happen or occur, not always intentionally"",""source_sense_id"":null}]","[{""text"":""cause a commotion"",""source"":null,""scope"":""synset""},{""text"":""make a stir"",""source"":null,""scope"":""synset""},{""text"":""cause an accident"",""source"":null,""scope"":""synset""}]","[""made""]",[],"[{""lexical_entry_id"":""oewn-cause-v"",""written_form"":""cause"",""source_pos"":""v""},{""lexical_entry_id"":""oewn-do-v"",""written_form"":""do"",""source_pos"":""v""},{""lexical_entry_id"":""oewn-make-v"",""written_form"":""make"",""source_pos"":""v""}]",unreviewed
48,make,48,oewn:2025:oewn-make__2.36.01..,oewn:oewn-make__2.36.01..,oewn-make__2.36.01..,oewn-01624592-v,i29865,oewn-make-v,make,v,v,verb,false,79570,6,false,verb.creation,"[{""text"":""create or manufacture a man-made product"",""source_sense_id"":null}]","[{""text"":""We produce more cars than we can sell"",""source"":null,""scope"":""synset""},{""text"":""The company has been making toys for two centuries"",""source"":null,""scope"":""synset""}]","[""made""]",[],"[{""lexical_entry_id"":""oewn-produce-v"",""written_form"":""produce"",""source_pos"":""v""},{""lexical_entry_id"":""oewn-make-v"",""written_form"":""make"",""source_pos"":""v""},{""lexical_entry_id"":""oewn-create-v"",""written_form"":""create"",""source_pos"":""v""}]",unreviewed
48,make,48,oewn:2025:oewn-make__2.31.00..,oewn:oewn-make__2.31.00..,oewn-make__2.31.00..,oewn-00732743-v,i25353,oewn-make-v,make,v,v,verb,false,79570,7,false,verb.cognition,"[{""text"":""make, formulate, or derive in the mind"",""source_sense_id"":null}]","[{""text"":""I draw a line here"",""source"":null,""scope"":""synset""},{""text"":""draw a conclusion"",""source"":null,""scope"":""synset""},{""text"":""draw parallels"",""source"":null,""scope"":""synset""},{""text"":""make an estimate"",""source"":null,""scope"":""synset""},{""text"":""What do you make of his remarks?"",""source"":null,""scope"":""synset""}]","[""made""]",[],"[{""lexical_entry_id"":""oewn-draw-v"",""written_form"":""draw"",""source_pos"":""v""},{""lexical_entry_id"":""oewn-make-v"",""written_form"":""make"",""source_pos"":""v""}]",unreviewed
48,make,48,oewn:2025:oewn-make__2.36.15..,oewn:oewn-make__2.36.15..,oewn-make__2.36.15..,oewn-01649617-v,i29967,oewn-make-v,make,v,v,verb,false,79570,8,false,verb.creation,"[{""text"":""compel or make somebody or something to act in a certain way"",""source_sense_id"":null}]","[{""text"":""People cannot be made to integrate just by passing a law!"",""source"":null,""scope"":""synset""},{""text"":""Heat makes you sweat"",""source"":null,""scope"":""synset""}]","[""made""]",[],"[{""lexical_entry_id"":""oewn-make-v"",""written_form"":""make"",""source_pos"":""v""}]",unreviewed
48,make,48,oewn:2025:oewn-make__2.36.09..,oewn:oewn-make__2.36.09..,oewn-make__2.36.09..,oewn-01643749-v,i29942,oewn-make-v,make,v,v,verb,false,79570,9,false,verb.creation,"[{""text"":""create by artistic means"",""source_sense_id"":null}]","[{""text"":""create a poem"",""source"":null,""scope"":""synset""},{""text"":""Schoenberg created twelve-tone music"",""source"":null,""scope"":""synset""},{""text"":""Picasso created Cubism"",""source"":null,""scope"":""synset""},{""text"":""Auden made verses"",""source"":null,""scope"":""synset""}]","[""made""]",[],"[{""lexical_entry_id"":""oewn-create-v"",""written_form"":""create"",""source_pos"":""v""},{""lexical_entry_id"":""oewn-make-v"",""written_form"":""make"",""source_pos"":""v""}]",unreviewed
48,make,48,oewn:2025:oewn-make__2.40.01..,oewn:oewn-make__2.40.01..,oewn-make__2.40.01..,oewn-02294200-v,i33178,oewn-make-v,make,v,v,verb,false,79570,10,false,verb.possession,"[{""text"":""earn on some commercial or business transaction; earn as salary or wages"",""source_sense_id"":null}]","[{""text"":""How much do you make a month in your new job?"",""source"":null,""scope"":""synset""},{""text"":""She earns a lot in her new job"",""source"":null,""scope"":""synset""},{""text"":""this merger brought in lots of money"",""source"":null,""scope"":""synset""},{""text"":""He clears $5,000 each month"",""source"":null,""scope"":""synset""}]","[""made""]",[],"[{""lexical_entry_id"":""oewn-gain-v"",""written_form"":""gain"",""source_pos"":""v""},{""lexical_entry_id"":""oewn-take_in-v"",""written_form"":""take in"",""source_pos"":""v""},{""lexical_entry_id"":""oewn-clear-v"",""written_form"":""clear"",""source_pos"":""v""},{""lexical_entry_id"":""oewn-make-v"",""written_form"":""make"",""source_pos"":""v""},{""lexical_entry_id"":""oewn-earn-v"",""written_form"":""earn"",""source_pos"":""v""},{""lexical_entry_id"":""oewn-realize-v"",""written_form"":""realize"",""source_pos"":""v""},{""lexical_entry_id"":""oewn-realise-v"",""written_form"":""realise"",""source_pos"":""v""},{""lexical_entry_id"":""oewn-pull_in-v"",""written_form"":""pull in"",""source_pos"":""v""},{""lexical_entry_id"":""oewn-bring_in-v"",""written_form"":""bring in"",""source_pos"":""v""}]",unreviewed
48,make,48,oewn:2025:oewn-make__2.36.05..,oewn:oewn-make__2.36.05..,oewn-make__2.36.05..,oewn-01622033-v,i29854,oewn-make-v,make,v,v,verb,false,79570,11,false,verb.creation,"[{""text"":""create or design, often in a certain way"",""source_sense_id"":null}]","[{""text"":""Do my room in blue"",""source"":null,""scope"":""synset""},{""text"":""I did this piece in wood to express my love for the forest"",""source"":null,""scope"":""synset""}]","[""made""]",[],"[{""lexical_entry_id"":""oewn-do-v"",""written_form"":""do"",""source_pos"":""v""},{""lexical_entry_id"":""oewn-make-v"",""written_form"":""make"",""source_pos"":""v""}]",unreviewed
48,make,48,oewn:2025:oewn-make__2.42.05..,oewn:oewn-make__2.42.05..,oewn-make__2.42.05..,oewn-02627475-v,i34780,oewn-make-v,make,v,v,verb,false,79570,12,false,verb.stative,"[{""text"":""to compose or represent"",""source_sense_id"":null}]","[{""text"":""This wall forms the background of the stage setting"",""source"":null,""scope"":""synset""},{""text"":""The branches made a roof"",""source"":null,""scope"":""synset""},{""text"":""This makes a fine introduction"",""source"":null,""scope"":""synset""}]","[""made""]",[],"[{""lexical_entry_id"":""oewn-form-v"",""written_form"":""form"",""source_pos"":""v""},{""lexical_entry_id"":""oewn-constitute-v"",""written_form"":""constitute"",""source_pos"":""v""},{""lexical_entry_id"":""oewn-make-v"",""written_form"":""make"",""source_pos"":""v""}]",unreviewed
48,make,48,oewn:2025:oewn-make__2.38.02..,oewn:oewn-make__2.38.02..,oewn-make__2.38.02..,oewn-02026014-v,i31850,oewn-make-v,make,v,v,verb,false,79570,13,false,verb.motion,"[{""text"":""reach a goal"",""source_sense_id"":null}]","[{""text"":""make the first team"",""source"":null,""scope"":""synset""},{""text"":""We made it!"",""source"":null,""scope"":""synset""},{""text"":""She may not make the grade"",""source"":null,""scope"":""synset""}]","[""made""]",[],"[{""lexical_entry_id"":""oewn-reach-v"",""written_form"":""reach"",""source_pos"":""v""},{""lexical_entry_id"":""oewn-make-v"",""written_form"":""make"",""source_pos"":""v""},{""lexical_entry_id"":""oewn-get_to-v"",""written_form"":""get to"",""source_pos"":""v""},{""lexical_entry_id"":""oewn-progress_to-v"",""written_form"":""progress to"",""source_pos"":""v""}]",unreviewed
48,make,48,oewn:2025:oewn-make__2.42.00..,oewn:oewn-make__2.42.00..,oewn-make__2.42.00..,oewn-02680519-v,i35035,oewn-make-v,make,v,v,verb,false,79570,14,false,verb.stative,"[{""text"":""be or be capable of being changed or made into"",""source_sense_id"":null}]","[{""text"":""He makes a great host"",""source"":null,""scope"":""synset""},{""text"":""He will make a fine father"",""source"":null,""scope"":""synset""}]","[""made""]",[],"[{""lexical_entry_id"":""oewn-make-v"",""written_form"":""make"",""source_pos"":""v""}]",unreviewed
48,make,48,oewn:2025:oewn-make__2.36.11..,oewn:oewn-make__2.36.11..,oewn-make__2.36.11..,oewn-01657416-v,i30005,oewn-make-v,make,v,v,verb,false,79570,15,false,verb.creation,"[{""text"":""make by shaping or bringing together constituents"",""source_sense_id"":null}]","[{""text"":""make a dress"",""source"":null,""scope"":""synset""},{""text"":""make a cake"",""source"":null,""scope"":""synset""},{""text"":""make a wall of stones"",""source"":null,""scope"":""synset""}]","[""made""]",[],"[{""lexical_entry_id"":""oewn-make-v"",""written_form"":""make"",""source_pos"":""v""}]",unreviewed
48,make,48,oewn:2025:oewn-make__2.36.12..,oewn:oewn-make__2.36.12..,oewn-make__2.36.12..,oewn-01759660-v,i30520,oewn-make-v,make,v,v,verb,false,79570,16,false,verb.creation,"[{""text"":""perform, produce, or carry out"",""source_sense_id"":null}]","[{""text"":""make a decision"",""source"":null,""scope"":""synset""},{""text"":""make a move"",""source"":null,""scope"":""synset""},{""text"":""make advances"",""source"":null,""scope"":""synset""},{""text"":""make a phone call"",""source"":null,""scope"":""synset""}]","[""made""]",[],"[{""lexical_entry_id"":""oewn-make-v"",""written_form"":""make"",""source_pos"":""v""}]",unreviewed
48,make,48,oewn:2025:oewn-make__2.36.13..,oewn:oewn-make__2.36.13..,oewn-make__2.36.13..,oewn-01658171-v,i30008,oewn-make-v,make,v,v,verb,false,79570,17,false,verb.creation,"[{""text"":""make by combining materials and parts"",""source_sense_id"":null}]","[{""text"":""this little pig made his house out of straw"",""source"":null,""scope"":""synset""},{""text"":""Some eccentric constructed an electric brassiere warmer"",""source"":null,""scope"":""synset""}]","[""made""]",[],"[{""lexical_entry_id"":""oewn-construct-v"",""written_form"":""construct"",""source_pos"":""v""},{""lexical_entry_id"":""oewn-build-v"",""written_form"":""build"",""source_pos"":""v""},{""lexical_entry_id"":""oewn-make-v"",""written_form"":""make"",""source_pos"":""v""}]",unreviewed
48,make,48,oewn:2025:oewn-make__2.30.15..,oewn:oewn-make__2.30.15..,oewn-make__2.30.15..,oewn-00557932-v,i24528,oewn-make-v,make,v,v,verb,false,79570,18,false,verb.change,"[{""text"":""change from one form into another"",""source_sense_id"":null}]","[{""text"":""make water into wine"",""source"":null,""scope"":""synset""},{""text"":""make lead into gold"",""source"":null,""scope"":""synset""},{""text"":""make clay into bricks"",""source"":null,""scope"":""synset""}]","[""made""]",[],"[{""lexical_entry_id"":""oewn-make-v"",""written_form"":""make"",""source_pos"":""v""}]",unreviewed
48,make,48,oewn:2025:oewn-make__2.29.08..,oewn:oewn-make__2.29.08..,oewn-make__2.29.08..,oewn-00012260-v,i21826,oewn-make-v,make,v,v,verb,false,79570,19,false,verb.body,"[{""text"":""act in a certain way so as to acquire"",""source_sense_id"":null}]","[{""text"":""make friends"",""source"":null,""scope"":""synset""},{""text"":""make enemies"",""source"":null,""scope"":""synset""}]","[""made""]",[],"[{""lexical_entry_id"":""oewn-make-v"",""written_form"":""make"",""source_pos"":""v""}]",unreviewed
48,make,48,oewn:2025:oewn-make__2.41.03..,oewn:oewn-make__2.41.03..,oewn-make__2.41.03..,oewn-02401858-v,i33730,oewn-make-v,make,v,v,verb,false,79570,20,false,verb.social,"[{""text"":""charge with a function; charge to be"",""source_sense_id"":null}]","[{""text"":""She was named Head of the Committee"",""source"":null,""scope"":""synset""},{""text"":""She was made president of the club"",""source"":null,""scope"":""synset""}]","[""made""]",[],"[{""lexical_entry_id"":""oewn-name-v"",""written_form"":""name"",""source_pos"":""v""},{""lexical_entry_id"":""oewn-nominate-v"",""written_form"":""nominate"",""source_pos"":""v""},{""lexical_entry_id"":""oewn-make-v"",""written_form"":""make"",""source_pos"":""v""}]",unreviewed
48,make,48,oewn:2025:oewn-make__2.40.02..,oewn:oewn-make__2.40.02..,oewn-make__2.40.02..,oewn-02360592-v,i33526,oewn-make-v,make,v,v,verb,false,79570,21,false,verb.possession,"[{""text"":""achieve a point or goal"",""source_sense_id"":null}]","[{""text"":""Nicklaus had a 70"",""source"":null,""scope"":""synset""},{""text"":""The Brazilian team got 4 goals"",""source"":null,""scope"":""synset""},{""text"":""She made 29 points that day"",""source"":null,""scope"":""synset""}]","[""made""]",[],"[{""lexical_entry_id"":""oewn-have-v"",""written_form"":""have"",""source_pos"":""v""},{""lexical_entry_id"":""oewn-get-v"",""written_form"":""get"",""source_pos"":""v""},{""lexical_entry_id"":""oewn-make-v"",""written_form"":""make"",""source_pos"":""v""}]",unreviewed
48,make,48,oewn:2025:oewn-make__2.38.00..,oewn:oewn-make__2.38.00..,oewn-make__2.38.00..,oewn-02024442-v,i31843,oewn-make-v,make,v,v,verb,false,79570,22,false,verb.motion,"[{""text"":""reach a destination, either real or abstract"",""source_sense_id"":null}]","[{""text"":""We hit Detroit by noon"",""source"":null,""scope"":""synset""},{""text"":""The water reached the doorstep"",""source"":null,""scope"":""synset""},{""text"":""We barely made it to the finish line"",""source"":null,""scope"":""synset""},{""text"":""I have to hit the MAC machine before the weekend starts"",""source"":null,""scope"":""synset""}]","[""made""]",[],"[{""lexical_entry_id"":""oewn-reach-v"",""written_form"":""reach"",""source_pos"":""v""},{""lexical_entry_id"":""oewn-make-v"",""written_form"":""make"",""source_pos"":""v""},{""lexical_entry_id"":""oewn-attain-v"",""written_form"":""attain"",""source_pos"":""v""},{""lexical_entry_id"":""oewn-hit-v"",""written_form"":""hit"",""source_pos"":""v""},{""lexical_entry_id"":""oewn-arrive_at-v"",""written_form"":""arrive at"",""source_pos"":""v""},{""lexical_entry_id"":""oewn-gain-v"",""written_form"":""gain"",""source_pos"":""v""}]",unreviewed
48,make,48,oewn:2025:oewn-make__2.31.13..,oewn:oewn-make__2.31.13..,oewn-make__2.31.13..,oewn-00667394-v,i25052,oewn-make-v,make,v,v,verb,false,79570,23,false,verb.cognition,"[{""text"":""institute, enact, or establish"",""source_sense_id"":null}]","[{""text"":""make laws"",""source"":null,""scope"":""synset""}]","[""made""]",[],"[{""lexical_entry_id"":""oewn-lay_down-v"",""written_form"":""lay down"",""source_pos"":""v""},{""lexical_entry_id"":""oewn-establish-v"",""written_form"":""establish"",""source_pos"":""v""},{""lexical_entry_id"":""oewn-make-v"",""written_form"":""make"",""source_pos"":""v""}]",unreviewed
48,make,48,oewn:2025:oewn-make__2.41.13..,oewn:oewn-make__2.41.13..,oewn-make__2.41.13..,oewn-02589006-v,i34596,oewn-make-v,make,v,v,verb,false,79570,24,false,verb.social,"[{""text"":""carry out or commit"",""source_sense_id"":null}]","[{""text"":""make a mistake"",""source"":null,""scope"":""synset""},{""text"":""commit a faux-pas"",""source"":null,""scope"":""synset""}]","[""made""]",[],"[{""lexical_entry_id"":""oewn-make-v"",""written_form"":""make"",""source_pos"":""v""}]",unreviewed
48,make,48,oewn:2025:oewn-make__2.41.01..,oewn:oewn-make__2.41.01..,oewn-make__2.41.01..,oewn-02604480-v,i34680,oewn-make-v,make,v,v,verb,false,79570,25,false,verb.social,"[{""text"":""form by assembling individuals or constituents"",""source_sense_id"":null}]","[{""text"":""Make a quorum"",""source"":null,""scope"":""synset""}]","[""made""]",[],"[{""lexical_entry_id"":""oewn-make-v"",""written_form"":""make"",""source_pos"":""v""}]",unreviewed
48,make,48,oewn:2025:oewn-make__2.36.04..,oewn:oewn-make__2.36.04..,oewn-make__2.36.04..,oewn-01737358-v,i30405,oewn-make-v,make,v,v,verb,false,79570,26,false,verb.creation,"[{""text"":""organize or be responsible for"",""source_sense_id"":null}]","[{""text"":""hold a reception"",""source"":null,""scope"":""synset""},{""text"":""have, throw, or make a party"",""source"":null,""scope"":""synset""},{""text"":""give a course"",""source"":null,""scope"":""synset""}]","[""made""]",[],"[{""lexical_entry_id"":""oewn-hold-v"",""written_form"":""hold"",""source_pos"":""v""},{""lexical_entry_id"":""oewn-throw-v"",""written_form"":""throw"",""source_pos"":""v""},{""lexical_entry_id"":""oewn-have-v"",""written_form"":""have"",""source_pos"":""v""},{""lexical_entry_id"":""oewn-make-v"",""written_form"":""make"",""source_pos"":""v""},{""lexical_entry_id"":""oewn-give-v"",""written_form"":""give"",""source_pos"":""v""}]",unreviewed
48,make,48,oewn:2025:oewn-make__2.30.02..,oewn:oewn-make__2.30.02..,oewn-make__2.30.02..,oewn-00276867-v,i23098,oewn-make-v,make,v,v,verb,false,79570,27,false,verb.change,"[{""text"":""put in order or neaten"",""source_sense_id"":null}]","[{""text"":""make the bed"",""source"":null,""scope"":""synset""},{""text"":""make up a room"",""source"":null,""scope"":""synset""}]","[""made""]",[],"[{""lexical_entry_id"":""oewn-make-v"",""written_form"":""make"",""source_pos"":""v""},{""lexical_entry_id"":""oewn-make_up-v"",""written_form"":""make up"",""source_pos"":""v""}]",unreviewed
48,make,48,oewn:2025:oewn-make__2.38.05..,oewn:oewn-make__2.38.05..,oewn-make__2.38.05..,oewn-02080104-v,i32124,oewn-make-v,make,v,v,verb,false,79570,28,false,verb.motion,"[{""text"":""head into a specified direction"",""source_sense_id"":null}]","[{""text"":""The escaped convict took to the hills"",""source"":null,""scope"":""synset""},{""text"":""We made for the mountains"",""source"":null,""scope"":""synset""}]","[""made""]",[],"[{""lexical_entry_id"":""oewn-take-v"",""written_form"":""take"",""source_pos"":""v""},{""lexical_entry_id"":""oewn-make-v"",""written_form"":""make"",""source_pos"":""v""}]",unreviewed
48,make,48,oewn:2025:oewn-make__2.29.00..,oewn:oewn-make__2.29.00..,oewn-make__2.29.00..,oewn-00073791-v,i22143,oewn-make-v,make,v,v,verb,false,79570,29,false,verb.body,"[{""text"":""have a bowel movement"",""source_sense_id"":null}]","[{""text"":""The dog had made in the flower beds"",""source"":null,""scope"":""synset""}]","[""made""]",[],"[{""lexical_entry_id"":""oewn-stool-v"",""written_form"":""stool"",""source_pos"":""v""},{""lexical_entry_id"":""oewn-defecate-v"",""written_form"":""defecate"",""source_pos"":""v""},{""lexical_entry_id"":""oewn-shit-v"",""written_form"":""shit"",""source_pos"":""v""},{""lexical_entry_id"":""oewn-take_a_shit-v"",""written_form"":""take a shit"",""source_pos"":""v""},{""lexical_entry_id"":""oewn-take_a_crap-v"",""written_form"":""take a crap"",""source_pos"":""v""},{""lexical_entry_id"":""oewn-ca-ca-v"",""written_form"":""ca-ca"",""source_pos"":""v""},{""lexical_entry_id"":""oewn-crap-v"",""written_form"":""crap"",""source_pos"":""v""},{""lexical_entry_id"":""oewn-make-v"",""written_form"":""make"",""source_pos"":""v""}]",unreviewed
48,make,48,oewn:2025:oewn-make__2.42.09..,oewn:oewn-make__2.42.09..,oewn-make__2.42.09..,oewn-02754634-v,i35419,oewn-make-v,make,v,v,verb,false,79570,30,false,verb.stative,"[{""text"":""undergo fabrication or creation"",""source_sense_id"":null}]","[{""text"":""This wool makes into a nice sweater"",""source"":null,""scope"":""synset""}]","[""made""]",[],"[{""lexical_entry_id"":""oewn-make-v"",""written_form"":""make"",""source_pos"":""v""}]",unreviewed
48,make,48,oewn:2025:oewn-make__2.42.13..,oewn:oewn-make__2.42.13..,oewn-make__2.42.13..,oewn-02754502-v,i35418,oewn-make-v,make,v,v,verb,false,79570,31,false,verb.stative,"[{""text"":""be suitable for"",""source_sense_id"":null}]","[{""text"":""Wood makes good furniture"",""source"":null,""scope"":""synset""}]","[""made""]",[],"[{""lexical_entry_id"":""oewn-make-v"",""written_form"":""make"",""source_pos"":""v""}]",unreviewed
48,make,48,oewn:2025:oewn-make__2.42.12..,oewn:oewn-make__2.42.12..,oewn-make__2.42.12..,oewn-02751207-v,i35400,oewn-make-v,make,v,v,verb,false,79570,32,false,verb.stative,"[{""text"":""add up to"",""source_sense_id"":null}]","[{""text"":""four and four make eight"",""source"":null,""scope"":""synset""}]","[""made""]",[],"[{""lexical_entry_id"":""oewn-make-v"",""written_form"":""make"",""source_pos"":""v""}]",unreviewed
48,make,48,oewn:2025:oewn-make__2.42.11..,oewn:oewn-make__2.42.11..,oewn-make__2.42.11..,oewn-02671201-v,i34991,oewn-make-v,make,v,v,verb,false,79570,33,false,verb.stative,"[{""text"":""amount to"",""source_sense_id"":null}]","[{""text"":""This salary increase makes no difference to my standard of living"",""source"":null,""scope"":""synset""}]","[""made""]",[],"[{""lexical_entry_id"":""oewn-make-v"",""written_form"":""make"",""source_pos"":""v""}]",unreviewed
48,make,48,oewn:2025:oewn-make__2.42.15..,oewn:oewn-make__2.42.15..,oewn-make__2.42.15..,oewn-02627213-v,i34778,oewn-make-v,make,v,v,verb,false,79570,34,false,verb.stative,"[{""text"":""constitute the essence of"",""source_sense_id"":null}]","[{""text"":""Clothes make the man"",""source"":null,""scope"":""synset""}]","[""made""]",[],"[{""lexical_entry_id"":""oewn-make-v"",""written_form"":""make"",""source_pos"":""v""}]",unreviewed
48,make,48,oewn:2025:oewn-make__2.39.12..,oewn:oewn-make__2.39.12..,oewn-make__2.39.12..,oewn-02138515-v,i32421,oewn-make-v,make,v,v,verb,false,79570,35,false,verb.perception,"[{""text"":""appear to begin an activity"",""source_sense_id"":null}]","[{""text"":""He made to speak but said nothing in the end"",""source"":null,""scope"":""synset""},{""text"":""She made as if to say hello to us"",""source"":null,""scope"":""synset""}]","[""made""]",[],"[{""lexical_entry_id"":""oewn-make-v"",""written_form"":""make"",""source_pos"":""v""}]",unreviewed
48,make,48,oewn:2025:oewn-make__2.38.10..,oewn:oewn-make__2.38.10..,oewn-make__2.38.10..,oewn-02054955-v,i31998,oewn-make-v,make,v,v,verb,false,79570,36,false,verb.motion,"[{""text"":""proceed along a path"",""source_sense_id"":null}]","[{""text"":""work one's way through the crowd"",""source"":null,""scope"":""synset""},{""text"":""make one's way into the forest"",""source"":null,""scope"":""synset""}]","[""made""]",[],"[{""lexical_entry_id"":""oewn-make-v"",""written_form"":""make"",""source_pos"":""v""},{""lexical_entry_id"":""oewn-work-v"",""written_form"":""work"",""source_pos"":""v""}]",unreviewed
48,make,48,oewn:2025:oewn-make__2.36.10..,oewn:oewn-make__2.36.10..,oewn-make__2.36.10..,oewn-01759348-v,i30518,oewn-make-v,make,v,v,verb,false,79570,37,false,verb.creation,"[{""text"":""gather and light the materials for"",""source_sense_id"":null}]","[{""text"":""make a fire"",""source"":null,""scope"":""synset""}]","[""made""]",[],"[{""lexical_entry_id"":""oewn-make-v"",""written_form"":""make"",""source_pos"":""v""}]",unreviewed
48,make,48,oewn:2025:oewn-make__2.36.07..,oewn:oewn-make__2.36.07..,oewn-make__2.36.07..,oewn-01668067-v,i30054,oewn-make-v,make,v,v,verb,false,79570,38,false,verb.creation,"[{""text"":""prepare for eating by applying heat"",""source_sense_id"":null}]","[{""text"":""Cook me dinner, please"",""source"":null,""scope"":""synset""},{""text"":""can you make me an omelette?"",""source"":null,""scope"":""synset""},{""text"":""fix breakfast for the guests, please"",""source"":null,""scope"":""synset""}]","[""made""]",[],"[{""lexical_entry_id"":""oewn-cook-v"",""written_form"":""cook"",""source_pos"":""v""},{""lexical_entry_id"":""oewn-fix-v"",""written_form"":""fix"",""source_pos"":""v""},{""lexical_entry_id"":""oewn-ready-v"",""written_form"":""ready"",""source_pos"":""v""},{""lexical_entry_id"":""oewn-make-v"",""written_form"":""make"",""source_pos"":""v""},{""lexical_entry_id"":""oewn-prepare-v"",""written_form"":""prepare"",""source_pos"":""v""}]",unreviewed
48,make,48,oewn:2025:oewn-make__2.35.13..,oewn:oewn-make__2.35.13..,oewn-make__2.35.13..,oewn-01431211-v,i28873,oewn-make-v,make,v,v,verb,false,79570,39,false,verb.contact,"[{""text"":""induce to have sex"",""source_sense_id"":null}]","[{""text"":""Harry finally seduced Sally"",""source"":null,""scope"":""synset""},{""text"":""Did you score last night?"",""source"":null,""scope"":""synset""},{""text"":""Harry made Sally"",""source"":null,""scope"":""synset""}]","[""made""]",[],"[{""lexical_entry_id"":""oewn-seduce-v"",""written_form"":""seduce"",""source_pos"":""v""},{""lexical_entry_id"":""oewn-score-v"",""written_form"":""score"",""source_pos"":""v""},{""lexical_entry_id"":""oewn-make-v"",""written_form"":""make"",""source_pos"":""v""}]",unreviewed
48,make,48,oewn:2025:oewn-make__2.32.14..,oewn:oewn-make__2.32.14..,oewn-make__2.32.14..,oewn-00892559-v,i26074,oewn-make-v,make,v,v,verb,false,79570,40,false,verb.communication,"[{""text"":""assure the success of"",""source_sense_id"":null}]","[{""text"":""A good review by this critic will make your play!"",""source"":null,""scope"":""synset""}]","[""made""]",[],"[{""lexical_entry_id"":""oewn-make-v"",""written_form"":""make"",""source_pos"":""v""}]",unreviewed
48,make,48,oewn:2025:oewn-make__2.32.09..,oewn:oewn-make__2.32.09..,oewn-make__2.32.09..,oewn-00840203-v,i25837,oewn-make-v,make,v,v,verb,false,79570,41,false,verb.communication,"[{""text"":""represent fictitiously, as in a play, or pretend to be or act like"",""source_sense_id"":null}]","[{""text"":""She makes like an actress"",""source"":null,""scope"":""synset""}]","[""made""]",[],"[{""lexical_entry_id"":""oewn-make-v"",""written_form"":""make"",""source_pos"":""v""},{""lexical_entry_id"":""oewn-pretend-v"",""written_form"":""pretend"",""source_pos"":""v""},{""lexical_entry_id"":""oewn-make_believe-v"",""written_form"":""make believe"",""source_pos"":""v""}]",unreviewed
48,make,48,oewn:2025:oewn-make__2.31.10..,oewn:oewn-make__2.31.10..,oewn-make__2.31.10..,oewn-00700022-v,i25198,oewn-make-v,make,v,v,verb,false,79570,42,false,verb.cognition,"[{""text"":""consider as being"",""source_sense_id"":null}]","[{""text"":""It wasn't the problem some people made it"",""source"":null,""scope"":""synset""}]","[""made""]",[],"[{""lexical_entry_id"":""oewn-make-v"",""written_form"":""make"",""source_pos"":""v""}]",unreviewed
48,make,48,oewn:2025:oewn-make__2.31.12..,oewn:oewn-make__2.31.12..,oewn-make__2.31.12..,oewn-00699870-v,i25197,oewn-make-v,make,v,v,verb,false,79570,43,false,verb.cognition,"[{""text"":""calculate as being"",""source_sense_id"":null}]","[{""text"":""I make the height about 100 feet"",""source"":null,""scope"":""synset""}]","[""made""]",[],"[{""lexical_entry_id"":""oewn-make-v"",""written_form"":""make"",""source_pos"":""v""}]",unreviewed
48,make,48,oewn:2025:oewn-make__2.30.10..,oewn:oewn-make__2.30.10..,oewn-make__2.30.10..,oewn-00563259-v,i24558,oewn-make-v,make,v,v,verb,false,79570,44,false,verb.change,"[{""text"":""cause to be enjoyable or pleasurable"",""source_sense_id"":null}]","[{""text"":""make my day"",""source"":null,""scope"":""synset""}]","[""made""]",[],"[{""lexical_entry_id"":""oewn-make-v"",""written_form"":""make"",""source_pos"":""v""}]",unreviewed
48,make,48,oewn:2025:oewn-make__2.30.14..,oewn:oewn-make__2.30.14..,oewn-make__2.30.14..,oewn-00563144-v,i24557,oewn-make-v,make,v,v,verb,false,79570,45,false,verb.change,"[{""text"":""favor the development of"",""source_sense_id"":null}]","[{""text"":""Practice makes the winner"",""source"":null,""scope"":""synset""}]","[""made""]",[],"[{""lexical_entry_id"":""oewn-make-v"",""written_form"":""make"",""source_pos"":""v""}]",unreviewed
48,make,48,oewn:2025:oewn-make__2.30.12..,oewn:oewn-make__2.30.12..,oewn-make__2.30.12..,oewn-00547033-v,i24466,oewn-make-v,make,v,v,verb,false,79570,46,false,verb.change,"[{""text"":""develop into"",""source_sense_id"":null}]","[{""text"":""He will make a splendid father!"",""source"":null,""scope"":""synset""}]","[""made""]",[],"[{""lexical_entry_id"":""oewn-make-v"",""written_form"":""make"",""source_pos"":""v""}]",unreviewed
48,make,48,oewn:2025:oewn-make__2.29.06..,oewn:oewn-make__2.29.06..,oewn-make__2.29.06..,oewn-00107173-v,i22311,oewn-make-v,make,v,v,verb,false,79570,47,false,verb.body,"[{""text"":""behave in a certain manner"",""source_sense_id"":null}]","[{""text"":""make merry"",""source"":null,""scope"":""synset""}]","[""made""]",[],"[{""lexical_entry_id"":""oewn-make-v"",""written_form"":""make"",""source_pos"":""v""}]",unreviewed
48,make,48,oewn:2025:oewn-make__2.29.01..,oewn:oewn-make__2.29.01..,oewn-make__2.29.01..,oewn-00071765-v,i22135,oewn-make-v,make,v,v,verb,false,79570,48,false,verb.body,"[{""text"":""eliminate urine"",""source_sense_id"":null}]","[{""text"":""Again, the cat had made on the expensive rug"",""source"":null,""scope"":""synset""}]","[""made""]",[],"[{""lexical_entry_id"":""oewn-make-v"",""written_form"":""make"",""source_pos"":""v""},{""lexical_entry_id"":""oewn-urinate-v"",""written_form"":""urinate"",""source_pos"":""v""},{""lexical_entry_id"":""oewn-piddle-v"",""written_form"":""piddle"",""source_pos"":""v""},{""lexical_entry_id"":""oewn-puddle-v"",""written_form"":""puddle"",""source_pos"":""v""},{""lexical_entry_id"":""oewn-micturate-v"",""written_form"":""micturate"",""source_pos"":""v""},{""lexical_entry_id"":""oewn-piss-v"",""written_form"":""piss"",""source_pos"":""v""},{""lexical_entry_id"":""oewn-pee-v"",""written_form"":""pee"",""source_pos"":""v""},{""lexical_entry_id"":""oewn-pee-pee-v"",""written_form"":""pee-pee"",""source_pos"":""v""},{""lexical_entry_id"":""oewn-make_water-v"",""written_form"":""make water"",""source_pos"":""v""},{""lexical_entry_id"":""oewn-relieve_oneself-v"",""written_form"":""relieve oneself"",""source_pos"":""v""},{""lexical_entry_id"":""oewn-take_a_leak-v"",""written_form"":""take a leak"",""source_pos"":""v""},{""lexical_entry_id"":""oewn-spend_a_penny-v"",""written_form"":""spend a penny"",""source_pos"":""v""},{""lexical_entry_id"":""oewn-wee-v"",""written_form"":""wee"",""source_pos"":""v""},{""lexical_entry_id"":""oewn-wee-wee-v"",""written_form"":""wee-wee"",""source_pos"":""v""},{""lexical_entry_id"":""oewn-pass_water-v"",""written_form"":""pass water"",""source_pos"":""v""}]",unreviewed
48,make,48,oewn:2025:oewn-make__2.38.15..,oewn:oewn-make__2.38.15..,oewn-make__2.38.15..,oewn-02022224-v,i31831,oewn-make-v,make,v,v,verb,false,79570,49,false,verb.motion,"[{""text"":""reach in time"",""source_sense_id"":null}]","[{""text"":""I have to catch a train at 7 o'clock"",""source"":null,""scope"":""synset""},{""text"":""We barely made the plane"",""source"":null,""scope"":""synset""}]","[""made""]",[],"[{""lexical_entry_id"":""oewn-catch-v"",""written_form"":""catch"",""source_pos"":""v""},{""lexical_entry_id"":""oewn-make-v"",""written_form"":""make"",""source_pos"":""v""}]",unreviewed
49,time,49,oewn:2025:oewn-time__1.11.00..,oewn:oewn-time__1.11.00..,oewn-time__1.11.00..,oewn-07324217-n,i75105,oewn-time-n,time,n,n,noun,false,123655,1,false,noun.event,"[{""text"":""an instance or single occasion for some event"",""source_sense_id"":null}]","[{""text"":""this time he succeeded"",""source"":null,""scope"":""synset""},{""text"":""he called four times"",""source"":null,""scope"":""synset""},{""text"":""he could do ten at a clip"",""source"":null,""scope"":""synset""}]",[],"[{""value"":""taɪm"",""variety"":""US"",""notation"":null,""phonemic"":null,""audio"":null,""scope"":""lemma"",""form"":null},{""value"":""tɑem"",""variety"":""AU"",""notation"":null,""phonemic"":null,""audio"":null,""scope"":""lemma"",""form"":null}]","[{""lexical_entry_id"":""oewn-time-n"",""written_form"":""time"",""source_pos"":""n""},{""lexical_entry_id"":""oewn-clip-n"",""written_form"":""clip"",""source_pos"":""n""}]",unreviewed
49,time,49,oewn:2025:oewn-time__1.28.05..,oewn:oewn-time__1.28.05..,oewn-time__1.28.05..,oewn-15295388-n,i117493,oewn-time-n,time,n,n,noun,false,123655,2,false,noun.time,"[{""text"":""a period of time considered as a resource under your control and sufficient to accomplish something"",""source_sense_id"":null}]","[{""text"":""take time to smell the roses"",""source"":null,""scope"":""synset""},{""text"":""I didn't have time to finish"",""source"":null,""scope"":""synset""},{""text"":""it took more than half my time"",""source"":null,""scope"":""synset""},{""text"":""he waited for a long time"",""source"":null,""scope"":""synset""}]",[],"[{""value"":""taɪm"",""variety"":""US"",""notation"":null,""phonemic"":null,""audio"":null,""scope"":""lemma"",""form"":null},{""value"":""tɑem"",""variety"":""AU"",""notation"":null,""phonemic"":null,""audio"":null,""scope"":""lemma"",""form"":null}]","[{""lexical_entry_id"":""oewn-time-n"",""written_form"":""time"",""source_pos"":""n""}]",unreviewed
49,time,49,oewn:2025:oewn-time__1.28.00..,oewn:oewn-time__1.28.00..,oewn-time__1.28.00..,oewn-15147173-n,i116667,oewn-time-n,time,n,n,noun,false,123655,3,false,noun.time,"[{""text"":""an indefinite period (usually marked by specific attributes or activities)"",""source_sense_id"":null}]","[{""text"":""the time of year for planting"",""source"":null,""scope"":""synset""},{""text"":""he was a great actor in his time"",""source"":null,""scope"":""synset""}]",[],"[{""value"":""taɪm"",""variety"":""US"",""notation"":null,""phonemic"":null,""audio"":null,""scope"":""lemma"",""form"":null},{""value"":""tɑem"",""variety"":""AU"",""notation"":null,""phonemic"":null,""audio"":null,""scope"":""lemma"",""form"":null}]","[{""lexical_entry_id"":""oewn-time-n"",""written_form"":""time"",""source_pos"":""n""}]",unreviewed
49,time,49,oewn:2025:oewn-time__1.28.06..,oewn:oewn-time__1.28.06..,oewn-time__1.28.06..,oewn-15270326-n,i117361,oewn-time-n,time,n,n,noun,false,123655,4,false,noun.time,"[{""text"":""a suitable moment"",""source_sense_id"":null}]","[{""text"":""it is time to go"",""source"":null,""scope"":""synset""}]",[],"[{""value"":""taɪm"",""variety"":""US"",""notation"":null,""phonemic"":null,""audio"":null,""scope"":""lemma"",""form"":null},{""value"":""tɑem"",""variety"":""AU"",""notation"":null,""phonemic"":null,""audio"":null,""scope"":""lemma"",""form"":null}]","[{""lexical_entry_id"":""oewn-time-n"",""written_form"":""time"",""source_pos"":""n""}]",unreviewed
49,time,49,oewn:2025:oewn-time__1.03.00..,oewn:oewn-time__1.03.00..,oewn-time__1.03.00..,oewn-00028468-n,i35582,oewn-time-n,time,n,n,noun,false,123655,5,false,noun.Tops,"[{""text"":""the continuum of experience in which events pass from the future through the present to the past"",""source_sense_id"":null}]","[{""text"":""he waited for along time"",""source"":null,""scope"":""synset""},{""text"":""it took some time before he got an answer"",""source"":null,""scope"":""synset""},{""text"":""time flies like an arrow"",""source"":null,""scope"":""synset""}]",[],"[{""value"":""taɪm"",""variety"":""US"",""notation"":null,""phonemic"":null,""audio"":null,""scope"":""lemma"",""form"":null},{""value"":""tɑem"",""variety"":""AU"",""notation"":null,""phonemic"":null,""audio"":null,""scope"":""lemma"",""form"":null}]","[{""lexical_entry_id"":""oewn-time-n"",""written_form"":""time"",""source_pos"":""n""}]",unreviewed
49,time,49,oewn:2025:oewn-time__1.11.01..,oewn:oewn-time__1.11.01..,oewn-time__1.11.01..,oewn-07302920-n,i74990,oewn-time-n,time,n,n,noun,false,123655,6,false,noun.event,"[{""text"":""a person's experience on a particular occasion"",""source_sense_id"":null}]","[{""text"":""he had a time holding back the tears"",""source"":null,""scope"":""synset""},{""text"":""they had a good time together"",""source"":null,""scope"":""synset""}]",[],"[{""value"":""taɪm"",""variety"":""US"",""notation"":null,""phonemic"":null,""audio"":null,""scope"":""lemma"",""form"":null},{""value"":""tɑem"",""variety"":""AU"",""notation"":null,""phonemic"":null,""audio"":null,""scope"":""lemma"",""form"":null}]","[{""lexical_entry_id"":""oewn-time-n"",""written_form"":""time"",""source_pos"":""n""}]",unreviewed
49,time,49,oewn:2025:oewn-time__1.28.03..,oewn:oewn-time__1.28.03..,oewn-time__1.28.03..,oewn-15154879-n,i116704,oewn-time-n,time,n,n,noun,false,123655,7,false,noun.time,"[{""text"":""a reading of a point in time as given by a clock"",""source_sense_id"":null}]","[{""text"":""do you know what time it is?"",""source"":null,""scope"":""synset""},{""text"":""the time is 10 o'clock"",""source"":null,""scope"":""synset""}]",[],"[{""value"":""taɪm"",""variety"":""US"",""notation"":null,""phonemic"":null,""audio"":null,""scope"":""lemma"",""form"":null},{""value"":""tɑem"",""variety"":""AU"",""notation"":null,""phonemic"":null,""audio"":null,""scope"":""lemma"",""form"":null}]","[{""lexical_entry_id"":""oewn-clock_time-n"",""written_form"":""clock time"",""source_pos"":""n""},{""lexical_entry_id"":""oewn-time-n"",""written_form"":""time"",""source_pos"":""n""}]",unreviewed
49,time,49,oewn:2025:oewn-time__1.28.04..,oewn:oewn-time__1.28.04..,oewn-time__1.28.04..,oewn-15160774-n,i116736,oewn-time-n,time,n,n,noun,false,123655,8,false,noun.time,"[{""text"":""the fourth coordinate that is required (along with three spatial dimensions) to specify a physical event"",""source_sense_id"":null}]",[],[],"[{""value"":""taɪm"",""variety"":""US"",""notation"":null,""phonemic"":null,""audio"":null,""scope"":""lemma"",""form"":null},{""value"":""tɑem"",""variety"":""AU"",""notation"":null,""phonemic"":null,""audio"":null,""scope"":""lemma"",""form"":null}]","[{""lexical_entry_id"":""oewn-fourth_dimension-n"",""written_form"":""fourth dimension"",""source_pos"":""n""},{""lexical_entry_id"":""oewn-time-n"",""written_form"":""time"",""source_pos"":""n""}]",unreviewed
49,time,49,oewn:2025:oewn-time__1.07.01..,oewn:oewn-time__1.07.01..,oewn-time__1.07.01..,oewn-04998860-n,i63234,oewn-time-n,time,n,n,noun,false,123655,9,false,noun.attribute,"[{""text"":""rhythm as given by division into parts of equal duration"",""source_sense_id"":null}]",[],[],"[{""value"":""taɪm"",""variety"":""US"",""notation"":null,""phonemic"":null,""audio"":null,""scope"":""lemma"",""form"":null},{""value"":""tɑem"",""variety"":""AU"",""notation"":null,""phonemic"":null,""audio"":null,""scope"":""lemma"",""form"":null}]","[{""lexical_entry_id"":""oewn-meter-n"",""written_form"":""meter"",""source_pos"":""n""},{""lexical_entry_id"":""oewn-metre-n"",""written_form"":""metre"",""source_pos"":""n""},{""lexical_entry_id"":""oewn-time-n"",""written_form"":""time"",""source_pos"":""n""}]",unreviewed
49,time,49,oewn:2025:oewn-time__1.28.01..,oewn:oewn-time__1.28.01..,oewn-time__1.28.01..,oewn-15249488-n,i117239,oewn-time-n,time,n,n,noun,false,123655,10,false,noun.time,"[{""text"":""the period of time a prisoner is imprisoned"",""source_sense_id"":null}]","[{""text"":""he served a prison term of 15 months"",""source"":null,""scope"":""synset""},{""text"":""his sentence was 5 to 10 years"",""source"":null,""scope"":""synset""},{""text"":""he is doing time in the county jail"",""source"":null,""scope"":""synset""}]",[],"[{""value"":""taɪm"",""variety"":""US"",""notation"":null,""phonemic"":null,""audio"":null,""scope"":""lemma"",""form"":null},{""value"":""tɑem"",""variety"":""AU"",""notation"":null,""phonemic"":null,""audio"":null,""scope"":""lemma"",""form"":null}]","[{""lexical_entry_id"":""oewn-prison_term-n"",""written_form"":""prison term"",""source_pos"":""n""},{""lexical_entry_id"":""oewn-sentence-n"",""written_form"":""sentence"",""source_pos"":""n""},{""lexical_entry_id"":""oewn-time-n"",""written_form"":""time"",""source_pos"":""n""}]",unreviewed
49,time,49,oewn:2025:oewn-time__2.30.00..,oewn:oewn-time__2.30.00..,oewn-time__2.30.00..,oewn-00491904-v,i24163,oewn-time-v,time,v,v,verb,false,123661,1,false,verb.change,"[{""text"":""measure the time or duration of an event or action or the person who performs an action in a certain period of time"",""source_sense_id"":null}]","[{""text"":""he clocked the runners"",""source"":null,""scope"":""synset""}]",[],"[{""value"":""taɪm"",""variety"":""US"",""notation"":null,""phonemic"":null,""audio"":null,""scope"":""lemma"",""form"":null},{""value"":""tɑem"",""variety"":""AU"",""notation"":null,""phonemic"":null,""audio"":null,""scope"":""lemma"",""form"":null}]","[{""lexical_entry_id"":""oewn-clock-v"",""written_form"":""clock"",""source_pos"":""v""},{""lexical_entry_id"":""oewn-time-v"",""written_form"":""time"",""source_pos"":""v""}]",unreviewed
49,time,49,oewn:2025:oewn-time__2.31.00..,oewn:oewn-time__2.31.00..,oewn-time__2.31.00..,oewn-00680466-v,i25110,oewn-time-v,time,v,v,verb,false,123661,2,false,verb.cognition,"[{""text"":""assign a time for an activity or event"",""source_sense_id"":null}]","[{""text"":""The candidate carefully timed his appearance at the disaster scene"",""source"":null,""scope"":""synset""}]",[],"[{""value"":""taɪm"",""variety"":""US"",""notation"":null,""phonemic"":null,""audio"":null,""scope"":""lemma"",""form"":null},{""value"":""tɑem"",""variety"":""AU"",""notation"":null,""phonemic"":null,""audio"":null,""scope"":""lemma"",""form"":null}]","[{""lexical_entry_id"":""oewn-time-v"",""written_form"":""time"",""source_pos"":""v""}]",unreviewed
49,time,49,oewn:2025:oewn-time__2.31.01..,oewn:oewn-time__2.31.01..,oewn-time__2.31.01..,oewn-00703992-v,i25217,oewn-time-v,time,v,v,verb,false,123661,3,false,verb.cognition,"[{""text"":""set the speed, duration, or execution of"",""source_sense_id"":null}]","[{""text"":""we time the process to manufacture our cars very precisely"",""source"":null,""scope"":""synset""}]",[],"[{""value"":""taɪm"",""variety"":""US"",""notation"":null,""phonemic"":null,""audio"":null,""scope"":""lemma"",""form"":null},{""value"":""tɑem"",""variety"":""AU"",""notation"":null,""phonemic"":null,""audio"":null,""scope"":""lemma"",""form"":null}]","[{""lexical_entry_id"":""oewn-time-v"",""written_form"":""time"",""source_pos"":""v""}]",unreviewed
49,time,49,oewn:2025:oewn-time__2.30.01..,oewn:oewn-time__2.30.01..,oewn-time__2.30.01..,oewn-00298687-v,i23215,oewn-time-v,time,v,v,verb,false,123661,4,false,verb.change,"[{""text"":""regulate or set the time of"",""source_sense_id"":null}]","[{""text"":""time the clock"",""source"":null,""scope"":""synset""}]",[],"[{""value"":""taɪm"",""variety"":""US"",""notation"":null,""phonemic"":null,""audio"":null,""scope"":""lemma"",""form"":null},{""value"":""tɑem"",""variety"":""AU"",""notation"":null,""phonemic"":null,""audio"":null,""scope"":""lemma"",""form"":null}]","[{""lexical_entry_id"":""oewn-time-v"",""written_form"":""time"",""source_pos"":""v""}]",unreviewed
49,time,49,oewn:2025:oewn-time__2.30.06..,oewn:oewn-time__2.30.06..,oewn-time__2.30.06..,oewn-00297754-v,i23209,oewn-time-v,time,v,v,verb,false,123661,5,false,verb.change,"[{""text"":""adjust so that a force is applied and an action occurs at the desired time"",""source_sense_id"":null}]","[{""text"":""The good player times his swing so as to hit the ball squarely"",""source"":null,""scope"":""synset""}]",[],"[{""value"":""taɪm"",""variety"":""US"",""notation"":null,""phonemic"":null,""audio"":null,""scope"":""lemma"",""form"":null},{""value"":""tɑem"",""variety"":""AU"",""notation"":null,""phonemic"":null,""audio"":null,""scope"":""lemma"",""form"":null}]","[{""lexical_entry_id"":""oewn-time-v"",""written_form"":""time"",""source_pos"":""v""}]",unreviewed
50,see,50,oewn:2025:oewn-see__1.15.00..,oewn:oewn-see__1.15.00..,oewn-see__1.15.00..,oewn-08604380-n,i82099,oewn-see-n,see,n,n,noun,false,109040,1,false,noun.location,"[{""text"":""the seat within a bishop's diocese where the bishop's cathedral is located"",""source_sense_id"":null}]",[],[],[],"[{""lexical_entry_id"":""oewn-see-n"",""written_form"":""see"",""source_pos"":""n""}]",unreviewed
50,see,50,oewn:2025:oewn-see__2.39.00..,oewn:oewn-see__2.39.00..,oewn-see__2.39.00..,oewn-02133754-v,i32402,oewn-see-v,see,v,v,verb,false,109042,1,false,verb.perception,"[{""text"":""perceive by sight or have the power to perceive by sight"",""source_sense_id"":null}]","[{""text"":""You have to be a good observer to see all the details"",""source"":null,""scope"":""synset""},{""text"":""Can you see the bird in that tree?"",""source"":null,""scope"":""synset""},{""text"":""He is blind — he cannot see"",""source"":null,""scope"":""synset""}]","[""saw"",""seen""]",[],"[{""lexical_entry_id"":""oewn-see-v"",""written_form"":""see"",""source_pos"":""v""}]",unreviewed
50,see,50,oewn:2025:oewn-see__2.31.01..,oewn:oewn-see__2.31.01..,oewn-see__2.31.01..,oewn-00592510-v,i24720,oewn-see-v,see,v,v,verb,false,109042,2,false,verb.cognition,"[{""text"":""perceive (an idea or situation) mentally"",""source_sense_id"":null}]","[{""text"":""Now I see!"",""source"":null,""scope"":""synset""},{""text"":""I just can't see your point"",""source"":null,""scope"":""synset""},{""text"":""Does she realize how important this decision is?"",""source"":null,""scope"":""synset""},{""text"":""I don't understand the idea"",""source"":null,""scope"":""synset""}]","[""saw"",""seen""]",[],"[{""lexical_entry_id"":""oewn-understand-v"",""written_form"":""understand"",""source_pos"":""v""},{""lexical_entry_id"":""oewn-realize-v"",""written_form"":""realize"",""source_pos"":""v""},{""lexical_entry_id"":""oewn-realise-v"",""written_form"":""realise"",""source_pos"":""v""},{""lexical_entry_id"":""oewn-see-v"",""written_form"":""see"",""source_pos"":""v""}]",unreviewed
50,see,50,oewn:2025:oewn-see__2.39.02..,oewn:oewn-see__2.39.02..,oewn-see__2.39.02..,oewn-02133338-v,i32401,oewn-see-v,see,v,v,verb,false,109042,3,false,verb.perception,"[{""text"":""perceive or be contemporaneous with"",""source_sense_id"":null}]","[{""text"":""We found Republicans winning the offices"",""source"":null,""scope"":""synset""},{""text"":""You'll see a lot of cheating in this school"",""source"":null,""scope"":""synset""},{""text"":""The 1960's saw the rebellion of the younger generation against established traditions"",""source"":null,""scope"":""synset""},{""text"":""I want to see results"",""source"":null,""scope"":""synset""}]","[""saw"",""seen""]",[],"[{""lexical_entry_id"":""oewn-witness-v"",""written_form"":""witness"",""source_pos"":""v""},{""lexical_entry_id"":""oewn-find-v"",""written_form"":""find"",""source_pos"":""v""},{""lexical_entry_id"":""oewn-see-v"",""written_form"":""see"",""source_pos"":""v""}]",unreviewed
50,see,50,oewn:2025:oewn-see__2.36.00..,oewn:oewn-see__2.36.00..,oewn-see__2.36.00..,oewn-01638974-v,i29923,oewn-see-v,see,v,v,verb,false,109042,4,false,verb.creation,"[{""text"":""imagine; conceive of; see in one's mind"",""source_sense_id"":null}]","[{""text"":""I can't see him on horseback!"",""source"":null,""scope"":""synset""},{""text"":""I can see what will happen"",""source"":null,""scope"":""synset""},{""text"":""I can see a risk in this strategy"",""source"":null,""scope"":""synset""}]","[""saw"",""seen""]",[],"[{""lexical_entry_id"":""oewn-visualize-v"",""written_form"":""visualize"",""source_pos"":""v""},{""lexical_entry_id"":""oewn-visualise-v"",""written_form"":""visualise"",""source_pos"":""v""},{""lexical_entry_id"":""oewn-envision-v"",""written_form"":""envision"",""source_pos"":""v""},{""lexical_entry_id"":""oewn-project-v"",""written_form"":""project"",""source_pos"":""v""},{""lexical_entry_id"":""oewn-fancy-v"",""written_form"":""fancy"",""source_pos"":""v""},{""lexical_entry_id"":""oewn-see-v"",""written_form"":""see"",""source_pos"":""v""},{""lexical_entry_id"":""oewn-figure-v"",""written_form"":""figure"",""source_pos"":""v""},{""lexical_entry_id"":""oewn-picture-v"",""written_form"":""picture"",""source_pos"":""v""},{""lexical_entry_id"":""oewn-image-v"",""written_form"":""image"",""source_pos"":""v""}]",unreviewed
50,see,50,oewn:2025:oewn-see__2.31.00..,oewn:oewn-see__2.31.00..,oewn-see__2.31.00..,oewn-00692380-v,i25165,oewn-see-v,see,v,v,verb,false,109042,5,false,verb.cognition,"[{""text"":""deem to be"",""source_sense_id"":null}]","[{""text"":""She views this quite differently from me"",""source"":null,""scope"":""synset""},{""text"":""I consider her to be shallow"",""source"":null,""scope"":""synset""},{""text"":""I don't see the situation quite as negatively as you do"",""source"":null,""scope"":""synset""}]","[""saw"",""seen""]",[],"[{""lexical_entry_id"":""oewn-see-v"",""written_form"":""see"",""source_pos"":""v""},{""lexical_entry_id"":""oewn-consider-v"",""written_form"":""consider"",""source_pos"":""v""},{""lexical_entry_id"":""oewn-reckon-v"",""written_form"":""reckon"",""source_pos"":""v""},{""lexical_entry_id"":""oewn-view-v"",""written_form"":""view"",""source_pos"":""v""},{""lexical_entry_id"":""oewn-regard-v"",""written_form"":""regard"",""source_pos"":""v""}]",unreviewed
50,see,50,oewn:2025:oewn-see__2.31.02..,oewn:oewn-see__2.31.02..,oewn-see__2.31.02..,oewn-00600349-v,i24755,oewn-see-v,see,v,v,verb,false,109042,6,false,verb.cognition,"[{""text"":""get to know or become aware of, usually accidentally"",""source_sense_id"":null}]","[{""text"":""I learned that she has two grown-up children"",""source"":null,""scope"":""synset""},{""text"":""I see that you have been promoted"",""source"":null,""scope"":""synset""}]","[""saw"",""seen""]",[],"[{""lexical_entry_id"":""oewn-learn-v"",""written_form"":""learn"",""source_pos"":""v""},{""lexical_entry_id"":""oewn-hear-v"",""written_form"":""hear"",""source_pos"":""v""},{""lexical_entry_id"":""oewn-get_word-v"",""written_form"":""get word"",""source_pos"":""v""},{""lexical_entry_id"":""oewn-get_wind-v"",""written_form"":""get wind"",""source_pos"":""v""},{""lexical_entry_id"":""oewn-pick_up-v"",""written_form"":""pick up"",""source_pos"":""v""},{""lexical_entry_id"":""oewn-find_out-v"",""written_form"":""find out"",""source_pos"":""v""},{""lexical_entry_id"":""oewn-get_a_line-v"",""written_form"":""get a line"",""source_pos"":""v""},{""lexical_entry_id"":""oewn-discover-v"",""written_form"":""discover"",""source_pos"":""v""},{""lexical_entry_id"":""oewn-see-v"",""written_form"":""see"",""source_pos"":""v""}]",unreviewed
50,see,50,oewn:2025:oewn-see__2.39.03..,oewn:oewn-see__2.39.03..,oewn-see__2.39.03..,oewn-02155378-v,i32509,oewn-see-v,see,v,v,verb,false,109042,7,false,verb.perception,"[{""text"":""see or watch"",""source_sense_id"":null}]","[{""text"":""view a show on television"",""source"":null,""scope"":""synset""},{""text"":""This program will be seen all over the world"",""source"":null,""scope"":""synset""},{""text"":""view an exhibition"",""source"":null,""scope"":""synset""},{""text"":""Catch a show on Broadway"",""source"":null,""scope"":""synset""},{""text"":""see a movie"",""source"":null,""scope"":""synset""}]","[""saw"",""seen""]",[],"[{""lexical_entry_id"":""oewn-watch-v"",""written_form"":""watch"",""source_pos"":""v""},{""lexical_entry_id"":""oewn-view-v"",""written_form"":""view"",""source_pos"":""v""},{""lexical_entry_id"":""oewn-see-v"",""written_form"":""see"",""source_pos"":""v""},{""lexical_entry_id"":""oewn-catch-v"",""written_form"":""catch"",""source_pos"":""v""},{""lexical_entry_id"":""oewn-take_in-v"",""written_form"":""take in"",""source_pos"":""v""}]",unreviewed
50,see,50,oewn:2025:oewn-see__2.38.00..,oewn:oewn-see__2.38.00..,oewn-see__2.38.00..,oewn-02026953-v,i31856,oewn-see-v,see,v,v,verb,false,109042,8,false,verb.motion,"[{""text"":""come together"",""source_sense_id"":null}]","[{""text"":""I'll probably see you at the meeting"",""source"":null,""scope"":""synset""},{""text"":""How nice to see you again!"",""source"":null,""scope"":""synset""}]","[""saw"",""seen""]",[],"[{""lexical_entry_id"":""oewn-meet-v"",""written_form"":""meet"",""source_pos"":""v""},{""lexical_entry_id"":""oewn-run_into-v"",""written_form"":""run into"",""source_pos"":""v""},{""lexical_entry_id"":""oewn-encounter-v"",""written_form"":""encounter"",""source_pos"":""v""},{""lexical_entry_id"":""oewn-run_across-v"",""written_form"":""run across"",""source_pos"":""v""},{""lexical_entry_id"":""oewn-come_across-v"",""written_form"":""come across"",""source_pos"":""v""},{""lexical_entry_id"":""oewn-see-v"",""written_form"":""see"",""source_pos"":""v""}]",unreviewed
50,see,50,oewn:2025:oewn-see__2.32.00..,oewn:oewn-see__2.32.00..,oewn-see__2.32.00..,oewn-00922307-v,i26213,oewn-see-v,see,v,v,verb,false,109042,9,false,verb.communication,"[{""text"":""find out, learn, or determine with certainty, usually by making an inquiry or other effort"",""source_sense_id"":null}]","[{""text"":""I want to see whether she speaks French"",""source"":null,""scope"":""synset""},{""text"":""See whether it works"",""source"":null,""scope"":""synset""},{""text"":""find out if he speaks Russian"",""source"":null,""scope"":""synset""},{""text"":""Check whether the train leaves on time"",""source"":null,""scope"":""synset""}]","[""saw"",""seen""]",[],"[{""lexical_entry_id"":""oewn-determine-v"",""written_form"":""determine"",""source_pos"":""v""},{""lexical_entry_id"":""oewn-check-v"",""written_form"":""check"",""source_pos"":""v""},{""lexical_entry_id"":""oewn-find_out-v"",""written_form"":""find out"",""source_pos"":""v""},{""lexical_entry_id"":""oewn-see-v"",""written_form"":""see"",""source_pos"":""v""},{""lexical_entry_id"":""oewn-ascertain-v"",""written_form"":""ascertain"",""source_pos"":""v""},{""lexical_entry_id"":""oewn-watch-v"",""written_form"":""watch"",""source_pos"":""v""},{""lexical_entry_id"":""oewn-learn-v"",""written_form"":""learn"",""source_pos"":""v""}]",unreviewed
50,see,50,oewn:2025:oewn-see__2.31.03..,oewn:oewn-see__2.31.03..,oewn-see__2.31.03..,oewn-00664507-v,i25039,oewn-see-v,see,v,v,verb,false,109042,10,false,verb.cognition,"[{""text"":""be careful or certain to do something; make certain of something"",""source_sense_id"":null}]","[{""text"":""He verified that the valves were closed"",""source"":null,""scope"":""synset""},{""text"":""See that the curtains are closed"",""source"":null,""scope"":""synset""},{""text"":""control the quality of the product"",""source"":null,""scope"":""synset""}]","[""saw"",""seen""]",[],"[{""lexical_entry_id"":""oewn-see-v"",""written_form"":""see"",""source_pos"":""v""},{""lexical_entry_id"":""oewn-check-v"",""written_form"":""check"",""source_pos"":""v""},{""lexical_entry_id"":""oewn-insure-v"",""written_form"":""insure"",""source_pos"":""v""},{""lexical_entry_id"":""oewn-see_to_it-v"",""written_form"":""see to it"",""source_pos"":""v""},{""lexical_entry_id"":""oewn-ensure-v"",""written_form"":""ensure"",""source_pos"":""v""},{""lexical_entry_id"":""oewn-control-v"",""written_form"":""control"",""source_pos"":""v""},{""lexical_entry_id"":""oewn-ascertain-v"",""written_form"":""ascertain"",""source_pos"":""v""},{""lexical_entry_id"":""oewn-assure-v"",""written_form"":""assure"",""source_pos"":""v""}]",unreviewed
50,see,50,oewn:2025:oewn-see__2.41.11..,oewn:oewn-see__2.41.11..,oewn-see__2.41.11..,oewn-02493953-v,i34163,oewn-see-v,see,v,v,verb,false,109042,11,false,verb.social,"[{""text"":""go to see for professional or business reasons"",""source_sense_id"":null}]","[{""text"":""You should see a lawyer"",""source"":null,""scope"":""synset""},{""text"":""We had to see a psychiatrist"",""source"":null,""scope"":""synset""}]","[""saw"",""seen""]",[],"[{""lexical_entry_id"":""oewn-see-v"",""written_form"":""see"",""source_pos"":""v""}]",unreviewed
50,see,50,oewn:2025:oewn-see__2.41.12..,oewn:oewn-see__2.41.12..,oewn-see__2.41.12..,oewn-02494137-v,i34164,oewn-see-v,see,v,v,verb,false,109042,12,false,verb.social,"[{""text"":""go to see for a social visit"",""source_sense_id"":null}]","[{""text"":""I went to see my friend Mary the other day"",""source"":null,""scope"":""synset""}]","[""saw"",""seen""]",[],"[{""lexical_entry_id"":""oewn-see-v"",""written_form"":""see"",""source_pos"":""v""}]",unreviewed
50,see,50,oewn:2025:oewn-see__2.41.10..,oewn:oewn-see__2.41.10..,oewn-see__2.41.10..,oewn-02498679-v,i34186,oewn-see-v,see,v,v,verb,false,109042,13,false,verb.social,"[{""text"":""go to see a place, as for entertainment"",""source_sense_id"":null}]","[{""text"":""We went to see the Eiffel Tower in the morning"",""source"":null,""scope"":""synset""}]","[""saw"",""seen""]",[],"[{""lexical_entry_id"":""oewn-visit-v"",""written_form"":""visit"",""source_pos"":""v""},{""lexical_entry_id"":""oewn-see-v"",""written_form"":""see"",""source_pos"":""v""}]",unreviewed
50,see,50,oewn:2025:oewn-see__2.41.14..,oewn:oewn-see__2.41.14..,oewn-see__2.41.14..,oewn-02555278-v,i34442,oewn-see-v,see,v,v,verb,false,109042,14,false,verb.social,"[{""text"":""take charge of or deal with"",""source_sense_id"":null}]","[{""text"":""Could you see about lunch?"",""source"":null,""scope"":""synset""},{""text"":""I must attend to this matter"",""source"":null,""scope"":""synset""},{""text"":""She took care of this business"",""source"":null,""scope"":""synset""}]","[""saw"",""seen""]",[],"[{""lexical_entry_id"":""oewn-attend-v"",""written_form"":""attend"",""source_pos"":""v""},{""lexical_entry_id"":""oewn-take_care-v"",""written_form"":""take care"",""source_pos"":""v""},{""lexical_entry_id"":""oewn-look-v"",""written_form"":""look"",""source_pos"":""v""},{""lexical_entry_id"":""oewn-see-v"",""written_form"":""see"",""source_pos"":""v""}]",unreviewed
50,see,50,oewn:2025:oewn-see__2.35.09..,oewn:oewn-see__2.35.09..,oewn-see__2.35.09..,oewn-01473299-v,i29072,oewn-see-v,see,v,v,verb,false,109042,15,false,verb.contact,"[{""text"":""receive as a specified guest"",""source_sense_id"":null}]","[{""text"":""the doctor will see you now"",""source"":null,""scope"":""synset""},{""text"":""The minister doesn't see anybody before noon"",""source"":null,""scope"":""synset""}]","[""saw"",""seen""]",[],"[{""lexical_entry_id"":""oewn-see-v"",""written_form"":""see"",""source_pos"":""v""}]",unreviewed
50,see,50,oewn:2025:oewn-see__2.41.00..,oewn:oewn-see__2.41.00..,oewn-see__2.41.00..,oewn-02491850-v,i34152,oewn-see-v,see,v,v,verb,false,109042,16,false,verb.social,"[{""text"":""date regularly; have a steady relationship with"",""source_sense_id"":null}]","[{""text"":""Did you know that she is seeing an older man?"",""source"":null,""scope"":""synset""},{""text"":""He is dating his former wife again!"",""source"":null,""scope"":""synset""}]","[""saw"",""seen""]",[],"[{""lexical_entry_id"":""oewn-go_steady-v"",""written_form"":""go steady"",""source_pos"":""v""},{""lexical_entry_id"":""oewn-go_out-v"",""written_form"":""go out"",""source_pos"":""v""},{""lexical_entry_id"":""oewn-date-v"",""written_form"":""date"",""source_pos"":""v""},{""lexical_entry_id"":""oewn-see-v"",""written_form"":""see"",""source_pos"":""v""}]",unreviewed
50,see,50,oewn:2025:oewn-see__2.39.05..,oewn:oewn-see__2.39.05..,oewn-see__2.39.05..,oewn-02134174-v,i32403,oewn-see-v,see,v,v,verb,false,109042,17,false,verb.perception,"[{""text"":""see and understand, have a good eye"",""source_sense_id"":null}]","[{""text"":""The artist must first learn to see"",""source"":null,""scope"":""synset""}]","[""saw"",""seen""]",[],"[{""lexical_entry_id"":""oewn-see-v"",""written_form"":""see"",""source_pos"":""v""}]",unreviewed
50,see,50,oewn:2025:oewn-see__2.31.08..,oewn:oewn-see__2.31.08..,oewn-see__2.31.08..,oewn-00705474-v,i25225,oewn-see-v,see,v,v,verb,false,109042,18,false,verb.cognition,"[{""text"":""deliberate or decide"",""source_sense_id"":null}]","[{""text"":""See whether you can come tomorrow"",""source"":null,""scope"":""synset""},{""text"":""let's see — which movie should we see tonight?"",""source"":null,""scope"":""synset""}]","[""saw"",""seen""]",[],"[{""lexical_entry_id"":""oewn-see-v"",""written_form"":""see"",""source_pos"":""v""}]",unreviewed
50,see,50,oewn:2025:oewn-see__2.39.11..,oewn:oewn-see__2.39.11..,oewn-see__2.39.11..,oewn-02160655-v,i32531,oewn-see-v,see,v,v,verb,false,109042,19,false,verb.perception,"[{""text"":""observe as if with an eye"",""source_sense_id"":null}]","[{""text"":""The camera saw the burglary and recorded it"",""source"":null,""scope"":""synset""}]","[""saw"",""seen""]",[],"[{""lexical_entry_id"":""oewn-see-v"",""written_form"":""see"",""source_pos"":""v""}]",unreviewed
50,see,50,oewn:2025:oewn-see__2.39.13..,oewn:oewn-see__2.39.13..,oewn-see__2.39.13..,oewn-02135744-v,i32409,oewn-see-v,see,v,v,verb,false,109042,20,false,verb.perception,"[{""text"":""observe, check out, and look over carefully or inspect"",""source_sense_id"":null}]","[{""text"":""The customs agent examined the baggage"",""source"":null,""scope"":""synset""},{""text"":""I must see your passport before you can enter the country"",""source"":null,""scope"":""synset""}]","[""saw"",""seen""]",[],"[{""lexical_entry_id"":""oewn-examine-v"",""written_form"":""examine"",""source_pos"":""v""},{""lexical_entry_id"":""oewn-see-v"",""written_form"":""see"",""source_pos"":""v""}]",unreviewed
50,see,50,oewn:2025:oewn-see__2.39.12..,oewn:oewn-see__2.39.12..,oewn-see__2.39.12..,oewn-02114674-v,i32312,oewn-see-v,see,v,v,verb,false,109042,21,false,verb.perception,"[{""text"":""undergo or live through a difficult experience"",""source_sense_id"":null}]","[{""text"":""We had many trials to go through"",""source"":null,""scope"":""synset""},{""text"":""he saw action in Viet Nam"",""source"":null,""scope"":""synset""}]","[""saw"",""seen""]",[],"[{""lexical_entry_id"":""oewn-experience-v"",""written_form"":""experience"",""source_pos"":""v""},{""lexical_entry_id"":""oewn-see-v"",""written_form"":""see"",""source_pos"":""v""},{""lexical_entry_id"":""oewn-go_through-v"",""written_form"":""go through"",""source_pos"":""v""}]",unreviewed
50,see,50,oewn:2025:oewn-see__2.38.03..,oewn:oewn-see__2.38.03..,oewn-see__2.38.03..,oewn-02029932-v,i31870,oewn-see-v,see,v,v,verb,false,109042,22,false,verb.motion,"[{""text"":""conduct someone someplace"",""source_sense_id"":null}]","[{""text"":""I'll see you to the door"",""source"":null,""scope"":""synset""}]","[""saw"",""seen""]",[],"[{""lexical_entry_id"":""oewn-see-v"",""written_form"":""see"",""source_pos"":""v""},{""lexical_entry_id"":""oewn-escort-v"",""written_form"":""escort"",""source_pos"":""v""}]",unreviewed
50,see,50,oewn:2025:oewn-see__2.33.00..,oewn:oewn-see__2.33.00..,oewn-see__2.33.00..,oewn-01159034-v,i27408,oewn-see-v,see,v,v,verb,false,109042,23,false,verb.competition,"[{""text"":""match or meet"",""source_sense_id"":null}]","[{""text"":""I saw the bet of one of my fellow players"",""source"":null,""scope"":""synset""}]","[""saw"",""seen""]",[],"[{""lexical_entry_id"":""oewn-see-v"",""written_form"":""see"",""source_pos"":""v""}]",unreviewed
50,see,50,oewn:2025:oewn-see__2.31.13..,oewn:oewn-see__2.31.13..,oewn-see__2.31.13..,oewn-00624823-v,i24866,oewn-see-v,see,v,v,verb,false,109042,24,false,verb.cognition,"[{""text"":""make sense of; assign a meaning to"",""source_sense_id"":null}]","[{""text"":""What message do you see in this letter?"",""source"":null,""scope"":""synset""},{""text"":""How do you interpret his behavior?"",""source"":null,""scope"":""synset""}]","[""saw"",""seen""]",[],"[{""lexical_entry_id"":""oewn-interpret-v"",""written_form"":""interpret"",""source_pos"":""v""},{""lexical_entry_id"":""oewn-construe-v"",""written_form"":""construe"",""source_pos"":""v""},{""lexical_entry_id"":""oewn-see-v"",""written_form"":""see"",""source_pos"":""v""}]",unreviewed
52,up,52,oewn:2025:oewn-up__3.00.00..,oewn:oewn-up__3.00.00..,oewn-up__3.00.00..,oewn-02499848-a,i13809,oewn-up-a,up,a,a,adjective,false,129559,1,false,adj.all,"[{""text"":""being or moving higher in position or greater in some value; being above a former position or level"",""source_sense_id"":null}]","[{""text"":""the anchor is up"",""source"":null,""scope"":""synset""},{""text"":""the sun is up"",""source"":null,""scope"":""synset""},{""text"":""he lay face up"",""source"":null,""scope"":""synset""},{""text"":""he is up by a pawn"",""source"":null,""scope"":""synset""},{""text"":""the market is up"",""source"":null,""scope"":""synset""},{""text"":""the corn is up"",""source"":null,""scope"":""synset""}]",[],"[{""value"":""ʌp"",""variety"":""GB"",""notation"":null,""phonemic"":null,""audio"":null,""scope"":""lemma"",""form"":null},{""value"":""ʌp"",""variety"":""US"",""notation"":null,""phonemic"":null,""audio"":null,""scope"":""lemma"",""form"":null},{""value"":""ap"",""variety"":""AU"",""notation"":null,""phonemic"":null,""audio"":null,""scope"":""lemma"",""form"":null}]","[{""lexical_entry_id"":""oewn-up-a"",""written_form"":""up"",""source_pos"":""a""}]",unreviewed
52,up,52,oewn:2025:oewn-up__5.00.00.awake.00,oewn:oewn-up__5.00.00.awake.00,oewn-up__5.00.00.awake.00,oewn-00188413-s,i1010,oewn-up-a,up,a,s,adjective_satellite,true,129559,2,false,adj.all,"[{""text"":""out of bed"",""source_sense_id"":null}]","[{""text"":""are they astir yet?"",""source"":null,""scope"":""synset""},{""text"":""up by seven each morning"",""source"":null,""scope"":""synset""}]",[],"[{""value"":""ʌp"",""variety"":""GB"",""notation"":null,""phonemic"":null,""audio"":null,""scope"":""lemma"",""form"":null},{""value"":""ʌp"",""variety"":""US"",""notation"":null,""phonemic"":null,""audio"":null,""scope"":""lemma"",""form"":null},{""value"":""ap"",""variety"":""AU"",""notation"":null,""phonemic"":null,""audio"":null,""scope"":""lemma"",""form"":null}]","[{""lexical_entry_id"":""oewn-astir-a"",""written_form"":""astir"",""source_pos"":""a""},{""lexical_entry_id"":""oewn-up-a"",""written_form"":""up"",""source_pos"":""a""}]",unreviewed
52,up,52,oewn:2025:oewn-up__5.00.00.rising.00,oewn:oewn-up__5.00.00.rising.00,oewn-up__5.00.00.rising.00,oewn-02496786-s,i13790,oewn-up-a,up,a,s,adjective_satellite,true,129559,3,false,adj.all,"[{""text"":""getting higher or more vigorous"",""source_sense_id"":null}]","[{""text"":""it's an up market"",""source"":null,""scope"":""synset""},{""text"":""an improving economy"",""source"":null,""scope"":""synset""}]",[],"[{""value"":""ʌp"",""variety"":""GB"",""notation"":null,""phonemic"":null,""audio"":null,""scope"":""lemma"",""form"":null},{""value"":""ʌp"",""variety"":""US"",""notation"":null,""phonemic"":null,""audio"":null,""scope"":""lemma"",""form"":null},{""value"":""ap"",""variety"":""AU"",""notation"":null,""phonemic"":null,""audio"":null,""scope"":""lemma"",""form"":null}]","[{""lexical_entry_id"":""oewn-improving-a"",""written_form"":""improving"",""source_pos"":""a""},{""lexical_entry_id"":""oewn-up-a"",""written_form"":""up"",""source_pos"":""a""}]",unreviewed
52,up,52,oewn:2025:oewn-up__5.00.00.ascending.00,oewn:oewn-up__5.00.00.ascending.00,oewn-up__5.00.00.ascending.00,oewn-02495166-s,i13779,oewn-up-a,up,a,s,adjective_satellite,true,129559,4,false,adj.all,"[{""text"":""extending or moving toward a higher place"",""source_sense_id"":null}]","[{""text"":""the up staircase"",""source"":null,""scope"":""synset""},{""text"":""a general upward movement of fish"",""source"":null,""scope"":""synset""}]",[],"[{""value"":""ʌp"",""variety"":""GB"",""notation"":null,""phonemic"":null,""audio"":null,""scope"":""lemma"",""form"":null},{""value"":""ʌp"",""variety"":""US"",""notation"":null,""phonemic"":null,""audio"":null,""scope"":""lemma"",""form"":null},{""value"":""ap"",""variety"":""AU"",""notation"":null,""phonemic"":null,""audio"":null,""scope"":""lemma"",""form"":null}]","[{""lexical_entry_id"":""oewn-up-a"",""written_form"":""up"",""source_pos"":""a""},{""lexical_entry_id"":""oewn-upward-a"",""written_form"":""upward"",""source_pos"":""a""}]",unreviewed
52,up,52,oewn:2025:oewn-up__5.00.00.prepared.00,oewn:oewn-up__5.00.00.prepared.00,oewn-up__5.00.00.prepared.00,oewn-01850926-s,i10139,oewn-up-a,up,a,s,adjective_satellite,true,129559,5,false,adj.all,"[{""text"":""(usually followed by ‘on’ or ‘for’) in readiness"",""source_sense_id"":null}]","[{""text"":""he was up on his homework"",""source"":null,""scope"":""synset""},{""text"":""had to be up for the game"",""source"":null,""scope"":""synset""}]",[],"[{""value"":""ʌp"",""variety"":""GB"",""notation"":null,""phonemic"":null,""audio"":null,""scope"":""lemma"",""form"":null},{""value"":""ʌp"",""variety"":""US"",""notation"":null,""phonemic"":null,""audio"":null,""scope"":""lemma"",""form"":null},{""value"":""ap"",""variety"":""AU"",""notation"":null,""phonemic"":null,""audio"":null,""scope"":""lemma"",""form"":null}]","[{""lexical_entry_id"":""oewn-up-a"",""written_form"":""up"",""source_pos"":""a""}]",unreviewed
52,up,52,oewn:2025:oewn-up__5.00.00.raised.00,oewn:oewn-up__5.00.00.raised.00,oewn-up__5.00.00.raised.00,oewn-01210818-s,i6605,oewn-up-a,up,a,s,adjective_satellite,true,129559,6,false,adj.all,"[{""text"":""open"",""source_sense_id"":null}]","[{""text"":""the windows are up"",""source"":null,""scope"":""synset""}]",[],"[{""value"":""ʌp"",""variety"":""GB"",""notation"":null,""phonemic"":null,""audio"":null,""scope"":""lemma"",""form"":null},{""value"":""ʌp"",""variety"":""US"",""notation"":null,""phonemic"":null,""audio"":null,""scope"":""lemma"",""form"":null},{""value"":""ap"",""variety"":""AU"",""notation"":null,""phonemic"":null,""audio"":null,""scope"":""lemma"",""form"":null}]","[{""lexical_entry_id"":""oewn-up-a"",""written_form"":""up"",""source_pos"":""a""}]",unreviewed
52,up,52,oewn:2025:oewn-up__5.00.00.functioning.00,oewn:oewn-up__5.00.00.functioning.00,oewn-up__5.00.00.functioning.00,oewn-01095688-s,i5998,oewn-up-a,up,a,s,adjective_satellite,true,129559,7,false,adj.all,"[{""text"":""(used of computers) operating properly"",""source_sense_id"":null}]","[{""text"":""how soon will the computers be up?"",""source"":null,""scope"":""synset""}]",[],"[{""value"":""ʌp"",""variety"":""GB"",""notation"":null,""phonemic"":null,""audio"":null,""scope"":""lemma"",""form"":null},{""value"":""ʌp"",""variety"":""US"",""notation"":null,""phonemic"":null,""audio"":null,""scope"":""lemma"",""form"":null},{""value"":""ap"",""variety"":""AU"",""notation"":null,""phonemic"":null,""audio"":null,""scope"":""lemma"",""form"":null}]","[{""lexical_entry_id"":""oewn-up-a"",""written_form"":""up"",""source_pos"":""a""}]",unreviewed
52,up,52,oewn:2025:oewn-up__5.00.00.finished.01,oewn:oewn-up__5.00.00.finished.01,oewn-up__5.00.00.finished.01,oewn-01007834-s,i5497,oewn-up-a,up,a,s,adjective_satellite,true,129559,8,false,adj.all,"[{""text"":""used up"",""source_sense_id"":null}]","[{""text"":""time is up"",""source"":null,""scope"":""synset""}]",[],"[{""value"":""ʌp"",""variety"":""GB"",""notation"":null,""phonemic"":null,""audio"":null,""scope"":""lemma"",""form"":null},{""value"":""ʌp"",""variety"":""US"",""notation"":null,""phonemic"":null,""audio"":null,""scope"":""lemma"",""form"":null},{""value"":""ap"",""variety"":""AU"",""notation"":null,""phonemic"":null,""audio"":null,""scope"":""lemma"",""form"":null}]","[{""lexical_entry_id"":""oewn-up-a"",""written_form"":""up"",""source_pos"":""a""}]",unreviewed
52,up,52,oewn:2025:oewn-up__4.02.00..,oewn:oewn-up__4.02.00..,oewn-up__4.02.00..,oewn-00096883-r,i18740,oewn-up-r,up,r,r,adverb,false,129563,1,false,adv.all,"[{""text"":""spatially or metaphorically from a lower to a higher position"",""source_sense_id"":null}]","[{""text"":""look up!"",""source"":null,""scope"":""synset""},{""text"":""the music surged up"",""source"":null,""scope"":""synset""},{""text"":""the fragments flew upwards"",""source"":null,""scope"":""synset""},{""text"":""prices soared upwards"",""source"":null,""scope"":""synset""},{""text"":""upwardly mobile"",""source"":null,""scope"":""synset""}]",[],"[{""value"":""ʌp"",""variety"":""GB"",""notation"":null,""phonemic"":null,""audio"":null,""scope"":""lemma"",""form"":null},{""value"":""ʌp"",""variety"":""US"",""notation"":null,""phonemic"":null,""audio"":null,""scope"":""lemma"",""form"":null},{""value"":""ap"",""variety"":""AU"",""notation"":null,""phonemic"":null,""audio"":null,""scope"":""lemma"",""form"":null}]","[{""lexical_entry_id"":""oewn-up-r"",""written_form"":""up"",""source_pos"":""r""},{""lexical_entry_id"":""oewn-upwards-r"",""written_form"":""upwards"",""source_pos"":""r""},{""lexical_entry_id"":""oewn-upward-r"",""written_form"":""upward"",""source_pos"":""r""},{""lexical_entry_id"":""oewn-upwardly-r"",""written_form"":""upwardly"",""source_pos"":""r""}]",unreviewed
52,up,52,oewn:2025:oewn-up__4.02.05..,oewn:oewn-up__4.02.05..,oewn-up__4.02.05..,oewn-00097561-r,i18744,oewn-up-r,up,r,r,adverb,false,129563,2,false,adv.all,"[{""text"":""to a higher intensity"",""source_sense_id"":null}]","[{""text"":""he turned up the volume"",""source"":null,""scope"":""synset""}]",[],"[{""value"":""ʌp"",""variety"":""GB"",""notation"":null,""phonemic"":null,""audio"":null,""scope"":""lemma"",""form"":null},{""value"":""ʌp"",""variety"":""US"",""notation"":null,""phonemic"":null,""audio"":null,""scope"":""lemma"",""form"":null},{""value"":""ap"",""variety"":""AU"",""notation"":null,""phonemic"":null,""audio"":null,""scope"":""lemma"",""form"":null}]","[{""lexical_entry_id"":""oewn-up-r"",""written_form"":""up"",""source_pos"":""r""}]",unreviewed
52,up,52,oewn:2025:oewn-up__4.02.03..,oewn:oewn-up__4.02.03..,oewn-up__4.02.03..,oewn-00097471-r,i18743,oewn-up-r,up,r,r,adverb,false,129563,3,false,adv.all,"[{""text"":""nearer to the speaker"",""source_sense_id"":null}]","[{""text"":""he walked up and grabbed my lapels"",""source"":null,""scope"":""synset""}]",[],"[{""value"":""ʌp"",""variety"":""GB"",""notation"":null,""phonemic"":null,""audio"":null,""scope"":""lemma"",""form"":null},{""value"":""ʌp"",""variety"":""US"",""notation"":null,""phonemic"":null,""audio"":null,""scope"":""lemma"",""form"":null},{""value"":""ap"",""variety"":""AU"",""notation"":null,""phonemic"":null,""audio"":null,""scope"":""lemma"",""form"":null}]","[{""lexical_entry_id"":""oewn-up-r"",""written_form"":""up"",""source_pos"":""r""}]",unreviewed
52,up,52,oewn:2025:oewn-up__4.02.02..,oewn:oewn-up__4.02.02..,oewn-up__4.02.02..,oewn-00097310-r,i18742,oewn-up-r,up,r,r,adverb,false,129563,4,false,adv.all,"[{""text"":""to a more central or a more northerly place"",""source_sense_id"":null}]","[{""text"":""was transferred up to headquarters"",""source"":null,""scope"":""synset""},{""text"":""up to Canada for a vacation"",""source"":null,""scope"":""synset""}]",[],"[{""value"":""ʌp"",""variety"":""GB"",""notation"":null,""phonemic"":null,""audio"":null,""scope"":""lemma"",""form"":null},{""value"":""ʌp"",""variety"":""US"",""notation"":null,""phonemic"":null,""audio"":null,""scope"":""lemma"",""form"":null},{""value"":""ap"",""variety"":""AU"",""notation"":null,""phonemic"":null,""audio"":null,""scope"":""lemma"",""form"":null}]","[{""lexical_entry_id"":""oewn-up-r"",""written_form"":""up"",""source_pos"":""r""}]",unreviewed
52,up,52,oewn:2025:oewn-up__4.02.01..,oewn:oewn-up__4.02.01..,oewn-up__4.02.01..,oewn-00097186-r,i18741,oewn-up-r,up,r,r,adverb,false,129563,5,false,adv.all,"[{""text"":""to a later time"",""source_sense_id"":null}]","[{""text"":""they moved the meeting date up"",""source"":null,""scope"":""synset""},{""text"":""from childhood upward"",""source"":null,""scope"":""synset""}]",[],"[{""value"":""ʌp"",""variety"":""GB"",""notation"":null,""phonemic"":null,""audio"":null,""scope"":""lemma"",""form"":null},{""value"":""ʌp"",""variety"":""US"",""notation"":null,""phonemic"":null,""audio"":null,""scope"":""lemma"",""form"":null},{""value"":""ap"",""variety"":""AU"",""notation"":null,""phonemic"":null,""audio"":null,""scope"":""lemma"",""form"":null}]","[{""lexical_entry_id"":""oewn-up-r"",""written_form"":""up"",""source_pos"":""r""},{""lexical_entry_id"":""oewn-upwards-r"",""written_form"":""upwards"",""source_pos"":""r""},{""lexical_entry_id"":""oewn-upward-r"",""written_form"":""upward"",""source_pos"":""r""}]",unreviewed
52,up,52,oewn:2025:oewn-up__2.30.00..,oewn:oewn-up__2.30.00..,oewn-up__2.30.00..,oewn-00154774-v,i22480,oewn-up-v,up,v,v,verb,false,129568,1,false,verb.change,"[{""text"":""raise"",""source_sense_id"":null}]","[{""text"":""up the ante"",""source"":null,""scope"":""synset""}]","[""upped"",""upping""]","[{""value"":""ʌp"",""variety"":""GB"",""notation"":null,""phonemic"":null,""audio"":null,""scope"":""lemma"",""form"":null},{""value"":""ʌp"",""variety"":""US"",""notation"":null,""phonemic"":null,""audio"":null,""scope"":""lemma"",""form"":null},{""value"":""ap"",""variety"":""AU"",""notation"":null,""phonemic"":null,""audio"":null,""scope"":""lemma"",""form"":null}]","[{""lexical_entry_id"":""oewn-up-v"",""written_form"":""up"",""source_pos"":""v""}]",unreviewed
53,some,53,oewn:2025:oewn-some__3.00.00..,oewn:oewn-some__3.00.00..,oewn-some__3.00.00..,oewn-02275064-a,i12553,oewn-some-a,some,a,a,adjective,false,114331,1,false,adj.all,"[{""text"":""(quantifier) used with either mass nouns or plural count nouns to indicate an unspecified number or quantity"",""source_sense_id"":null}]","[{""text"":""have some milk"",""source"":null,""scope"":""synset""},{""text"":""some roses were still blooming"",""source"":null,""scope"":""synset""},{""text"":""having some friends over"",""source"":null,""scope"":""synset""},{""text"":""some apples"",""source"":null,""scope"":""synset""},{""text"":""some paper"",""source"":null,""scope"":""synset""}]",[],[],"[{""lexical_entry_id"":""oewn-some-a"",""written_form"":""some"",""source_pos"":""a""}]",unreviewed
53,some,53,oewn:2025:oewn-some__5.00.00.many.00,oewn:oewn-some__5.00.00.many.00,oewn-some__5.00.00.many.00,oewn-01556991-s,i8524,oewn-some-a,some,a,s,adjective_satellite,true,114331,2,false,adj.all,"[{""text"":""relatively many but unspecified in number"",""source_sense_id"":null}]","[{""text"":""they were here for some weeks"",""source"":null,""scope"":""synset""},{""text"":""we did not meet again for some years"",""source"":null,""scope"":""synset""}]",[],[],"[{""lexical_entry_id"":""oewn-some-a"",""written_form"":""some"",""source_pos"":""a""}]",unreviewed
53,some,53,oewn:2025:oewn-some__5.00.00.extraordinary.00,oewn:oewn-some__5.00.00.extraordinary.00,oewn-some__5.00.00.extraordinary.00,oewn-01683245-s,i9195,oewn-some-a,some,a,s,adjective_satellite,true,114331,3,false,adj.all,"[{""text"":""remarkable"",""source_sense_id"":null}]","[{""text"":""that was some party"",""source"":null,""scope"":""synset""},{""text"":""she is some skier"",""source"":null,""scope"":""synset""}]",[],[],"[{""lexical_entry_id"":""oewn-some-a"",""written_form"":""some"",""source_pos"":""a""}]",unreviewed
53,some,53,oewn:2025:oewn-some__4.02.00..,oewn:oewn-some__4.02.00..,oewn-some__4.02.00..,oewn-00007414-r,i18193,oewn-some-r,some,r,r,adverb,false,114332,1,false,adv.all,"[{""text"":""(of quantities) imprecise but fairly close to correct"",""source_sense_id"":null}]","[{""text"":""lasted approximately an hour"",""source"":null,""scope"":""synset""},{""text"":""in just about a minute"",""source"":null,""scope"":""synset""},{""text"":""he's about 30 years old"",""source"":null,""scope"":""synset""},{""text"":""I've had about all I can stand"",""source"":null,""scope"":""synset""},{""text"":""we meet about once a month"",""source"":null,""scope"":""synset""},{""text"":""some forty people came"",""source"":null,""scope"":""synset""},{""text"":""weighs around a hundred pounds"",""source"":null,""scope"":""synset""},{""text"":""roughly $3,000"",""source"":null,""scope"":""synset""},{""text"":""holds 3 gallons, more or less"",""source"":null,""scope"":""synset""},{""text"":""20 or so people were at the party"",""source"":null,""scope"":""synset""}]",[],"[{""value"":""sʌm"",""variety"":""GB"",""notation"":null,""phonemic"":null,""audio"":null,""scope"":""lemma"",""form"":null},{""value"":""sʌm"",""variety"":""US"",""notation"":null,""phonemic"":null,""audio"":null,""scope"":""lemma"",""form"":null}]","[{""lexical_entry_id"":""oewn-approximately-r"",""written_form"":""approximately"",""source_pos"":""r""},{""lexical_entry_id"":""oewn-about-r"",""written_form"":""about"",""source_pos"":""r""},{""lexical_entry_id"":""oewn-close_to-r"",""written_form"":""close to"",""source_pos"":""r""},{""lexical_entry_id"":""oewn-just_about-r"",""written_form"":""just about"",""source_pos"":""r""},{""lexical_entry_id"":""oewn-some-r"",""written_form"":""some"",""source_pos"":""r""},{""lexical_entry_id"":""oewn-roughly-r"",""written_form"":""roughly"",""source_pos"":""r""},{""lexical_entry_id"":""oewn-more_or_less-r"",""written_form"":""more or less"",""source_pos"":""r""},{""lexical_entry_id"":""oewn-around-r"",""written_form"":""around"",""source_pos"":""r""},{""lexical_entry_id"":""oewn-or_so-r"",""written_form"":""or so"",""source_pos"":""r""}]",unreviewed
54,other,54,oewn:2025:oewn-other__3.00.00..,oewn:oewn-other__3.00.00..,oewn-other__3.00.00..,oewn-02076759-a,i11342,oewn-other-a,other,a,a,adjective,false,90132,1,false,adj.all,"[{""text"":""not the same one or ones already mentioned or implied; quantifier, other"",""source_sense_id"":null}]","[{""text"":""today isn't any other day"",""source"":""the White Queen"",""scope"":""synset""},{""text"":""the construction of highways and other public works"",""source"":null,""scope"":""synset""},{""text"":""he asked for other employment"",""source"":null,""scope"":""synset""},{""text"":""any other person would tell the truth"",""source"":null,""scope"":""synset""},{""text"":""his other books are still in storage"",""source"":null,""scope"":""synset""},{""text"":""then we looked at the other house"",""source"":null,""scope"":""synset""},{""text"":""hearing was good in his other ear"",""source"":null,""scope"":""synset""},{""text"":""the other sex"",""source"":null,""scope"":""synset""},{""text"":""she lived on the other side of the street from me"",""source"":null,""scope"":""synset""},{""text"":""went in the other direction"",""source"":null,""scope"":""synset""}]",[],"[{""value"":""ˈʌðə(ɹ)"",""variety"":""GB"",""notation"":null,""phonemic"":null,""audio"":null,""scope"":""lemma"",""form"":null},{""value"":""ˈʌðɚ"",""variety"":""US"",""notation"":null,""phonemic"":null,""audio"":null,""scope"":""lemma"",""form"":null},{""value"":""ˈɐðə"",""variety"":""AU"",""notation"":null,""phonemic"":null,""audio"":null,""scope"":""lemma"",""form"":null}]","[{""lexical_entry_id"":""oewn-other-a"",""written_form"":""other"",""source_pos"":""a""}]",unreviewed
54,other,54,oewn:2025:oewn-other__5.00.00.past.00,oewn:oewn-other__5.00.00.past.00,oewn-other__5.00.00.past.00,oewn-01735069-s,i9495,oewn-other-a,other,a,s,adjective_satellite,true,90132,2,false,adj.all,"[{""text"":""recently past"",""source_sense_id"":null}]","[{""text"":""the other evening"",""source"":null,""scope"":""synset""}]",[],"[{""value"":""ˈʌðə(ɹ)"",""variety"":""GB"",""notation"":null,""phonemic"":null,""audio"":null,""scope"":""lemma"",""form"":null},{""value"":""ˈʌðɚ"",""variety"":""US"",""notation"":null,""phonemic"":null,""audio"":null,""scope"":""lemma"",""form"":null},{""value"":""ˈɐðə"",""variety"":""AU"",""notation"":null,""phonemic"":null,""audio"":null,""scope"":""lemma"",""form"":null}]","[{""lexical_entry_id"":""oewn-other-a"",""written_form"":""other"",""source_pos"":""a""}]",unreviewed
54,other,54,oewn:2025:oewn-other__5.00.02.past.00,oewn:oewn-other__5.00.02.past.00,oewn-other__5.00.02.past.00,oewn-01733616-s,i9488,oewn-other-a,other,a,s,adjective_satellite,true,90132,3,false,adj.all,"[{""text"":""belonging to the distant past"",""source_sense_id"":null}]","[{""text"":""the early inhabitants of Europe"",""source"":null,""scope"":""synset""},{""text"":""former generations"",""source"":null,""scope"":""synset""},{""text"":""in other times"",""source"":null,""scope"":""synset""}]",[],"[{""value"":""ˈʌðə(ɹ)"",""variety"":""GB"",""notation"":null,""phonemic"":null,""audio"":null,""scope"":""lemma"",""form"":null},{""value"":""ˈʌðɚ"",""variety"":""US"",""notation"":null,""phonemic"":null,""audio"":null,""scope"":""lemma"",""form"":null},{""value"":""ˈɐðə"",""variety"":""AU"",""notation"":null,""phonemic"":null,""audio"":null,""scope"":""lemma"",""form"":null}]","[{""lexical_entry_id"":""oewn-early-a"",""written_form"":""early"",""source_pos"":""a""},{""lexical_entry_id"":""oewn-former-a"",""written_form"":""former"",""source_pos"":""a""},{""lexical_entry_id"":""oewn-other-a"",""written_form"":""other"",""source_pos"":""a""}]",unreviewed
54,other,54,oewn:2025:oewn-other__5.00.00.strange.00,oewn:oewn-other__5.00.00.strange.00,oewn-other__5.00.00.strange.00,oewn-00972522-s,i5307,oewn-other-a,other,a,s,adjective_satellite,true,90132,4,false,adj.all,"[{""text"":""very unusual; different in character or quality from the normal or expected"",""source_sense_id"":null}]","[{""text"":""a strange, other dimension … where his powers seemed to fail"",""source"":""Lance Morrow"",""scope"":""synset""}]",[],"[{""value"":""ˈʌðə(ɹ)"",""variety"":""GB"",""notation"":null,""phonemic"":null,""audio"":null,""scope"":""lemma"",""form"":null},{""value"":""ˈʌðɚ"",""variety"":""US"",""notation"":null,""phonemic"":null,""audio"":null,""scope"":""lemma"",""form"":null},{""value"":""ˈɐðə"",""variety"":""AU"",""notation"":null,""phonemic"":null,""audio"":null,""scope"":""lemma"",""form"":null}]","[{""lexical_entry_id"":""oewn-other-a"",""written_form"":""other"",""source_pos"":""a""}]",unreviewed
55,out,55,oewn:2025:oewn-out__3.00.02..,oewn:oewn-out__3.00.02..,oewn-out__3.00.02..,oewn-02068891-a,i11308,oewn-out-a,out,a,a,adjective,false,90174,1,false,adj.all,"[{""text"":""not allowed to continue to bat or run"",""source_sense_id"":null}]","[{""text"":""he was tagged out at second on a close play"",""source"":null,""scope"":""synset""},{""text"":""he fanned out"",""source"":null,""scope"":""synset""}]",[],"[{""value"":""aʊt"",""variety"":null,""notation"":null,""phonemic"":null,""audio"":null,""scope"":""lemma"",""form"":null}]","[{""lexical_entry_id"":""oewn-out-a"",""written_form"":""out"",""source_pos"":""a""}]",unreviewed
55,out,55,oewn:2025:oewn-out__5.00.00.dead.02,oewn:oewn-out__5.00.00.dead.02,oewn-out__5.00.00.dead.02,oewn-00100933-s,i528,oewn-out-a,out,a,s,adjective_satellite,true,90174,2,false,adj.all,"[{""text"":""being out or having grown cold"",""source_sense_id"":null}]","[{""text"":""threw his extinct cigarette into the stream"",""source"":null,""scope"":""synset""},{""text"":""the fire is out"",""source"":null,""scope"":""synset""}]",[],"[{""value"":""aʊt"",""variety"":null,""notation"":null,""phonemic"":null,""audio"":null,""scope"":""lemma"",""form"":null}]","[{""lexical_entry_id"":""oewn-extinct-a"",""written_form"":""extinct"",""source_pos"":""a""},{""lexical_entry_id"":""oewn-out-a"",""written_form"":""out"",""source_pos"":""a""}]",unreviewed
55,out,55,oewn:2025:oewn-out__5.00.00.impossible.00,oewn:oewn-out__5.00.00.impossible.00,oewn-out__5.00.00.impossible.00,oewn-01829434-s,i10017,oewn-out-a,out,a,s,adjective_satellite,true,90174,3,false,adj.all,"[{""text"":""not worth considering as a possibility"",""source_sense_id"":null}]","[{""text"":""a picnic is out because of the weather"",""source"":null,""scope"":""synset""}]",[],"[{""value"":""aʊt"",""variety"":null,""notation"":null,""phonemic"":null,""audio"":null,""scope"":""lemma"",""form"":null}]","[{""lexical_entry_id"":""oewn-out-a"",""written_form"":""out"",""source_pos"":""a""}]",unreviewed
55,out,55,oewn:2025:oewn-out__5.00.00.unsuccessful.00,oewn:oewn-out__5.00.00.unsuccessful.00,oewn-out__5.00.00.unsuccessful.00,oewn-02342965-s,i12931,oewn-out-a,out,a,s,adjective_satellite,true,90174,4,false,adj.all,"[{""text"":""out of power; especially having been unsuccessful in an election"",""source_sense_id"":null}]","[{""text"":""now the Democrats are out"",""source"":null,""scope"":""synset""}]",[],"[{""value"":""aʊt"",""variety"":null,""notation"":null,""phonemic"":null,""audio"":null,""scope"":""lemma"",""form"":null}]","[{""lexical_entry_id"":""oewn-out-a"",""written_form"":""out"",""source_pos"":""a""}]",unreviewed
55,out,55,oewn:2025:oewn-out__5.00.00.impermissible.00,oewn:oewn-out__5.00.00.impermissible.00,oewn-out__5.00.00.impermissible.00,oewn-01765887-s,i9667,oewn-out-a,out,a,s,adjective_satellite,true,90174,5,false,adj.all,"[{""text"":""excluded from use or mention"",""source_sense_id"":null}]","[{""text"":""forbidden fruit"",""source"":null,""scope"":""synset""},{""text"":""in our house dancing and playing cards were out"",""source"":null,""scope"":""synset""},{""text"":""a taboo subject"",""source"":null,""scope"":""synset""}]",[],"[{""value"":""aʊt"",""variety"":null,""notation"":null,""phonemic"":null,""audio"":null,""scope"":""lemma"",""form"":null}]","[{""lexical_entry_id"":""oewn-forbidden-a"",""written_form"":""forbidden"",""source_pos"":""a""},{""lexical_entry_id"":""oewn-out-a"",""written_form"":""out"",""source_pos"":""a""},{""lexical_entry_id"":""oewn-prohibited-a"",""written_form"":""prohibited"",""source_pos"":""a""},{""lexical_entry_id"":""oewn-proscribed-a"",""written_form"":""proscribed"",""source_pos"":""a""},{""lexical_entry_id"":""oewn-taboo-a"",""written_form"":""taboo"",""source_pos"":""a""},{""lexical_entry_id"":""oewn-tabu-a"",""written_form"":""tabu"",""source_pos"":""a""},{""lexical_entry_id"":""oewn-verboten-a"",""written_form"":""verboten"",""source_pos"":""a""}]",unreviewed
55,out,55,oewn:2025:oewn-out__5.00.00.outgoing.00,oewn:oewn-out__5.00.00.outgoing.00,oewn-out__5.00.00.outgoing.00,oewn-01299067-s,i7065,oewn-out-a,out,a,s,adjective_satellite,true,90174,6,false,adj.all,"[{""text"":""directed outward or serving to direct something outward"",""source_sense_id"":null}]","[{""text"":""the out doorway"",""source"":null,""scope"":""synset""},{""text"":""the out basket"",""source"":null,""scope"":""synset""}]",[],"[{""value"":""aʊt"",""variety"":null,""notation"":null,""phonemic"":null,""audio"":null,""scope"":""lemma"",""form"":null}]","[{""lexical_entry_id"":""oewn-out-a"",""written_form"":""out"",""source_pos"":""a""}]",unreviewed
55,out,55,oewn:2025:oewn-out__5.00.00.unfashionable.00,oewn:oewn-out__5.00.00.unfashionable.00,oewn-out__5.00.00.unfashionable.00,oewn-00978099-s,i5333,oewn-out-a,out,a,s,adjective_satellite,true,90174,7,false,adj.all,"[{""text"":""no longer fashionable"",""source_sense_id"":null}]","[{""text"":""that style is out these days"",""source"":null,""scope"":""synset""}]",[],"[{""value"":""aʊt"",""variety"":null,""notation"":null,""phonemic"":null,""audio"":null,""scope"":""lemma"",""form"":null}]","[{""lexical_entry_id"":""oewn-out-a"",""written_form"":""out"",""source_pos"":""a""}]",unreviewed
55,out,55,oewn:2025:oewn-out__5.00.00.exterior.00,oewn:oewn-out__5.00.00.exterior.00,oewn-out__5.00.00.exterior.00,oewn-00955843-s,i5220,oewn-out-a,out,a,s,adjective_satellite,true,90174,8,false,adj.all,"[{""text"":""outside or external"",""source_sense_id"":null}]","[{""text"":""the out surface of a ship's hull"",""source"":null,""scope"":""synset""}]",[],"[{""value"":""aʊt"",""variety"":null,""notation"":null,""phonemic"":null,""audio"":null,""scope"":""lemma"",""form"":null}]","[{""lexical_entry_id"":""oewn-out-a"",""written_form"":""out"",""source_pos"":""a""}]",unreviewed
55,out,55,oewn:2025:oewn-out__5.00.00.outer.00,oewn:oewn-out__5.00.00.outer.00,oewn-out__5.00.00.outer.00,oewn-00953005-s,i5203,oewn-out-a,out,a,s,adjective_satellite,true,90174,9,false,adj.all,"[{""text"":""outer or outlying"",""source_sense_id"":null}]","[{""text"":""the out islands"",""source"":null,""scope"":""synset""}]",[],"[{""value"":""aʊt"",""variety"":null,""notation"":null,""phonemic"":null,""audio"":null,""scope"":""lemma"",""form"":null}]","[{""lexical_entry_id"":""oewn-out-a"",""written_form"":""out"",""source_pos"":""a""}]",unreviewed
55,out,55,oewn:2025:oewn-out__5.00.00.unconscious.00,oewn:oewn-out__5.00.00.unconscious.00,oewn-out__5.00.00.unconscious.00,oewn-00574990-s,i3191,oewn-out-a,out,a,s,adjective_satellite,true,90174,10,false,adj.all,"[{""text"":""knocked unconscious by a heavy blow"",""source_sense_id"":null}]",[],[],"[{""value"":""aʊt"",""variety"":null,""notation"":null,""phonemic"":null,""audio"":null,""scope"":""lemma"",""form"":null}]","[{""lexical_entry_id"":""oewn-knocked_out-a"",""written_form"":""knocked out"",""source_pos"":""a""},{""lexical_entry_id"":""oewn-kayoed-a"",""written_form"":""kayoed"",""source_pos"":""a""},{""lexical_entry_id"":""oewn-KO-ap-d-a"",""written_form"":""KO'd"",""source_pos"":""a""},{""lexical_entry_id"":""oewn-out-a"",""written_form"":""out"",""source_pos"":""a""},{""lexical_entry_id"":""oewn-stunned-a"",""written_form"":""stunned"",""source_pos"":""a""}]",unreviewed
55,out,55,oewn:2025:oewn-out__1.04.00..,oewn:oewn-out__1.04.00..,oewn-out__1.04.00..,oewn-00130347-n,i36089,oewn-out-n,out,n,n,noun,false,90180,1,false,noun.act,"[{""text"":""(baseball) a failure by a batter or runner to reach a base safely in baseball"",""source_sense_id"":null}]","[{""text"":""you only get 3 outs per inning"",""source"":null,""scope"":""synset""}]",[],"[{""value"":""aʊt"",""variety"":null,""notation"":null,""phonemic"":null,""audio"":null,""scope"":""lemma"",""form"":null}]","[{""lexical_entry_id"":""oewn-out-n"",""written_form"":""out"",""source_pos"":""n""}]",unreviewed
55,out,55,oewn:2025:oewn-out__4.02.02..,oewn:oewn-out__4.02.02..,oewn-out__4.02.02..,oewn-00234593-r,i19745,oewn-out-r,out,r,r,adverb,false,90192,1,false,adv.all,"[{""text"":""away from home"",""source_sense_id"":null}]","[{""text"":""they went out last night"",""source"":null,""scope"":""synset""}]",[],"[{""value"":""aʊt"",""variety"":null,""notation"":null,""phonemic"":null,""audio"":null,""scope"":""lemma"",""form"":null}]","[{""lexical_entry_id"":""oewn-out-r"",""written_form"":""out"",""source_pos"":""r""}]",unreviewed
55,out,55,oewn:2025:oewn-out__4.02.04..,oewn:oewn-out__4.02.04..,oewn-out__4.02.04..,oewn-00235144-r,i19748,oewn-out-r,out,r,r,adverb,false,90192,2,false,adv.all,"[{""text"":""moving or appearing to move away from a place, especially one that is enclosed or hidden"",""source_sense_id"":null}]","[{""text"":""the cat came out from under the bed"",""source"":null,""scope"":""synset""}]",[],"[{""value"":""aʊt"",""variety"":null,""notation"":null,""phonemic"":null,""audio"":null,""scope"":""lemma"",""form"":null}]","[{""lexical_entry_id"":""oewn-out-r"",""written_form"":""out"",""source_pos"":""r""}]",unreviewed
55,out,55,oewn:2025:oewn-out__4.02.03..,oewn:oewn-out__4.02.03..,oewn-out__4.02.03..,oewn-00235026-r,i19747,oewn-out-r,out,r,r,adverb,false,90192,3,false,adv.all,"[{""text"":""from one's possession"",""source_sense_id"":null}]","[{""text"":""he gave out money to the poor"",""source"":null,""scope"":""synset""},{""text"":""gave away the tickets"",""source"":null,""scope"":""synset""}]",[],"[{""value"":""aʊt"",""variety"":null,""notation"":null,""phonemic"":null,""audio"":null,""scope"":""lemma"",""form"":null}]","[{""lexical_entry_id"":""oewn-away-r"",""written_form"":""away"",""source_pos"":""r""},{""lexical_entry_id"":""oewn-out-r"",""written_form"":""out"",""source_pos"":""r""}]",unreviewed
55,out,55,oewn:2025:oewn-out__2.32.02..,oewn:oewn-out__2.32.02..,oewn-out__2.32.02..,oewn-00937488-v,i26282,oewn-out-v,out,v,v,verb,false,90194,1,false,verb.communication,"[{""text"":""to state openly and publicly one's homosexuality"",""source_sense_id"":null}]","[{""text"":""This actor outed last year"",""source"":null,""scope"":""synset""}]",[],"[{""value"":""aʊt"",""variety"":null,""notation"":null,""phonemic"":null,""audio"":null,""scope"":""lemma"",""form"":null}]","[{""lexical_entry_id"":""oewn-come_out_of_the_closet-v"",""written_form"":""come out of the closet"",""source_pos"":""v""},{""lexical_entry_id"":""oewn-out-v"",""written_form"":""out"",""source_pos"":""v""},{""lexical_entry_id"":""oewn-come_out-v"",""written_form"":""come out"",""source_pos"":""v""}]",unreviewed
55,out,55,oewn:2025:oewn-out__2.32.01..,oewn:oewn-out__2.32.01..,oewn-out__2.32.01..,oewn-00937296-v,i26281,oewn-out-v,out,v,v,verb,false,90194,2,false,verb.communication,"[{""text"":""reveal (something) about somebody's identity or lifestyle"",""source_sense_id"":null}]","[{""text"":""The gay actor was outed last week"",""source"":null,""scope"":""synset""},{""text"":""Someone outed a CIA agent"",""source"":null,""scope"":""synset""}]",[],"[{""value"":""aʊt"",""variety"":null,""notation"":null,""phonemic"":null,""audio"":null,""scope"":""lemma"",""form"":null}]","[{""lexical_entry_id"":""oewn-out-v"",""written_form"":""out"",""source_pos"":""v""}]",unreviewed
55,out,55,oewn:2025:oewn-out__2.32.00..,oewn:oewn-out__2.32.00..,oewn-out__2.32.00..,oewn-00937173-v,i26280,oewn-out-v,out,v,v,verb,false,90194,3,false,verb.communication,"[{""text"":""be made known; be disclosed or revealed"",""source_sense_id"":null}]","[{""text"":""The truth will out"",""source"":null,""scope"":""synset""}]",[],"[{""value"":""aʊt"",""variety"":null,""notation"":null,""phonemic"":null,""audio"":null,""scope"":""lemma"",""form"":null}]","[{""lexical_entry_id"":""oewn-out-v"",""written_form"":""out"",""source_pos"":""v""},{""lexical_entry_id"":""oewn-come_out-v"",""written_form"":""come out"",""source_pos"":""v""}]",unreviewed
56,good,56,oewn:2025:oewn-good__3.00.01..,oewn:oewn-good__3.00.01..,oewn-good__3.00.01..,oewn-01126910-a,i6163,oewn-good-a,good,a,a,adjective,false,62410,1,false,adj.all,"[{""text"":""having desirable or positive qualities especially those suitable for a thing specified"",""source_sense_id"":null}]","[{""text"":""good news from the hospital"",""source"":null,""scope"":""synset""},{""text"":""a good report card"",""source"":null,""scope"":""synset""},{""text"":""when she was good she was very very good"",""source"":null,""scope"":""synset""},{""text"":""a good knife is one good for cutting"",""source"":null,""scope"":""synset""},{""text"":""this stump will make a good picnic table"",""source"":null,""scope"":""synset""},{""text"":""a good check"",""source"":null,""scope"":""synset""},{""text"":""a good joke"",""source"":null,""scope"":""synset""},{""text"":""a good exterior paint"",""source"":null,""scope"":""synset""},{""text"":""a good secretary"",""source"":null,""scope"":""synset""},{""text"":""a good dress for the office"",""source"":null,""scope"":""synset""}]","[""best"",""better""]",[],"[{""lexical_entry_id"":""oewn-good-a"",""written_form"":""good"",""source_pos"":""a""}]",unreviewed
56,good,56,oewn:2025:oewn-good__5.00.00.ample.00,oewn:oewn-good__5.00.00.ample.00,oewn-good__5.00.00.ample.00,oewn-00106819-s,i561,oewn-good-a,good,a,s,adjective_satellite,true,62410,2,false,adj.all,"[{""text"":""having the normally expected amount"",""source_sense_id"":null}]","[{""text"":""gives full measure"",""source"":null,""scope"":""synset""},{""text"":""gives good measure"",""source"":null,""scope"":""synset""},{""text"":""a good mile from here"",""source"":null,""scope"":""synset""}]","[""best"",""better""]",[],"[{""lexical_entry_id"":""oewn-full-a"",""written_form"":""full"",""source_pos"":""a""},{""lexical_entry_id"":""oewn-good-a"",""written_form"":""good"",""source_pos"":""a""}]",unreviewed
56,good,56,oewn:2025:oewn-good__3.00.02..,oewn:oewn-good__3.00.02..,oewn-good__3.00.02..,oewn-01133477-a,i6195,oewn-good-a,good,a,a,adjective,false,62410,3,false,adj.all,"[{""text"":""morally admirable"",""source_sense_id"":null}]",[],"[""best"",""better""]",[],"[{""lexical_entry_id"":""oewn-good-a"",""written_form"":""good"",""source_pos"":""a""}]",unreviewed
56,good,56,oewn:2025:oewn-good__5.00.00.reputable.00,oewn:oewn-good__5.00.00.reputable.00,oewn-good__5.00.00.reputable.00,oewn-01990227-s,i10861,oewn-good-a,good,a,s,adjective_satellite,true,62410,4,false,adj.all,"[{""text"":""deserving of esteem and respect"",""source_sense_id"":null}]","[{""text"":""all respectable companies give guarantees"",""source"":null,""scope"":""synset""},{""text"":""ruined the family's good name"",""source"":null,""scope"":""synset""}]","[""best"",""better""]",[],"[{""lexical_entry_id"":""oewn-estimable-a"",""written_form"":""estimable"",""source_pos"":""a""},{""lexical_entry_id"":""oewn-good-a"",""written_form"":""good"",""source_pos"":""a""},{""lexical_entry_id"":""oewn-honorable-a"",""written_form"":""honorable"",""source_pos"":""a""},{""lexical_entry_id"":""oewn-respectable-a"",""written_form"":""respectable"",""source_pos"":""a""},{""lexical_entry_id"":""oewn-admirable-a"",""written_form"":""admirable"",""source_pos"":""a""}]",unreviewed
56,good,56,oewn:2025:oewn-good__5.00.00.advantageous.00,oewn:oewn-good__5.00.00.advantageous.00,oewn-good__5.00.00.advantageous.00,oewn-00065107-s,i340,oewn-good-a,good,a,s,adjective_satellite,true,62410,5,false,adj.all,"[{""text"":""promoting or enhancing well-being"",""source_sense_id"":null}]","[{""text"":""an arms limitation agreement beneficial to all countries"",""source"":null,""scope"":""synset""},{""text"":""the beneficial effects of a temperate climate"",""source"":null,""scope"":""synset""},{""text"":""the experience was good for her"",""source"":null,""scope"":""synset""}]","[""best"",""better""]",[],"[{""lexical_entry_id"":""oewn-beneficial-a"",""written_form"":""beneficial"",""source_pos"":""a""},{""lexical_entry_id"":""oewn-good-a"",""written_form"":""good"",""source_pos"":""a""}]",unreviewed
56,good,56,oewn:2025:oewn-good__5.00.00.nice.00,oewn:oewn-good__5.00.00.nice.00,oewn-good__5.00.00.nice.00,oewn-01591160-s,i8696,oewn-good-a,good,a,s,adjective_satellite,true,62410,6,false,adj.all,"[{""text"":""agreeable or pleasing"",""source_sense_id"":null}]","[{""text"":""we all had a good time"",""source"":null,""scope"":""synset""},{""text"":""good manners"",""source"":null,""scope"":""synset""}]","[""best"",""better""]",[],"[{""lexical_entry_id"":""oewn-good-a"",""written_form"":""good"",""source_pos"":""a""}]",unreviewed
56,good,56,oewn:2025:oewn-good__5.00.00.righteous.00,oewn:oewn-good__5.00.00.righteous.00,oewn-good__5.00.00.righteous.00,oewn-02044341-s,i11160,oewn-good-a,good,a,s,adjective_satellite,true,62410,7,false,adj.all,"[{""text"":""of moral excellence"",""source_sense_id"":null}]","[{""text"":""a genuinely good person"",""source"":null,""scope"":""synset""},{""text"":""a just cause"",""source"":null,""scope"":""synset""},{""text"":""an upright and respectable man"",""source"":null,""scope"":""synset""}]","[""best"",""better""]",[],"[{""lexical_entry_id"":""oewn-good-a"",""written_form"":""good"",""source_pos"":""a""},{""lexical_entry_id"":""oewn-just-a"",""written_form"":""just"",""source_pos"":""a""},{""lexical_entry_id"":""oewn-upright-a"",""written_form"":""upright"",""source_pos"":""a""}]",unreviewed
56,good,56,oewn:2025:oewn-good__5.00.00.skilled.00,oewn:oewn-good__5.00.00.skilled.00,oewn-good__5.00.00.skilled.00,oewn-02234002-s,i12307,oewn-good-a,good,a,s,adjective_satellite,true,62410,8,false,adj.all,"[{""text"":""having or showing knowledge and skill and aptitude"",""source_sense_id"":null}]","[{""text"":""adept in handicrafts"",""source"":null,""scope"":""synset""},{""text"":""an adept juggler"",""source"":null,""scope"":""synset""},{""text"":""an expert job"",""source"":null,""scope"":""synset""},{""text"":""a good mechanic"",""source"":null,""scope"":""synset""},{""text"":""a practiced marksman"",""source"":null,""scope"":""synset""},{""text"":""a proficient engineer"",""source"":null,""scope"":""synset""},{""text"":""a lesser-known but no less skillful composer"",""source"":null,""scope"":""synset""},{""text"":""the effect was achieved by skillful retouching"",""source"":null,""scope"":""synset""}]","[""best"",""better""]",[],"[{""lexical_entry_id"":""oewn-adept-a"",""written_form"":""adept"",""source_pos"":""a""},{""lexical_entry_id"":""oewn-expert-a"",""written_form"":""expert"",""source_pos"":""a""},{""lexical_entry_id"":""oewn-good-a"",""written_form"":""good"",""source_pos"":""a""},{""lexical_entry_id"":""oewn-practiced-a"",""written_form"":""practiced"",""source_pos"":""a""},{""lexical_entry_id"":""oewn-proficient-a"",""written_form"":""proficient"",""source_pos"":""a""},{""lexical_entry_id"":""oewn-skillful-a"",""written_form"":""skillful"",""source_pos"":""a""},{""lexical_entry_id"":""oewn-skilful-a"",""written_form"":""skilful"",""source_pos"":""a""}]",unreviewed
56,good,56,oewn:2025:oewn-good__5.00.00.complete.00,oewn:oewn-good__5.00.00.complete.00,oewn-good__5.00.00.complete.00,oewn-00525453-s,i2936,oewn-good-a,good,a,s,adjective_satellite,true,62410,9,false,adj.all,"[{""text"":""thorough"",""source_sense_id"":null}]","[{""text"":""had a good workout"",""source"":null,""scope"":""synset""},{""text"":""gave the house a good cleaning"",""source"":null,""scope"":""synset""}]","[""best"",""better""]",[],"[{""lexical_entry_id"":""oewn-good-a"",""written_form"":""good"",""source_pos"":""a""}]",unreviewed
56,good,56,oewn:2025:oewn-good__5.00.00.close.02,oewn:oewn-good__5.00.00.close.02,oewn-good__5.00.00.close.02,oewn-00454916-s,i2545,oewn-good-a,good,a,s,adjective_satellite,true,62410,10,false,adj.all,"[{""text"":""with or in a close or intimate relationship"",""source_sense_id"":null}]","[{""text"":""a good friend"",""source"":null,""scope"":""synset""},{""text"":""my sisters and brothers are near and dear"",""source"":null,""scope"":""synset""}]","[""best"",""better""]",[],"[{""lexical_entry_id"":""oewn-dear-a"",""written_form"":""dear"",""source_pos"":""a""},{""lexical_entry_id"":""oewn-good-a"",""written_form"":""good"",""source_pos"":""a""},{""lexical_entry_id"":""oewn-near-a"",""written_form"":""near"",""source_pos"":""a""}]",unreviewed
56,good,56,oewn:2025:oewn-good__5.00.01.sound.00,oewn:oewn-good__5.00.01.sound.00,oewn-good__5.00.01.sound.00,oewn-02281393-s,i12579,oewn-good-a,good,a,s,adjective_satellite,true,62410,11,false,adj.all,"[{""text"":""financially safe"",""source_sense_id"":null}]","[{""text"":""a good investment"",""source"":null,""scope"":""synset""},{""text"":""a secure investment"",""source"":null,""scope"":""synset""}]","[""best"",""better""]",[],"[{""lexical_entry_id"":""oewn-dependable-a"",""written_form"":""dependable"",""source_pos"":""a""},{""lexical_entry_id"":""oewn-good-a"",""written_form"":""good"",""source_pos"":""a""},{""lexical_entry_id"":""oewn-safe-a"",""written_form"":""safe"",""source_pos"":""a""},{""lexical_entry_id"":""oewn-secure-a"",""written_form"":""secure"",""source_pos"":""a""}]",unreviewed
56,good,56,oewn:2025:oewn-good__5.00.00.opportune.00,oewn:oewn-good__5.00.00.opportune.00,oewn-good__5.00.00.opportune.00,oewn-01665754-s,i9111,oewn-good-a,good,a,s,adjective_satellite,true,62410,12,false,adj.all,"[{""text"":""most suitable or right for a particular purpose"",""source_sense_id"":null}]","[{""text"":""a good time to plant tomatoes"",""source"":null,""scope"":""synset""},{""text"":""the right time to act"",""source"":null,""scope"":""synset""},{""text"":""the time is ripe for great sociological changes"",""source"":null,""scope"":""synset""}]","[""best"",""better""]",[],"[{""lexical_entry_id"":""oewn-good-a"",""written_form"":""good"",""source_pos"":""a""},{""lexical_entry_id"":""oewn-right-a"",""written_form"":""right"",""source_pos"":""a""},{""lexical_entry_id"":""oewn-ripe-a"",""written_form"":""ripe"",""source_pos"":""a""}]",unreviewed
56,good,56,oewn:2025:oewn-good__5.00.00.fortunate.00,oewn:oewn-good__5.00.00.fortunate.00,oewn-good__5.00.00.fortunate.00,oewn-01052461-s,i5741,oewn-good-a,good,a,s,adjective_satellite,true,62410,13,false,adj.all,"[{""text"":""resulting favorably"",""source_sense_id"":null}]","[{""text"":""it's a good thing that I wasn't there"",""source"":null,""scope"":""synset""},{""text"":""it is good that you stayed"",""source"":null,""scope"":""synset""},{""text"":""it is well that no one saw you"",""source"":null,""scope"":""synset""},{""text"":""all's well that ends well"",""source"":null,""scope"":""synset""}]","[""best"",""better""]",[],"[{""lexical_entry_id"":""oewn-good-a"",""written_form"":""good"",""source_pos"":""a""},{""lexical_entry_id"":""oewn-well-a"",""written_form"":""well"",""source_pos"":""a""}]",unreviewed
56,good,56,oewn:2025:oewn-good__5.00.00.operative.00,oewn:oewn-good__5.00.00.operative.00,oewn-good__5.00.00.operative.00,oewn-00836323-s,i4577,oewn-good-a,good,a,s,adjective_satellite,true,62410,14,false,adj.all,"[{""text"":""exerting force or influence"",""source_sense_id"":null}]","[{""text"":""the law is effective immediately"",""source"":null,""scope"":""synset""},{""text"":""a warranty good for two years"",""source"":null,""scope"":""synset""},{""text"":""the law is already in effect (or in force)"",""source"":null,""scope"":""synset""}]","[""best"",""better""]",[],"[{""lexical_entry_id"":""oewn-effective-a"",""written_form"":""effective"",""source_pos"":""a""},{""lexical_entry_id"":""oewn-good-a"",""written_form"":""good"",""source_pos"":""a""},{""lexical_entry_id"":""oewn-in_effect-a"",""written_form"":""in effect"",""source_pos"":""a""},{""lexical_entry_id"":""oewn-in_force-a"",""written_form"":""in force"",""source_pos"":""a""}]",unreviewed
56,good,56,oewn:2025:oewn-good__5.00.00.pleasing.00,oewn:oewn-good__5.00.00.pleasing.00,oewn-good__5.00.00.pleasing.00,oewn-01813594-s,i9930,oewn-good-a,good,a,s,adjective_satellite,true,62410,15,false,adj.all,"[{""text"":""capable of pleasing"",""source_sense_id"":null}]","[{""text"":""good looks"",""source"":null,""scope"":""synset""}]","[""best"",""better""]",[],"[{""lexical_entry_id"":""oewn-good-a"",""written_form"":""good"",""source_pos"":""a""}]",unreviewed
56,good,56,oewn:2025:oewn-good__5.00.00.intellectual.00,oewn:oewn-good__5.00.00.intellectual.00,oewn-good__5.00.00.intellectual.00,oewn-01336429-s,i7272,oewn-good-a,good,a,s,adjective_satellite,true,62410,16,false,adj.all,"[{""text"":""appealing to the mind"",""source_sense_id"":null}]","[{""text"":""good music"",""source"":null,""scope"":""synset""},{""text"":""a serious book"",""source"":null,""scope"":""synset""}]","[""best"",""better""]",[],"[{""lexical_entry_id"":""oewn-good-a"",""written_form"":""good"",""source_pos"":""a""},{""lexical_entry_id"":""oewn-serious-a"",""written_form"":""serious"",""source_pos"":""a""}]",unreviewed
56,good,56,oewn:2025:oewn-good__5.00.00.healthy.00,oewn:oewn-good__5.00.00.healthy.00,oewn-good__5.00.00.healthy.00,oewn-01174757-s,i6402,oewn-good-a,good,a,s,adjective_satellite,true,62410,17,false,adj.all,"[{""text"":""in excellent physical condition"",""source_sense_id"":null}]","[{""text"":""good teeth"",""source"":null,""scope"":""synset""},{""text"":""I still have one good leg"",""source"":null,""scope"":""synset""},{""text"":""a sound mind in a sound body"",""source"":null,""scope"":""synset""}]","[""best"",""better""]",[],"[{""lexical_entry_id"":""oewn-good-a"",""written_form"":""good"",""source_pos"":""a""},{""lexical_entry_id"":""oewn-sound-a"",""written_form"":""sound"",""source_pos"":""a""}]",unreviewed
56,good,56,oewn:2025:oewn-good__5.00.00.healthful.00,oewn:oewn-good__5.00.00.healthful.00,oewn-good__5.00.00.healthful.00,oewn-01169957-s,i6378,oewn-good-a,good,a,s,adjective_satellite,true,62410,18,false,adj.all,"[{""text"":""tending to promote physical well-being; beneficial to health"",""source_sense_id"":null}]","[{""text"":""beneficial effects of a balanced diet"",""source"":null,""scope"":""synset""},{""text"":""a good night's sleep"",""source"":null,""scope"":""synset""},{""text"":""the salutary influence of pure air"",""source"":null,""scope"":""synset""}]","[""best"",""better""]",[],"[{""lexical_entry_id"":""oewn-good-a"",""written_form"":""good"",""source_pos"":""a""},{""lexical_entry_id"":""oewn-salutary-a"",""written_form"":""salutary"",""source_pos"":""a""}]",unreviewed
56,good,56,oewn:2025:oewn-good__5.00.00.genuine.00,oewn:oewn-good__5.00.00.genuine.00,oewn-good__5.00.00.genuine.00,oewn-01119768-s,i6122,oewn-good-a,good,a,s,adjective_satellite,true,62410,19,false,adj.all,"[{""text"":""not forged"",""source_sense_id"":null}]","[{""text"":""a good dollar bill"",""source"":null,""scope"":""synset""}]","[""best"",""better""]",[],"[{""lexical_entry_id"":""oewn-good-a"",""written_form"":""good"",""source_pos"":""a""},{""lexical_entry_id"":""oewn-honest-a"",""written_form"":""honest"",""source_pos"":""a""}]",unreviewed
56,good,56,oewn:2025:oewn-good__5.00.00.fresh.01,oewn:oewn-good__5.00.00.fresh.01,oewn-good__5.00.00.fresh.01,oewn-01072013-s,i5856,oewn-good-a,good,a,s,adjective_satellite,true,62410,20,false,adj.all,"[{""text"":""not left to spoil"",""source_sense_id"":null}]","[{""text"":""the meat is still good"",""source"":null,""scope"":""synset""}]","[""best"",""better""]",[],"[{""lexical_entry_id"":""oewn-good-a"",""written_form"":""good"",""source_pos"":""a""},{""lexical_entry_id"":""oewn-unspoiled-a"",""written_form"":""unspoiled"",""source_pos"":""a""},{""lexical_entry_id"":""oewn-unspoilt-a"",""written_form"":""unspoilt"",""source_pos"":""a""}]",unreviewed
56,good,56,oewn:2025:oewn-good__5.00.00.discriminating.00,oewn:oewn-good__5.00.00.discriminating.00,oewn-good__5.00.00.discriminating.00,oewn-00779170-s,i4272,oewn-good-a,good,a,s,adjective_satellite,true,62410,21,false,adj.all,"[{""text"":""generally admired"",""source_sense_id"":null}]","[{""text"":""good taste"",""source"":null,""scope"":""synset""}]","[""best"",""better""]",[],"[{""lexical_entry_id"":""oewn-good-a"",""written_form"":""good"",""source_pos"":""a""}]",unreviewed
56,good,56,oewn:2025:oewn-good__1.07.00..,oewn:oewn-good__1.07.00..,oewn-good__1.07.00..,oewn-05167108-n,i64098,oewn-good-n,good,n,n,noun,false,62424,1,false,noun.attribute,"[{""text"":""benefit"",""source_sense_id"":null}]","[{""text"":""for your own good"",""source"":null,""scope"":""synset""},{""text"":""what's the good of worrying?"",""source"":null,""scope"":""synset""}]",[],[],"[{""lexical_entry_id"":""oewn-good-n"",""written_form"":""good"",""source_pos"":""n""}]",unreviewed
56,good,56,oewn:2025:oewn-good__1.07.01..,oewn:oewn-good__1.07.01..,oewn-good__1.07.01..,oewn-04856472-n,i62472,oewn-good-n,good,n,n,noun,false,62424,2,false,noun.attribute,"[{""text"":""moral excellence or admirableness"",""source_sense_id"":null}]","[{""text"":""there is much good to be found in people"",""source"":null,""scope"":""synset""}]",[],[],"[{""lexical_entry_id"":""oewn-good-n"",""written_form"":""good"",""source_pos"":""n""},{""lexical_entry_id"":""oewn-goodness-n"",""written_form"":""goodness"",""source_pos"":""n""}]",unreviewed
56,good,56,oewn:2025:oewn-good__1.07.02..,oewn:oewn-good__1.07.02..,oewn-good__1.07.02..,oewn-05149427-n,i64010,oewn-good-n,good,n,n,noun,false,62424,3,false,noun.attribute,"[{""text"":""that which is pleasing or valuable or useful"",""source_sense_id"":null}]","[{""text"":""weigh the good against the bad"",""source"":null,""scope"":""synset""},{""text"":""among the highest goods of all are happiness and self-realization"",""source"":null,""scope"":""synset""}]",[],[],"[{""lexical_entry_id"":""oewn-good-n"",""written_form"":""good"",""source_pos"":""n""},{""lexical_entry_id"":""oewn-goodness-n"",""written_form"":""goodness"",""source_pos"":""n""}]",unreviewed
56,good,56,oewn:2025:oewn-good__1.06.00..,oewn:oewn-good__1.06.00..,oewn-good__1.06.00..,oewn-03080712-n,i52206,oewn-good-n,good,n,n,noun,false,62424,4,false,noun.artifact,"[{""text"":""a raw material that is sold in large quantities, usually to other businesses for manufacturing or production purposes"",""source_sense_id"":null}]",[],[],[],"[{""lexical_entry_id"":""oewn-commodity-n"",""written_form"":""commodity"",""source_pos"":""n""},{""lexical_entry_id"":""oewn-trade_good-n"",""written_form"":""trade good"",""source_pos"":""n""},{""lexical_entry_id"":""oewn-good-n"",""written_form"":""good"",""source_pos"":""n""}]",unreviewed
56,good,56,oewn:2025:oewn-good__4.02.00..,oewn:oewn-good__4.02.00..,oewn-good__4.02.00..,oewn-00011555-r,i18211,oewn-good-r,good,r,r,adverb,false,62430,1,false,adv.all,"[{""text"":""(often used as a combining form) in a good or proper or satisfactory manner or to a high standard (‘good’ is a nonstandard dialectal variant for ‘well’)"",""source_sense_id"":null}]","[{""text"":""the children behaved well"",""source"":null,""scope"":""synset""},{""text"":""a task well done"",""source"":null,""scope"":""synset""},{""text"":""the party went well"",""source"":null,""scope"":""synset""},{""text"":""he slept well"",""source"":null,""scope"":""synset""},{""text"":""a well-argued thesis"",""source"":null,""scope"":""synset""},{""text"":""a well-seasoned dish"",""source"":null,""scope"":""synset""},{""text"":""a well-planned party"",""source"":null,""scope"":""synset""},{""text"":""the baby can walk pretty good"",""source"":null,""scope"":""synset""}]",[],[],"[{""lexical_entry_id"":""oewn-well-r"",""written_form"":""well"",""source_pos"":""r""},{""lexical_entry_id"":""oewn-good-r"",""written_form"":""good"",""source_pos"":""r""}]",unreviewed
56,good,56,oewn:2025:oewn-good__4.02.01..,oewn:oewn-good__4.02.01..,oewn-good__4.02.01..,oewn-00057926-r,i18481,oewn-good-r,good,r,r,adverb,false,62430,2,false,adv.all,"[{""text"":""completely and absolutely (‘good’ is sometimes used informally for ‘thoroughly’)"",""source_sense_id"":null}]","[{""text"":""he was soundly defeated"",""source"":null,""scope"":""synset""},{""text"":""we beat him good"",""source"":null,""scope"":""synset""}]",[],[],"[{""lexical_entry_id"":""oewn-thoroughly-r"",""written_form"":""thoroughly"",""source_pos"":""r""},{""lexical_entry_id"":""oewn-soundly-r"",""written_form"":""soundly"",""source_pos"":""r""},{""lexical_entry_id"":""oewn-good-r"",""written_form"":""good"",""source_pos"":""r""}]",unreviewed
57,people,57,oewn:2025:oewn-people__1.14.00..,oewn:oewn-people__1.14.00..,oewn-people__1.14.00..,oewn-07958392-n,i79059,oewn-people-n,people,n,n,noun,false,93233,1,false,noun.group,"[{""text"":""(plural) any group of human beings (men or women or children) collectively"",""source_sense_id"":null}]","[{""text"":""old people"",""source"":null,""scope"":""synset""},{""text"":""there were at least 200 people in the audience"",""source"":null,""scope"":""synset""}]",[],"[{""value"":""ˈpiːpəl"",""variety"":""GB"",""notation"":null,""phonemic"":null,""audio"":null,""scope"":""lemma"",""form"":null},{""value"":""ˈpipəl"",""variety"":""US"",""notation"":null,""phonemic"":null,""audio"":null,""scope"":""lemma"",""form"":null}]","[{""lexical_entry_id"":""oewn-people-n"",""written_form"":""people"",""source_pos"":""n""}]",unreviewed
57,people,57,oewn:2025:oewn-people__1.14.01..,oewn:oewn-people__1.14.01..,oewn-people__1.14.01..,oewn-08177175-n,i80034,oewn-people-n,people,n,n,noun,false,93233,2,false,noun.group,"[{""text"":""the body of citizens of a state or country"",""source_sense_id"":null}]","[{""text"":""the Spanish people"",""source"":null,""scope"":""synset""}]",[],"[{""value"":""ˈpiːpəl"",""variety"":""GB"",""notation"":null,""phonemic"":null,""audio"":null,""scope"":""lemma"",""form"":null},{""value"":""ˈpipəl"",""variety"":""US"",""notation"":null,""phonemic"":null,""audio"":null,""scope"":""lemma"",""form"":null}]","[{""lexical_entry_id"":""oewn-citizenry-n"",""written_form"":""citizenry"",""source_pos"":""n""},{""lexical_entry_id"":""oewn-people-n"",""written_form"":""people"",""source_pos"":""n""}]",unreviewed
57,people,57,oewn:2025:oewn-people__1.14.02..,oewn:oewn-people__1.14.02..,oewn-people__1.14.02..,oewn-07987588-n,i79202,oewn-people-n,people,n,n,noun,false,93233,3,false,noun.group,"[{""text"":""members of a family line"",""source_sense_id"":null}]","[{""text"":""his people have been farmers for generations"",""source"":null,""scope"":""synset""},{""text"":""are your people still alive?"",""source"":null,""scope"":""synset""}]",[],"[{""value"":""ˈpiːpəl"",""variety"":""GB"",""notation"":null,""phonemic"":null,""audio"":null,""scope"":""lemma"",""form"":null},{""value"":""ˈpipəl"",""variety"":""US"",""notation"":null,""phonemic"":null,""audio"":null,""scope"":""lemma"",""form"":null}]","[{""lexical_entry_id"":""oewn-people-n"",""written_form"":""people"",""source_pos"":""n""}]",unreviewed
57,people,57,oewn:2025:oewn-people__1.14.03..,oewn:oewn-people__1.14.03..,oewn-people__1.14.03..,oewn-08197108-n,i80128,oewn-people-n,people,n,n,noun,false,93233,4,false,noun.group,"[{""text"":""the common people generally"",""source_sense_id"":null}]","[{""text"":""separate the warriors from the mass"",""source"":null,""scope"":""synset""},{""text"":""power to the people"",""source"":null,""scope"":""synset""}]",[],"[{""value"":""ˈpiːpəl"",""variety"":""GB"",""notation"":null,""phonemic"":null,""audio"":null,""scope"":""lemma"",""form"":null},{""value"":""ˈpipəl"",""variety"":""US"",""notation"":null,""phonemic"":null,""audio"":null,""scope"":""lemma"",""form"":null}]","[{""lexical_entry_id"":""oewn-multitude-n"",""written_form"":""multitude"",""source_pos"":""n""},{""lexical_entry_id"":""oewn-masses-n"",""written_form"":""masses"",""source_pos"":""n""},{""lexical_entry_id"":""oewn-mass-n"",""written_form"":""mass"",""source_pos"":""n""},{""lexical_entry_id"":""oewn-hoi_polloi-n"",""written_form"":""hoi polloi"",""source_pos"":""n""},{""lexical_entry_id"":""oewn-people-n"",""written_form"":""people"",""source_pos"":""n""},{""lexical_entry_id"":""oewn-the_great_unwashed-n"",""written_form"":""the great unwashed"",""source_pos"":""n""}]",unreviewed
57,people,57,oewn:2025:oewn-people__2.30.00..,oewn:oewn-people__2.30.00..,oewn-people__2.30.00..,oewn-00452416-v,i23978,oewn-people-v,people,v,v,verb,false,93234,1,false,verb.change,"[{""text"":""fill with people"",""source_sense_id"":null}]","[{""text"":""Stalin wanted to people the empty steppes"",""source"":null,""scope"":""synset""}]",[],"[{""value"":""ˈpiːpəl"",""variety"":""GB"",""notation"":null,""phonemic"":null,""audio"":null,""scope"":""lemma"",""form"":null},{""value"":""ˈpipəl"",""variety"":""US"",""notation"":null,""phonemic"":null,""audio"":null,""scope"":""lemma"",""form"":null}]","[{""lexical_entry_id"":""oewn-people-v"",""written_form"":""people"",""source_pos"":""v""}]",unreviewed
57,people,57,oewn:2025:oewn-people__2.42.00..,oewn:oewn-people__2.42.00..,oewn-people__2.42.00..,oewn-02656935-v,i34921,oewn-people-v,people,v,v,verb,false,93234,2,false,verb.stative,"[{""text"":""furnish with people"",""source_sense_id"":null}]","[{""text"":""The plains are sparsely populated"",""source"":null,""scope"":""synset""}]",[],"[{""value"":""ˈpiːpəl"",""variety"":""GB"",""notation"":null,""phonemic"":null,""audio"":null,""scope"":""lemma"",""form"":null},{""value"":""ˈpipəl"",""variety"":""US"",""notation"":null,""phonemic"":null,""audio"":null,""scope"":""lemma"",""form"":null}]","[{""lexical_entry_id"":""oewn-people-v"",""written_form"":""people"",""source_pos"":""v""}]",unreviewed
58,year,58,oewn:2025:oewn-year__1.28.01..,oewn:oewn-year__1.28.01..,oewn-year__1.28.01..,oewn-15228587-n,i117116,oewn-year-n,year,n,n,noun,false,135426,1,false,noun.time,"[{""text"":""a period of time containing 365 (or 366) days"",""source_sense_id"":null}]","[{""text"":""she is 4 years old"",""source"":null,""scope"":""synset""},{""text"":""in the year 1920"",""source"":null,""scope"":""synset""}]",[],"[{""value"":""jɪə"",""variety"":""GB"",""notation"":null,""phonemic"":null,""audio"":null,""scope"":""lemma"",""form"":null},{""value"":""jɪɹ"",""variety"":""US"",""notation"":null,""phonemic"":null,""audio"":null,""scope"":""lemma"",""form"":null}]","[{""lexical_entry_id"":""oewn-year-n"",""written_form"":""year"",""source_pos"":""n""},{""lexical_entry_id"":""oewn-twelvemonth-n"",""written_form"":""twelvemonth"",""source_pos"":""n""},{""lexical_entry_id"":""oewn-yr-n"",""written_form"":""yr"",""source_pos"":""n""}]",unreviewed
58,year,58,oewn:2025:oewn-year__1.28.02..,oewn:oewn-year__1.28.02..,oewn-year__1.28.02..,oewn-15229093-n,i117118,oewn-year-n,year,n,n,noun,false,135426,2,false,noun.time,"[{""text"":""a period of time occupying a regular part of a calendar year that is used for some particular activity"",""source_sense_id"":null}]","[{""text"":""a school year"",""source"":null,""scope"":""synset""}]",[],"[{""value"":""jɪə"",""variety"":""GB"",""notation"":null,""phonemic"":null,""audio"":null,""scope"":""lemma"",""form"":null},{""value"":""jɪɹ"",""variety"":""US"",""notation"":null,""phonemic"":null,""audio"":null,""scope"":""lemma"",""form"":null}]","[{""lexical_entry_id"":""oewn-year-n"",""written_form"":""year"",""source_pos"":""n""}]",unreviewed
58,year,58,oewn:2025:oewn-year__1.28.00..,oewn:oewn-year__1.28.00..,oewn-year__1.28.00..,oewn-15226340-n,i117103,oewn-year-n,year,n,n,noun,false,135426,3,false,noun.time,"[{""text"":""the period of time that it takes for a planet (as, e.g., Earth or Mars) to make a complete revolution around the sun"",""source_sense_id"":null}]","[{""text"":""a Martian year takes 687 of our days"",""source"":null,""scope"":""synset""}]",[],"[{""value"":""jɪə"",""variety"":""GB"",""notation"":null,""phonemic"":null,""audio"":null,""scope"":""lemma"",""form"":null},{""value"":""jɪɹ"",""variety"":""US"",""notation"":null,""phonemic"":null,""audio"":null,""scope"":""lemma"",""form"":null}]","[{""lexical_entry_id"":""oewn-year-n"",""written_form"":""year"",""source_pos"":""n""}]",unreviewed
58,year,58,oewn:2025:oewn-year__1.14.00..,oewn:oewn-year__1.14.00..,oewn-year__1.14.00..,oewn-08255581-n,i80414,oewn-year-n,year,n,n,noun,false,135426,4,false,noun.group,"[{""text"":""a body of students who graduate together"",""source_sense_id"":null}]","[{""text"":""the class of '97"",""source"":null,""scope"":""synset""},{""text"":""she was in my year at Hoehandle High"",""source"":null,""scope"":""synset""}]",[],"[{""value"":""jɪə"",""variety"":""GB"",""notation"":null,""phonemic"":null,""audio"":null,""scope"":""lemma"",""form"":null},{""value"":""jɪɹ"",""variety"":""US"",""notation"":null,""phonemic"":null,""audio"":null,""scope"":""lemma"",""form"":null}]","[{""lexical_entry_id"":""oewn-class-n"",""written_form"":""class"",""source_pos"":""n""},{""lexical_entry_id"":""oewn-year-n"",""written_form"":""year"",""source_pos"":""n""}]",unreviewed
59,take,59,oewn:2025:oewn-take__1.21.00..,oewn:oewn-take__1.21.00..,oewn-take__1.21.00..,oewn-13281089-n,i106335,oewn-take-n,take,n,n,noun,false,120857,1,false,noun.possession,"[{""text"":""the income or profit arising from such transactions as the sale of land or other property"",""source_sense_id"":null}]","[{""text"":""the average return was about 5%"",""source"":null,""scope"":""synset""}]",[],"[{""value"":""teɪk"",""variety"":null,""notation"":null,""phonemic"":null,""audio"":null,""scope"":""lemma"",""form"":null}]","[{""lexical_entry_id"":""oewn-return-n"",""written_form"":""return"",""source_pos"":""n""},{""lexical_entry_id"":""oewn-issue-n"",""written_form"":""issue"",""source_pos"":""n""},{""lexical_entry_id"":""oewn-take-n"",""written_form"":""take"",""source_pos"":""n""},{""lexical_entry_id"":""oewn-takings-n"",""written_form"":""takings"",""source_pos"":""n""},{""lexical_entry_id"":""oewn-proceeds-n"",""written_form"":""proceeds"",""source_pos"":""n""},{""lexical_entry_id"":""oewn-yield-n"",""written_form"":""yield"",""source_pos"":""n""},{""lexical_entry_id"":""oewn-payoff-n"",""written_form"":""payoff"",""source_pos"":""n""}]",unreviewed
59,take,59,oewn:2025:oewn-take__1.04.00..,oewn:oewn-take__1.04.00..,oewn-take__1.04.00..,oewn-00909831-n,i40177,oewn-take-n,take,n,n,noun,false,120857,2,false,noun.act,"[{""text"":""the act of photographing a scene or part of a scene without interruption"",""source_sense_id"":null}]",[],[],"[{""value"":""teɪk"",""variety"":null,""notation"":null,""phonemic"":null,""audio"":null,""scope"":""lemma"",""form"":null}]","[{""lexical_entry_id"":""oewn-take-n"",""written_form"":""take"",""source_pos"":""n""}]",unreviewed
59,take,59,oewn:2025:oewn-take__2.41.04..,oewn:oewn-take__2.41.04..,oewn-take__2.41.04..,oewn-02605633-v,i34687,oewn-take-v,take,v,v,verb,false,120859,1,false,verb.social,"[{""text"":""carry out"",""source_sense_id"":null}]","[{""text"":""take action"",""source"":null,""scope"":""synset""},{""text"":""take steps"",""source"":null,""scope"":""synset""},{""text"":""take vengeance"",""source"":null,""scope"":""synset""}]","[""taken"",""took""]","[{""value"":""teɪk"",""variety"":null,""notation"":null,""phonemic"":null,""audio"":null,""scope"":""lemma"",""form"":null}]","[{""lexical_entry_id"":""oewn-take-v"",""written_form"":""take"",""source_pos"":""v""}]",unreviewed
59,take,59,oewn:2025:oewn-take__2.40.06..,oewn:oewn-take__2.40.06..,oewn-take__2.40.06..,oewn-02272834-v,i33076,oewn-take-v,take,v,v,verb,false,120859,2,false,verb.possession,"[{""text"":""require (time or space)"",""source_sense_id"":null}]","[{""text"":""It took three hours to get to work this morning"",""source"":null,""scope"":""synset""},{""text"":""This event occupied a very short time"",""source"":null,""scope"":""synset""}]","[""taken"",""took""]","[{""value"":""teɪk"",""variety"":null,""notation"":null,""phonemic"":null,""audio"":null,""scope"":""lemma"",""form"":null}]","[{""lexical_entry_id"":""oewn-take-v"",""written_form"":""take"",""source_pos"":""v""},{""lexical_entry_id"":""oewn-occupy-v"",""written_form"":""occupy"",""source_pos"":""v""},{""lexical_entry_id"":""oewn-use_up-v"",""written_form"":""use up"",""source_pos"":""v""}]",unreviewed
59,take,59,oewn:2025:oewn-take__2.38.09..,oewn:oewn-take__2.38.09..,oewn-take__2.38.09..,oewn-02003830-v,i31738,oewn-take-v,take,v,v,verb,false,120859,3,false,verb.motion,"[{""text"":""take somebody somewhere"",""source_sense_id"":null}]","[{""text"":""we led him to our chief"",""source"":null,""scope"":""synset""},{""text"":""can you take me to the main entrance?"",""source"":null,""scope"":""synset""},{""text"":""He conducted us to the palace"",""source"":null,""scope"":""synset""}]","[""taken"",""took""]","[{""value"":""teɪk"",""variety"":null,""notation"":null,""phonemic"":null,""audio"":null,""scope"":""lemma"",""form"":null}]","[{""lexical_entry_id"":""oewn-lead-v"",""written_form"":""lead"",""source_pos"":""v""},{""lexical_entry_id"":""oewn-take-v"",""written_form"":""take"",""source_pos"":""v""},{""lexical_entry_id"":""oewn-direct-v"",""written_form"":""direct"",""source_pos"":""v""},{""lexical_entry_id"":""oewn-conduct-v"",""written_form"":""conduct"",""source_pos"":""v""},{""lexical_entry_id"":""oewn-guide-v"",""written_form"":""guide"",""source_pos"":""v""}]",unreviewed
59,take,59,oewn:2025:oewn-take__2.35.00..,oewn:oewn-take__2.35.00..,oewn-take__2.35.00..,oewn-01216829-v,i27693,oewn-take-v,take,v,v,verb,false,120859,4,false,verb.contact,"[{""text"":""get into one's hands, take physically"",""source_sense_id"":null}]","[{""text"":""Take a cookie!"",""source"":null,""scope"":""synset""},{""text"":""Can you take this bag, please"",""source"":null,""scope"":""synset""}]","[""taken"",""took""]","[{""value"":""teɪk"",""variety"":null,""notation"":null,""phonemic"":null,""audio"":null,""scope"":""lemma"",""form"":null}]","[{""lexical_entry_id"":""oewn-take-v"",""written_form"":""take"",""source_pos"":""v""},{""lexical_entry_id"":""oewn-get_hold_of-v"",""written_form"":""get hold of"",""source_pos"":""v""}]",unreviewed
59,take,59,oewn:2025:oewn-take__2.30.01..,oewn:oewn-take__2.30.01..,oewn-take__2.30.01..,oewn-00525762-v,i24342,oewn-take-v,take,v,v,verb,false,120859,5,false,verb.change,"[{""text"":""take on a certain form, attribute, or aspect"",""source_sense_id"":null}]","[{""text"":""His voice took on a sad tone"",""source"":null,""scope"":""synset""},{""text"":""The story took a new turn"",""source"":null,""scope"":""synset""},{""text"":""he adopted an air of superiority"",""source"":null,""scope"":""synset""},{""text"":""She assumed strange manners"",""source"":null,""scope"":""synset""},{""text"":""The gods assume human or animal form in these fables"",""source"":null,""scope"":""synset""}]","[""taken"",""took""]","[{""value"":""teɪk"",""variety"":null,""notation"":null,""phonemic"":null,""audio"":null,""scope"":""lemma"",""form"":null}]","[{""lexical_entry_id"":""oewn-assume-v"",""written_form"":""assume"",""source_pos"":""v""},{""lexical_entry_id"":""oewn-acquire-v"",""written_form"":""acquire"",""source_pos"":""v""},{""lexical_entry_id"":""oewn-adopt-v"",""written_form"":""adopt"",""source_pos"":""v""},{""lexical_entry_id"":""oewn-take_on-v"",""written_form"":""take on"",""source_pos"":""v""},{""lexical_entry_id"":""oewn-take-v"",""written_form"":""take"",""source_pos"":""v""}]",unreviewed
59,take,59,oewn:2025:oewn-take__2.31.07..,oewn:oewn-take__2.31.07..,oewn-take__2.31.07..,oewn-00626148-v,i24872,oewn-take-v,take,v,v,verb,false,120859,6,false,verb.cognition,"[{""text"":""interpret something in a certain way; convey a particular meaning or impression"",""source_sense_id"":null}]","[{""text"":""I read this address as a satire"",""source"":null,""scope"":""synset""},{""text"":""How should I take this message?"",""source"":null,""scope"":""synset""}]","[""taken"",""took""]","[{""value"":""teɪk"",""variety"":null,""notation"":null,""phonemic"":null,""audio"":null,""scope"":""lemma"",""form"":null}]","[{""lexical_entry_id"":""oewn-take-v"",""written_form"":""take"",""source_pos"":""v""},{""lexical_entry_id"":""oewn-read-v"",""written_form"":""read"",""source_pos"":""v""}]",unreviewed
59,take,59,oewn:2025:oewn-take__2.38.10..,oewn:oewn-take__2.38.10..,oewn-take__2.38.10..,oewn-02081903-v,i32134,oewn-take-v,take,v,v,verb,false,120859,7,false,verb.motion,"[{""text"":""take something or somebody with oneself somewhere"",""source_sense_id"":null}]","[{""text"":""Bring me the box from the other room"",""source"":null,""scope"":""synset""},{""text"":""Take these letters to the boss"",""source"":null,""scope"":""synset""},{""text"":""This brings me to the main point"",""source"":null,""scope"":""synset""}]","[""taken"",""took""]","[{""value"":""teɪk"",""variety"":null,""notation"":null,""phonemic"":null,""audio"":null,""scope"":""lemma"",""form"":null}]","[{""lexical_entry_id"":""oewn-bring-v"",""written_form"":""bring"",""source_pos"":""v""},{""lexical_entry_id"":""oewn-convey-v"",""written_form"":""convey"",""source_pos"":""v""},{""lexical_entry_id"":""oewn-take-v"",""written_form"":""take"",""source_pos"":""v""}]",unreviewed
59,take,59,oewn:2025:oewn-take__2.40.00..,oewn:oewn-take__2.40.00..,oewn-take__2.40.00..,oewn-02210054-v,i32778,oewn-take-v,take,v,v,verb,false,120859,8,false,verb.possession,"[{""text"":""take into one's possession"",""source_sense_id"":null}]","[{""text"":""We are taking an orphan from Romania"",""source"":null,""scope"":""synset""},{""text"":""I'll take three salmon steaks"",""source"":null,""scope"":""synset""}]","[""taken"",""took""]","[{""value"":""teɪk"",""variety"":null,""notation"":null,""phonemic"":null,""audio"":null,""scope"":""lemma"",""form"":null}]","[{""lexical_entry_id"":""oewn-take-v"",""written_form"":""take"",""source_pos"":""v""}]",unreviewed
59,take,59,oewn:2025:oewn-take__2.38.02..,oewn:oewn-take__2.38.02..,oewn-take__2.38.02..,oewn-01846632-v,i30924,oewn-take-v,take,v,v,verb,false,120859,9,false,verb.motion,"[{""text"":""travel or go by means of a certain kind of transportation, or a certain route"",""source_sense_id"":null}]","[{""text"":""He takes the bus to work"",""source"":null,""scope"":""synset""},{""text"":""She takes Route 1 to Newark"",""source"":null,""scope"":""synset""}]","[""taken"",""took""]","[{""value"":""teɪk"",""variety"":null,""notation"":null,""phonemic"":null,""audio"":null,""scope"":""lemma"",""form"":null}]","[{""lexical_entry_id"":""oewn-take-v"",""written_form"":""take"",""source_pos"":""v""}]",unreviewed
59,take,59,oewn:2025:oewn-take__2.31.01..,oewn:oewn-take__2.31.01..,oewn-take__2.31.01..,oewn-00676526-v,i25092,oewn-take-v,take,v,v,verb,false,120859,10,false,verb.cognition,"[{""text"":""pick out, select, or choose from a number of alternatives"",""source_sense_id"":null}]","[{""text"":""Take any one of these cards"",""source"":null,""scope"":""synset""},{""text"":""Choose a good husband for your daughter"",""source"":null,""scope"":""synset""},{""text"":""She selected a pair of shoes from among the dozen the salesgirl had shown her"",""source"":null,""scope"":""synset""}]","[""taken"",""took""]","[{""value"":""teɪk"",""variety"":null,""notation"":null,""phonemic"":null,""audio"":null,""scope"":""lemma"",""form"":null}]","[{""lexical_entry_id"":""oewn-choose-v"",""written_form"":""choose"",""source_pos"":""v""},{""lexical_entry_id"":""oewn-take-v"",""written_form"":""take"",""source_pos"":""v""},{""lexical_entry_id"":""oewn-select-v"",""written_form"":""select"",""source_pos"":""v""},{""lexical_entry_id"":""oewn-pick_out-v"",""written_form"":""pick out"",""source_pos"":""v""}]",unreviewed
59,take,59,oewn:2025:oewn-take__2.40.05..,oewn:oewn-take__2.40.05..,oewn-take__2.40.05..,oewn-02240906-v,i32922,oewn-take-v,take,v,v,verb,false,120859,11,false,verb.possession,"[{""text"":""receive willingly something given or offered"",""source_sense_id"":null}]","[{""text"":""The only girl who would have him was the miller's daughter"",""source"":null,""scope"":""synset""},{""text"":""I won't have this dog in my house!"",""source"":null,""scope"":""synset""},{""text"":""Please accept my present"",""source"":null,""scope"":""synset""}]","[""taken"",""took""]","[{""value"":""teɪk"",""variety"":null,""notation"":null,""phonemic"":null,""audio"":null,""scope"":""lemma"",""form"":null}]","[{""lexical_entry_id"":""oewn-accept-v"",""written_form"":""accept"",""source_pos"":""v""},{""lexical_entry_id"":""oewn-take-v"",""written_form"":""take"",""source_pos"":""v""},{""lexical_entry_id"":""oewn-have-v"",""written_form"":""have"",""source_pos"":""v""}]",unreviewed
59,take,59,oewn:2025:oewn-take__2.41.00..,oewn:oewn-take__2.41.00..,oewn-take__2.41.00..,oewn-02399325-v,i33719,oewn-take-v,take,v,v,verb,false,120859,12,false,verb.social,"[{""text"":""assume, as of positions or roles"",""source_sense_id"":null}]","[{""text"":""She took the job as director of development"",""source"":null,""scope"":""synset""},{""text"":""he occupies the position of manager"",""source"":null,""scope"":""synset""},{""text"":""the young prince will soon occupy the throne"",""source"":null,""scope"":""synset""}]","[""taken"",""took""]","[{""value"":""teɪk"",""variety"":null,""notation"":null,""phonemic"":null,""audio"":null,""scope"":""lemma"",""form"":null}]","[{""lexical_entry_id"":""oewn-fill-v"",""written_form"":""fill"",""source_pos"":""v""},{""lexical_entry_id"":""oewn-take-v"",""written_form"":""take"",""source_pos"":""v""},{""lexical_entry_id"":""oewn-occupy-v"",""written_form"":""occupy"",""source_pos"":""v""}]",unreviewed
59,take,59,oewn:2025:oewn-take__2.31.03..,oewn:oewn-take__2.31.03..,oewn-take__2.31.03..,oewn-00736077-v,i25370,oewn-take-v,take,v,v,verb,false,120859,13,false,verb.cognition,"[{""text"":""take into consideration for exemplifying purposes"",""source_sense_id"":null}]","[{""text"":""Take the case of China"",""source"":null,""scope"":""synset""},{""text"":""Consider the following case"",""source"":null,""scope"":""synset""}]","[""taken"",""took""]","[{""value"":""teɪk"",""variety"":null,""notation"":null,""phonemic"":null,""audio"":null,""scope"":""lemma"",""form"":null}]","[{""lexical_entry_id"":""oewn-consider-v"",""written_form"":""consider"",""source_pos"":""v""},{""lexical_entry_id"":""oewn-take-v"",""written_form"":""take"",""source_pos"":""v""},{""lexical_entry_id"":""oewn-deal-v"",""written_form"":""deal"",""source_pos"":""v""},{""lexical_entry_id"":""oewn-look_at-v"",""written_form"":""look at"",""source_pos"":""v""}]",unreviewed
59,take,59,oewn:2025:oewn-take__2.42.00..,oewn:oewn-take__2.42.00..,oewn-take__2.42.00..,oewn-02634015-v,i34813,oewn-take-v,take,v,v,verb,false,120859,14,false,verb.stative,"[{""text"":""require as useful, just, or proper"",""source_sense_id"":null}]","[{""text"":""It takes nerve to do what she did"",""source"":null,""scope"":""synset""},{""text"":""success usually requires hard work"",""source"":null,""scope"":""synset""},{""text"":""This job asks a lot of patience and skill"",""source"":null,""scope"":""synset""},{""text"":""This position demands a lot of personal sacrifice"",""source"":null,""scope"":""synset""},{""text"":""This dinner calls for a spectacular dessert"",""source"":null,""scope"":""synset""},{""text"":""This intervention does not postulate a patient's consent"",""source"":null,""scope"":""synset""}]","[""taken"",""took""]","[{""value"":""teɪk"",""variety"":null,""notation"":null,""phonemic"":null,""audio"":null,""scope"":""lemma"",""form"":null}]","[{""lexical_entry_id"":""oewn-necessitate-v"",""written_form"":""necessitate"",""source_pos"":""v""},{""lexical_entry_id"":""oewn-ask-v"",""written_form"":""ask"",""source_pos"":""v""},{""lexical_entry_id"":""oewn-postulate-v"",""written_form"":""postulate"",""source_pos"":""v""},{""lexical_entry_id"":""oewn-need-v"",""written_form"":""need"",""source_pos"":""v""},{""lexical_entry_id"":""oewn-require-v"",""written_form"":""require"",""source_pos"":""v""},{""lexical_entry_id"":""oewn-take-v"",""written_form"":""take"",""source_pos"":""v""},{""lexical_entry_id"":""oewn-involve-v"",""written_form"":""involve"",""source_pos"":""v""},{""lexical_entry_id"":""oewn-call_for-v"",""written_form"":""call for"",""source_pos"":""v""},{""lexical_entry_id"":""oewn-demand-v"",""written_form"":""demand"",""source_pos"":""v""}]",unreviewed
59,take,59,oewn:2025:oewn-take__2.39.00..,oewn:oewn-take__2.39.00..,oewn-take__2.39.00..,oewn-02113499-v,i32306,oewn-take-v,take,v,v,verb,false,120859,15,false,verb.perception,"[{""text"":""experience or feel or submit to"",""source_sense_id"":null}]","[{""text"":""Take a test"",""source"":null,""scope"":""synset""},{""text"":""Take the plunge"",""source"":null,""scope"":""synset""}]","[""taken"",""took""]","[{""value"":""teɪk"",""variety"":null,""notation"":null,""phonemic"":null,""audio"":null,""scope"":""lemma"",""form"":null}]","[{""lexical_entry_id"":""oewn-take-v"",""written_form"":""take"",""source_pos"":""v""}]",unreviewed
59,take,59,oewn:2025:oewn-take__2.32.02..,oewn:oewn-take__2.32.02..,oewn-take__2.32.02..,oewn-01004785-v,i26598,oewn-take-v,take,v,v,verb,false,120859,16,false,verb.communication,"[{""text"":""make a film or photograph of something"",""source_sense_id"":null}]","[{""text"":""take a scene"",""source"":null,""scope"":""synset""},{""text"":""shoot a movie"",""source"":null,""scope"":""synset""}]","[""taken"",""took""]","[{""value"":""teɪk"",""variety"":null,""notation"":null,""phonemic"":null,""audio"":null,""scope"":""lemma"",""form"":null}]","[{""lexical_entry_id"":""oewn-film-v"",""written_form"":""film"",""source_pos"":""v""},{""lexical_entry_id"":""oewn-shoot-v"",""written_form"":""shoot"",""source_pos"":""v""},{""lexical_entry_id"":""oewn-take-v"",""written_form"":""take"",""source_pos"":""v""}]",unreviewed
59,take,59,oewn:2025:oewn-take__2.30.00..,oewn:oewn-take__2.30.00..,oewn-take__2.30.00..,oewn-00173351-v,i22577,oewn-take-v,take,v,v,verb,false,120859,17,false,verb.change,"[{""text"":""remove something concrete, as by lifting, pushing, or taking off, or remove something abstract"",""source_sense_id"":null}]","[{""text"":""remove a threat"",""source"":null,""scope"":""synset""},{""text"":""remove a wrapper"",""source"":null,""scope"":""synset""},{""text"":""Remove the dirty dishes from the table"",""source"":null,""scope"":""synset""},{""text"":""take the gun from your pocket"",""source"":null,""scope"":""synset""},{""text"":""This machine withdraws heat from the environment"",""source"":null,""scope"":""synset""},{""text"":""Take that weight off me!"",""source"":null,""scope"":""synset""},{""text"":""pull the old soup cans from the supermarket shelf"",""source"":null,""scope"":""synset""}]","[""taken"",""took""]","[{""value"":""teɪk"",""variety"":null,""notation"":null,""phonemic"":null,""audio"":null,""scope"":""lemma"",""form"":null}]","[{""lexical_entry_id"":""oewn-remove-v"",""written_form"":""remove"",""source_pos"":""v""},{""lexical_entry_id"":""oewn-take-v"",""written_form"":""take"",""source_pos"":""v""},{""lexical_entry_id"":""oewn-take_away-v"",""written_form"":""take away"",""source_pos"":""v""},{""lexical_entry_id"":""oewn-withdraw-v"",""written_form"":""withdraw"",""source_pos"":""v""},{""lexical_entry_id"":""oewn-take_off-v"",""written_form"":""take off"",""source_pos"":""v""},{""lexical_entry_id"":""oewn-pull-v"",""written_form"":""pull"",""source_pos"":""v""}]",unreviewed
59,take,59,oewn:2025:oewn-take__2.34.00..,oewn:oewn-take__2.34.00..,oewn-take__2.34.00..,oewn-01159300-v,i27410,oewn-take-v,take,v,v,verb,false,120859,18,false,verb.consumption,"[{""text"":""serve oneself to, or consume regularly"",""source_sense_id"":null}]","[{""text"":""Have another bowl of chicken soup!"",""source"":null,""scope"":""synset""},{""text"":""I don't take sugar in my coffee"",""source"":null,""scope"":""synset""}]","[""taken"",""took""]","[{""value"":""teɪk"",""variety"":null,""notation"":null,""phonemic"":null,""audio"":null,""scope"":""lemma"",""form"":null}]","[{""lexical_entry_id"":""oewn-consume-v"",""written_form"":""consume"",""source_pos"":""v""},{""lexical_entry_id"":""oewn-ingest-v"",""written_form"":""ingest"",""source_pos"":""v""},{""lexical_entry_id"":""oewn-take_in-v"",""written_form"":""take in"",""source_pos"":""v""},{""lexical_entry_id"":""oewn-take-v"",""written_form"":""take"",""source_pos"":""v""},{""lexical_entry_id"":""oewn-have-v"",""written_form"":""have"",""source_pos"":""v""}]",unreviewed
59,take,59,oewn:2025:oewn-take__2.31.09..,oewn:oewn-take__2.31.09..,oewn-take__2.31.09..,oewn-00671680-v,i25071,oewn-take-v,take,v,v,verb,false,120859,19,false,verb.cognition,"[{""text"":""accept or undergo, often unwillingly"",""source_sense_id"":null}]","[{""text"":""We took a pay cut"",""source"":null,""scope"":""synset""}]","[""taken"",""took""]","[{""value"":""teɪk"",""variety"":null,""notation"":null,""phonemic"":null,""audio"":null,""scope"":""lemma"",""form"":null}]","[{""lexical_entry_id"":""oewn-take-v"",""written_form"":""take"",""source_pos"":""v""},{""lexical_entry_id"":""oewn-submit-v"",""written_form"":""submit"",""source_pos"":""v""}]",unreviewed
59,take,59,oewn:2025:oewn-take__2.40.15..,oewn:oewn-take__2.40.15..,oewn-take__2.40.15..,oewn-02214718-v,i32798,oewn-take-v,take,v,v,verb,false,120859,20,false,verb.possession,"[{""text"":""make use of or accept for some purpose"",""source_sense_id"":null}]","[{""text"":""take a risk"",""source"":null,""scope"":""synset""},{""text"":""take an opportunity"",""source"":null,""scope"":""synset""}]","[""taken"",""took""]","[{""value"":""teɪk"",""variety"":null,""notation"":null,""phonemic"":null,""audio"":null,""scope"":""lemma"",""form"":null}]","[{""lexical_entry_id"":""oewn-take-v"",""written_form"":""take"",""source_pos"":""v""},{""lexical_entry_id"":""oewn-accept-v"",""written_form"":""accept"",""source_pos"":""v""}]",unreviewed
59,take,59,oewn:2025:oewn-take__2.40.01..,oewn:oewn-take__2.40.01..,oewn-take__2.40.01..,oewn-02211401-v,i32785,oewn-take-v,take,v,v,verb,false,120859,21,false,verb.possession,"[{""text"":""conquer by force"",""source_sense_id"":null}]","[{""text"":""Hitler took the Baltic Republics"",""source"":null,""scope"":""synset""},{""text"":""The army took the fort on the hill"",""source"":null,""scope"":""synset""}]","[""taken"",""took""]","[{""value"":""teɪk"",""variety"":null,""notation"":null,""phonemic"":null,""audio"":null,""scope"":""lemma"",""form"":null}]","[{""lexical_entry_id"":""oewn-take-v"",""written_form"":""take"",""source_pos"":""v""}]",unreviewed
59,take,59,oewn:2025:oewn-take__2.38.00..,oewn:oewn-take__2.38.00..,oewn-take__2.38.00..,oewn-01986409-v,i31647,oewn-take-v,take,v,v,verb,false,120859,22,false,verb.motion,"[{""text"":""occupy or take on"",""source_sense_id"":null}]","[{""text"":""He assumes the lotus position"",""source"":null,""scope"":""synset""},{""text"":""She took her seat on the stage"",""source"":null,""scope"":""synset""},{""text"":""We took our seats in the orchestra"",""source"":null,""scope"":""synset""},{""text"":""She took up her position behind the tree"",""source"":null,""scope"":""synset""},{""text"":""strike a pose"",""source"":null,""scope"":""synset""}]","[""taken"",""took""]","[{""value"":""teɪk"",""variety"":null,""notation"":null,""phonemic"":null,""audio"":null,""scope"":""lemma"",""form"":null}]","[{""lexical_entry_id"":""oewn-assume-v"",""written_form"":""assume"",""source_pos"":""v""},{""lexical_entry_id"":""oewn-take-v"",""written_form"":""take"",""source_pos"":""v""},{""lexical_entry_id"":""oewn-strike-v"",""written_form"":""strike"",""source_pos"":""v""},{""lexical_entry_id"":""oewn-take_up-v"",""written_form"":""take up"",""source_pos"":""v""}]",unreviewed
59,take,59,oewn:2025:oewn-take__2.40.07..,oewn:oewn-take__2.40.07..,oewn-take__2.40.07..,oewn-02241406-v,i32923,oewn-take-v,take,v,v,verb,false,120859,23,false,verb.possession,"[{""text"":""admit into a group or community"",""source_sense_id"":null}]","[{""text"":""accept students for graduate study"",""source"":null,""scope"":""synset""},{""text"":""We'll have to vote on whether or not to admit a new member"",""source"":null,""scope"":""synset""}]","[""taken"",""took""]","[{""value"":""teɪk"",""variety"":null,""notation"":null,""phonemic"":null,""audio"":null,""scope"":""lemma"",""form"":null}]","[{""lexical_entry_id"":""oewn-accept-v"",""written_form"":""accept"",""source_pos"":""v""},{""lexical_entry_id"":""oewn-admit-v"",""written_form"":""admit"",""source_pos"":""v""},{""lexical_entry_id"":""oewn-take-v"",""written_form"":""take"",""source_pos"":""v""},{""lexical_entry_id"":""oewn-take_on-v"",""written_form"":""take on"",""source_pos"":""v""}]",unreviewed
59,take,59,oewn:2025:oewn-take__2.30.08..,oewn:oewn-take__2.30.08..,oewn-take__2.30.08..,oewn-00524175-v,i24334,oewn-take-v,take,v,v,verb,false,120859,24,false,verb.change,"[{""text"":""ascertain or determine by measuring, computing or take a reading from a dial"",""source_sense_id"":null}]","[{""text"":""take a pulse"",""source"":null,""scope"":""synset""},{""text"":""A reading was taken of the earth's tremors"",""source"":null,""scope"":""synset""}]","[""taken"",""took""]","[{""value"":""teɪk"",""variety"":null,""notation"":null,""phonemic"":null,""audio"":null,""scope"":""lemma"",""form"":null}]","[{""lexical_entry_id"":""oewn-take-v"",""written_form"":""take"",""source_pos"":""v""}]",unreviewed
59,take,59,oewn:2025:oewn-take__2.31.02..,oewn:oewn-take__2.31.02..,oewn-take__2.31.02..,oewn-00601387-v,i24760,oewn-take-v,take,v,v,verb,false,120859,25,false,verb.cognition,"[{""text"":""be a student of a certain subject"",""source_sense_id"":null}]","[{""text"":""She is reading for the bar exam"",""source"":null,""scope"":""synset""}]","[""taken"",""took""]","[{""value"":""teɪk"",""variety"":null,""notation"":null,""phonemic"":null,""audio"":null,""scope"":""lemma"",""form"":null}]","[{""lexical_entry_id"":""oewn-learn-v"",""written_form"":""learn"",""source_pos"":""v""},{""lexical_entry_id"":""oewn-study-v"",""written_form"":""study"",""source_pos"":""v""},{""lexical_entry_id"":""oewn-read-v"",""written_form"":""read"",""source_pos"":""v""},{""lexical_entry_id"":""oewn-take-v"",""written_form"":""take"",""source_pos"":""v""}]",unreviewed
59,take,59,oewn:2025:oewn-take__2.32.00..,oewn:oewn-take__2.32.00..,oewn-take__2.32.00..,oewn-00758121-v,i25476,oewn-take-v,take,v,v,verb,false,120859,26,false,verb.communication,"[{""text"":""take as an undesirable consequence of some event or state of affairs"",""source_sense_id"":null}]","[{""text"":""the accident claimed three lives"",""source"":null,""scope"":""synset""},{""text"":""The hard work took its toll on her"",""source"":null,""scope"":""synset""}]","[""taken"",""took""]","[{""value"":""teɪk"",""variety"":null,""notation"":null,""phonemic"":null,""audio"":null,""scope"":""lemma"",""form"":null}]","[{""lexical_entry_id"":""oewn-claim-v"",""written_form"":""claim"",""source_pos"":""v""},{""lexical_entry_id"":""oewn-take-v"",""written_form"":""take"",""source_pos"":""v""},{""lexical_entry_id"":""oewn-exact-v"",""written_form"":""exact"",""source_pos"":""v""}]",unreviewed
59,take,59,oewn:2025:oewn-take__2.38.05..,oewn:oewn-take__2.38.05..,oewn-take__2.38.05..,oewn-02080104-v,i32124,oewn-take-v,take,v,v,verb,false,120859,27,false,verb.motion,"[{""text"":""head into a specified direction"",""source_sense_id"":null}]","[{""text"":""The escaped convict took to the hills"",""source"":null,""scope"":""synset""},{""text"":""We made for the mountains"",""source"":null,""scope"":""synset""}]","[""taken"",""took""]","[{""value"":""teɪk"",""variety"":null,""notation"":null,""phonemic"":null,""audio"":null,""scope"":""lemma"",""form"":null}]","[{""lexical_entry_id"":""oewn-take-v"",""written_form"":""take"",""source_pos"":""v""},{""lexical_entry_id"":""oewn-make-v"",""written_form"":""make"",""source_pos"":""v""}]",unreviewed
59,take,59,oewn:2025:oewn-take__2.33.09..,oewn:oewn-take__2.33.09..,oewn-take__2.33.09..,oewn-01153576-v,i27379,oewn-take-v,take,v,v,verb,false,120859,28,false,verb.competition,"[{""text"":""point or cause to go (blows, weapons, or objects such as photographic equipment) towards"",""source_sense_id"":null}]","[{""text"":""Please don't aim at your little brother!"",""source"":null,""scope"":""synset""},{""text"":""He trained his gun on the burglar"",""source"":null,""scope"":""synset""},{""text"":""Don't train your camera on the women"",""source"":null,""scope"":""synset""},{""text"":""Take a swipe at one's opponent"",""source"":null,""scope"":""synset""}]","[""taken"",""took""]","[{""value"":""teɪk"",""variety"":null,""notation"":null,""phonemic"":null,""audio"":null,""scope"":""lemma"",""form"":null}]","[{""lexical_entry_id"":""oewn-aim-v"",""written_form"":""aim"",""source_pos"":""v""},{""lexical_entry_id"":""oewn-take-v"",""written_form"":""take"",""source_pos"":""v""},{""lexical_entry_id"":""oewn-train-v"",""written_form"":""train"",""source_pos"":""v""},{""lexical_entry_id"":""oewn-take_aim-v"",""written_form"":""take aim"",""source_pos"":""v""},{""lexical_entry_id"":""oewn-direct-v"",""written_form"":""direct"",""source_pos"":""v""}]",unreviewed
59,take,59,oewn:2025:oewn-take__2.30.09..,oewn:oewn-take__2.30.09..,oewn-take__2.30.09..,oewn-00558481-v,i24531,oewn-take-v,take,v,v,verb,false,120859,29,false,verb.change,"[{""text"":""be seized or affected in a specified way"",""source_sense_id"":null}]","[{""text"":""take sick"",""source"":null,""scope"":""synset""},{""text"":""be taken drunk"",""source"":null,""scope"":""synset""}]","[""taken"",""took""]","[{""value"":""teɪk"",""variety"":null,""notation"":null,""phonemic"":null,""audio"":null,""scope"":""lemma"",""form"":null}]","[{""lexical_entry_id"":""oewn-take-v"",""written_form"":""take"",""source_pos"":""v""}]",unreviewed
59,take,59,oewn:2025:oewn-take__2.42.10..,oewn:oewn-take__2.42.10..,oewn-take__2.42.10..,oewn-02722977-v,i35249,oewn-take-v,take,v,v,verb,false,120859,30,false,verb.stative,"[{""text"":""have with oneself; have on one's person"",""source_sense_id"":null}]","[{""text"":""She always takes an umbrella"",""source"":null,""scope"":""synset""},{""text"":""I always carry money"",""source"":null,""scope"":""synset""},{""text"":""She packs a gun when she goes into the mountains"",""source"":null,""scope"":""synset""}]","[""taken"",""took""]","[{""value"":""teɪk"",""variety"":null,""notation"":null,""phonemic"":null,""audio"":null,""scope"":""lemma"",""form"":null}]","[{""lexical_entry_id"":""oewn-carry-v"",""written_form"":""carry"",""source_pos"":""v""},{""lexical_entry_id"":""oewn-pack-v"",""written_form"":""pack"",""source_pos"":""v""},{""lexical_entry_id"":""oewn-take-v"",""written_form"":""take"",""source_pos"":""v""}]",unreviewed
59,take,59,oewn:2025:oewn-take__2.40.03..,oewn:oewn-take__2.40.03..,oewn-take__2.40.03..,oewn-02213319-v,i32793,oewn-take-v,take,v,v,verb,false,120859,31,false,verb.possession,"[{""text"":""engage for service under a term of contract"",""source_sense_id"":null}]","[{""text"":""We took an apartment on a quiet street"",""source"":null,""scope"":""synset""},{""text"":""Let's rent a car"",""source"":null,""scope"":""synset""},{""text"":""Shall we take a guide in Rome?"",""source"":null,""scope"":""synset""}]","[""taken"",""took""]","[{""value"":""teɪk"",""variety"":null,""notation"":null,""phonemic"":null,""audio"":null,""scope"":""lemma"",""form"":null}]","[{""lexical_entry_id"":""oewn-lease-v"",""written_form"":""lease"",""source_pos"":""v""},{""lexical_entry_id"":""oewn-rent-v"",""written_form"":""rent"",""source_pos"":""v""},{""lexical_entry_id"":""oewn-hire-v"",""written_form"":""hire"",""source_pos"":""v""},{""lexical_entry_id"":""oewn-charter-v"",""written_form"":""charter"",""source_pos"":""v""},{""lexical_entry_id"":""oewn-engage-v"",""written_form"":""engage"",""source_pos"":""v""},{""lexical_entry_id"":""oewn-take-v"",""written_form"":""take"",""source_pos"":""v""}]",unreviewed
59,take,59,oewn:2025:oewn-take__2.40.04..,oewn:oewn-take__2.40.04..,oewn-take__2.40.04..,oewn-02214527-v,i32797,oewn-take-v,take,v,v,verb,false,120859,32,false,verb.possession,"[{""text"":""receive or obtain regularly"",""source_sense_id"":null}]","[{""text"":""We take the Times every day"",""source"":null,""scope"":""synset""}]","[""taken"",""took""]","[{""value"":""teɪk"",""variety"":null,""notation"":null,""phonemic"":null,""audio"":null,""scope"":""lemma"",""form"":null}]","[{""lexical_entry_id"":""oewn-subscribe-v"",""written_form"":""subscribe"",""source_pos"":""v""},{""lexical_entry_id"":""oewn-subscribe_to-v"",""written_form"":""subscribe to"",""source_pos"":""v""},{""lexical_entry_id"":""oewn-take-v"",""written_form"":""take"",""source_pos"":""v""}]",unreviewed
59,take,59,oewn:2025:oewn-take__2.40.02..,oewn:oewn-take__2.40.02..,oewn-take__2.40.02..,oewn-02212900-v,i32790,oewn-take-v,take,v,v,verb,false,120859,33,false,verb.possession,"[{""text"":""buy, select"",""source_sense_id"":null}]","[{""text"":""I'll take a pound of that sausage"",""source"":null,""scope"":""synset""}]","[""taken"",""took""]","[{""value"":""teɪk"",""variety"":null,""notation"":null,""phonemic"":null,""audio"":null,""scope"":""lemma"",""form"":null}]","[{""lexical_entry_id"":""oewn-take-v"",""written_form"":""take"",""source_pos"":""v""}]",unreviewed
59,take,59,oewn:2025:oewn-take__2.40.08..,oewn:oewn-take__2.40.08..,oewn-take__2.40.08..,oewn-02205920-v,i32759,oewn-take-v,take,v,v,verb,false,120859,34,false,verb.possession,"[{""text"":""to get into a position of having, e.g., safety, comfort"",""source_sense_id"":null}]","[{""text"":""take shelter from the storm"",""source"":null,""scope"":""synset""}]","[""taken"",""took""]","[{""value"":""teɪk"",""variety"":null,""notation"":null,""phonemic"":null,""audio"":null,""scope"":""lemma"",""form"":null}]","[{""lexical_entry_id"":""oewn-take-v"",""written_form"":""take"",""source_pos"":""v""}]",unreviewed
59,take,59,oewn:2025:oewn-take__2.35.14..,oewn:oewn-take__2.35.14..,oewn-take__2.35.14..,oewn-01429760-v,i28864,oewn-take-v,take,v,v,verb,false,120859,35,false,verb.contact,"[{""text"":""have sex with; archaic use"",""source_sense_id"":null}]","[{""text"":""He had taken this woman when she was most vulnerable"",""source"":null,""scope"":""synset""}]","[""taken"",""took""]","[{""value"":""teɪk"",""variety"":null,""notation"":null,""phonemic"":null,""audio"":null,""scope"":""lemma"",""form"":null}]","[{""lexical_entry_id"":""oewn-take-v"",""written_form"":""take"",""source_pos"":""v""},{""lexical_entry_id"":""oewn-have-v"",""written_form"":""have"",""source_pos"":""v""}]",unreviewed
59,take,59,oewn:2025:oewn-take__2.32.09..,oewn:oewn-take__2.32.09..,oewn-take__2.32.09..,oewn-00760378-v,i25487,oewn-take-v,take,v,v,verb,false,120859,36,false,verb.communication,"[{""text"":""lay claim to; as of an idea"",""source_sense_id"":null}]","[{""text"":""She took credit for the whole idea"",""source"":null,""scope"":""synset""}]","[""taken"",""took""]","[{""value"":""teɪk"",""variety"":null,""notation"":null,""phonemic"":null,""audio"":null,""scope"":""lemma"",""form"":null}]","[{""lexical_entry_id"":""oewn-claim-v"",""written_form"":""claim"",""source_pos"":""v""},{""lexical_entry_id"":""oewn-take-v"",""written_form"":""take"",""source_pos"":""v""}]",unreviewed
59,take,59,oewn:2025:oewn-take__2.42.03..,oewn:oewn-take__2.42.03..,oewn-take__2.42.03..,oewn-02747421-v,i35378,oewn-take-v,take,v,v,verb,false,120859,37,false,verb.stative,"[{""text"":""be designed to hold or take"",""source_sense_id"":null}]","[{""text"":""This surface will not take the dye"",""source"":null,""scope"":""synset""}]","[""taken"",""took""]","[{""value"":""teɪk"",""variety"":null,""notation"":null,""phonemic"":null,""audio"":null,""scope"":""lemma"",""form"":null}]","[{""lexical_entry_id"":""oewn-accept-v"",""written_form"":""accept"",""source_pos"":""v""},{""lexical_entry_id"":""oewn-take-v"",""written_form"":""take"",""source_pos"":""v""}]",unreviewed
59,take,59,oewn:2025:oewn-take__2.42.15..,oewn:oewn-take__2.42.15..,oewn-take__2.42.15..,oewn-02707070-v,i35160,oewn-take-v,take,v,v,verb,false,120859,38,false,verb.stative,"[{""text"":""be capable of holding or containing"",""source_sense_id"":null}]","[{""text"":""This box won't take all the items"",""source"":null,""scope"":""synset""},{""text"":""The flask holds one gallon"",""source"":null,""scope"":""synset""}]","[""taken"",""took""]","[{""value"":""teɪk"",""variety"":null,""notation"":null,""phonemic"":null,""audio"":null,""scope"":""lemma"",""form"":null}]","[{""lexical_entry_id"":""oewn-contain-v"",""written_form"":""contain"",""source_pos"":""v""},{""lexical_entry_id"":""oewn-take-v"",""written_form"":""take"",""source_pos"":""v""},{""lexical_entry_id"":""oewn-hold-v"",""written_form"":""hold"",""source_pos"":""v""}]",unreviewed
59,take,59,oewn:2025:oewn-take__2.38.11..,oewn:oewn-take__2.38.11..,oewn-take__2.38.11..,oewn-01934453-v,i31372,oewn-take-v,take,v,v,verb,false,120859,39,false,verb.motion,"[{""text"":""proceed along in a vehicle"",""source_sense_id"":null}]","[{""text"":""We drive the turnpike to work"",""source"":null,""scope"":""synset""}]","[""taken"",""took""]","[{""value"":""teɪk"",""variety"":null,""notation"":null,""phonemic"":null,""audio"":null,""scope"":""lemma"",""form"":null}]","[{""lexical_entry_id"":""oewn-drive-v"",""written_form"":""drive"",""source_pos"":""v""},{""lexical_entry_id"":""oewn-take-v"",""written_form"":""take"",""source_pos"":""v""}]",unreviewed
59,take,59,oewn:2025:oewn-take__2.33.08..,oewn:oewn-take__2.33.08..,oewn-take__2.33.08..,oewn-01103241-v,i27095,oewn-take-v,take,v,v,verb,false,120859,40,false,verb.competition,"[{""text"":""obtain by winning"",""source_sense_id"":null}]","[{""text"":""Winner takes all"",""source"":null,""scope"":""synset""},{""text"":""He took first prize"",""source"":null,""scope"":""synset""}]","[""taken"",""took""]","[{""value"":""teɪk"",""variety"":null,""notation"":null,""phonemic"":null,""audio"":null,""scope"":""lemma"",""form"":null}]","[{""lexical_entry_id"":""oewn-take-v"",""written_form"":""take"",""source_pos"":""v""}]",unreviewed
59,take,59,oewn:2025:oewn-take__2.29.08..,oewn:oewn-take__2.29.08..,oewn-take__2.29.08..,oewn-00087488-v,i22208,oewn-take-v,take,v,v,verb,false,120859,41,false,verb.body,"[{""text"":""be stricken by an illness, fall victim to an illness"",""source_sense_id"":null}]","[{""text"":""He got AIDS"",""source"":null,""scope"":""synset""},{""text"":""She came down with pneumonia"",""source"":null,""scope"":""synset""},{""text"":""She took a chill"",""source"":null,""scope"":""synset""}]","[""taken"",""took""]","[{""value"":""teɪk"",""variety"":null,""notation"":null,""phonemic"":null,""audio"":null,""scope"":""lemma"",""form"":null}]","[{""lexical_entry_id"":""oewn-contract-v"",""written_form"":""contract"",""source_pos"":""v""},{""lexical_entry_id"":""oewn-take-v"",""written_form"":""take"",""source_pos"":""v""},{""lexical_entry_id"":""oewn-get-v"",""written_form"":""get"",""source_pos"":""v""}]",unreviewed
59,take,59,oewn:2025:oewn-take__2.41.16..,oewn:oewn-take__2.41.16..,oewn-take__2.41.16..,oewn-02606776-v,i34693,oewn-take-v,take,v,v,verb,false,120859,42,false,verb.social,"[{""text"":""develop a habit; apply oneself to a practice or occupation"",""source_sense_id"":null}]","[{""text"":""She took to drink"",""source"":null,""scope"":""synset""},{""text"":""Men take to the military trades"",""source"":null,""scope"":""synset""},{""text"":""He took to visiting bars"",""source"":null,""scope"":""synset""}]","[""taken"",""took""]","[{""value"":""teɪk"",""variety"":null,""notation"":null,""phonemic"":null,""audio"":null,""scope"":""lemma"",""form"":null}]","[{""lexical_entry_id"":""oewn-take_to-v"",""written_form"":""take to"",""source_pos"":""v""},{""lexical_entry_id"":""oewn-take-v"",""written_form"":""take"",""source_pos"":""v""}]",unreviewed
60,no,60,oewn:2025:oewn-no__3.00.00..,oewn:oewn-no__3.00.00..,oewn-no__3.00.00..,oewn-02276242-a,i12557,oewn-no-a,no,a,a,adjective,false,86895,1,false,adj.all,"[{""text"":""(quantifier) used with either mass nouns or plural count nouns for indicating a complete or almost complete lack or zero quantity of"",""source_sense_id"":null}]","[{""text"":""we have no bananas"",""source"":null,""scope"":""synset""},{""text"":""no eggs left and no money to buy any"",""source"":null,""scope"":""synset""},{""text"":""have you no decency?"",""source"":null,""scope"":""synset""},{""text"":""did it with no help"",""source"":null,""scope"":""synset""},{""text"":""I'll get you there in no time"",""source"":null,""scope"":""synset""}]",[],[],"[{""lexical_entry_id"":""oewn-no-a"",""written_form"":""no"",""source_pos"":""a""}]",unreviewed
60,no,60,oewn:2025:oewn-no__1.10.00..,oewn:oewn-no__1.10.00..,oewn-no__1.10.00..,oewn-07219764-n,i74519,oewn-no-n,no,n,n,noun,false,86908,1,false,noun.communication,"[{""text"":""a negative"",""source_sense_id"":null}]","[{""text"":""his no was loud and clear"",""source"":null,""scope"":""synset""}]","[""noes""]",[],"[{""lexical_entry_id"":""oewn-no-n"",""written_form"":""no"",""source_pos"":""n""}]",unreviewed
60,no,60,oewn:2025:oewn-no__4.02.02..,oewn:oewn-no__4.02.02..,oewn-no__4.02.02..,oewn-00051219-r,i18436,oewn-no-r,no,r,r,adverb,false,86913,1,false,adv.all,"[{""text"":""referring to the degree to which a certain quality is present"",""source_sense_id"":null}]","[{""text"":""he was no heavier than a child"",""source"":null,""scope"":""synset""}]",[],[],"[{""lexical_entry_id"":""oewn-no-r"",""written_form"":""no"",""source_pos"":""r""},{""lexical_entry_id"":""oewn-no_more-r"",""written_form"":""no more"",""source_pos"":""r""}]",unreviewed
60,no,60,oewn:2025:oewn-no__4.02.01..,oewn:oewn-no__4.02.01..,oewn-no__4.02.01..,oewn-00024946-r,i18284,oewn-no-r,no,r,r,adverb,false,86913,2,false,adv.all,"[{""text"":""not in any degree or manner; not at all"",""source_sense_id"":null}]","[{""text"":""he is no better today"",""source"":null,""scope"":""synset""}]",[],[],"[{""lexical_entry_id"":""oewn-no-r"",""written_form"":""no"",""source_pos"":""r""}]",unreviewed
60,no,60,oewn:2025:oewn-no__4.02.00..,oewn:oewn-no__4.02.00..,oewn-no__4.02.00..,oewn-00024715-r,i18282,oewn-no-r,no,r,r,adverb,false,86913,3,false,adv.all,"[{""text"":""used to express refusal or denial or disagreement etc. or especially to emphasize a negative statement"",""source_sense_id"":null}]","[{""text"":""no, you are wrong"",""source"":null,""scope"":""synset""}]",[],[],"[{""lexical_entry_id"":""oewn-no-r"",""written_form"":""no"",""source_pos"":""r""}]",unreviewed
61,well,61,oewn:2025:oewn-well__3.00.01..,oewn:oewn-well__3.00.01..,oewn-well__3.00.01..,oewn-02551348-a,i14097,oewn-well-a,well,a,a,adjective,false,133020,1,false,adj.all,"[{""text"":""in good health especially after having suffered illness or injury"",""source_sense_id"":null}]","[{""text"":""appears to be entirely well"",""source"":null,""scope"":""synset""},{""text"":""the wound is nearly well"",""source"":null,""scope"":""synset""},{""text"":""a well man"",""source"":null,""scope"":""synset""},{""text"":""I think I'm well; at least I feel well"",""source"":null,""scope"":""synset""}]","[""better""]",[],"[{""lexical_entry_id"":""oewn-well-a"",""written_form"":""well"",""source_pos"":""a""}]",unreviewed
61,well,61,oewn:2025:oewn-well__5.00.00.fortunate.00,oewn:oewn-well__5.00.00.fortunate.00,oewn-well__5.00.00.fortunate.00,oewn-01052461-s,i5741,oewn-well-a,well,a,s,adjective_satellite,true,133020,2,false,adj.all,"[{""text"":""resulting favorably"",""source_sense_id"":null}]","[{""text"":""it's a good thing that I wasn't there"",""source"":null,""scope"":""synset""},{""text"":""it is good that you stayed"",""source"":null,""scope"":""synset""},{""text"":""it is well that no one saw you"",""source"":null,""scope"":""synset""},{""text"":""all's well that ends well"",""source"":null,""scope"":""synset""}]","[""better""]",[],"[{""lexical_entry_id"":""oewn-good-a"",""written_form"":""good"",""source_pos"":""a""},{""lexical_entry_id"":""oewn-well-a"",""written_form"":""well"",""source_pos"":""a""}]",unreviewed
61,well,61,oewn:2025:oewn-well__5.00.00.advisable.00,oewn:oewn-well__5.00.00.advisable.00,oewn-well__5.00.00.advisable.00,oewn-00068247-s,i353,oewn-well-a,well,a,s,adjective_satellite,true,133020,3,false,adj.all,"[{""text"":""wise or advantageous and hence advisable"",""source_sense_id"":null}]","[{""text"":""it would be well to start early"",""source"":null,""scope"":""synset""}]","[""better""]",[],"[{""lexical_entry_id"":""oewn-well-a"",""written_form"":""well"",""source_pos"":""a""}]",unreviewed
61,well,61,oewn:2025:oewn-well__1.06.00..,oewn:oewn-well__1.06.00..,oewn-well__1.06.00..,oewn-04579630-n,i61077,oewn-well-n,well,n,n,noun,false,133063,1,false,noun.artifact,"[{""text"":""a deep hole or shaft dug or drilled to obtain water or oil or gas or brine"",""source_sense_id"":null}]",[],[],[],"[{""lexical_entry_id"":""oewn-well-n"",""written_form"":""well"",""source_pos"":""n""}]",unreviewed
61,well,61,oewn:2025:oewn-well__1.06.03..,oewn:oewn-well__1.06.03..,oewn-well__1.06.03..,oewn-04580221-n,i61080,oewn-well-n,well,n,n,noun,false,133063,2,false,noun.artifact,"[{""text"":""a cavity or vessel used to contain liquid"",""source_sense_id"":null}]",[],[],[],"[{""lexical_entry_id"":""oewn-well-n"",""written_form"":""well"",""source_pos"":""n""}]",unreviewed
61,well,61,oewn:2025:oewn-well__1.10.00..,oewn:oewn-well__1.10.00..,oewn-well__1.10.00..,oewn-06688724-n,i71567,oewn-well-n,well,n,n,noun,false,133063,3,false,noun.communication,"[{""text"":""an abundant source"",""source_sense_id"":null}]","[{""text"":""she was a well of information"",""source"":null,""scope"":""synset""}]",[],[],"[{""lexical_entry_id"":""oewn-well-n"",""written_form"":""well"",""source_pos"":""n""},{""lexical_entry_id"":""oewn-wellspring-n"",""written_form"":""wellspring"",""source_pos"":""n""},{""lexical_entry_id"":""oewn-fountainhead-n"",""written_form"":""fountainhead"",""source_pos"":""n""}]",unreviewed
61,well,61,oewn:2025:oewn-well__1.06.02..,oewn:oewn-well__1.06.02..,oewn-well__1.06.02..,oewn-04580086-n,i61079,oewn-well-n,well,n,n,noun,false,133063,4,false,noun.artifact,"[{""text"":""an open shaft through the floors of a building (as for a stairway)"",""source_sense_id"":null}]",[],[],[],"[{""lexical_entry_id"":""oewn-well-n"",""written_form"":""well"",""source_pos"":""n""}]",unreviewed
61,well,61,oewn:2025:oewn-well__1.06.01..,oewn:oewn-well__1.06.01..,oewn-well__1.06.01..,oewn-04579845-n,i61078,oewn-well-n,well,n,n,noun,false,133063,5,false,noun.artifact,"[{""text"":""an enclosed compartment in a ship or plane for holding something as e.g. fish or a plane's landing gear or for protecting something as e.g. a ship's pumps"",""source_sense_id"":null}]",[],[],[],"[{""lexical_entry_id"":""oewn-well-n"",""written_form"":""well"",""source_pos"":""n""}]",unreviewed
61,well,61,oewn:2025:oewn-well__4.02.00..,oewn:oewn-well__4.02.00..,oewn-well__4.02.00..,oewn-00011555-r,i18211,oewn-well-r,well,r,r,adverb,false,133071,1,false,adv.all,"[{""text"":""(often used as a combining form) in a good or proper or satisfactory manner or to a high standard (‘good’ is a nonstandard dialectal variant for ‘well’)"",""source_sense_id"":null}]","[{""text"":""the children behaved well"",""source"":null,""scope"":""synset""},{""text"":""a task well done"",""source"":null,""scope"":""synset""},{""text"":""the party went well"",""source"":null,""scope"":""synset""},{""text"":""he slept well"",""source"":null,""scope"":""synset""},{""text"":""a well-argued thesis"",""source"":null,""scope"":""synset""},{""text"":""a well-seasoned dish"",""source"":null,""scope"":""synset""},{""text"":""a well-planned party"",""source"":null,""scope"":""synset""},{""text"":""the baby can walk pretty good"",""source"":null,""scope"":""synset""}]","[""best"",""better""]",[],"[{""lexical_entry_id"":""oewn-well-r"",""written_form"":""well"",""source_pos"":""r""},{""lexical_entry_id"":""oewn-good-r"",""written_form"":""good"",""source_pos"":""r""}]",unreviewed
61,well,61,oewn:2025:oewn-well__4.02.05..,oewn:oewn-well__4.02.05..,oewn-well__4.02.05..,oewn-00013241-r,i18218,oewn-well-r,well,r,r,adverb,false,133071,2,false,adv.all,"[{""text"":""thoroughly or completely; fully; often used as a combining form"",""source_sense_id"":null}]","[{""text"":""The problem is well understood"",""source"":null,""scope"":""synset""},{""text"":""she was well informed"",""source"":null,""scope"":""synset""},{""text"":""shake well before using"",""source"":null,""scope"":""synset""},{""text"":""in order to avoid food poisoning, be sure the meat is well cooked"",""source"":null,""scope"":""synset""},{""text"":""well-done beef"",""source"":null,""scope"":""synset""},{""text"":""well-satisfied customers"",""source"":null,""scope"":""synset""},{""text"":""well-educated"",""source"":null,""scope"":""synset""}]","[""best"",""better""]",[],"[{""lexical_entry_id"":""oewn-well-r"",""written_form"":""well"",""source_pos"":""r""}]",unreviewed
61,well,61,oewn:2025:oewn-well__4.02.03..,oewn:oewn-well__4.02.03..,oewn-well__4.02.03..,oewn-00012993-r,i18217,oewn-well-r,well,r,r,adverb,false,133071,3,false,adv.all,"[{""text"":""indicating high probability; in all likelihood"",""source_sense_id"":null}]","[{""text"":""I might well do it"",""source"":null,""scope"":""synset""},{""text"":""a mistake that could easily have ended in disaster"",""source"":null,""scope"":""synset""},{""text"":""you may well need your umbrella"",""source"":null,""scope"":""synset""},{""text"":""he could equally well be trying to deceive us"",""source"":null,""scope"":""synset""}]","[""best"",""better""]",[],"[{""lexical_entry_id"":""oewn-well-r"",""written_form"":""well"",""source_pos"":""r""},{""lexical_entry_id"":""oewn-easily-r"",""written_form"":""easily"",""source_pos"":""r""}]",unreviewed
61,well,61,oewn:2025:oewn-well__4.02.15..,oewn:oewn-well__4.02.15..,oewn-well__4.02.15..,oewn-00015597-r,i18230,oewn-well-r,well,r,r,adverb,false,133071,4,false,adv.all,"[{""text"":""(used for emphasis or as an intensifier) entirely or fully"",""source_sense_id"":null}]","[{""text"":""a book well worth reading"",""source"":null,""scope"":""synset""},{""text"":""was well aware of the difficulties ahead"",""source"":null,""scope"":""synset""},{""text"":""suspected only too well what might be going on"",""source"":null,""scope"":""synset""}]","[""best"",""better""]",[],"[{""lexical_entry_id"":""oewn-well-r"",""written_form"":""well"",""source_pos"":""r""}]",unreviewed
61,well,61,oewn:2025:oewn-well__4.02.08..,oewn:oewn-well__4.02.08..,oewn-well__4.02.08..,oewn-00013891-r,i18221,oewn-well-r,well,r,r,adverb,false,133071,5,false,adv.all,"[{""text"":""to a suitable or appropriate extent or degree"",""source_sense_id"":null}]","[{""text"":""the project was well underway"",""source"":null,""scope"":""synset""},{""text"":""the fetus has well developed organs"",""source"":null,""scope"":""synset""},{""text"":""his father was well pleased with his grades"",""source"":null,""scope"":""synset""}]","[""best"",""better""]",[],"[{""lexical_entry_id"":""oewn-well-r"",""written_form"":""well"",""source_pos"":""r""}]",unreviewed
61,well,61,oewn:2025:oewn-well__4.02.07..,oewn:oewn-well__4.02.07..,oewn-well__4.02.07..,oewn-00013554-r,i18219,oewn-well-r,well,r,r,adverb,false,133071,6,false,adv.all,"[{""text"":""favorably; with approval"",""source_sense_id"":null}]","[{""text"":""their neighbors spoke well of them"",""source"":null,""scope"":""synset""},{""text"":""he thought well of the book"",""source"":null,""scope"":""synset""}]","[""best"",""better""]",[],"[{""lexical_entry_id"":""oewn-well-r"",""written_form"":""well"",""source_pos"":""r""}]",unreviewed
61,well,61,oewn:2025:oewn-well__4.02.11..,oewn:oewn-well__4.02.11..,oewn-well__4.02.11..,oewn-00014747-r,i18225,oewn-well-r,well,r,r,adverb,false,133071,7,false,adv.all,"[{""text"":""to a great extent or degree"",""source_sense_id"":null}]","[{""text"":""I'm afraid the film was well over budget"",""source"":null,""scope"":""synset""},{""text"":""painting the room white made it seem considerably (or substantially) larger"",""source"":null,""scope"":""synset""},{""text"":""the house has fallen considerably in value"",""source"":null,""scope"":""synset""},{""text"":""the price went up substantially"",""source"":null,""scope"":""synset""}]","[""best"",""better""]",[],"[{""lexical_entry_id"":""oewn-well-r"",""written_form"":""well"",""source_pos"":""r""},{""lexical_entry_id"":""oewn-considerably-r"",""written_form"":""considerably"",""source_pos"":""r""},{""lexical_entry_id"":""oewn-substantially-r"",""written_form"":""substantially"",""source_pos"":""r""}]",unreviewed
61,well,61,oewn:2025:oewn-well__4.02.14..,oewn:oewn-well__4.02.14..,oewn-well__4.02.14..,oewn-00015469-r,i18229,oewn-well-r,well,r,r,adverb,false,133071,8,false,adv.all,"[{""text"":""with great or especially intimate knowledge"",""source_sense_id"":null}]","[{""text"":""we knew them well"",""source"":null,""scope"":""synset""}]","[""best"",""better""]",[],"[{""lexical_entry_id"":""oewn-well-r"",""written_form"":""well"",""source_pos"":""r""},{""lexical_entry_id"":""oewn-intimately-r"",""written_form"":""intimately"",""source_pos"":""r""}]",unreviewed
61,well,61,oewn:2025:oewn-well__4.02.13..,oewn:oewn-well__4.02.13..,oewn-well__4.02.13..,oewn-00015344-r,i18228,oewn-well-r,well,r,r,adverb,false,133071,9,false,adv.all,"[{""text"":""with prudence or propriety"",""source_sense_id"":null}]","[{""text"":""You would do well to say nothing more"",""source"":null,""scope"":""synset""},{""text"":""could not well refuse"",""source"":null,""scope"":""synset""}]","[""best"",""better""]",[],"[{""lexical_entry_id"":""oewn-well-r"",""written_form"":""well"",""source_pos"":""r""}]",unreviewed
61,well,61,oewn:2025:oewn-well__4.02.12..,oewn:oewn-well__4.02.12..,oewn-well__4.02.12..,oewn-00015078-r,i18226,oewn-well-r,well,r,r,adverb,false,133071,10,false,adv.all,"[{""text"":""with skill or in a pleasing manner"",""source_sense_id"":null}]","[{""text"":""she dances well"",""source"":null,""scope"":""synset""},{""text"":""he writes well"",""source"":null,""scope"":""synset""}]","[""best"",""better""]",[],"[{""lexical_entry_id"":""oewn-well-r"",""written_form"":""well"",""source_pos"":""r""}]",unreviewed
61,well,61,oewn:2025:oewn-well__4.02.10..,oewn:oewn-well__4.02.10..,oewn-well__4.02.10..,oewn-00014255-r,i18223,oewn-well-r,well,r,r,adverb,false,133071,11,false,adv.all,"[{""text"":""in a manner affording benefit or advantage"",""source_sense_id"":null}]","[{""text"":""she married well"",""source"":null,""scope"":""synset""},{""text"":""The children were settled advantageously in Seattle"",""source"":null,""scope"":""synset""}]","[""best"",""better""]",[],"[{""lexical_entry_id"":""oewn-well-r"",""written_form"":""well"",""source_pos"":""r""},{""lexical_entry_id"":""oewn-advantageously-r"",""written_form"":""advantageously"",""source_pos"":""r""}]",unreviewed
61,well,61,oewn:2025:oewn-well__4.02.09..,oewn:oewn-well__4.02.09..,oewn-well__4.02.09..,oewn-00014088-r,i18222,oewn-well-r,well,r,r,adverb,false,133071,12,false,adv.all,"[{""text"":""in financial comfort"",""source_sense_id"":null}]","[{""text"":""They live well"",""source"":null,""scope"":""synset""},{""text"":""she has been able to live comfortably since her husband died"",""source"":null,""scope"":""synset""}]","[""best"",""better""]",[],"[{""lexical_entry_id"":""oewn-well-r"",""written_form"":""well"",""source_pos"":""r""},{""lexical_entry_id"":""oewn-comfortably-r"",""written_form"":""comfortably"",""source_pos"":""r""}]",unreviewed
61,well,61,oewn:2025:oewn-well__4.02.01..,oewn:oewn-well__4.02.01..,oewn-well__4.02.01..,oewn-00012591-r,i18215,oewn-well-r,well,r,r,adverb,false,133071,13,false,adv.all,"[{""text"":""without unusual distress or resentment; with good humor"",""source_sense_id"":null}]","[{""text"":""took the joke well"",""source"":null,""scope"":""synset""},{""text"":""took the tragic news well"",""source"":null,""scope"":""synset""}]","[""best"",""better""]",[],"[{""lexical_entry_id"":""oewn-well-r"",""written_form"":""well"",""source_pos"":""r""}]",unreviewed
61,well,61,oewn:2025:oewn-well__2.38.00..,oewn:oewn-well__2.38.00..,oewn-well__2.38.00..,oewn-01995218-v,i31694,oewn-well-v,well,v,v,verb,false,133084,1,false,verb.motion,"[{""text"":""come up, as of a liquid"",""source_sense_id"":null}]","[{""text"":""Tears well in her eyes"",""source"":null,""scope"":""synset""},{""text"":""the currents well up"",""source"":null,""scope"":""synset""}]",[],[],"[{""lexical_entry_id"":""oewn-well-v"",""written_form"":""well"",""source_pos"":""v""},{""lexical_entry_id"":""oewn-swell-v"",""written_form"":""swell"",""source_pos"":""v""}]",unreviewed
63,very,63,oewn:2025:oewn-very__5.00.00.precise.00,oewn:oewn-very__5.00.00.precise.00,oewn-very__5.00.00.precise.00,oewn-01845232-s,i10105,oewn-very-a,very,a,s,adjective_satellite,true,130934,1,false,adj.all,"[{""text"":""precisely as stated"",""source_sense_id"":null}]","[{""text"":""the very center of town"",""source"":null,""scope"":""synset""}]",[],"[{""value"":""ˈvɛɹi"",""variety"":null,""notation"":null,""phonemic"":null,""audio"":null,""scope"":""lemma"",""form"":null}]","[{""lexical_entry_id"":""oewn-very-a"",""written_form"":""very"",""source_pos"":""a""}]",unreviewed
63,very,63,oewn:2025:oewn-very__5.00.00.same.02,oewn:oewn-very__5.00.00.same.02,oewn-very__5.00.00.same.02,oewn-02076350-s,i11341,oewn-very-a,very,a,s,adjective_satellite,true,130934,2,false,adj.all,"[{""text"":""being the exact same one; not any other:"",""source_sense_id"":null}]","[{""text"":""this is the identical room we stayed in before"",""source"":null,""scope"":""synset""},{""text"":""saw the selfsame quotation in two newspapers"",""source"":null,""scope"":""synset""},{""text"":""on this very spot"",""source"":null,""scope"":""synset""},{""text"":""the very thing he said yesterday"",""source"":null,""scope"":""synset""},{""text"":""the very man I want to see"",""source"":null,""scope"":""synset""}]",[],"[{""value"":""ˈvɛɹi"",""variety"":null,""notation"":null,""phonemic"":null,""audio"":null,""scope"":""lemma"",""form"":null}]","[{""lexical_entry_id"":""oewn-identical-a"",""written_form"":""identical"",""source_pos"":""a""},{""lexical_entry_id"":""oewn-selfsame-a"",""written_form"":""selfsame"",""source_pos"":""a""},{""lexical_entry_id"":""oewn-very-a"",""written_form"":""very"",""source_pos"":""a""}]",unreviewed
63,very,63,oewn:2025:oewn-very__4.02.00..,oewn:oewn-very__4.02.00..,oewn-very__4.02.00..,oewn-00032295-r,i18320,oewn-very-r,very,r,r,adverb,false,130935,1,false,adv.all,"[{""text"":""used to give emphasis"",""source_sense_id"":null}]","[{""text"":""she was very gifted"",""source"":null,""scope"":""synset""},{""text"":""he played very well"",""source"":null,""scope"":""synset""},{""text"":""a really enjoyable evening"",""source"":null,""scope"":""synset""},{""text"":""I'm real sorry about it"",""source"":null,""scope"":""synset""},{""text"":""a rattling good yarn"",""source"":null,""scope"":""synset""},{""text"":""a most welcome relief"",""source"":null,""scope"":""synset""},{""text"":""there is precious little time left"",""source"":null,""scope"":""synset""}]",[],"[{""value"":""ˈvɛɹi"",""variety"":null,""notation"":null,""phonemic"":null,""audio"":null,""scope"":""lemma"",""form"":null}]","[{""lexical_entry_id"":""oewn-very-r"",""written_form"":""very"",""source_pos"":""r""},{""lexical_entry_id"":""oewn-really-r"",""written_form"":""really"",""source_pos"":""r""},{""lexical_entry_id"":""oewn-real-r"",""written_form"":""real"",""source_pos"":""r""},{""lexical_entry_id"":""oewn-rattling-r"",""written_form"":""rattling"",""source_pos"":""r""},{""lexical_entry_id"":""oewn-most-r"",""written_form"":""most"",""source_pos"":""r""},{""lexical_entry_id"":""oewn-precious-r"",""written_form"":""precious"",""source_pos"":""r""},{""lexical_entry_id"":""oewn-preciously-r"",""written_form"":""preciously"",""source_pos"":""r""}]",unreviewed
63,very,63,oewn:2025:oewn-very__4.02.01..,oewn:oewn-very__4.02.01..,oewn-very__4.02.01..,oewn-00513282-r,i21720,oewn-very-r,very,r,r,adverb,false,130935,2,false,adv.all,"[{""text"":""precisely so"",""source_sense_id"":null}]","[{""text"":""on the very next page"",""source"":null,""scope"":""synset""},{""text"":""he expected the very opposite"",""source"":null,""scope"":""synset""}]",[],"[{""value"":""ˈvɛɹi"",""variety"":null,""notation"":null,""phonemic"":null,""audio"":null,""scope"":""lemma"",""form"":null}]","[{""lexical_entry_id"":""oewn-very-r"",""written_form"":""very"",""source_pos"":""r""}]",unreviewed
64,just,64,oewn:2025:oewn-just__3.00.00..,oewn:oewn-just__3.00.00..,oewn-just__3.00.00..,oewn-01372590-a,i7462,oewn-just-a,just,a,a,adjective,false,73696,1,false,adj.all,"[{""text"":""used especially of what is legally or ethically right or proper or fitting"",""source_sense_id"":null}]","[{""text"":""a just and lasting peace"",""source"":""A.Lincoln"",""scope"":""synset""},{""text"":""a kind and just man"",""source"":null,""scope"":""synset""},{""text"":""a just reward"",""source"":null,""scope"":""synset""},{""text"":""his just inheritance"",""source"":null,""scope"":""synset""}]",[],[],"[{""lexical_entry_id"":""oewn-just-a"",""written_form"":""just"",""source_pos"":""a""}]",unreviewed
64,just,64,oewn:2025:oewn-just__3.00.02..,oewn:oewn-just__3.00.02..,oewn-just__3.00.02..,oewn-00961341-a,i5254,oewn-just-a,just,a,a,adjective,false,73696,2,false,adj.all,"[{""text"":""fair to all parties as dictated by reason and conscience"",""source_sense_id"":null}]","[{""text"":""equitable treatment of all citizens"",""source"":null,""scope"":""synset""},{""text"":""an equitable distribution of gifts among the children"",""source"":null,""scope"":""synset""}]",[],[],"[{""lexical_entry_id"":""oewn-equitable-a"",""written_form"":""equitable"",""source_pos"":""a""},{""lexical_entry_id"":""oewn-just-a"",""written_form"":""just"",""source_pos"":""a""}]",unreviewed
64,just,64,oewn:2025:oewn-just__3.00.04..,oewn:oewn-just__3.00.04..,oewn-just__3.00.04..,oewn-00959321-a,i5245,oewn-just-a,just,a,a,adjective,false,73696,3,false,adj.all,"[{""text"":""free from favoritism or self-interest or bias or deception; conforming with established standards or rules"",""source_sense_id"":null}]","[{""text"":""a fair referee"",""source"":null,""scope"":""synset""},{""text"":""fair deal"",""source"":null,""scope"":""synset""},{""text"":""on a fair footing"",""source"":null,""scope"":""synset""},{""text"":""a fair fight"",""source"":null,""scope"":""synset""},{""text"":""by fair means or foul"",""source"":null,""scope"":""synset""}]",[],[],"[{""lexical_entry_id"":""oewn-fair-a"",""written_form"":""fair"",""source_pos"":""a""},{""lexical_entry_id"":""oewn-just-a"",""written_form"":""just"",""source_pos"":""a""}]",unreviewed
64,just,64,oewn:2025:oewn-just__5.00.00.righteous.00,oewn:oewn-just__5.00.00.righteous.00,oewn-just__5.00.00.righteous.00,oewn-02044341-s,i11160,oewn-just-a,just,a,s,adjective_satellite,true,73696,4,false,adj.all,"[{""text"":""of moral excellence"",""source_sense_id"":null}]","[{""text"":""a genuinely good person"",""source"":null,""scope"":""synset""},{""text"":""a just cause"",""source"":null,""scope"":""synset""},{""text"":""an upright and respectable man"",""source"":null,""scope"":""synset""}]",[],[],"[{""lexical_entry_id"":""oewn-good-a"",""written_form"":""good"",""source_pos"":""a""},{""lexical_entry_id"":""oewn-just-a"",""written_form"":""just"",""source_pos"":""a""},{""lexical_entry_id"":""oewn-upright-a"",""written_form"":""upright"",""source_pos"":""a""}]",unreviewed
64,just,64,oewn:2025:oewn-just__4.02.00..,oewn:oewn-just__4.02.00..,oewn-just__4.02.00..,oewn-00005103-r,i18177,oewn-just-r,just,r,r,adverb,false,73698,1,false,adv.all,"[{""text"":""and nothing more"",""source_sense_id"":null}]","[{""text"":""I was merely asking"",""source"":null,""scope"":""synset""},{""text"":""it is simply a matter of time"",""source"":null,""scope"":""synset""},{""text"":""just a scratch"",""source"":null,""scope"":""synset""},{""text"":""he was only a child"",""source"":null,""scope"":""synset""},{""text"":""hopes that last but a moment"",""source"":null,""scope"":""synset""}]",[],[],"[{""lexical_entry_id"":""oewn-merely-r"",""written_form"":""merely"",""source_pos"":""r""},{""lexical_entry_id"":""oewn-simply-r"",""written_form"":""simply"",""source_pos"":""r""},{""lexical_entry_id"":""oewn-just-r"",""written_form"":""just"",""source_pos"":""r""},{""lexical_entry_id"":""oewn-only-r"",""written_form"":""only"",""source_pos"":""r""},{""lexical_entry_id"":""oewn-but-r"",""written_form"":""but"",""source_pos"":""r""}]",unreviewed
64,just,64,oewn:2025:oewn-just__4.02.05..,oewn:oewn-just__4.02.05..,oewn-just__4.02.05..,oewn-00159432-r,i19211,oewn-just-r,just,r,r,adverb,false,73698,2,false,adv.all,"[{""text"":""indicating exactness or preciseness"",""source_sense_id"":null}]","[{""text"":""he was doing precisely (or exactly) what she had told him to do"",""source"":null,""scope"":""synset""},{""text"":""it was just as he said — the jewel was gone"",""source"":null,""scope"":""synset""},{""text"":""it has just enough salt"",""source"":null,""scope"":""synset""},{""text"":""Properly speaking, all true work is religion."",""source"":""Thomas Carlyle"",""scope"":""synset""}]",[],[],"[{""lexical_entry_id"":""oewn-precisely-r"",""written_form"":""precisely"",""source_pos"":""r""},{""lexical_entry_id"":""oewn-exactly-r"",""written_form"":""exactly"",""source_pos"":""r""},{""lexical_entry_id"":""oewn-just-r"",""written_form"":""just"",""source_pos"":""r""},{""lexical_entry_id"":""oewn-properly-r"",""written_form"":""properly"",""source_pos"":""r""}]",unreviewed
64,just,64,oewn:2025:oewn-just__4.02.01..,oewn:oewn-just__4.02.01..,oewn-just__4.02.01..,oewn-00033695-r,i18330,oewn-just-r,just,r,r,adverb,false,73698,3,false,adv.all,"[{""text"":""only a moment ago"",""source_sense_id"":null}]","[{""text"":""he has just arrived"",""source"":null,""scope"":""synset""},{""text"":""the sun just now came out"",""source"":null,""scope"":""synset""}]",[],[],"[{""lexical_entry_id"":""oewn-just-r"",""written_form"":""just"",""source_pos"":""r""},{""lexical_entry_id"":""oewn-just_now-r"",""written_form"":""just now"",""source_pos"":""r""}]",unreviewed
64,just,64,oewn:2025:oewn-just__4.02.03..,oewn:oewn-just__4.02.03..,oewn-just__4.02.03..,oewn-00247755-r,i19839,oewn-just-r,just,r,r,adverb,false,73698,4,false,adv.all,"[{""text"":""(used for emphasis) absolutely"",""source_sense_id"":null}]","[{""text"":""I just can't take it anymore"",""source"":null,""scope"":""synset""},{""text"":""he was just grand as Romeo"",""source"":null,""scope"":""synset""},{""text"":""it's simply beautiful!"",""source"":null,""scope"":""synset""}]",[],[],"[{""lexical_entry_id"":""oewn-just-r"",""written_form"":""just"",""source_pos"":""r""},{""lexical_entry_id"":""oewn-simply-r"",""written_form"":""simply"",""source_pos"":""r""}]",unreviewed
64,just,64,oewn:2025:oewn-just__4.02.04..,oewn:oewn-just__4.02.04..,oewn-just__4.02.04..,oewn-00002669-r,i18163,oewn-just-r,just,r,r,adverb,false,73698,5,false,adv.all,"[{""text"":""only a very short time before"",""source_sense_id"":null}]","[{""text"":""we hardly knew them"",""source"":null,""scope"":""synset""},{""text"":""had scarcely rung the bell when the door flew open"",""source"":null,""scope"":""synset""},{""text"":""would have scarce arrived before she would have found some excuse to leave"",""source"":""W.B.Yeats"",""scope"":""synset""}]",[],[],"[{""lexical_entry_id"":""oewn-barely-r"",""written_form"":""barely"",""source_pos"":""r""},{""lexical_entry_id"":""oewn-hardly-r"",""written_form"":""hardly"",""source_pos"":""r""},{""lexical_entry_id"":""oewn-just-r"",""written_form"":""just"",""source_pos"":""r""},{""lexical_entry_id"":""oewn-scarcely-r"",""written_form"":""scarcely"",""source_pos"":""r""},{""lexical_entry_id"":""oewn-scarce-r"",""written_form"":""scarce"",""source_pos"":""r""}]",unreviewed
64,just,64,oewn:2025:oewn-just__4.02.07..,oewn:oewn-just__4.02.07..,oewn-just__4.02.07..,oewn-00301750-r,in,oewn-just-r,just,r,r,adverb,false,73698,6,false,adv.all,"[{""text"":""possibly (indicating a slight chance of something being true)"",""source_sense_id"":null}]","[{""text"":""it might just happen"",""source"":null,""scope"":""synset""}]",[],[],"[{""lexical_entry_id"":""oewn-just-r"",""written_form"":""just"",""source_pos"":""r""}]",unreviewed
64,just,64,oewn:2025:oewn-just__4.02.06..,oewn:oewn-just__4.02.06..,oewn-just__4.02.06..,oewn-00003175-r,i18164,oewn-just-r,just,r,r,adverb,false,73698,7,false,adv.all,"[{""text"":""exactly at this moment or the moment described"",""source_sense_id"":null}]","[{""text"":""we've just finished painting the walls, so don't touch them"",""source"":null,""scope"":""synset""}]",[],[],"[{""lexical_entry_id"":""oewn-just-r"",""written_form"":""just"",""source_pos"":""r""}]",unreviewed
64,just,64,oewn:2025:oewn-just__4.02.08..,oewn:oewn-just__4.02.08..,oewn-just__4.02.08..,oewn-00002935-r,in,oewn-just-r,just,r,r,adverb,false,73698,8,false,adv.all,"[{""text"":""by a little"",""source_sense_id"":null}]","[{""text"":""I only just caught the bus"",""source"":null,""scope"":""synset""},{""text"":""he finished the marathon in just under 3 hours"",""source"":null,""scope"":""synset""},{""text"":""it was barely 5 a.m."",""source"":null,""scope"":""synset""},{""text"":""the network has barely 5 percent of viewers"",""source"":null,""scope"":""synset""},{""text"":""the batter just missed being hit"",""source"":null,""scope"":""synset""}]",[],[],"[{""lexical_entry_id"":""oewn-barely-r"",""written_form"":""barely"",""source_pos"":""r""},{""lexical_entry_id"":""oewn-just-r"",""written_form"":""just"",""source_pos"":""r""}]",unreviewed
65,come,65,oewn:2025:oewn-come__1.08.00..,oewn:oewn-come__1.08.00..,oewn-come__1.08.00..,oewn-05411679-n,i65372,oewn-come-n,come,n,n,noun,false,39232,1,false,noun.body,"[{""text"":""the thick white fluid containing spermatozoa that is ejaculated by the male genital tract"",""source_sense_id"":null}]",[],[],"[{""value"":""kʌm"",""variety"":""GB"",""notation"":null,""phonemic"":null,""audio"":null,""scope"":""lemma"",""form"":null},{""value"":""kʌm"",""variety"":""US"",""notation"":null,""phonemic"":null,""audio"":null,""scope"":""lemma"",""form"":null}]","[{""lexical_entry_id"":""oewn-semen-n"",""written_form"":""semen"",""source_pos"":""n""},{""lexical_entry_id"":""oewn-seed-n"",""written_form"":""seed"",""source_pos"":""n""},{""lexical_entry_id"":""oewn-seminal_fluid-n"",""written_form"":""seminal fluid"",""source_pos"":""n""},{""lexical_entry_id"":""oewn-ejaculate-n"",""written_form"":""ejaculate"",""source_pos"":""n""},{""lexical_entry_id"":""oewn-cum-n"",""written_form"":""cum"",""source_pos"":""n""},{""lexical_entry_id"":""oewn-come-n"",""written_form"":""come"",""source_pos"":""n""}]",unreviewed
65,come,65,oewn:2025:oewn-come__2.38.00..,oewn:oewn-come__2.38.00..,oewn-come__2.38.00..,oewn-01853188-v,i30956,oewn-come-v,come,v,v,verb,false,39234,1,false,verb.motion,"[{""text"":""move toward, travel toward something or somebody or approach something or somebody"",""source_sense_id"":null}]","[{""text"":""He came singing down the road"",""source"":null,""scope"":""synset""},{""text"":""Come with me to the Casbah"",""source"":null,""scope"":""synset""},{""text"":""come down here!"",""source"":null,""scope"":""synset""},{""text"":""come out of the closet!"",""source"":null,""scope"":""synset""},{""text"":""come into the room"",""source"":null,""scope"":""synset""}]","[""came""]","[{""value"":""kʌm"",""variety"":""GB"",""notation"":null,""phonemic"":null,""audio"":null,""scope"":""lemma"",""form"":null},{""value"":""kʌm"",""variety"":""US"",""notation"":null,""phonemic"":null,""audio"":null,""scope"":""lemma"",""form"":null}]","[{""lexical_entry_id"":""oewn-come-v"",""written_form"":""come"",""source_pos"":""v""},{""lexical_entry_id"":""oewn-come_up-v"",""written_form"":""come up"",""source_pos"":""v""}]",unreviewed
65,come,65,oewn:2025:oewn-come__2.38.04..,oewn:oewn-come__2.38.04..,oewn-come__2.38.04..,oewn-02009962-v,i31766,oewn-come-v,come,v,v,verb,false,39234,2,false,verb.motion,"[{""text"":""reach a destination; arrive by movement or progress"",""source_sense_id"":null}]","[{""text"":""She arrived home at 7 o'clock"",""source"":null,""scope"":""synset""},{""text"":""She didn't get to Chicago until after midnight"",""source"":null,""scope"":""synset""}]","[""came""]","[{""value"":""kʌm"",""variety"":""GB"",""notation"":null,""phonemic"":null,""audio"":null,""scope"":""lemma"",""form"":null},{""value"":""kʌm"",""variety"":""US"",""notation"":null,""phonemic"":null,""audio"":null,""scope"":""lemma"",""form"":null}]","[{""lexical_entry_id"":""oewn-arrive-v"",""written_form"":""arrive"",""source_pos"":""v""},{""lexical_entry_id"":""oewn-get-v"",""written_form"":""get"",""source_pos"":""v""},{""lexical_entry_id"":""oewn-come-v"",""written_form"":""come"",""source_pos"":""v""}]",unreviewed
65,come,65,oewn:2025:oewn-come__2.30.01..,oewn:oewn-come__2.30.01..,oewn-come__2.30.01..,oewn-00342572-v,i23444,oewn-come-v,come,v,v,verb,false,39234,3,false,verb.change,"[{""text"":""come to pass; arrive, as in due course"",""source_sense_id"":null}]","[{""text"":""The first success came three days later"",""source"":null,""scope"":""synset""},{""text"":""It came as a shock"",""source"":null,""scope"":""synset""},{""text"":""Dawn comes early in June"",""source"":null,""scope"":""synset""}]","[""came""]","[{""value"":""kʌm"",""variety"":""GB"",""notation"":null,""phonemic"":null,""audio"":null,""scope"":""lemma"",""form"":null},{""value"":""kʌm"",""variety"":""US"",""notation"":null,""phonemic"":null,""audio"":null,""scope"":""lemma"",""form"":null}]","[{""lexical_entry_id"":""oewn-come-v"",""written_form"":""come"",""source_pos"":""v""}]",unreviewed
65,come,65,oewn:2025:oewn-come__2.30.03..,oewn:oewn-come__2.30.03..,oewn-come__2.30.03..,oewn-00543200-v,i24445,oewn-come-v,come,v,v,verb,false,39234,4,false,verb.change,"[{""text"":""reach or enter a state, relation, condition, use, or position"",""source_sense_id"":null}]","[{""text"":""The water came to a boil"",""source"":null,""scope"":""synset""},{""text"":""We came to understand the true meaning of life"",""source"":null,""scope"":""synset""},{""text"":""Their anger came to a boil"",""source"":null,""scope"":""synset""},{""text"":""I came to realize the true meaning of life"",""source"":null,""scope"":""synset""},{""text"":""The shoes came untied"",""source"":null,""scope"":""synset""},{""text"":""come into contact with a terrorist group"",""source"":null,""scope"":""synset""},{""text"":""his face went red"",""source"":null,""scope"":""synset""},{""text"":""your wish will come true"",""source"":null,""scope"":""synset""}]","[""came""]","[{""value"":""kʌm"",""variety"":""GB"",""notation"":null,""phonemic"":null,""audio"":null,""scope"":""lemma"",""form"":null},{""value"":""kʌm"",""variety"":""US"",""notation"":null,""phonemic"":null,""audio"":null,""scope"":""lemma"",""form"":null}]","[{""lexical_entry_id"":""oewn-come-v"",""written_form"":""come"",""source_pos"":""v""}]",unreviewed
65,come,65,oewn:2025:oewn-come__2.42.04..,oewn:oewn-come__2.42.04..,oewn-come__2.42.04..,oewn-02631420-v,i34798,oewn-come-v,come,v,v,verb,false,39234,5,false,verb.stative,"[{""text"":""to be the product or result"",""source_sense_id"":null}]","[{""text"":""Melons come from a vine"",""source"":null,""scope"":""synset""},{""text"":""Understanding comes from experience"",""source"":null,""scope"":""synset""}]","[""came""]","[{""value"":""kʌm"",""variety"":""GB"",""notation"":null,""phonemic"":null,""audio"":null,""scope"":""lemma"",""form"":null},{""value"":""kʌm"",""variety"":""US"",""notation"":null,""phonemic"":null,""audio"":null,""scope"":""lemma"",""form"":null}]","[{""lexical_entry_id"":""oewn-come-v"",""written_form"":""come"",""source_pos"":""v""},{""lexical_entry_id"":""oewn-follow-v"",""written_form"":""follow"",""source_pos"":""v""}]",unreviewed
65,come,65,oewn:2025:oewn-come__2.30.02..,oewn:oewn-come__2.30.02..,oewn-come__2.30.02..,oewn-00343467-v,i23449,oewn-come-v,come,v,v,verb,false,39234,6,false,verb.change,"[{""text"":""be found or available"",""source_sense_id"":null}]","[{""text"":""These shoes come in three colors"",""source"":null,""scope"":""synset""},{""text"":""The furniture comes unassembled"",""source"":null,""scope"":""synset""}]","[""came""]","[{""value"":""kʌm"",""variety"":""GB"",""notation"":null,""phonemic"":null,""audio"":null,""scope"":""lemma"",""form"":null},{""value"":""kʌm"",""variety"":""US"",""notation"":null,""phonemic"":null,""audio"":null,""scope"":""lemma"",""form"":null}]","[{""lexical_entry_id"":""oewn-come-v"",""written_form"":""come"",""source_pos"":""v""}]",unreviewed
65,come,65,oewn:2025:oewn-come__2.42.13..,oewn:oewn-come__2.42.13..,oewn-come__2.42.13..,oewn-02749796-v,i35392,oewn-come-v,come,v,v,verb,false,39234,7,false,verb.stative,"[{""text"":""come forth"",""source_sense_id"":null}]","[{""text"":""A scream came from the woman's mouth"",""source"":null,""scope"":""synset""},{""text"":""His breath came hard"",""source"":null,""scope"":""synset""}]","[""came""]","[{""value"":""kʌm"",""variety"":""GB"",""notation"":null,""phonemic"":null,""audio"":null,""scope"":""lemma"",""form"":null},{""value"":""kʌm"",""variety"":""US"",""notation"":null,""phonemic"":null,""audio"":null,""scope"":""lemma"",""form"":null}]","[{""lexical_entry_id"":""oewn-issue_forth-v"",""written_form"":""issue forth"",""source_pos"":""v""},{""lexical_entry_id"":""oewn-come-v"",""written_form"":""come"",""source_pos"":""v""}]",unreviewed
65,come,65,oewn:2025:oewn-come__2.42.09..,oewn:oewn-come__2.42.09..,oewn-come__2.42.09..,oewn-02749089-v,i35388,oewn-come-v,come,v,v,verb,false,39234,8,false,verb.stative,"[{""text"":""be a native of"",""source_sense_id"":null}]","[{""text"":""She hails from Kalamazoo"",""source"":null,""scope"":""synset""}]","[""came""]","[{""value"":""kʌm"",""variety"":""GB"",""notation"":null,""phonemic"":null,""audio"":null,""scope"":""lemma"",""form"":null},{""value"":""kʌm"",""variety"":""US"",""notation"":null,""phonemic"":null,""audio"":null,""scope"":""lemma"",""form"":null}]","[{""lexical_entry_id"":""oewn-hail-v"",""written_form"":""hail"",""source_pos"":""v""},{""lexical_entry_id"":""oewn-come-v"",""written_form"":""come"",""source_pos"":""v""}]",unreviewed
65,come,65,oewn:2025:oewn-come__2.42.03..,oewn:oewn-come__2.42.03..,oewn-come__2.42.03..,oewn-02692647-v,i35087,oewn-come-v,come,v,v,verb,false,39234,9,false,verb.stative,"[{""text"":""extend or reach"",""source_sense_id"":null}]","[{""text"":""The water came up to my waist"",""source"":null,""scope"":""synset""},{""text"":""The sleeves come to your knuckles"",""source"":null,""scope"":""synset""}]","[""came""]","[{""value"":""kʌm"",""variety"":""GB"",""notation"":null,""phonemic"":null,""audio"":null,""scope"":""lemma"",""form"":null},{""value"":""kʌm"",""variety"":""US"",""notation"":null,""phonemic"":null,""audio"":null,""scope"":""lemma"",""form"":null}]","[{""lexical_entry_id"":""oewn-come-v"",""written_form"":""come"",""source_pos"":""v""}]",unreviewed
65,come,65,oewn:2025:oewn-come__2.42.05..,oewn:oewn-come__2.42.05..,oewn-come__2.42.05..,oewn-02749440-v,i35390,oewn-come-v,come,v,v,verb,false,39234,10,false,verb.stative,"[{""text"":""exist or occur in a certain point in a series"",""source_sense_id"":null}]","[{""text"":""Next came the student from France"",""source"":null,""scope"":""synset""}]","[""came""]","[{""value"":""kʌm"",""variety"":""GB"",""notation"":null,""phonemic"":null,""audio"":null,""scope"":""lemma"",""form"":null},{""value"":""kʌm"",""variety"":""US"",""notation"":null,""phonemic"":null,""audio"":null,""scope"":""lemma"",""form"":null}]","[{""lexical_entry_id"":""oewn-come-v"",""written_form"":""come"",""source_pos"":""v""}]",unreviewed
65,come,65,oewn:2025:oewn-come__2.38.03..,oewn:oewn-come__2.38.03..,oewn-come__2.38.03..,oewn-01843632-v,i30906,oewn-come-v,come,v,v,verb,false,39234,11,false,verb.motion,"[{""text"":""cover a certain distance"",""source_sense_id"":null}]","[{""text"":""She came a long way"",""source"":null,""scope"":""synset""}]","[""came""]","[{""value"":""kʌm"",""variety"":""GB"",""notation"":null,""phonemic"":null,""audio"":null,""scope"":""lemma"",""form"":null},{""value"":""kʌm"",""variety"":""US"",""notation"":null,""phonemic"":null,""audio"":null,""scope"":""lemma"",""form"":null}]","[{""lexical_entry_id"":""oewn-come-v"",""written_form"":""come"",""source_pos"":""v""}]",unreviewed
65,come,65,oewn:2025:oewn-come__2.42.00..,oewn:oewn-come__2.42.00..,oewn-come__2.42.00..,oewn-02735838-v,i35314,oewn-come-v,come,v,v,verb,false,39234,12,false,verb.stative,"[{""text"":""come under, be classified or included"",""source_sense_id"":null}]","[{""text"":""fall into a category"",""source"":null,""scope"":""synset""},{""text"":""This comes under a new heading"",""source"":null,""scope"":""synset""}]","[""came""]","[{""value"":""kʌm"",""variety"":""GB"",""notation"":null,""phonemic"":null,""audio"":null,""scope"":""lemma"",""form"":null},{""value"":""kʌm"",""variety"":""US"",""notation"":null,""phonemic"":null,""audio"":null,""scope"":""lemma"",""form"":null}]","[{""lexical_entry_id"":""oewn-fall-v"",""written_form"":""fall"",""source_pos"":""v""},{""lexical_entry_id"":""oewn-come-v"",""written_form"":""come"",""source_pos"":""v""}]",unreviewed
65,come,65,oewn:2025:oewn-come__2.30.13..,oewn:oewn-come__2.30.13..,oewn-come__2.30.13..,oewn-00345540-v,i23460,oewn-come-v,come,v,v,verb,false,39234,13,false,verb.change,"[{""text"":""happen as a result"",""source_sense_id"":null}]","[{""text"":""Nothing good will come of this"",""source"":null,""scope"":""synset""}]","[""came""]","[{""value"":""kʌm"",""variety"":""GB"",""notation"":null,""phonemic"":null,""audio"":null,""scope"":""lemma"",""form"":null},{""value"":""kʌm"",""variety"":""US"",""notation"":null,""phonemic"":null,""audio"":null,""scope"":""lemma"",""form"":null}]","[{""lexical_entry_id"":""oewn-come-v"",""written_form"":""come"",""source_pos"":""v""}]",unreviewed
65,come,65,oewn:2025:oewn-come__2.42.12..,oewn:oewn-come__2.42.12..,oewn-come__2.42.12..,oewn-02651091-v,i34893,oewn-come-v,come,v,v,verb,false,39234,14,false,verb.stative,"[{""text"":""add up in number or quantity"",""source_sense_id"":null}]","[{""text"":""The bills amounted to $2,000"",""source"":null,""scope"":""synset""},{""text"":""The bill came to $2,000"",""source"":null,""scope"":""synset""}]","[""came""]","[{""value"":""kʌm"",""variety"":""GB"",""notation"":null,""phonemic"":null,""audio"":null,""scope"":""lemma"",""form"":null},{""value"":""kʌm"",""variety"":""US"",""notation"":null,""phonemic"":null,""audio"":null,""scope"":""lemma"",""form"":null}]","[{""lexical_entry_id"":""oewn-total-v"",""written_form"":""total"",""source_pos"":""v""},{""lexical_entry_id"":""oewn-number-v"",""written_form"":""number"",""source_pos"":""v""},{""lexical_entry_id"":""oewn-add_up-v"",""written_form"":""add up"",""source_pos"":""v""},{""lexical_entry_id"":""oewn-come-v"",""written_form"":""come"",""source_pos"":""v""},{""lexical_entry_id"":""oewn-amount-v"",""written_form"":""amount"",""source_pos"":""v""}]",unreviewed
65,come,65,oewn:2025:oewn-come__2.42.11..,oewn:oewn-come__2.42.11..,oewn-come__2.42.11..,oewn-02633444-v,i34809,oewn-come-v,come,v,v,verb,false,39234,15,false,verb.stative,"[{""text"":""to measure up to in kind or quality"",""source_sense_id"":null}]","[{""text"":""This idea will never amount to anything"",""source"":null,""scope"":""synset""},{""text"":""nothing came of his grandiose plans"",""source"":null,""scope"":""synset""}]","[""came""]","[{""value"":""kʌm"",""variety"":""GB"",""notation"":null,""phonemic"":null,""audio"":null,""scope"":""lemma"",""form"":null},{""value"":""kʌm"",""variety"":""US"",""notation"":null,""phonemic"":null,""audio"":null,""scope"":""lemma"",""form"":null}]","[{""lexical_entry_id"":""oewn-come-v"",""written_form"":""come"",""source_pos"":""v""},{""lexical_entry_id"":""oewn-add_up-v"",""written_form"":""add up"",""source_pos"":""v""},{""lexical_entry_id"":""oewn-amount-v"",""written_form"":""amount"",""source_pos"":""v""}]",unreviewed
65,come,65,oewn:2025:oewn-come__2.38.02..,oewn:oewn-come__2.38.02..,oewn-come__2.38.02..,oewn-02010723-v,i31769,oewn-come-v,come,v,v,verb,false,39234,16,false,verb.motion,"[{""text"":""be received"",""source_sense_id"":null}]","[{""text"":""News came in of the massacre in Rwanda"",""source"":null,""scope"":""synset""}]","[""came""]","[{""value"":""kʌm"",""variety"":""GB"",""notation"":null,""phonemic"":null,""audio"":null,""scope"":""lemma"",""form"":null},{""value"":""kʌm"",""variety"":""US"",""notation"":null,""phonemic"":null,""audio"":null,""scope"":""lemma"",""form"":null}]","[{""lexical_entry_id"":""oewn-come-v"",""written_form"":""come"",""source_pos"":""v""},{""lexical_entry_id"":""oewn-come_in-v"",""written_form"":""come in"",""source_pos"":""v""}]",unreviewed
65,come,65,oewn:2025:oewn-come__2.31.14..,oewn:oewn-come__2.31.14..,oewn-come__2.31.14..,oewn-00725311-v,i25317,oewn-come-v,come,v,v,verb,false,39234,17,false,verb.cognition,"[{""text"":""come to one's mind; suggest itself"",""source_sense_id"":null}]","[{""text"":""It occurred to me that we should hire another secretary"",""source"":null,""scope"":""synset""},{""text"":""A great idea then came to her"",""source"":null,""scope"":""synset""}]","[""came""]","[{""value"":""kʌm"",""variety"":""GB"",""notation"":null,""phonemic"":null,""audio"":null,""scope"":""lemma"",""form"":null},{""value"":""kʌm"",""variety"":""US"",""notation"":null,""phonemic"":null,""audio"":null,""scope"":""lemma"",""form"":null}]","[{""lexical_entry_id"":""oewn-occur-v"",""written_form"":""occur"",""source_pos"":""v""},{""lexical_entry_id"":""oewn-come-v"",""written_form"":""come"",""source_pos"":""v""}]",unreviewed
65,come,65,oewn:2025:oewn-come__2.42.15..,oewn:oewn-come__2.42.15..,oewn-come__2.42.15..,oewn-02743062-v,i35354,oewn-come-v,come,v,v,verb,false,39234,18,false,verb.stative,"[{""text"":""come from; be connected by a relationship of blood, for example"",""source_sense_id"":null}]","[{""text"":""She was descended from an old Italian noble family"",""source"":null,""scope"":""synset""},{""text"":""he comes from humble origins"",""source"":null,""scope"":""synset""}]","[""came""]","[{""value"":""kʌm"",""variety"":""GB"",""notation"":null,""phonemic"":null,""audio"":null,""scope"":""lemma"",""form"":null},{""value"":""kʌm"",""variety"":""US"",""notation"":null,""phonemic"":null,""audio"":null,""scope"":""lemma"",""form"":null}]","[{""lexical_entry_id"":""oewn-derive-v"",""written_form"":""derive"",""source_pos"":""v""},{""lexical_entry_id"":""oewn-come-v"",""written_form"":""come"",""source_pos"":""v""},{""lexical_entry_id"":""oewn-descend-v"",""written_form"":""descend"",""source_pos"":""v""}]",unreviewed
65,come,65,oewn:2025:oewn-come__2.42.02..,oewn:oewn-come__2.42.02..,oewn-come__2.42.02..,oewn-02623620-v,i34762,oewn-come-v,come,v,v,verb,false,39234,19,false,verb.stative,"[{""text"":""proceed or get along"",""source_sense_id"":null}]","[{""text"":""How is she doing in her new job?"",""source"":null,""scope"":""synset""},{""text"":""How are you making out in graduate school?"",""source"":null,""scope"":""synset""},{""text"":""He's come a long way"",""source"":null,""scope"":""synset""}]","[""came""]","[{""value"":""kʌm"",""variety"":""GB"",""notation"":null,""phonemic"":null,""audio"":null,""scope"":""lemma"",""form"":null},{""value"":""kʌm"",""variety"":""US"",""notation"":null,""phonemic"":null,""audio"":null,""scope"":""lemma"",""form"":null}]","[{""lexical_entry_id"":""oewn-do-v"",""written_form"":""do"",""source_pos"":""v""},{""lexical_entry_id"":""oewn-fare-v"",""written_form"":""fare"",""source_pos"":""v""},{""lexical_entry_id"":""oewn-make_out-v"",""written_form"":""make out"",""source_pos"":""v""},{""lexical_entry_id"":""oewn-come-v"",""written_form"":""come"",""source_pos"":""v""},{""lexical_entry_id"":""oewn-get_along-v"",""written_form"":""get along"",""source_pos"":""v""}]",unreviewed
65,come,65,oewn:2025:oewn-come__2.39.00..,oewn:oewn-come__2.39.00..,oewn-come__2.39.00..,oewn-02201874-v,i32742,oewn-come-v,come,v,v,verb,false,39234,20,false,verb.perception,"[{""text"":""experience orgasm"",""source_sense_id"":null}]","[{""text"":""she could not come because she was too upset"",""source"":null,""scope"":""synset""}]","[""came""]","[{""value"":""kʌm"",""variety"":""GB"",""notation"":null,""phonemic"":null,""audio"":null,""scope"":""lemma"",""form"":null},{""value"":""kʌm"",""variety"":""US"",""notation"":null,""phonemic"":null,""audio"":null,""scope"":""lemma"",""form"":null}]","[{""lexical_entry_id"":""oewn-come-v"",""written_form"":""come"",""source_pos"":""v""}]",unreviewed
65,come,65,oewn:2025:oewn-come__2.31.13..,oewn:oewn-come__2.31.13..,oewn-come__2.31.13..,oewn-00661655-v,i25025,oewn-come-v,come,v,v,verb,false,39234,21,false,verb.cognition,"[{""text"":""have a certain priority"",""source_sense_id"":null}]","[{""text"":""My family comes first"",""source"":null,""scope"":""synset""}]","[""came""]","[{""value"":""kʌm"",""variety"":""GB"",""notation"":null,""phonemic"":null,""audio"":null,""scope"":""lemma"",""form"":null},{""value"":""kʌm"",""variety"":""US"",""notation"":null,""phonemic"":null,""audio"":null,""scope"":""lemma"",""form"":null}]","[{""lexical_entry_id"":""oewn-come-v"",""written_form"":""come"",""source_pos"":""v""}]",unreviewed
67,work,67,oewn:2025:oewn-work__1.04.00..,oewn:oewn-work__1.04.00..,oewn-work__1.04.00..,oewn-00576778-n,i38422,oewn-work-n,work,n,n,noun,false,134829,1,false,noun.act,"[{""text"":""activity directed toward making or doing something"",""source_sense_id"":null}]","[{""text"":""she checked several points needing further work"",""source"":null,""scope"":""synset""}]",[],[],"[{""lexical_entry_id"":""oewn-work-n"",""written_form"":""work"",""source_pos"":""n""}]",unreviewed
67,work,67,oewn:2025:oewn-work__1.06.00..,oewn:oewn-work__1.06.00..,oewn-work__1.06.00..,oewn-04606723-n,i61245,oewn-work-n,work,n,n,noun,false,134829,2,false,noun.artifact,"[{""text"":""a product produced or accomplished through the effort or activity or agency of a person or thing"",""source_sense_id"":null}]","[{""text"":""it is not regarded as one of his more memorable works"",""source"":null,""scope"":""synset""},{""text"":""the symphony was hailed as an ingenious work"",""source"":null,""scope"":""synset""},{""text"":""he was indebted to the pioneering work of John Dewey"",""source"":null,""scope"":""synset""},{""text"":""the work of an active imagination"",""source"":null,""scope"":""synset""},{""text"":""erosion is the work of wind or water over time"",""source"":null,""scope"":""synset""}]",[],[],"[{""lexical_entry_id"":""oewn-work-n"",""written_form"":""work"",""source_pos"":""n""},{""lexical_entry_id"":""oewn-piece_of_work-n"",""written_form"":""piece of work"",""source_pos"":""n""}]",unreviewed
67,work,67,oewn:2025:oewn-work__1.04.01..,oewn:oewn-work__1.04.01..,oewn-work__1.04.01..,oewn-00585404-n,i38467,oewn-work-n,work,n,n,noun,false,134829,3,false,noun.act,"[{""text"":""the occupation for which you are paid"",""source_sense_id"":null}]","[{""text"":""he is looking for employment"",""source"":null,""scope"":""synset""},{""text"":""a lot of people are out of work"",""source"":null,""scope"":""synset""}]",[],[],"[{""lexical_entry_id"":""oewn-employment-n"",""written_form"":""employment"",""source_pos"":""n""},{""lexical_entry_id"":""oewn-work-n"",""written_form"":""work"",""source_pos"":""n""}]",unreviewed
67,work,67,oewn:2025:oewn-work__1.09.00..,oewn:oewn-work__1.09.00..,oewn-work__1.09.00..,oewn-05763880-n,i67148,oewn-work-n,work,n,n,noun,false,134829,4,false,noun.cognition,"[{""text"":""applying the mind to learning and understanding a subject (especially by reading)"",""source_sense_id"":null}]","[{""text"":""mastering a second language requires a lot of work"",""source"":null,""scope"":""synset""},{""text"":""no schools offer graduate study in interior design"",""source"":null,""scope"":""synset""}]",[],[],"[{""lexical_entry_id"":""oewn-study-n"",""written_form"":""study"",""source_pos"":""n""},{""lexical_entry_id"":""oewn-work-n"",""written_form"":""work"",""source_pos"":""n""}]",unreviewed
67,work,67,oewn:2025:oewn-work__1.19.00..,oewn:oewn-work__1.19.00..,oewn-work__1.19.00..,oewn-11473837-n,i97775,oewn-work-n,work,n,n,noun,false,134829,5,false,noun.phenomenon,"[{""text"":""(physics) a manifestation of energy; the transfer of energy from one physical system to another expressed as the product of a force and the distance through which it moves a body in the direction of that force"",""source_sense_id"":null}]","[{""text"":""work equals force times distance"",""source"":null,""scope"":""synset""}]",[],[],"[{""lexical_entry_id"":""oewn-work-n"",""written_form"":""work"",""source_pos"":""n""}]",unreviewed
67,work,67,oewn:2025:oewn-work__1.06.01..,oewn:oewn-work__1.06.01..,oewn-work__1.06.01..,oewn-04609402-n,i61259,oewn-work-n,work,n,n,noun,false,134829,6,false,noun.artifact,"[{""text"":""a place where work is done"",""source_sense_id"":null}]","[{""text"":""he arrived at work early today"",""source"":null,""scope"":""synset""}]",[],[],"[{""lexical_entry_id"":""oewn-workplace-n"",""written_form"":""workplace"",""source_pos"":""n""},{""lexical_entry_id"":""oewn-work-n"",""written_form"":""work"",""source_pos"":""n""}]",unreviewed
67,work,67,oewn:2025:oewn-work__1.06.02..,oewn:oewn-work__1.06.02..,oewn-work__1.06.02..,oewn-03846937-n,i56696,oewn-work-n,work,n,n,noun,false,134829,7,false,noun.artifact,"[{""text"":""the total output of a writer or artist (or a substantial part of it)"",""source_sense_id"":null}]","[{""text"":""he studied the entire Wagnerian oeuvre"",""source"":null,""scope"":""synset""},{""text"":""Picasso's work can be divided into periods"",""source"":null,""scope"":""synset""}]",[],[],"[{""lexical_entry_id"":""oewn-oeuvre-n"",""written_form"":""oeuvre"",""source_pos"":""n""},{""lexical_entry_id"":""oewn-work-n"",""written_form"":""work"",""source_pos"":""n""},{""lexical_entry_id"":""oewn-body_of_work-n"",""written_form"":""body of work"",""source_pos"":""n""}]",unreviewed
67,work,67,oewn:2025:oewn-work__2.41.02..,oewn:oewn-work__2.41.02..,oewn-work__2.41.02..,oewn-02418610-v,i33807,oewn-work-v,work,v,v,verb,false,134833,1,false,verb.social,"[{""text"":""exert oneself by doing mental or physical work for a purpose or out of necessity; work"",""source_sense_id"":null}]","[{""text"":""I will work hard to improve my grades"",""source"":null,""scope"":""synset""},{""text"":""she worked hard for better living conditions for the poor"",""source"":null,""scope"":""synset""}]","[""wrought""]",[],"[{""lexical_entry_id"":""oewn-work-v"",""written_form"":""work"",""source_pos"":""v""}]",unreviewed
67,work,67,oewn:2025:oewn-work__2.41.00..,oewn:oewn-work__2.41.00..,oewn-work__2.41.00..,oewn-02415985-v,i33794,oewn-work-v,work,v,v,verb,false,134833,2,false,verb.social,"[{""text"":""be employed"",""source_sense_id"":null}]","[{""text"":""Is your husband working again?"",""source"":null,""scope"":""synset""},{""text"":""My wife never worked"",""source"":null,""scope"":""synset""},{""text"":""Do you want to work after the age of 60?"",""source"":null,""scope"":""synset""},{""text"":""She never did any work because she inherited a lot of money"",""source"":null,""scope"":""synset""},{""text"":""She works as a waitress to put herself through college"",""source"":null,""scope"":""synset""}]","[""wrought""]",[],"[{""lexical_entry_id"":""oewn-work-v"",""written_form"":""work"",""source_pos"":""v""},{""lexical_entry_id"":""oewn-do_work-v"",""written_form"":""do work"",""source_pos"":""v""}]",unreviewed
67,work,67,oewn:2025:oewn-work__2.41.03..,oewn:oewn-work__2.41.03..,oewn-work__2.41.03..,oewn-02531113-v,i34335,oewn-work-v,work,v,v,verb,false,134833,3,false,verb.social,"[{""text"":""have an effect or outcome; often the one desired or expected"",""source_sense_id"":null}]","[{""text"":""The voting process doesn't work as well as people thought"",""source"":null,""scope"":""synset""},{""text"":""How does your idea work in practice?"",""source"":null,""scope"":""synset""},{""text"":""This method doesn't work"",""source"":null,""scope"":""synset""},{""text"":""The breaks of my new car act quickly"",""source"":null,""scope"":""synset""},{""text"":""The medicine works only if you take it with a lot of water"",""source"":null,""scope"":""synset""}]","[""wrought""]",[],"[{""lexical_entry_id"":""oewn-work-v"",""written_form"":""work"",""source_pos"":""v""},{""lexical_entry_id"":""oewn-act-v"",""written_form"":""act"",""source_pos"":""v""}]",unreviewed
67,work,67,oewn:2025:oewn-work__2.35.02..,oewn:oewn-work__2.35.02..,oewn-work__2.35.02..,oewn-01528454-v,i29358,oewn-work-v,work,v,v,verb,false,134833,4,false,verb.contact,"[{""text"":""perform as expected when applied"",""source_sense_id"":null}]","[{""text"":""The washing machine won't go unless it's plugged in"",""source"":null,""scope"":""synset""},{""text"":""Does this old car still run well?"",""source"":null,""scope"":""synset""},{""text"":""This old radio doesn't work anymore"",""source"":null,""scope"":""synset""}]","[""wrought""]",[],"[{""lexical_entry_id"":""oewn-function-v"",""written_form"":""function"",""source_pos"":""v""},{""lexical_entry_id"":""oewn-work-v"",""written_form"":""work"",""source_pos"":""v""},{""lexical_entry_id"":""oewn-operate-v"",""written_form"":""operate"",""source_pos"":""v""},{""lexical_entry_id"":""oewn-go-v"",""written_form"":""go"",""source_pos"":""v""},{""lexical_entry_id"":""oewn-run-v"",""written_form"":""run"",""source_pos"":""v""}]",unreviewed
67,work,67,oewn:2025:oewn-work__2.36.00..,oewn:oewn-work__2.36.00..,oewn-work__2.36.00..,oewn-01672498-v,i30079,oewn-work-v,work,v,v,verb,false,134833,5,false,verb.creation,"[{""text"":""shape, form, or improve a material"",""source_sense_id"":null}]","[{""text"":""work stone into tools"",""source"":null,""scope"":""synset""},{""text"":""process iron"",""source"":null,""scope"":""synset""},{""text"":""work the metal"",""source"":null,""scope"":""synset""}]","[""wrought""]",[],"[{""lexical_entry_id"":""oewn-work-v"",""written_form"":""work"",""source_pos"":""v""},{""lexical_entry_id"":""oewn-work_on-v"",""written_form"":""work on"",""source_pos"":""v""},{""lexical_entry_id"":""oewn-process-v-1"",""written_form"":""process"",""source_pos"":""v""}]",unreviewed
67,work,67,oewn:2025:oewn-work__2.29.00..,oewn:oewn-work__2.29.00..,oewn-work__2.29.00..,oewn-00100305-v,i22276,oewn-work-v,work,v,v,verb,false,134833,6,false,verb.body,"[{""text"":""give a workout to"",""source_sense_id"":null}]","[{""text"":""Some parents exercise their infants"",""source"":null,""scope"":""synset""},{""text"":""My personal trainer works me hard"",""source"":null,""scope"":""synset""},{""text"":""work one's muscles"",""source"":null,""scope"":""synset""},{""text"":""this puzzle will exercise your mind"",""source"":null,""scope"":""synset""}]","[""wrought""]",[],"[{""lexical_entry_id"":""oewn-exercise-v"",""written_form"":""exercise"",""source_pos"":""v""},{""lexical_entry_id"":""oewn-work-v"",""written_form"":""work"",""source_pos"":""v""},{""lexical_entry_id"":""oewn-work_out-v"",""written_form"":""work out"",""source_pos"":""v""}]",unreviewed
67,work,67,oewn:2025:oewn-work__2.38.00..,oewn:oewn-work__2.38.00..,oewn-work__2.38.00..,oewn-02054955-v,i31998,oewn-work-v,work,v,v,verb,false,134833,7,false,verb.motion,"[{""text"":""proceed along a path"",""source_sense_id"":null}]","[{""text"":""work one's way through the crowd"",""source"":null,""scope"":""synset""},{""text"":""make one's way into the forest"",""source"":null,""scope"":""synset""}]","[""wrought""]",[],"[{""lexical_entry_id"":""oewn-make-v"",""written_form"":""make"",""source_pos"":""v""},{""lexical_entry_id"":""oewn-work-v"",""written_form"":""work"",""source_pos"":""v""}]",unreviewed
67,work,67,oewn:2025:oewn-work__2.41.04..,oewn:oewn-work__2.41.04..,oewn-work__2.41.04..,oewn-02600976-v,i34660,oewn-work-v,work,v,v,verb,false,134833,8,false,verb.social,"[{""text"":""operate in a certain place, area, or specialty"",""source_sense_id"":null}]","[{""text"":""She works the night clubs"",""source"":null,""scope"":""synset""},{""text"":""The salesman works the Midwest"",""source"":null,""scope"":""synset""},{""text"":""This artist works mostly in acrylics"",""source"":null,""scope"":""synset""}]","[""wrought""]",[],"[{""lexical_entry_id"":""oewn-work-v"",""written_form"":""work"",""source_pos"":""v""}]",unreviewed
67,work,67,oewn:2025:oewn-work__2.41.05..,oewn:oewn-work__2.41.05..,oewn-work__2.41.05..,oewn-02378106-v,i33622,oewn-work-v,work,v,v,verb,false,134833,9,false,verb.social,"[{""text"":""proceed towards a goal or along a path or through an activity"",""source_sense_id"":null}]","[{""text"":""work your way through every problem or task"",""source"":null,""scope"":""synset""},{""text"":""She was working on her second martini when the guests arrived"",""source"":null,""scope"":""synset""},{""text"":""Start from the bottom and work towards the top"",""source"":null,""scope"":""synset""}]","[""wrought""]",[],"[{""lexical_entry_id"":""oewn-work-v"",""written_form"":""work"",""source_pos"":""v""}]",unreviewed
67,work,67,oewn:2025:oewn-work__2.38.02..,oewn:oewn-work__2.38.02..,oewn-work__2.38.02..,oewn-01856435-v,i30961,oewn-work-v,work,v,v,verb,false,134833,10,false,verb.motion,"[{""text"":""move in an agitated manner"",""source_sense_id"":null}]","[{""text"":""His fingers worked with tension"",""source"":null,""scope"":""synset""}]","[""wrought""]",[],"[{""lexical_entry_id"":""oewn-work-v"",""written_form"":""work"",""source_pos"":""v""}]",unreviewed
67,work,67,oewn:2025:oewn-work__2.36.01..,oewn:oewn-work__2.36.01..,oewn-work__2.36.01..,oewn-01632781-v,i29902,oewn-work-v,work,v,v,verb,false,134833,11,false,verb.creation,"[{""text"":""cause to happen or to occur as a consequence"",""source_sense_id"":null}]","[{""text"":""I cannot work a miracle"",""source"":null,""scope"":""synset""},{""text"":""wreak havoc"",""source"":null,""scope"":""synset""},{""text"":""bring comments"",""source"":null,""scope"":""synset""},{""text"":""play a joke"",""source"":null,""scope"":""synset""},{""text"":""The rain brought relief to the drought-stricken area"",""source"":null,""scope"":""synset""}]","[""wrought""]",[],"[{""lexical_entry_id"":""oewn-bring-v"",""written_form"":""bring"",""source_pos"":""v""},{""lexical_entry_id"":""oewn-work-v"",""written_form"":""work"",""source_pos"":""v""},{""lexical_entry_id"":""oewn-play-v"",""written_form"":""play"",""source_pos"":""v""},{""lexical_entry_id"":""oewn-wreak-v"",""written_form"":""wreak"",""source_pos"":""v""},{""lexical_entry_id"":""oewn-make_for-v"",""written_form"":""make for"",""source_pos"":""v""}]",unreviewed
67,work,67,oewn:2025:oewn-work__2.41.01..,oewn:oewn-work__2.41.01..,oewn-work__2.41.01..,oewn-02413117-v,i33782,oewn-work-v,work,v,v,verb,false,134833,12,false,verb.social,"[{""text"":""cause to work"",""source_sense_id"":null}]","[{""text"":""he is working his servants hard"",""source"":null,""scope"":""synset""}]","[""wrought""]",[],"[{""lexical_entry_id"":""oewn-work-v"",""written_form"":""work"",""source_pos"":""v""},{""lexical_entry_id"":""oewn-put_to_work-v"",""written_form"":""put to work"",""source_pos"":""v""}]",unreviewed
67,work,67,oewn:2025:oewn-work__2.36.09..,oewn:oewn-work__2.36.09..,oewn-work__2.36.09..,oewn-01745327-v,i30442,oewn-work-v,work,v,v,verb,false,134833,13,false,verb.creation,"[{""text"":""prepare for crops"",""source_sense_id"":null}]","[{""text"":""Work the soil"",""source"":null,""scope"":""synset""},{""text"":""cultivate the land"",""source"":null,""scope"":""synset""}]","[""wrought""]",[],"[{""lexical_entry_id"":""oewn-cultivate-v"",""written_form"":""cultivate"",""source_pos"":""v""},{""lexical_entry_id"":""oewn-crop-v"",""written_form"":""crop"",""source_pos"":""v""},{""lexical_entry_id"":""oewn-work-v"",""written_form"":""work"",""source_pos"":""v""}]",unreviewed
67,work,67,oewn:2025:oewn-work__2.42.10..,oewn:oewn-work__2.42.10..,oewn-work__2.42.10..,oewn-02757146-v,i35432,oewn-work-v,work,v,v,verb,false,134833,14,false,verb.stative,"[{""text"":""behave in a certain way when handled"",""source_sense_id"":null}]","[{""text"":""This dough does not work easily"",""source"":null,""scope"":""synset""},{""text"":""The soft metal works well"",""source"":null,""scope"":""synset""}]","[""wrought""]",[],"[{""lexical_entry_id"":""oewn-work-v"",""written_form"":""work"",""source_pos"":""v""}]",unreviewed
67,work,67,oewn:2025:oewn-work__2.41.10..,oewn:oewn-work__2.41.10..,oewn-work__2.41.10..,oewn-02542223-v,i34385,oewn-work-v,work,v,v,verb,false,134833,15,false,verb.social,"[{""text"":""have and exert influence or effect"",""source_sense_id"":null}]","[{""text"":""The artist's work influenced the young painter"",""source"":null,""scope"":""synset""},{""text"":""She worked on her friends to support the political candidate"",""source"":null,""scope"":""synset""}]","[""wrought""]",[],"[{""lexical_entry_id"":""oewn-influence-v"",""written_form"":""influence"",""source_pos"":""v""},{""lexical_entry_id"":""oewn-act_upon-v"",""written_form"":""act upon"",""source_pos"":""v""},{""lexical_entry_id"":""oewn-work-v"",""written_form"":""work"",""source_pos"":""v""}]",unreviewed
67,work,67,oewn:2025:oewn-work__2.41.11..,oewn:oewn-work__2.41.11..,oewn-work__2.41.11..,oewn-02449024-v,i33944,oewn-work-v,work,v,v,verb,false,134833,16,false,verb.social,"[{""text"":""operate in or through"",""source_sense_id"":null}]","[{""text"":""Work the phones"",""source"":null,""scope"":""synset""}]","[""wrought""]",[],"[{""lexical_entry_id"":""oewn-work-v"",""written_form"":""work"",""source_pos"":""v""}]",unreviewed
67,work,67,oewn:2025:oewn-work__2.41.12..,oewn:oewn-work__2.41.12..,oewn-work__2.41.12..,oewn-02441810-v,i33909,oewn-work-v,work,v,v,verb,false,134833,17,false,verb.social,"[{""text"":""cause to operate or function"",""source_sense_id"":null}]","[{""text"":""This pilot works the controls"",""source"":null,""scope"":""synset""},{""text"":""Can you work an electric drill?"",""source"":null,""scope"":""synset""}]","[""wrought""]",[],"[{""lexical_entry_id"":""oewn-work-v"",""written_form"":""work"",""source_pos"":""v""}]",unreviewed
67,work,67,oewn:2025:oewn-work__2.39.10..,oewn:oewn-work__2.39.10..,oewn-work__2.39.10..,oewn-02121463-v,i32341,oewn-work-v,work,v,v,verb,false,134833,18,false,verb.perception,"[{""text"":""provoke or excite"",""source_sense_id"":null}]","[{""text"":""The rock musician worked the crowd of young girls into a frenzy"",""source"":null,""scope"":""synset""}]","[""wrought""]",[],"[{""lexical_entry_id"":""oewn-work-v"",""written_form"":""work"",""source_pos"":""v""}]",unreviewed
67,work,67,oewn:2025:oewn-work__2.37.10..,oewn:oewn-work__2.37.10..,oewn-work__2.37.10..,oewn-01821541-v,i30812,oewn-work-v,work,v,v,verb,false,134833,19,false,verb.emotion,"[{""text"":""gratify and charm, usually in order to influence"",""source_sense_id"":null}]","[{""text"":""the political candidate worked the crowds"",""source"":null,""scope"":""synset""}]","[""wrought""]",[],"[{""lexical_entry_id"":""oewn-work-v"",""written_form"":""work"",""source_pos"":""v""}]",unreviewed
67,work,67,oewn:2025:oewn-work__2.36.12..,oewn:oewn-work__2.36.12..,oewn-work__2.36.12..,oewn-01663142-v,i30030,oewn-work-v,work,v,v,verb,false,134833,20,false,verb.creation,"[{""text"":""make something, usually for a specific function"",""source_sense_id"":null}]","[{""text"":""She molded the rice balls carefully"",""source"":null,""scope"":""synset""},{""text"":""Form cylinders from the dough"",""source"":null,""scope"":""synset""},{""text"":""shape a figure"",""source"":null,""scope"":""synset""},{""text"":""Work the metal into a sword"",""source"":null,""scope"":""synset""}]","[""wrought""]",[],"[{""lexical_entry_id"":""oewn-shape-v"",""written_form"":""shape"",""source_pos"":""v""},{""lexical_entry_id"":""oewn-form-v"",""written_form"":""form"",""source_pos"":""v""},{""lexical_entry_id"":""oewn-work-v"",""written_form"":""work"",""source_pos"":""v""},{""lexical_entry_id"":""oewn-mold-v"",""written_form"":""mold"",""source_pos"":""v""},{""lexical_entry_id"":""oewn-mould-v"",""written_form"":""mould"",""source_pos"":""v""},{""lexical_entry_id"":""oewn-forge-v"",""written_form"":""forge"",""source_pos"":""v""}]",unreviewed
67,work,67,oewn:2025:oewn-work__2.35.14..,oewn:oewn-work__2.35.14..,oewn-work__2.35.14..,oewn-01544013-v,i29438,oewn-work-v,work,v,v,verb,false,134833,21,false,verb.contact,"[{""text"":""move into or onto"",""source_sense_id"":null}]","[{""text"":""work the raisins into the dough"",""source"":null,""scope"":""synset""},{""text"":""the student worked a few jokes into his presentation"",""source"":null,""scope"":""synset""},{""text"":""work the body onto the flatbed truck"",""source"":null,""scope"":""synset""}]","[""wrought""]",[],"[{""lexical_entry_id"":""oewn-work-v"",""written_form"":""work"",""source_pos"":""v""}]",unreviewed
67,work,67,oewn:2025:oewn-work__2.35.00..,oewn:oewn-work__2.35.00..,oewn-work__2.35.00..,oewn-01237919-v,i27803,oewn-work-v,work,v,v,verb,false,134833,22,false,verb.contact,"[{""text"":""to mix into a homogeneous mass"",""source_sense_id"":null}]","[{""text"":""knead dough"",""source"":null,""scope"":""synset""},{""text"":""work the clay until it is soft"",""source"":null,""scope"":""synset""}]","[""wrought""]",[],"[{""lexical_entry_id"":""oewn-knead-v"",""written_form"":""knead"",""source_pos"":""v""},{""lexical_entry_id"":""oewn-work-v"",""written_form"":""work"",""source_pos"":""v""}]",unreviewed
67,work,67,oewn:2025:oewn-work__2.34.10..,oewn:oewn-work__2.34.10..,oewn-work__2.34.10..,oewn-01165070-v,i27433,oewn-work-v,work,v,v,verb,false,134833,23,false,verb.consumption,"[{""text"":""use or manipulate to one's advantage"",""source_sense_id"":null}]","[{""text"":""He exploited the new taxation system"",""source"":null,""scope"":""synset""},{""text"":""She knows how to work the system"",""source"":null,""scope"":""synset""},{""text"":""he works his parents for sympathy"",""source"":null,""scope"":""synset""}]","[""wrought""]",[],"[{""lexical_entry_id"":""oewn-exploit-v"",""written_form"":""exploit"",""source_pos"":""v""},{""lexical_entry_id"":""oewn-work-v"",""written_form"":""work"",""source_pos"":""v""}]",unreviewed
67,work,67,oewn:2025:oewn-work__2.31.13..,oewn:oewn-work__2.31.13..,oewn-work__2.31.13..,oewn-00636568-v,i24914,oewn-work-v,work,v,v,verb,false,134833,24,false,verb.cognition,"[{""text"":""find the solution to (a problem or question) or understand the meaning of"",""source_sense_id"":null}]","[{""text"":""did you solve the problem?"",""source"":null,""scope"":""synset""},{""text"":""Work out your problems with the boss"",""source"":null,""scope"":""synset""},{""text"":""this unpleasant situation isn't going to work itself out"",""source"":null,""scope"":""synset""},{""text"":""did you figure it out?"",""source"":null,""scope"":""synset""},{""text"":""Did you puzzle out my meaning?"",""source"":null,""scope"":""synset""},{""text"":""He could not work the math problem"",""source"":null,""scope"":""synset""}]","[""wrought""]",[],"[{""lexical_entry_id"":""oewn-solve-v"",""written_form"":""solve"",""source_pos"":""v""},{""lexical_entry_id"":""oewn-work_out-v"",""written_form"":""work out"",""source_pos"":""v""},{""lexical_entry_id"":""oewn-figure_out-v"",""written_form"":""figure out"",""source_pos"":""v""},{""lexical_entry_id"":""oewn-puzzle_out-v"",""written_form"":""puzzle out"",""source_pos"":""v""},{""lexical_entry_id"":""oewn-lick-v"",""written_form"":""lick"",""source_pos"":""v""},{""lexical_entry_id"":""oewn-work-v"",""written_form"":""work"",""source_pos"":""v""}]",unreviewed
67,work,67,oewn:2025:oewn-work__2.30.14..,oewn:oewn-work__2.30.14..,oewn-work__2.30.14..,oewn-00459709-v,i24014,oewn-work-v,work,v,v,verb,false,134833,25,false,verb.change,"[{""text"":""cause to undergo fermentation"",""source_sense_id"":null}]","[{""text"":""We ferment the grapes for a very long time to achieve high alcohol content"",""source"":null,""scope"":""synset""},{""text"":""The vintner worked the wine in big oak vats"",""source"":null,""scope"":""synset""}]","[""wrought""]",[],"[{""lexical_entry_id"":""oewn-ferment-v"",""written_form"":""ferment"",""source_pos"":""v""},{""lexical_entry_id"":""oewn-work-v"",""written_form"":""work"",""source_pos"":""v""}]",unreviewed
67,work,67,oewn:2025:oewn-work__2.30.13..,oewn:oewn-work__2.30.13..,oewn-work__2.30.13..,oewn-00459426-v,i24013,oewn-work-v,work,v,v,verb,false,134833,26,false,verb.change,"[{""text"":""go sour or spoil"",""source_sense_id"":null}]","[{""text"":""The milk has soured"",""source"":null,""scope"":""synset""},{""text"":""The wine worked"",""source"":null,""scope"":""synset""},{""text"":""The cream has turned — we have to throw it out"",""source"":null,""scope"":""synset""}]","[""wrought""]",[],"[{""lexical_entry_id"":""oewn-sour-v"",""written_form"":""sour"",""source_pos"":""v""},{""lexical_entry_id"":""oewn-turn-v"",""written_form"":""turn"",""source_pos"":""v""},{""lexical_entry_id"":""oewn-ferment-v"",""written_form"":""ferment"",""source_pos"":""v""},{""lexical_entry_id"":""oewn-work-v"",""written_form"":""work"",""source_pos"":""v""}]",unreviewed
67,work,67,oewn:2025:oewn-work__2.30.10..,oewn:oewn-work__2.30.10..,oewn-work__2.30.10..,oewn-00149916-v,i22461,oewn-work-v,work,v,v,verb,false,134833,27,false,verb.change,"[{""text"":""arrive at a certain condition through repeated motion"",""source_sense_id"":null}]","[{""text"":""The stitches of the hem worked loose after she wore the skirt many times"",""source"":null,""scope"":""synset""}]","[""wrought""]",[],"[{""lexical_entry_id"":""oewn-work-v"",""written_form"":""work"",""source_pos"":""v""}]",unreviewed
68,use,68,oewn:2025:oewn-use__1.04.00..,oewn:oewn-use__1.04.00..,oewn-use__1.04.00..,oewn-00948944-n,i40384,oewn-use-n,use,n,n,noun,false,129864,1,false,noun.act,"[{""text"":""the act of using"",""source_sense_id"":null}]","[{""text"":""he warned against the use of narcotic drugs"",""source"":null,""scope"":""synset""},{""text"":""skilled in the utilization of computers"",""source"":null,""scope"":""synset""}]",[],"[{""value"":""juːs"",""variety"":null,""notation"":null,""phonemic"":null,""audio"":null,""scope"":""lemma"",""form"":null}]","[{""lexical_entry_id"":""oewn-use-n"",""written_form"":""use"",""source_pos"":""n""},{""lexical_entry_id"":""oewn-usage-n"",""written_form"":""usage"",""source_pos"":""n""},{""lexical_entry_id"":""oewn-utilization-n"",""written_form"":""utilization"",""source_pos"":""n""},{""lexical_entry_id"":""oewn-utilisation-n"",""written_form"":""utilisation"",""source_pos"":""n""},{""lexical_entry_id"":""oewn-employment-n"",""written_form"":""employment"",""source_pos"":""n""},{""lexical_entry_id"":""oewn-exercise-n"",""written_form"":""exercise"",""source_pos"":""n""}]",unreviewed
68,use,68,oewn:2025:oewn-use__1.07.00..,oewn:oewn-use__1.07.00..,oewn-use__1.07.00..,oewn-05156572-n,i64041,oewn-use-n,use,n,n,noun,false,129864,2,false,noun.attribute,"[{""text"":""what something is used for"",""source_sense_id"":null}]","[{""text"":""the function of an auger is to bore holes"",""source"":null,""scope"":""synset""},{""text"":""ballet is beautiful but what use is it?"",""source"":null,""scope"":""synset""}]",[],"[{""value"":""juːs"",""variety"":null,""notation"":null,""phonemic"":null,""audio"":null,""scope"":""lemma"",""form"":null}]","[{""lexical_entry_id"":""oewn-function-n"",""written_form"":""function"",""source_pos"":""n""},{""lexical_entry_id"":""oewn-purpose-n"",""written_form"":""purpose"",""source_pos"":""n""},{""lexical_entry_id"":""oewn-role-n"",""written_form"":""role"",""source_pos"":""n""},{""lexical_entry_id"":""oewn-use-n"",""written_form"":""use"",""source_pos"":""n""}]",unreviewed
68,use,68,oewn:2025:oewn-use__1.07.02..,oewn:oewn-use__1.07.02..,oewn-use__1.07.02..,oewn-05157225-n,i64045,oewn-use-n,use,n,n,noun,false,129864,3,false,noun.attribute,"[{""text"":""a particular service"",""source_sense_id"":null}]","[{""text"":""he put his knowledge to good use"",""source"":null,""scope"":""synset""},{""text"":""patrons have their uses"",""source"":null,""scope"":""synset""}]",[],"[{""value"":""juːs"",""variety"":null,""notation"":null,""phonemic"":null,""audio"":null,""scope"":""lemma"",""form"":null}]","[{""lexical_entry_id"":""oewn-use-n"",""written_form"":""use"",""source_pos"":""n""}]",unreviewed
68,use,68,oewn:2025:oewn-use__1.22.00..,oewn:oewn-use__1.22.00..,oewn-use__1.22.00..,oewn-13472977-n,i107433,oewn-use-n,use,n,n,noun,false,129864,4,false,noun.process,"[{""text"":""(economics) the utilization of economic goods to satisfy needs or in manufacturing"",""source_sense_id"":null}]","[{""text"":""the consumption of energy has increased steadily"",""source"":null,""scope"":""synset""}]",[],"[{""value"":""juːs"",""variety"":null,""notation"":null,""phonemic"":null,""audio"":null,""scope"":""lemma"",""form"":null}]","[{""lexical_entry_id"":""oewn-consumption-n"",""written_form"":""consumption"",""source_pos"":""n""},{""lexical_entry_id"":""oewn-economic_consumption-n"",""written_form"":""economic consumption"",""source_pos"":""n""},{""lexical_entry_id"":""oewn-usance-n"",""written_form"":""usance"",""source_pos"":""n""},{""lexical_entry_id"":""oewn-use-n"",""written_form"":""use"",""source_pos"":""n""},{""lexical_entry_id"":""oewn-use_of_goods_and_services-n"",""written_form"":""use of goods and services"",""source_pos"":""n""}]",unreviewed
68,use,68,oewn:2025:oewn-use__1.04.01..,oewn:oewn-use__1.04.01..,oewn-use__1.04.01..,oewn-00415192-n,i37579,oewn-use-n,use,n,n,noun,false,129864,5,false,noun.act,"[{""text"":""(psychology) an automatic pattern of behavior in reaction to a specific situation; may be inherited or acquired through frequent repetition"",""source_sense_id"":null}]","[{""text"":""owls have nocturnal habits"",""source"":null,""scope"":""synset""},{""text"":""she had a habit twirling the ends of her hair"",""source"":null,""scope"":""synset""},{""text"":""long use had hardened him to it"",""source"":null,""scope"":""synset""}]",[],"[{""value"":""juːs"",""variety"":null,""notation"":null,""phonemic"":null,""audio"":null,""scope"":""lemma"",""form"":null}]","[{""lexical_entry_id"":""oewn-habit-n"",""written_form"":""habit"",""source_pos"":""n""},{""lexical_entry_id"":""oewn-use-n"",""written_form"":""use"",""source_pos"":""n""}]",unreviewed
68,use,68,oewn:2025:oewn-use__1.04.02..,oewn:oewn-use__1.04.02..,oewn-use__1.04.02..,oewn-00159005-n,i36244,oewn-use-n,use,n,n,noun,false,129864,6,false,noun.act,"[{""text"":""exerting shrewd or devious influence especially for one's own advantage"",""source_sense_id"":null}]","[{""text"":""his manipulation of his friends was scandalous"",""source"":null,""scope"":""synset""}]",[],"[{""value"":""juːs"",""variety"":null,""notation"":null,""phonemic"":null,""audio"":null,""scope"":""lemma"",""form"":null}]","[{""lexical_entry_id"":""oewn-manipulation-n"",""written_form"":""manipulation"",""source_pos"":""n""},{""lexical_entry_id"":""oewn-use-n"",""written_form"":""use"",""source_pos"":""n""}]",unreviewed
68,use,68,oewn:2025:oewn-use__1.07.03..,oewn:oewn-use__1.07.03..,oewn-use__1.07.03..,oewn-05197374-n,i64250,oewn-use-n,use,n,n,noun,false,129864,7,false,noun.attribute,"[{""text"":""(law) the exercise of the legal right to enjoy the benefits of owning property"",""source_sense_id"":null}]","[{""text"":""we were given the use of his boat"",""source"":null,""scope"":""synset""}]",[],"[{""value"":""juːs"",""variety"":null,""notation"":null,""phonemic"":null,""audio"":null,""scope"":""lemma"",""form"":null}]","[{""lexical_entry_id"":""oewn-use-n"",""written_form"":""use"",""source_pos"":""n""},{""lexical_entry_id"":""oewn-enjoyment-n"",""written_form"":""enjoyment"",""source_pos"":""n""}]",unreviewed
68,use,68,oewn:2025:oewn-use__2.34.01..,oewn:oewn-use__2.34.01..,oewn-use__2.34.01..,oewn-01161188-v,i27417,oewn-use-v,use,v,v,verb,false,129865,1,false,verb.consumption,"[{""text"":""put into service; make work or employ for a particular purpose or for its inherent or natural purpose"",""source_sense_id"":null}]","[{""text"":""use your head!"",""source"":null,""scope"":""synset""},{""text"":""we only use Spanish at home"",""source"":null,""scope"":""synset""},{""text"":""I can't use this tool"",""source"":null,""scope"":""synset""},{""text"":""Apply a magnetic field here"",""source"":null,""scope"":""synset""},{""text"":""This thinking was applied to many projects"",""source"":null,""scope"":""synset""},{""text"":""How do you utilize this tool?"",""source"":null,""scope"":""synset""},{""text"":""I apply this rule to get good results"",""source"":null,""scope"":""synset""},{""text"":""use the plastic bags to store the food"",""source"":null,""scope"":""synset""},{""text"":""He doesn't know how to use a computer"",""source"":null,""scope"":""synset""}]",[],"[{""value"":""juːs"",""variety"":null,""notation"":null,""phonemic"":null,""audio"":null,""scope"":""lemma"",""form"":null}]","[{""lexical_entry_id"":""oewn-use-v"",""written_form"":""use"",""source_pos"":""v""},{""lexical_entry_id"":""oewn-utilize-v"",""written_form"":""utilize"",""source_pos"":""v""},{""lexical_entry_id"":""oewn-utilise-v"",""written_form"":""utilise"",""source_pos"":""v""},{""lexical_entry_id"":""oewn-apply-v"",""written_form"":""apply"",""source_pos"":""v""},{""lexical_entry_id"":""oewn-employ-v"",""written_form"":""employ"",""source_pos"":""v""}]",unreviewed
68,use,68,oewn:2025:oewn-use__2.34.02..,oewn:oewn-use__2.34.02..,oewn-use__2.34.02..,oewn-01167359-v,i27444,oewn-use-v,use,v,v,verb,false,129865,2,false,verb.consumption,"[{""text"":""take or consume (regularly or habitually)"",""source_sense_id"":null}]","[{""text"":""She uses drugs rarely"",""source"":null,""scope"":""synset""}]",[],"[{""value"":""juːs"",""variety"":null,""notation"":null,""phonemic"":null,""audio"":null,""scope"":""lemma"",""form"":null}]","[{""lexical_entry_id"":""oewn-use-v"",""written_form"":""use"",""source_pos"":""v""},{""lexical_entry_id"":""oewn-habituate-v"",""written_form"":""habituate"",""source_pos"":""v""}]",unreviewed
68,use,68,oewn:2025:oewn-use__2.41.14..,oewn:oewn-use__2.41.14..,oewn-use__2.41.14..,oewn-02606487-v,i34692,oewn-use-v,use,v,v,verb,false,129865,3,false,verb.social,"[{""text"":""seek or achieve an end by using to one's advantage"",""source_sense_id"":null}]","[{""text"":""She uses her influential friends to get jobs"",""source"":null,""scope"":""synset""},{""text"":""The president's wife used her good connections"",""source"":null,""scope"":""synset""}]",[],"[{""value"":""juːs"",""variety"":null,""notation"":null,""phonemic"":null,""audio"":null,""scope"":""lemma"",""form"":null}]","[{""lexical_entry_id"":""oewn-use-v"",""written_form"":""use"",""source_pos"":""v""}]",unreviewed
68,use,68,oewn:2025:oewn-use__2.41.04..,oewn:oewn-use__2.41.04..,oewn-use__2.41.04..,oewn-02567247-v,i34497,oewn-use-v,use,v,v,verb,false,129865,4,false,verb.social,"[{""text"":""avail oneself to"",""source_sense_id"":null}]","[{""text"":""apply a principle"",""source"":null,""scope"":""synset""},{""text"":""practice a religion"",""source"":null,""scope"":""synset""},{""text"":""use care when going down the stairs"",""source"":null,""scope"":""synset""},{""text"":""use your common sense"",""source"":null,""scope"":""synset""},{""text"":""practice non-violent resistance"",""source"":null,""scope"":""synset""}]",[],"[{""value"":""juːs"",""variety"":null,""notation"":null,""phonemic"":null,""audio"":null,""scope"":""lemma"",""form"":null}]","[{""lexical_entry_id"":""oewn-practice-v"",""written_form"":""practice"",""source_pos"":""v""},{""lexical_entry_id"":""oewn-apply-v"",""written_form"":""apply"",""source_pos"":""v""},{""lexical_entry_id"":""oewn-use-v"",""written_form"":""use"",""source_pos"":""v""}]",unreviewed
68,use,68,oewn:2025:oewn-use__2.41.03..,oewn:oewn-use__2.41.03..,oewn-use__2.41.03..,oewn-02375130-v,i33609,oewn-use-v,use,v,v,verb,false,129865,5,false,verb.social,"[{""text"":""habitually do something or be in a certain state or place (use only in the past tense)"",""source_sense_id"":null}]","[{""text"":""She used to call her mother every week but now she calls only occasionally"",""source"":null,""scope"":""synset""},{""text"":""I used to get sick when I ate in that dining hall"",""source"":null,""scope"":""synset""},{""text"":""They used to vacation in the Bahamas"",""source"":null,""scope"":""synset""},{""text"":""she used to be his best friend and now they are enemies"",""source"":null,""scope"":""synset""}]",[],"[{""value"":""juːs"",""variety"":null,""notation"":null,""phonemic"":null,""audio"":null,""scope"":""lemma"",""form"":null}]","[{""lexical_entry_id"":""oewn-use-v"",""written_form"":""use"",""source_pos"":""v""}]",unreviewed
68,use,68,oewn:2025:oewn-use__2.34.15..,oewn:oewn-use__2.34.15..,oewn-use__2.34.15..,oewn-01159815-v,i27412,oewn-use-v,use,v,v,verb,false,129865,6,false,verb.consumption,"[{""text"":""use up (resources or materials)"",""source_sense_id"":null}]","[{""text"":""this car consumes a lot of gas"",""source"":null,""scope"":""synset""},{""text"":""We exhausted our savings"",""source"":null,""scope"":""synset""},{""text"":""They run through 20 bottles of wine a week"",""source"":null,""scope"":""synset""}]",[],"[{""value"":""juːs"",""variety"":null,""notation"":null,""phonemic"":null,""audio"":null,""scope"":""lemma"",""form"":null}]","[{""lexical_entry_id"":""oewn-consume-v"",""written_form"":""consume"",""source_pos"":""v""},{""lexical_entry_id"":""oewn-eat_up-v"",""written_form"":""eat up"",""source_pos"":""v""},{""lexical_entry_id"":""oewn-use_up-v"",""written_form"":""use up"",""source_pos"":""v""},{""lexical_entry_id"":""oewn-eat-v"",""written_form"":""eat"",""source_pos"":""v""},{""lexical_entry_id"":""oewn-deplete-v"",""written_form"":""deplete"",""source_pos"":""v""},{""lexical_entry_id"":""oewn-exhaust-v"",""written_form"":""exhaust"",""source_pos"":""v""},{""lexical_entry_id"":""oewn-run_through-v"",""written_form"":""run through"",""source_pos"":""v""},{""lexical_entry_id"":""oewn-wipe_out-v"",""written_form"":""wipe out"",""source_pos"":""v""},{""lexical_entry_id"":""oewn-use-v"",""written_form"":""use"",""source_pos"":""v""},{""lexical_entry_id"":""oewn-expend-v"",""written_form"":""expend"",""source_pos"":""v""}]",unreviewed
70,now,70,oewn:2025:oewn-now__1.28.00..,oewn:oewn-now__1.28.00..,oewn-now__1.28.00..,oewn-15144861-n,i116653,oewn-now-n,now,n,n,noun,false,87813,1,false,noun.time,"[{""text"":""the momentary present"",""source_sense_id"":null}]","[{""text"":""Now is a good time to do it"",""source"":null,""scope"":""synset""},{""text"":""it worked up to right now"",""source"":null,""scope"":""synset""}]",[],[],"[{""lexical_entry_id"":""oewn-now-n"",""written_form"":""now"",""source_pos"":""n""}]",unreviewed
70,now,70,oewn:2025:oewn-now__4.02.05..,oewn:oewn-now__4.02.05..,oewn-now__4.02.05..,oewn-00049971-r,i18427,oewn-now-r,now,r,r,adverb,false,87814,1,false,adv.all,"[{""text"":""in the historical present; at this point in the narration of a series of past events"",""source_sense_id"":null}]","[{""text"":""President Kennedy now calls in the National Guard"",""source"":null,""scope"":""synset""},{""text"":""Washington now decides to cross the Delaware"",""source"":null,""scope"":""synset""},{""text"":""the ship is now listing to port"",""source"":null,""scope"":""synset""}]",[],[],"[{""lexical_entry_id"":""oewn-now-r"",""written_form"":""now"",""source_pos"":""r""}]",unreviewed
70,now,70,oewn:2025:oewn-now__4.02.00..,oewn:oewn-now__4.02.00..,oewn-now__4.02.00..,oewn-00049013-r,i18423,oewn-now-r,now,r,r,adverb,false,87814,2,false,adv.all,"[{""text"":""in these times"",""source_sense_id"":null}]","[{""text"":""it is solely by their language that the upper classes nowadays are distinguished"",""source"":""Nancy Mitford"",""scope"":""synset""},{""text"":""we now rarely see horse-drawn vehicles on city streets"",""source"":null,""scope"":""synset""},{""text"":""today almost every home has television"",""source"":null,""scope"":""synset""}]",[],[],"[{""lexical_entry_id"":""oewn-nowadays-r"",""written_form"":""nowadays"",""source_pos"":""r""},{""lexical_entry_id"":""oewn-now-r"",""written_form"":""now"",""source_pos"":""r""},{""lexical_entry_id"":""oewn-today-r"",""written_form"":""today"",""source_pos"":""r""}]",unreviewed
70,now,70,oewn:2025:oewn-now__4.02.02..,oewn:oewn-now__4.02.02..,oewn-now__4.02.02..,oewn-00049640-r,i18425,oewn-now-r,now,r,r,adverb,false,87814,3,false,adv.all,"[{""text"":""used to preface a command or reproof or request"",""source_sense_id"":null}]","[{""text"":""now hear this!"",""source"":null,""scope"":""synset""},{""text"":""now pay attention"",""source"":null,""scope"":""synset""}]",[],[],"[{""lexical_entry_id"":""oewn-now-r"",""written_form"":""now"",""source_pos"":""r""}]",unreviewed
70,now,70,oewn:2025:oewn-now__4.02.04..,oewn:oewn-now__4.02.04..,oewn-now__4.02.04..,oewn-00049758-r,i18426,oewn-now-r,now,r,r,adverb,false,87814,4,false,adv.all,"[{""text"":""at the present moment"",""source_sense_id"":null}]","[{""text"":""goods now on sale"",""source"":null,""scope"":""synset""},{""text"":""the now-aging dictator"",""source"":null,""scope"":""synset""},{""text"":""they are now abroad"",""source"":null,""scope"":""synset""},{""text"":""he is busy at present writing a new novel"",""source"":null,""scope"":""synset""},{""text"":""it could happen any time now"",""source"":null,""scope"":""synset""}]",[],[],"[{""lexical_entry_id"":""oewn-now-r"",""written_form"":""now"",""source_pos"":""r""},{""lexical_entry_id"":""oewn-at_present-r"",""written_form"":""at present"",""source_pos"":""r""}]",unreviewed
70,now,70,oewn:2025:oewn-now__4.02.01..,oewn:oewn-now__4.02.01..,oewn-now__4.02.01..,oewn-00049277-r,i18424,oewn-now-r,now,r,r,adverb,false,87814,5,false,adv.all,"[{""text"":""without delay or hesitation; with no time intervening"",""source_sense_id"":null}]","[{""text"":""he answered immediately"",""source"":null,""scope"":""synset""},{""text"":""found an answer straightaway"",""source"":null,""scope"":""synset""},{""text"":""an official accused of dishonesty should be suspended forthwith"",""source"":null,""scope"":""synset""},{""text"":""Come here now!"",""source"":null,""scope"":""synset""}]",[],[],"[{""lexical_entry_id"":""oewn-immediately-r"",""written_form"":""immediately"",""source_pos"":""r""},{""lexical_entry_id"":""oewn-instantly-r"",""written_form"":""instantly"",""source_pos"":""r""},{""lexical_entry_id"":""oewn-straightaway-r"",""written_form"":""straightaway"",""source_pos"":""r""},{""lexical_entry_id"":""oewn-straight_off-r"",""written_form"":""straight off"",""source_pos"":""r""},{""lexical_entry_id"":""oewn-directly-r"",""written_form"":""directly"",""source_pos"":""r""},{""lexical_entry_id"":""oewn-now-r"",""written_form"":""now"",""source_pos"":""r""},{""lexical_entry_id"":""oewn-right_away-r"",""written_form"":""right away"",""source_pos"":""r""},{""lexical_entry_id"":""oewn-at_once-r"",""written_form"":""at once"",""source_pos"":""r""},{""lexical_entry_id"":""oewn-forthwith-r"",""written_form"":""forthwith"",""source_pos"":""r""},{""lexical_entry_id"":""oewn-like_a_shot-r"",""written_form"":""like a shot"",""source_pos"":""r""}]",unreviewed
70,now,70,oewn:2025:oewn-now__4.02.07..,oewn:oewn-now__4.02.07..,oewn-now__4.02.07..,oewn-00050296-r,i18429,oewn-now-r,now,r,r,adverb,false,87814,6,false,adv.all,"[{""text"":""(prefatory or transitional) indicates a change of subject or activity"",""source_sense_id"":null}]","[{""text"":""Now the next problem is …"",""source"":null,""scope"":""synset""}]",[],[],"[{""lexical_entry_id"":""oewn-now-r"",""written_form"":""now"",""source_pos"":""r""}]",unreviewed
70,now,70,oewn:2025:oewn-now__4.02.06..,oewn:oewn-now__4.02.06..,oewn-now__4.02.06..,oewn-00050223-r,i18428,oewn-now-r,now,r,r,adverb,false,87814,7,false,adv.all,"[{""text"":""in the immediate past"",""source_sense_id"":null}]","[{""text"":""told me just now"",""source"":null,""scope"":""synset""}]",[],[],"[{""lexical_entry_id"":""oewn-now-r"",""written_form"":""now"",""source_pos"":""r""}]",unreviewed
71,then,71,oewn:2025:oewn-then__5.00.00.past.00,oewn:oewn-then__5.00.00.past.00,oewn-then__5.00.00.past.00,oewn-01735357-s,i9497,oewn-then-a,then,a,s,adjective_satellite,true,122638,1,false,adj.all,"[{""text"":""at a specific prior time"",""source_sense_id"":null}]","[{""text"":""the then president"",""source"":null,""scope"":""synset""}]",[],"[{""value"":""ðɛn"",""variety"":null,""notation"":null,""phonemic"":null,""audio"":null,""scope"":""lemma"",""form"":null}]","[{""lexical_entry_id"":""oewn-then-a"",""written_form"":""then"",""source_pos"":""a""}]",unreviewed
71,then,71,oewn:2025:oewn-then__1.28.00..,oewn:oewn-then__1.28.00..,oewn-then__1.28.00..,oewn-15321597-n,i117639,oewn-then-n,then,n,n,noun,false,122639,1,false,noun.time,"[{""text"":""that time; that moment"",""source_sense_id"":null}]","[{""text"":""we will arrive before then"",""source"":null,""scope"":""synset""},{""text"":""we were friends from then on"",""source"":null,""scope"":""synset""}]",[],"[{""value"":""ðɛn"",""variety"":null,""notation"":null,""phonemic"":null,""audio"":null,""scope"":""lemma"",""form"":null}]","[{""lexical_entry_id"":""oewn-then-n"",""written_form"":""then"",""source_pos"":""n""}]",unreviewed
71,then,71,oewn:2025:oewn-then__4.02.00..,oewn:oewn-then__4.02.00..,oewn-then__4.02.00..,oewn-00118527-r,i18890,oewn-then-r,then,r,r,adverb,false,122640,1,false,adv.all,"[{""text"":""subsequently or soon afterward (often used as sentence connectors)"",""source_sense_id"":null}]","[{""text"":""then he left"",""source"":null,""scope"":""synset""},{""text"":""go left first, then right"",""source"":null,""scope"":""synset""},{""text"":""first came lightning, then thunder"",""source"":null,""scope"":""synset""},{""text"":""we watched the late movie and then went to bed"",""source"":null,""scope"":""synset""},{""text"":""and so home and to bed"",""source"":null,""scope"":""synset""}]",[],"[{""value"":""ðɛn"",""variety"":null,""notation"":null,""phonemic"":null,""audio"":null,""scope"":""lemma"",""form"":null}]","[{""lexical_entry_id"":""oewn-then-r"",""written_form"":""then"",""source_pos"":""r""},{""lexical_entry_id"":""oewn-so-r"",""written_form"":""so"",""source_pos"":""r""},{""lexical_entry_id"":""oewn-and_so-r"",""written_form"":""and so"",""source_pos"":""r""}]",unreviewed
71,then,71,oewn:2025:oewn-then__4.02.02..,oewn:oewn-then__4.02.02..,oewn-then__4.02.02..,oewn-00118928-r,i18892,oewn-then-r,then,r,r,adverb,false,122640,2,false,adv.all,"[{""text"":""in that case or as a consequence"",""source_sense_id"":null}]","[{""text"":""if he didn't take it, then who did?"",""source"":null,""scope"":""synset""},{""text"":""keep it then if you want to"",""source"":null,""scope"":""synset""},{""text"":""the case, then, is closed"",""source"":null,""scope"":""synset""},{""text"":""you've made up your mind then?"",""source"":null,""scope"":""synset""},{""text"":""then you'll be rich"",""source"":null,""scope"":""synset""}]",[],"[{""value"":""ðɛn"",""variety"":null,""notation"":null,""phonemic"":null,""audio"":null,""scope"":""lemma"",""form"":null}]","[{""lexical_entry_id"":""oewn-then-r"",""written_form"":""then"",""source_pos"":""r""}]",unreviewed
71,then,71,oewn:2025:oewn-then__4.02.01..,oewn:oewn-then__4.02.01..,oewn-then__4.02.01..,oewn-00118799-r,i18891,oewn-then-r,then,r,r,adverb,false,122640,3,false,adv.all,"[{""text"":""at that time"",""source_sense_id"":null}]","[{""text"":""I was young then"",""source"":null,""scope"":""synset""},{""text"":""prices were lower back then"",""source"":null,""scope"":""synset""},{""text"":""science as it was then taught"",""source"":null,""scope"":""synset""}]",[],"[{""value"":""ðɛn"",""variety"":null,""notation"":null,""phonemic"":null,""audio"":null,""scope"":""lemma"",""form"":null}]","[{""lexical_entry_id"":""oewn-then-r"",""written_form"":""then"",""source_pos"":""r""}]",unreviewed
72,also,72,oewn:2025:oewn-also__4.02.00..,oewn:oewn-also__4.02.00..,oewn-also__4.02.00..,oewn-00048072-r,i18418,oewn-also-r,also,r,r,adverb,false,20696,1,false,adv.all,"[{""text"":""in addition"",""source_sense_id"":null}]","[{""text"":""he has a Mercedes, too"",""source"":null,""scope"":""synset""}]",[],"[{""value"":""ˈɔːl.səʊ"",""variety"":""GB"",""notation"":null,""phonemic"":null,""audio"":null,""scope"":""lemma"",""form"":null},{""value"":""ˈɔl.soʊ"",""variety"":""US"",""notation"":null,""phonemic"":null,""audio"":null,""scope"":""lemma"",""form"":null}]","[{""lexical_entry_id"":""oewn-besides-r"",""written_form"":""besides"",""source_pos"":""r""},{""lexical_entry_id"":""oewn-too-r"",""written_form"":""too"",""source_pos"":""r""},{""lexical_entry_id"":""oewn-also-r"",""written_form"":""also"",""source_pos"":""r""},{""lexical_entry_id"":""oewn-likewise-r"",""written_form"":""likewise"",""source_pos"":""r""},{""lexical_entry_id"":""oewn-as_well-r"",""written_form"":""as well"",""source_pos"":""r""}]",unreviewed
74,only,74,oewn:2025:oewn-only__5.00.00.single.05,oewn:oewn-only__5.00.00.single.05,oewn-only__5.00.00.single.05,oewn-02222405-s,i12239,oewn-only-a,only,a,s,adjective_satellite,true,89255,1,false,adj.all,"[{""text"":""being the only one; single and isolated from others"",""source_sense_id"":null}]","[{""text"":""the lone doctor in the entire county"",""source"":null,""scope"":""synset""},{""text"":""a lonesome pine"",""source"":null,""scope"":""synset""},{""text"":""an only child"",""source"":null,""scope"":""synset""},{""text"":""the sole heir"",""source"":null,""scope"":""synset""},{""text"":""the sole example"",""source"":null,""scope"":""synset""},{""text"":""a solitary instance of cowardice"",""source"":null,""scope"":""synset""},{""text"":""a solitary speck in the sky"",""source"":null,""scope"":""synset""}]",[],"[{""value"":""ˈəʊn.li"",""variety"":""GB"",""notation"":null,""phonemic"":null,""audio"":null,""scope"":""lemma"",""form"":null},{""value"":""ˈoʊn.li"",""variety"":""US"",""notation"":null,""phonemic"":null,""audio"":null,""scope"":""lemma"",""form"":null}]","[{""lexical_entry_id"":""oewn-lone-a"",""written_form"":""lone"",""source_pos"":""a""},{""lexical_entry_id"":""oewn-lonesome-a"",""written_form"":""lonesome"",""source_pos"":""a""},{""lexical_entry_id"":""oewn-only-a"",""written_form"":""only"",""source_pos"":""a""},{""lexical_entry_id"":""oewn-sole-a"",""written_form"":""sole"",""source_pos"":""a""},{""lexical_entry_id"":""oewn-solitary-a"",""written_form"":""solitary"",""source_pos"":""a""}]",unreviewed
74,only,74,oewn:2025:oewn-only__5.00.00.exclusive.00,oewn:oewn-only__5.00.00.exclusive.00,oewn-only__5.00.00.exclusive.00,oewn-01868647-s,i10228,oewn-only-a,only,a,s,adjective_satellite,true,89255,2,false,adj.all,"[{""text"":""exclusive of anyone or anything else"",""source_sense_id"":null}]","[{""text"":""she alone believed him"",""source"":null,""scope"":""synset""},{""text"":""cannot live by bread alone"",""source"":null,""scope"":""synset""},{""text"":""I'll have this car and this car only"",""source"":null,""scope"":""synset""}]",[],"[{""value"":""ˈəʊn.li"",""variety"":""GB"",""notation"":null,""phonemic"":null,""audio"":null,""scope"":""lemma"",""form"":null},{""value"":""ˈoʊn.li"",""variety"":""US"",""notation"":null,""phonemic"":null,""audio"":null,""scope"":""lemma"",""form"":null}]","[{""lexical_entry_id"":""oewn-alone-a"",""written_form"":""alone"",""source_pos"":""a""},{""lexical_entry_id"":""oewn-only-a"",""written_form"":""only"",""source_pos"":""a""}]",unreviewed
74,only,74,oewn:2025:oewn-only__4.02.02..,oewn:oewn-only__4.02.02..,oewn-only__4.02.02..,oewn-00005103-r,i18177,oewn-only-r,only,r,r,adverb,false,89256,1,false,adv.all,"[{""text"":""and nothing more"",""source_sense_id"":null}]","[{""text"":""I was merely asking"",""source"":null,""scope"":""synset""},{""text"":""it is simply a matter of time"",""source"":null,""scope"":""synset""},{""text"":""just a scratch"",""source"":null,""scope"":""synset""},{""text"":""he was only a child"",""source"":null,""scope"":""synset""},{""text"":""hopes that last but a moment"",""source"":null,""scope"":""synset""}]",[],"[{""value"":""ˈəʊn.li"",""variety"":""GB"",""notation"":null,""phonemic"":null,""audio"":null,""scope"":""lemma"",""form"":null},{""value"":""ˈoʊn.li"",""variety"":""US"",""notation"":null,""phonemic"":null,""audio"":null,""scope"":""lemma"",""form"":null}]","[{""lexical_entry_id"":""oewn-merely-r"",""written_form"":""merely"",""source_pos"":""r""},{""lexical_entry_id"":""oewn-simply-r"",""written_form"":""simply"",""source_pos"":""r""},{""lexical_entry_id"":""oewn-just-r"",""written_form"":""just"",""source_pos"":""r""},{""lexical_entry_id"":""oewn-only-r"",""written_form"":""only"",""source_pos"":""r""},{""lexical_entry_id"":""oewn-but-r"",""written_form"":""but"",""source_pos"":""r""}]",unreviewed
74,only,74,oewn:2025:oewn-only__4.02.01..,oewn:oewn-only__4.02.01..,oewn-only__4.02.01..,oewn-00009062-r,i18198,oewn-only-r,only,r,r,adverb,false,89256,2,false,adv.all,"[{""text"":""without any others being included or involved"",""source_sense_id"":null}]","[{""text"":""was entirely to blame"",""source"":null,""scope"":""synset""},{""text"":""a school devoted entirely to the needs of problem children"",""source"":null,""scope"":""synset""},{""text"":""he works for Mr. Smith exclusively"",""source"":null,""scope"":""synset""},{""text"":""did it solely for money"",""source"":null,""scope"":""synset""},{""text"":""the burden of proof rests on the prosecution alone"",""source"":null,""scope"":""synset""},{""text"":""a privilege granted only to him"",""source"":null,""scope"":""synset""}]",[],"[{""value"":""ˈəʊn.li"",""variety"":""GB"",""notation"":null,""phonemic"":null,""audio"":null,""scope"":""lemma"",""form"":null},{""value"":""ˈoʊn.li"",""variety"":""US"",""notation"":null,""phonemic"":null,""audio"":null,""scope"":""lemma"",""form"":null}]","[{""lexical_entry_id"":""oewn-entirely-r"",""written_form"":""entirely"",""source_pos"":""r""},{""lexical_entry_id"":""oewn-exclusively-r"",""written_form"":""exclusively"",""source_pos"":""r""},{""lexical_entry_id"":""oewn-solely-r"",""written_form"":""solely"",""source_pos"":""r""},{""lexical_entry_id"":""oewn-alone-r"",""written_form"":""alone"",""source_pos"":""r""},{""lexical_entry_id"":""oewn-only-r"",""written_form"":""only"",""source_pos"":""r""}]",unreviewed
74,only,74,oewn:2025:oewn-only__4.02.00..,oewn:oewn-only__4.02.00..,oewn-only__4.02.00..,oewn-00011221-r,i18208,oewn-only-r,only,r,r,adverb,false,89256,3,false,adv.all,"[{""text"":""with nevertheless the final result"",""source_sense_id"":null}]","[{""text"":""He arrived only to find his wife dead"",""source"":null,""scope"":""synset""},{""text"":""We won only to lose again in the next round"",""source"":null,""scope"":""synset""}]",[],"[{""value"":""ˈəʊn.li"",""variety"":""GB"",""notation"":null,""phonemic"":null,""audio"":null,""scope"":""lemma"",""form"":null},{""value"":""ˈoʊn.li"",""variety"":""US"",""notation"":null,""phonemic"":null,""audio"":null,""scope"":""lemma"",""form"":null}]","[{""lexical_entry_id"":""oewn-only-r"",""written_form"":""only"",""source_pos"":""r""}]",unreviewed
74,only,74,oewn:2025:oewn-only__4.02.04..,oewn:oewn-only__4.02.04..,oewn-only__4.02.04..,oewn-00011376-r,i18209,oewn-only-r,only,r,r,adverb,false,89256,4,false,adv.all,"[{""text"":""in the final outcome"",""source_sense_id"":null}]","[{""text"":""These news will only make you more upset"",""source"":null,""scope"":""synset""}]",[],"[{""value"":""ˈəʊn.li"",""variety"":""GB"",""notation"":null,""phonemic"":null,""audio"":null,""scope"":""lemma"",""form"":null},{""value"":""ˈoʊn.li"",""variety"":""US"",""notation"":null,""phonemic"":null,""audio"":null,""scope"":""lemma"",""form"":null}]","[{""lexical_entry_id"":""oewn-only-r"",""written_form"":""only"",""source_pos"":""r""}]",unreviewed
74,only,74,oewn:2025:oewn-only__4.02.06..,oewn:oewn-only__4.02.06..,oewn-only__4.02.06..,oewn-00028715-r,i18302,oewn-only-r,only,r,r,adverb,false,89256,5,false,adv.all,"[{""text"":""except that"",""source_sense_id"":null}]","[{""text"":""It was the same story; only this time she came out better"",""source"":null,""scope"":""synset""}]",[],"[{""value"":""ˈəʊn.li"",""variety"":""GB"",""notation"":null,""phonemic"":null,""audio"":null,""scope"":""lemma"",""form"":null},{""value"":""ˈoʊn.li"",""variety"":""US"",""notation"":null,""phonemic"":null,""audio"":null,""scope"":""lemma"",""form"":null}]","[{""lexical_entry_id"":""oewn-only-r"",""written_form"":""only"",""source_pos"":""r""}]",unreviewed
74,only,74,oewn:2025:oewn-only__4.02.05..,oewn:oewn-only__4.02.05..,oewn-only__4.02.05..,oewn-00011473-r,i18210,oewn-only-r,only,r,r,adverb,false,89256,6,false,adv.all,"[{""text"":""as recently as"",""source_sense_id"":null}]","[{""text"":""I spoke to him only an hour ago"",""source"":null,""scope"":""synset""}]",[],"[{""value"":""ˈəʊn.li"",""variety"":""GB"",""notation"":null,""phonemic"":null,""audio"":null,""scope"":""lemma"",""form"":null},{""value"":""ˈoʊn.li"",""variety"":""US"",""notation"":null,""phonemic"":null,""audio"":null,""scope"":""lemma"",""form"":null}]","[{""lexical_entry_id"":""oewn-only-r"",""written_form"":""only"",""source_pos"":""r""}]",unreviewed
75,look,75,oewn:2025:oewn-look__1.07.01..,oewn:oewn-look__1.07.01..,oewn-look__1.07.01..,oewn-04687095-n,i61646,oewn-look-n,look,n,n,noun,false,78228,1,false,noun.attribute,"[{""text"":""the feelings expressed on a person's face"",""source_sense_id"":null}]","[{""text"":""a sad expression"",""source"":null,""scope"":""synset""},{""text"":""a look of triumph"",""source"":null,""scope"":""synset""},{""text"":""an angry face"",""source"":null,""scope"":""synset""}]",[],"[{""value"":""lʊk"",""variety"":null,""notation"":null,""phonemic"":null,""audio"":null,""scope"":""lemma"",""form"":null}]","[{""lexical_entry_id"":""oewn-expression-n"",""written_form"":""expression"",""source_pos"":""n""},{""lexical_entry_id"":""oewn-look-n"",""written_form"":""look"",""source_pos"":""n""},{""lexical_entry_id"":""oewn-aspect-n"",""written_form"":""aspect"",""source_pos"":""n""},{""lexical_entry_id"":""oewn-facial_expression-n"",""written_form"":""facial expression"",""source_pos"":""n""},{""lexical_entry_id"":""oewn-face-n"",""written_form"":""face"",""source_pos"":""n""}]",unreviewed
75,look,75,oewn:2025:oewn-look__1.04.00..,oewn:oewn-look__1.04.00..,oewn-look__1.04.00..,oewn-00878805-n,i40004,oewn-look-n,look,n,n,noun,false,78228,2,false,noun.act,"[{""text"":""the act of directing the eyes toward something and perceiving it visually; look"",""source_sense_id"":null}]","[{""text"":""he went out to have a look"",""source"":null,""scope"":""synset""},{""text"":""his look was fixed on her eyes"",""source"":null,""scope"":""synset""},{""text"":""he gave it a good looking at"",""source"":null,""scope"":""synset""},{""text"":""his camera does his looking for him"",""source"":null,""scope"":""synset""}]",[],"[{""value"":""lʊk"",""variety"":null,""notation"":null,""phonemic"":null,""audio"":null,""scope"":""lemma"",""form"":null}]","[{""lexical_entry_id"":""oewn-look-n"",""written_form"":""look"",""source_pos"":""n""},{""lexical_entry_id"":""oewn-looking-n"",""written_form"":""looking"",""source_pos"":""n""},{""lexical_entry_id"":""oewn-looking_at-n"",""written_form"":""looking at"",""source_pos"":""n""}]",unreviewed
75,look,75,oewn:2025:oewn-look__1.07.00..,oewn:oewn-look__1.07.00..,oewn-look__1.07.00..,oewn-04682072-n,i61621,oewn-look-n,look,n,n,noun,false,78228,3,false,noun.attribute,"[{""text"":""physical appearance"",""source_sense_id"":null}]","[{""text"":""I don't like the looks of this place"",""source"":null,""scope"":""synset""}]",[],"[{""value"":""lʊk"",""variety"":null,""notation"":null,""phonemic"":null,""audio"":null,""scope"":""lemma"",""form"":null}]","[{""lexical_entry_id"":""oewn-look-n"",""written_form"":""look"",""source_pos"":""n""}]",unreviewed
75,look,75,oewn:2025:oewn-look__1.26.00..,oewn:oewn-look__1.26.00..,oewn-look__1.26.00..,oewn-14549784-n,i113340,oewn-look-n,look,n,n,noun,false,78228,4,false,noun.state,"[{""text"":""the general atmosphere of a place or situation and the effect that it has on people"",""source_sense_id"":null}]","[{""text"":""the feel of the city excited him"",""source"":null,""scope"":""synset""},{""text"":""a clergyman improved the tone of the meeting"",""source"":null,""scope"":""synset""},{""text"":""it had the smell of treason"",""source"":null,""scope"":""synset""}]",[],"[{""value"":""lʊk"",""variety"":null,""notation"":null,""phonemic"":null,""audio"":null,""scope"":""lemma"",""form"":null}]","[{""lexical_entry_id"":""oewn-spirit-n"",""written_form"":""spirit"",""source_pos"":""n""},{""lexical_entry_id"":""oewn-tone-n"",""written_form"":""tone"",""source_pos"":""n""},{""lexical_entry_id"":""oewn-feel-n"",""written_form"":""feel"",""source_pos"":""n""},{""lexical_entry_id"":""oewn-feeling-n"",""written_form"":""feeling"",""source_pos"":""n""},{""lexical_entry_id"":""oewn-flavor-n"",""written_form"":""flavor"",""source_pos"":""n""},{""lexical_entry_id"":""oewn-flavour-n"",""written_form"":""flavour"",""source_pos"":""n""},{""lexical_entry_id"":""oewn-look-n"",""written_form"":""look"",""source_pos"":""n""},{""lexical_entry_id"":""oewn-smell-n"",""written_form"":""smell"",""source_pos"":""n""}]",unreviewed
75,look,75,oewn:2025:oewn-look__2.39.00..,oewn:oewn-look__2.39.00..,oewn-look__2.39.00..,oewn-02134989-v,i32408,oewn-look-v,look,v,v,verb,false,78230,1,false,verb.perception,"[{""text"":""perceive with attention; direct one's gaze towards; look"",""source_sense_id"":null}]","[{""text"":""She looked over the expanse of land"",""source"":null,""scope"":""synset""},{""text"":""Look at your child!"",""source"":null,""scope"":""synset""},{""text"":""Look — a deer in the backyard!"",""source"":null,""scope"":""synset""}]",[],"[{""value"":""lʊk"",""variety"":null,""notation"":null,""phonemic"":null,""audio"":null,""scope"":""lemma"",""form"":null}]","[{""lexical_entry_id"":""oewn-look-v"",""written_form"":""look"",""source_pos"":""v""}]",unreviewed
75,look,75,oewn:2025:oewn-look__2.39.01..,oewn:oewn-look__2.39.01..,oewn-look__2.39.01..,oewn-02137900-v,i32420,oewn-look-v,look,v,v,verb,false,78230,2,false,verb.perception,"[{""text"":""give a certain impression of being something or having a certain aspect"",""source_sense_id"":null}]","[{""text"":""She seems to be sleeping"",""source"":null,""scope"":""synset""},{""text"":""This appears to be a very difficult problem"",""source"":null,""scope"":""synset""},{""text"":""This project looks fishy"",""source"":null,""scope"":""synset""},{""text"":""They appeared like people who had not eaten or slept for a long time"",""source"":null,""scope"":""synset""}]",[],"[{""value"":""lʊk"",""variety"":null,""notation"":null,""phonemic"":null,""audio"":null,""scope"":""lemma"",""form"":null}]","[{""lexical_entry_id"":""oewn-look-v"",""written_form"":""look"",""source_pos"":""v""},{""lexical_entry_id"":""oewn-appear-v"",""written_form"":""appear"",""source_pos"":""v""},{""lexical_entry_id"":""oewn-seem-v"",""written_form"":""seem"",""source_pos"":""v""}]",unreviewed
75,look,75,oewn:2025:oewn-look__2.29.00..,oewn:oewn-look__2.29.00..,oewn-look__2.29.00..,oewn-00033592-v,i21933,oewn-look-v,look,v,v,verb,false,78230,3,false,verb.body,"[{""text"":""to physically appear a certain way to another individual or group"",""source_sense_id"":null}]","[{""text"":""How does she look?"",""source"":null,""scope"":""synset""},{""text"":""The child looks unhappy"",""source"":null,""scope"":""synset""},{""text"":""She looked pale after the surgery"",""source"":null,""scope"":""synset""}]",[],"[{""value"":""lʊk"",""variety"":null,""notation"":null,""phonemic"":null,""audio"":null,""scope"":""lemma"",""form"":null}]","[{""lexical_entry_id"":""oewn-look-v"",""written_form"":""look"",""source_pos"":""v""}]",unreviewed
75,look,75,oewn:2025:oewn-look__2.39.02..,oewn:oewn-look__2.39.02..,oewn-look__2.39.02..,oewn-02158139-v,i32522,oewn-look-v,look,v,v,verb,false,78230,4,false,verb.perception,"[{""text"":""search or seek"",""source_sense_id"":null}]","[{""text"":""We looked all day and finally found the child in the forest"",""source"":null,""scope"":""synset""},{""text"":""Look elsewhere for the perfect gift!"",""source"":null,""scope"":""synset""}]",[],"[{""value"":""lʊk"",""variety"":null,""notation"":null,""phonemic"":null,""audio"":null,""scope"":""lemma"",""form"":null}]","[{""lexical_entry_id"":""oewn-search-v"",""written_form"":""search"",""source_pos"":""v""},{""lexical_entry_id"":""oewn-look-v"",""written_form"":""look"",""source_pos"":""v""}]",unreviewed
75,look,75,oewn:2025:oewn-look__2.42.00..,oewn:oewn-look__2.42.00..,oewn-look__2.42.00..,oewn-02699161-v,i35122,oewn-look-v,look,v,v,verb,false,78230,5,false,verb.stative,"[{""text"":""be oriented in a certain direction, often with respect to another reference point; be opposite to"",""source_sense_id"":null}]","[{""text"":""The house looks north"",""source"":null,""scope"":""synset""},{""text"":""My backyard look onto the pond"",""source"":null,""scope"":""synset""},{""text"":""The building faces the park"",""source"":null,""scope"":""synset""}]",[],"[{""value"":""lʊk"",""variety"":null,""notation"":null,""phonemic"":null,""audio"":null,""scope"":""lemma"",""form"":null}]","[{""lexical_entry_id"":""oewn-front-v"",""written_form"":""front"",""source_pos"":""v""},{""lexical_entry_id"":""oewn-look-v"",""written_form"":""look"",""source_pos"":""v""},{""lexical_entry_id"":""oewn-face-v"",""written_form"":""face"",""source_pos"":""v""}]",unreviewed
75,look,75,oewn:2025:oewn-look__2.41.13..,oewn:oewn-look__2.41.13..,oewn-look__2.41.13..,oewn-02555278-v,i34442,oewn-look-v,look,v,v,verb,false,78230,6,false,verb.social,"[{""text"":""take charge of or deal with"",""source_sense_id"":null}]","[{""text"":""Could you see about lunch?"",""source"":null,""scope"":""synset""},{""text"":""I must attend to this matter"",""source"":null,""scope"":""synset""},{""text"":""She took care of this business"",""source"":null,""scope"":""synset""}]",[],"[{""value"":""lʊk"",""variety"":null,""notation"":null,""phonemic"":null,""audio"":null,""scope"":""lemma"",""form"":null}]","[{""lexical_entry_id"":""oewn-attend-v"",""written_form"":""attend"",""source_pos"":""v""},{""lexical_entry_id"":""oewn-take_care-v"",""written_form"":""take care"",""source_pos"":""v""},{""lexical_entry_id"":""oewn-look-v"",""written_form"":""look"",""source_pos"":""v""},{""lexical_entry_id"":""oewn-see-v"",""written_form"":""see"",""source_pos"":""v""}]",unreviewed
75,look,75,oewn:2025:oewn-look__2.32.00..,oewn:oewn-look__2.32.00..,oewn-look__2.32.00..,oewn-00931324-v,i26256,oewn-look-v,look,v,v,verb,false,78230,7,false,verb.communication,"[{""text"":""convey by one's expression"",""source_sense_id"":null}]","[{""text"":""She looked her devotion to me"",""source"":null,""scope"":""synset""}]",[],"[{""value"":""lʊk"",""variety"":null,""notation"":null,""phonemic"":null,""audio"":null,""scope"":""lemma"",""form"":null}]","[{""lexical_entry_id"":""oewn-look-v"",""written_form"":""look"",""source_pos"":""v""}]",unreviewed
75,look,75,oewn:2025:oewn-look__2.31.00..,oewn:oewn-look__2.31.00..,oewn-look__2.31.00..,oewn-00721987-v,i25301,oewn-look-v,look,v,v,verb,false,78230,8,false,verb.cognition,"[{""text"":""look forward to the probable occurrence of"",""source_sense_id"":null}]","[{""text"":""We were expecting a visit from our relatives"",""source"":null,""scope"":""synset""},{""text"":""She is looking to a promotion"",""source"":null,""scope"":""synset""},{""text"":""he is waiting to be drafted"",""source"":null,""scope"":""synset""}]",[],"[{""value"":""lʊk"",""variety"":null,""notation"":null,""phonemic"":null,""audio"":null,""scope"":""lemma"",""form"":null}]","[{""lexical_entry_id"":""oewn-expect-v"",""written_form"":""expect"",""source_pos"":""v""},{""lexical_entry_id"":""oewn-look-v"",""written_form"":""look"",""source_pos"":""v""},{""lexical_entry_id"":""oewn-await-v"",""written_form"":""await"",""source_pos"":""v""},{""lexical_entry_id"":""oewn-wait-v"",""written_form"":""wait"",""source_pos"":""v""}]",unreviewed
75,look,75,oewn:2025:oewn-look__2.42.02..,oewn:oewn-look__2.42.02..,oewn-look__2.42.02..,oewn-02664525-v,i34955,oewn-look-v,look,v,v,verb,false,78230,9,false,verb.stative,"[{""text"":""accord in appearance with"",""source_sense_id"":null}]","[{""text"":""You don't look your age!"",""source"":null,""scope"":""synset""}]",[],"[{""value"":""lʊk"",""variety"":null,""notation"":null,""phonemic"":null,""audio"":null,""scope"":""lemma"",""form"":null}]","[{""lexical_entry_id"":""oewn-look-v"",""written_form"":""look"",""source_pos"":""v""}]",unreviewed
75,look,75,oewn:2025:oewn-look__2.31.02..,oewn:oewn-look__2.31.02..,oewn-look__2.31.02..,oewn-00714537-v,i25269,oewn-look-v,look,v,v,verb,false,78230,10,false,verb.cognition,"[{""text"":""have faith or confidence in"",""source_sense_id"":null}]","[{""text"":""you can count on me to help you any time"",""source"":null,""scope"":""synset""},{""text"":""Look to your friends for support"",""source"":null,""scope"":""synset""},{""text"":""You can bet on that!"",""source"":null,""scope"":""synset""},{""text"":""Depend on your family in times of crisis"",""source"":null,""scope"":""synset""}]",[],"[{""value"":""lʊk"",""variety"":null,""notation"":null,""phonemic"":null,""audio"":null,""scope"":""lemma"",""form"":null}]","[{""lexical_entry_id"":""oewn-count-v"",""written_form"":""count"",""source_pos"":""v""},{""lexical_entry_id"":""oewn-bet-v"",""written_form"":""bet"",""source_pos"":""v""},{""lexical_entry_id"":""oewn-depend-v"",""written_form"":""depend"",""source_pos"":""v""},{""lexical_entry_id"":""oewn-swear-v"",""written_form"":""swear"",""source_pos"":""v""},{""lexical_entry_id"":""oewn-rely-v"",""written_form"":""rely"",""source_pos"":""v""},{""lexical_entry_id"":""oewn-bank-v"",""written_form"":""bank"",""source_pos"":""v""},{""lexical_entry_id"":""oewn-look-v"",""written_form"":""look"",""source_pos"":""v""},{""lexical_entry_id"":""oewn-calculate-v"",""written_form"":""calculate"",""source_pos"":""v""},{""lexical_entry_id"":""oewn-reckon-v"",""written_form"":""reckon"",""source_pos"":""v""}]",unreviewed
76,want,76,oewn:2025:oewn-want__1.26.00..,oewn:oewn-want__1.26.00..,oewn-want__1.26.00..,oewn-14517010-n,i113167,oewn-want-n,want,n,n,noun,false,132111,1,false,noun.state,"[{""text"":""a state of extreme poverty"",""source_sense_id"":null}]",[],[],"[{""value"":""wɒnt"",""variety"":""GB"",""notation"":null,""phonemic"":null,""audio"":null,""scope"":""lemma"",""form"":null},{""value"":""wɑnt"",""variety"":""US"",""notation"":null,""phonemic"":null,""audio"":null,""scope"":""lemma"",""form"":null},{""value"":""wɔnt"",""variety"":""AU"",""notation"":null,""phonemic"":null,""audio"":null,""scope"":""lemma"",""form"":null},{""value"":""wɔnt"",""variety"":""NZ"",""notation"":null,""phonemic"":null,""audio"":null,""scope"":""lemma"",""form"":null},{""value"":""wɒnt"",""variety"":null,""notation"":null,""phonemic"":null,""audio"":null,""scope"":""lemma"",""form"":null}]","[{""lexical_entry_id"":""oewn-privation-n"",""written_form"":""privation"",""source_pos"":""n""},{""lexical_entry_id"":""oewn-want-n"",""written_form"":""want"",""source_pos"":""n""},{""lexical_entry_id"":""oewn-deprivation-n"",""written_form"":""deprivation"",""source_pos"":""n""},{""lexical_entry_id"":""oewn-neediness-n"",""written_form"":""neediness"",""source_pos"":""n""}]",unreviewed
76,want,76,oewn:2025:oewn-want__1.26.01..,oewn:oewn-want__1.26.01..,oewn-want__1.26.01..,oewn-14472871-n,i112941,oewn-want-n,want,n,n,noun,false,132111,2,false,noun.state,"[{""text"":""the state of needing something that is absent or unavailable"",""source_sense_id"":null}]","[{""text"":""there is a serious lack of insight into the problem"",""source"":null,""scope"":""synset""},{""text"":""water is the critical deficiency in desert regions"",""source"":null,""scope"":""synset""},{""text"":""for want of a nail the shoe was lost"",""source"":null,""scope"":""synset""}]",[],"[{""value"":""wɒnt"",""variety"":""GB"",""notation"":null,""phonemic"":null,""audio"":null,""scope"":""lemma"",""form"":null},{""value"":""wɑnt"",""variety"":""US"",""notation"":null,""phonemic"":null,""audio"":null,""scope"":""lemma"",""form"":null},{""value"":""wɔnt"",""variety"":""AU"",""notation"":null,""phonemic"":null,""audio"":null,""scope"":""lemma"",""form"":null},{""value"":""wɔnt"",""variety"":""NZ"",""notation"":null,""phonemic"":null,""audio"":null,""scope"":""lemma"",""form"":null},{""value"":""wɒnt"",""variety"":null,""notation"":null,""phonemic"":null,""audio"":null,""scope"":""lemma"",""form"":null}]","[{""lexical_entry_id"":""oewn-lack-n"",""written_form"":""lack"",""source_pos"":""n""},{""lexical_entry_id"":""oewn-deficiency-n"",""written_form"":""deficiency"",""source_pos"":""n""},{""lexical_entry_id"":""oewn-want-n"",""written_form"":""want"",""source_pos"":""n""}]",unreviewed
76,want,76,oewn:2025:oewn-want__1.17.00..,oewn:oewn-want__1.17.00..,oewn-want__1.17.00..,oewn-09390888-n,i85854,oewn-want-n,want,n,n,noun,false,132111,3,false,noun.object,"[{""text"":""anything that is necessary but lacking"",""source_sense_id"":null}]","[{""text"":""he had sufficient means to meet his simple needs"",""source"":null,""scope"":""synset""},{""text"":""I tried to supply his wants"",""source"":null,""scope"":""synset""}]",[],"[{""value"":""wɒnt"",""variety"":""GB"",""notation"":null,""phonemic"":null,""audio"":null,""scope"":""lemma"",""form"":null},{""value"":""wɑnt"",""variety"":""US"",""notation"":null,""phonemic"":null,""audio"":null,""scope"":""lemma"",""form"":null},{""value"":""wɔnt"",""variety"":""AU"",""notation"":null,""phonemic"":null,""audio"":null,""scope"":""lemma"",""form"":null},{""value"":""wɔnt"",""variety"":""NZ"",""notation"":null,""phonemic"":null,""audio"":null,""scope"":""lemma"",""form"":null},{""value"":""wɒnt"",""variety"":null,""notation"":null,""phonemic"":null,""audio"":null,""scope"":""lemma"",""form"":null}]","[{""lexical_entry_id"":""oewn-need-n"",""written_form"":""need"",""source_pos"":""n""},{""lexical_entry_id"":""oewn-want-n"",""written_form"":""want"",""source_pos"":""n""}]",unreviewed
76,want,76,oewn:2025:oewn-want__1.12.00..,oewn:oewn-want__1.12.00..,oewn-want__1.12.00..,oewn-07501369-n,i76079,oewn-want-n,want,n,n,noun,false,132111,4,false,noun.feeling,"[{""text"":""a specific feeling of desire"",""source_sense_id"":null}]","[{""text"":""he got his wish"",""source"":null,""scope"":""synset""},{""text"":""he was above all wishing and desire"",""source"":null,""scope"":""synset""}]",[],"[{""value"":""wɒnt"",""variety"":""GB"",""notation"":null,""phonemic"":null,""audio"":null,""scope"":""lemma"",""form"":null},{""value"":""wɑnt"",""variety"":""US"",""notation"":null,""phonemic"":null,""audio"":null,""scope"":""lemma"",""form"":null},{""value"":""wɔnt"",""variety"":""AU"",""notation"":null,""phonemic"":null,""audio"":null,""scope"":""lemma"",""form"":null},{""value"":""wɔnt"",""variety"":""NZ"",""notation"":null,""phonemic"":null,""audio"":null,""scope"":""lemma"",""form"":null},{""value"":""wɒnt"",""variety"":null,""notation"":null,""phonemic"":null,""audio"":null,""scope"":""lemma"",""form"":null}]","[{""lexical_entry_id"":""oewn-wish-n"",""written_form"":""wish"",""source_pos"":""n""},{""lexical_entry_id"":""oewn-wishing-n"",""written_form"":""wishing"",""source_pos"":""n""},{""lexical_entry_id"":""oewn-want-n"",""written_form"":""want"",""source_pos"":""n""}]",unreviewed
76,want,76,oewn:2025:oewn-want__2.37.00..,oewn:oewn-want__2.37.00..,oewn-want__2.37.00..,oewn-01829179-v,i30852,oewn-want-v,want,v,v,verb,false,132112,1,false,verb.emotion,"[{""text"":""feel or have a desire for; want strongly"",""source_sense_id"":null}]","[{""text"":""I want to go home now"",""source"":null,""scope"":""synset""},{""text"":""I want my own room"",""source"":null,""scope"":""synset""}]",[],"[{""value"":""wɒnt"",""variety"":""GB"",""notation"":null,""phonemic"":null,""audio"":null,""scope"":""lemma"",""form"":null},{""value"":""wɑnt"",""variety"":""US"",""notation"":null,""phonemic"":null,""audio"":null,""scope"":""lemma"",""form"":null},{""value"":""wɔnt"",""variety"":""AU"",""notation"":null,""phonemic"":null,""audio"":null,""scope"":""lemma"",""form"":null},{""value"":""wɔnt"",""variety"":""NZ"",""notation"":null,""phonemic"":null,""audio"":null,""scope"":""lemma"",""form"":null}]","[{""lexical_entry_id"":""oewn-desire-v"",""written_form"":""desire"",""source_pos"":""v""},{""lexical_entry_id"":""oewn-want-v"",""written_form"":""want"",""source_pos"":""v""}]",unreviewed
76,want,76,oewn:2025:oewn-want__2.34.00..,oewn:oewn-want__2.34.00..,oewn-want__2.34.00..,oewn-01191258-v,i27561,oewn-want-v,want,v,v,verb,false,132112,2,false,verb.consumption,"[{""text"":""have need of"",""source_sense_id"":null}]","[{""text"":""This piano wants the attention of a competent tuner"",""source"":null,""scope"":""synset""}]",[],"[{""value"":""wɒnt"",""variety"":""GB"",""notation"":null,""phonemic"":null,""audio"":null,""scope"":""lemma"",""form"":null},{""value"":""wɑnt"",""variety"":""US"",""notation"":null,""phonemic"":null,""audio"":null,""scope"":""lemma"",""form"":null},{""value"":""wɔnt"",""variety"":""AU"",""notation"":null,""phonemic"":null,""audio"":null,""scope"":""lemma"",""form"":null},{""value"":""wɔnt"",""variety"":""NZ"",""notation"":null,""phonemic"":null,""audio"":null,""scope"":""lemma"",""form"":null}]","[{""lexical_entry_id"":""oewn-want-v"",""written_form"":""want"",""source_pos"":""v""},{""lexical_entry_id"":""oewn-need-v"",""written_form"":""need"",""source_pos"":""v""},{""lexical_entry_id"":""oewn-require-v"",""written_form"":""require"",""source_pos"":""v""}]",unreviewed
76,want,76,oewn:2025:oewn-want__2.35.00..,oewn:oewn-want__2.35.00..,oewn-want__2.35.00..,oewn-01319724-v,i28269,oewn-want-v,want,v,v,verb,false,132112,3,false,verb.contact,"[{""text"":""hunt or look for; want for a particular reason"",""source_sense_id"":null}]","[{""text"":""Your former neighbor is wanted by the FBI"",""source"":null,""scope"":""synset""},{""text"":""Uncle Sam wants you"",""source"":null,""scope"":""synset""}]",[],"[{""value"":""wɒnt"",""variety"":""GB"",""notation"":null,""phonemic"":null,""audio"":null,""scope"":""lemma"",""form"":null},{""value"":""wɑnt"",""variety"":""US"",""notation"":null,""phonemic"":null,""audio"":null,""scope"":""lemma"",""form"":null},{""value"":""wɔnt"",""variety"":""AU"",""notation"":null,""phonemic"":null,""audio"":null,""scope"":""lemma"",""form"":null},{""value"":""wɔnt"",""variety"":""NZ"",""notation"":null,""phonemic"":null,""audio"":null,""scope"":""lemma"",""form"":null}]","[{""lexical_entry_id"":""oewn-want-v"",""written_form"":""want"",""source_pos"":""v""}]",unreviewed
76,want,76,oewn:2025:oewn-want__2.31.01..,oewn:oewn-want__2.31.01..,oewn-want__2.31.01..,oewn-00711034-v,i25251,oewn-want-v,want,v,v,verb,false,132112,4,false,verb.cognition,"[{""text"":""wish or demand the presence of"",""source_sense_id"":null}]","[{""text"":""I want you here at noon!"",""source"":null,""scope"":""synset""}]",[],"[{""value"":""wɒnt"",""variety"":""GB"",""notation"":null,""phonemic"":null,""audio"":null,""scope"":""lemma"",""form"":null},{""value"":""wɑnt"",""variety"":""US"",""notation"":null,""phonemic"":null,""audio"":null,""scope"":""lemma"",""form"":null},{""value"":""wɔnt"",""variety"":""AU"",""notation"":null,""phonemic"":null,""audio"":null,""scope"":""lemma"",""form"":null},{""value"":""wɔnt"",""variety"":""NZ"",""notation"":null,""phonemic"":null,""audio"":null,""scope"":""lemma"",""form"":null}]","[{""lexical_entry_id"":""oewn-want-v"",""written_form"":""want"",""source_pos"":""v""}]",unreviewed
76,want,76,oewn:2025:oewn-want__2.42.01..,oewn:oewn-want__2.42.01..,oewn-want__2.42.01..,oewn-02638648-v,i34834,oewn-want-v,want,v,v,verb,false,132112,5,false,verb.stative,"[{""text"":""be without, lack; be deficient in"",""source_sense_id"":null}]","[{""text"":""want courtesy"",""source"":null,""scope"":""synset""},{""text"":""want the strength to go on living"",""source"":null,""scope"":""synset""},{""text"":""flood victims wanting food and shelter"",""source"":null,""scope"":""synset""}]",[],"[{""value"":""wɒnt"",""variety"":""GB"",""notation"":null,""phonemic"":null,""audio"":null,""scope"":""lemma"",""form"":null},{""value"":""wɑnt"",""variety"":""US"",""notation"":null,""phonemic"":null,""audio"":null,""scope"":""lemma"",""form"":null},{""value"":""wɔnt"",""variety"":""AU"",""notation"":null,""phonemic"":null,""audio"":null,""scope"":""lemma"",""form"":null},{""value"":""wɔnt"",""variety"":""NZ"",""notation"":null,""phonemic"":null,""audio"":null,""scope"":""lemma"",""form"":null}]","[{""lexical_entry_id"":""oewn-want-v"",""written_form"":""want"",""source_pos"":""v""}]",unreviewed
77,give,77,oewn:2025:oewn-give__1.07.00..,oewn:oewn-give__1.07.00..,oewn-give__1.07.00..,oewn-05028317-n,i63386,oewn-give-n,give,n,n,noun,false,61574,1,false,noun.attribute,"[{""text"":""the elasticity of something that can be stretched and returns to its original length"",""source_sense_id"":null}]",[],[],"[{""value"":""ɡɪv"",""variety"":null,""notation"":null,""phonemic"":null,""audio"":null,""scope"":""lemma"",""form"":null}]","[{""lexical_entry_id"":""oewn-give-n"",""written_form"":""give"",""source_pos"":""n""},{""lexical_entry_id"":""oewn-spring-n"",""written_form"":""spring"",""source_pos"":""n""},{""lexical_entry_id"":""oewn-springiness-n"",""written_form"":""springiness"",""source_pos"":""n""}]",unreviewed
77,give,77,oewn:2025:oewn-give__2.40.03..,oewn:oewn-give__2.40.03..,oewn-give__2.40.03..,oewn-02321848-v,i33319,oewn-give-v,give,v,v,verb,false,61576,1,false,verb.possession,"[{""text"":""cause to have, in the abstract sense or physical sense"",""source_sense_id"":null}]","[{""text"":""She gave him a black eye"",""source"":null,""scope"":""synset""},{""text"":""The draft gave me a cold"",""source"":null,""scope"":""synset""}]","[""gave"",""given""]","[{""value"":""ɡɪv"",""variety"":null,""notation"":null,""phonemic"":null,""audio"":null,""scope"":""lemma"",""form"":null}]","[{""lexical_entry_id"":""oewn-give-v"",""written_form"":""give"",""source_pos"":""v""}]",unreviewed
77,give,77,oewn:2025:oewn-give__2.40.05..,oewn:oewn-give__2.40.05..,oewn-give__2.40.05..,oewn-02344167-v,i33436,oewn-give-v,give,v,v,verb,false,61576,2,false,verb.possession,"[{""text"":""be the cause or source of"",""source_sense_id"":null}]","[{""text"":""He gave me a lot of trouble"",""source"":null,""scope"":""synset""},{""text"":""Our meeting afforded much interesting information"",""source"":null,""scope"":""synset""}]","[""gave"",""given""]","[{""value"":""ɡɪv"",""variety"":null,""notation"":null,""phonemic"":null,""audio"":null,""scope"":""lemma"",""form"":null}]","[{""lexical_entry_id"":""oewn-yield-v"",""written_form"":""yield"",""source_pos"":""v""},{""lexical_entry_id"":""oewn-give-v"",""written_form"":""give"",""source_pos"":""v""},{""lexical_entry_id"":""oewn-afford-v"",""written_form"":""afford"",""source_pos"":""v""}]",unreviewed
77,give,77,oewn:2025:oewn-give__2.40.00..,oewn:oewn-give__2.40.00..,oewn-give__2.40.00..,oewn-02204104-v,i32755,oewn-give-v,give,v,v,verb,false,61576,3,false,verb.possession,"[{""text"":""transfer possession of something concrete or abstract to somebody"",""source_sense_id"":null}]","[{""text"":""I gave her my money"",""source"":null,""scope"":""synset""},{""text"":""can you give me lessons?"",""source"":null,""scope"":""synset""},{""text"":""She gave the children lots of love and tender loving care"",""source"":null,""scope"":""synset""}]","[""gave"",""given""]","[{""value"":""ɡɪv"",""variety"":null,""notation"":null,""phonemic"":null,""audio"":null,""scope"":""lemma"",""form"":null}]","[{""lexical_entry_id"":""oewn-give-v"",""written_form"":""give"",""source_pos"":""v""}]",unreviewed
77,give,77,oewn:2025:oewn-give__2.40.07..,oewn:oewn-give__2.40.07..,oewn-give__2.40.07..,oewn-02240624-v,i32920,oewn-give-v,give,v,v,verb,false,61576,4,false,verb.possession,"[{""text"":""convey or reveal information"",""source_sense_id"":null}]","[{""text"":""Give one's name"",""source"":null,""scope"":""synset""}]","[""gave"",""given""]","[{""value"":""ɡɪv"",""variety"":null,""notation"":null,""phonemic"":null,""audio"":null,""scope"":""lemma"",""form"":null}]","[{""lexical_entry_id"":""oewn-give-v"",""written_form"":""give"",""source_pos"":""v""}]",unreviewed
77,give,77,oewn:2025:oewn-give__2.32.01..,oewn:oewn-give__2.32.01..,oewn-give__2.32.01..,oewn-01062366-v,i26886,oewn-give-v,give,v,v,verb,false,61576,5,false,verb.communication,"[{""text"":""convey, as of a compliment, regards, attention, etc.; bestow"",""source_sense_id"":null}]","[{""text"":""Don't pay him any mind"",""source"":null,""scope"":""synset""},{""text"":""give the orders"",""source"":null,""scope"":""synset""},{""text"":""Give him my best regards"",""source"":null,""scope"":""synset""},{""text"":""pay attention"",""source"":null,""scope"":""synset""}]","[""gave"",""given""]","[{""value"":""ɡɪv"",""variety"":null,""notation"":null,""phonemic"":null,""audio"":null,""scope"":""lemma"",""form"":null}]","[{""lexical_entry_id"":""oewn-give-v"",""written_form"":""give"",""source_pos"":""v""},{""lexical_entry_id"":""oewn-pay-v"",""written_form"":""pay"",""source_pos"":""v""}]",unreviewed
77,give,77,oewn:2025:oewn-give__2.36.02..,oewn:oewn-give__2.36.02..,oewn-give__2.36.02..,oewn-01737358-v,i30405,oewn-give-v,give,v,v,verb,false,61576,6,false,verb.creation,"[{""text"":""organize or be responsible for"",""source_sense_id"":null}]","[{""text"":""hold a reception"",""source"":null,""scope"":""synset""},{""text"":""have, throw, or make a party"",""source"":null,""scope"":""synset""},{""text"":""give a course"",""source"":null,""scope"":""synset""}]","[""gave"",""given""]","[{""value"":""ɡɪv"",""variety"":null,""notation"":null,""phonemic"":null,""audio"":null,""scope"":""lemma"",""form"":null}]","[{""lexical_entry_id"":""oewn-hold-v"",""written_form"":""hold"",""source_pos"":""v""},{""lexical_entry_id"":""oewn-throw-v"",""written_form"":""throw"",""source_pos"":""v""},{""lexical_entry_id"":""oewn-have-v"",""written_form"":""have"",""source_pos"":""v""},{""lexical_entry_id"":""oewn-make-v"",""written_form"":""make"",""source_pos"":""v""},{""lexical_entry_id"":""oewn-give-v"",""written_form"":""give"",""source_pos"":""v""}]",unreviewed
77,give,77,oewn:2025:oewn-give__2.32.00..,oewn:oewn-give__2.32.00..,oewn-give__2.32.00..,oewn-01062189-v,i26885,oewn-give-v,give,v,v,verb,false,61576,7,false,verb.communication,"[{""text"":""convey or communicate; of a smile, a look, a physical gesture"",""source_sense_id"":null}]","[{""text"":""Throw a glance"",""source"":null,""scope"":""synset""},{""text"":""She gave me a dirty look"",""source"":null,""scope"":""synset""}]","[""gave"",""given""]","[{""value"":""ɡɪv"",""variety"":null,""notation"":null,""phonemic"":null,""audio"":null,""scope"":""lemma"",""form"":null}]","[{""lexical_entry_id"":""oewn-give-v"",""written_form"":""give"",""source_pos"":""v""},{""lexical_entry_id"":""oewn-throw-v"",""written_form"":""throw"",""source_pos"":""v""}]",unreviewed
77,give,77,oewn:2025:oewn-give__2.40.01..,oewn:oewn-give__2.40.01..,oewn-give__2.40.01..,oewn-02205200-v,i32758,oewn-give-v,give,v,v,verb,false,61576,8,false,verb.possession,"[{""text"":""give as a present; make a gift of"",""source_sense_id"":null}]","[{""text"":""What will you give her for her birthday?"",""source"":null,""scope"":""synset""}]","[""gave"",""given""]","[{""value"":""ɡɪv"",""variety"":null,""notation"":null,""phonemic"":null,""audio"":null,""scope"":""lemma"",""form"":null}]","[{""lexical_entry_id"":""oewn-give-v"",""written_form"":""give"",""source_pos"":""v""},{""lexical_entry_id"":""oewn-gift-v"",""written_form"":""gift"",""source_pos"":""v""},{""lexical_entry_id"":""oewn-present-v"",""written_form"":""present"",""source_pos"":""v""}]",unreviewed
77,give,77,oewn:2025:oewn-give__2.36.03..,oewn:oewn-give__2.36.03..,oewn-give__2.36.03..,oewn-01632595-v,i29901,oewn-give-v,give,v,v,verb,false,61576,9,false,verb.creation,"[{""text"":""cause to happen or be responsible for"",""source_sense_id"":null}]","[{""text"":""His two singles gave the team the victory"",""source"":null,""scope"":""synset""}]","[""gave"",""given""]","[{""value"":""ɡɪv"",""variety"":null,""notation"":null,""phonemic"":null,""audio"":null,""scope"":""lemma"",""form"":null}]","[{""lexical_entry_id"":""oewn-give-v"",""written_form"":""give"",""source_pos"":""v""},{""lexical_entry_id"":""oewn-yield-v"",""written_form"":""yield"",""source_pos"":""v""}]",unreviewed
77,give,77,oewn:2025:oewn-give__2.31.02..,oewn:oewn-give__2.31.02..,oewn-give__2.31.02..,oewn-00734247-v,i25360,oewn-give-v,give,v,v,verb,false,61576,10,false,verb.cognition,"[{""text"":""dedicate"",""source_sense_id"":null}]","[{""text"":""give thought to"",""source"":null,""scope"":""synset""},{""text"":""give priority to"",""source"":null,""scope"":""synset""},{""text"":""pay attention to"",""source"":null,""scope"":""synset""}]","[""gave"",""given""]","[{""value"":""ɡɪv"",""variety"":null,""notation"":null,""phonemic"":null,""audio"":null,""scope"":""lemma"",""form"":null}]","[{""lexical_entry_id"":""oewn-give-v"",""written_form"":""give"",""source_pos"":""v""},{""lexical_entry_id"":""oewn-pay-v"",""written_form"":""pay"",""source_pos"":""v""},{""lexical_entry_id"":""oewn-devote-v"",""written_form"":""devote"",""source_pos"":""v""}]",unreviewed
77,give,77,oewn:2025:oewn-give__2.36.00..,oewn:oewn-give__2.36.00..,oewn-give__2.36.00..,oewn-01632192-v,i29900,oewn-give-v,give,v,v,verb,false,61576,11,false,verb.creation,"[{""text"":""give or supply"",""source_sense_id"":null}]","[{""text"":""The cow brings in 5 liters of milk"",""source"":null,""scope"":""synset""},{""text"":""This year's crop yielded 1,000 bushels of corn"",""source"":null,""scope"":""synset""},{""text"":""The estate renders some revenue for the family"",""source"":null,""scope"":""synset""}]","[""gave"",""given""]","[{""value"":""ɡɪv"",""variety"":null,""notation"":null,""phonemic"":null,""audio"":null,""scope"":""lemma"",""form"":null}]","[{""lexical_entry_id"":""oewn-render-v"",""written_form"":""render"",""source_pos"":""v""},{""lexical_entry_id"":""oewn-yield-v"",""written_form"":""yield"",""source_pos"":""v""},{""lexical_entry_id"":""oewn-return-v"",""written_form"":""return"",""source_pos"":""v""},{""lexical_entry_id"":""oewn-give-v"",""written_form"":""give"",""source_pos"":""v""},{""lexical_entry_id"":""oewn-generate-v"",""written_form"":""generate"",""source_pos"":""v""}]",unreviewed
77,give,77,oewn:2025:oewn-give__2.40.09..,oewn:oewn-give__2.40.09..,oewn-give__2.40.09..,oewn-02301114-v,i33211,oewn-give-v,give,v,v,verb,false,61576,12,false,verb.possession,"[{""text"":""transmit (knowledge or skills)"",""source_sense_id"":null}]","[{""text"":""give a secret to the Russians"",""source"":null,""scope"":""synset""},{""text"":""leave your name and address here"",""source"":null,""scope"":""synset""},{""text"":""impart a new skill to the students"",""source"":null,""scope"":""synset""}]","[""gave"",""given""]","[{""value"":""ɡɪv"",""variety"":null,""notation"":null,""phonemic"":null,""audio"":null,""scope"":""lemma"",""form"":null}]","[{""lexical_entry_id"":""oewn-impart-v"",""written_form"":""impart"",""source_pos"":""v""},{""lexical_entry_id"":""oewn-leave-v"",""written_form"":""leave"",""source_pos"":""v""},{""lexical_entry_id"":""oewn-give-v"",""written_form"":""give"",""source_pos"":""v""},{""lexical_entry_id"":""oewn-pass_on-v"",""written_form"":""pass on"",""source_pos"":""v""}]",unreviewed
77,give,77,oewn:2025:oewn-give__2.36.01..,oewn:oewn-give__2.36.01..,oewn-give__2.36.01..,oewn-01651214-v,i29975,oewn-give-v,give,v,v,verb,false,61576,13,false,verb.creation,"[{""text"":""bring about"",""source_sense_id"":null}]","[{""text"":""The trompe l'oeil-illusion establishes depth"",""source"":null,""scope"":""synset""}]","[""gave"",""given""]","[{""value"":""ɡɪv"",""variety"":null,""notation"":null,""phonemic"":null,""audio"":null,""scope"":""lemma"",""form"":null}]","[{""lexical_entry_id"":""oewn-establish-v"",""written_form"":""establish"",""source_pos"":""v""},{""lexical_entry_id"":""oewn-give-v"",""written_form"":""give"",""source_pos"":""v""}]",unreviewed
77,give,77,oewn:2025:oewn-give__2.40.02..,oewn:oewn-give__2.40.02..,oewn-give__2.40.02..,oewn-02205012-v,i32757,oewn-give-v,give,v,v,verb,false,61576,14,false,verb.possession,"[{""text"":""leave with; give temporarily"",""source_sense_id"":null}]","[{""text"":""Can I give you my keys while I go in the pool?"",""source"":null,""scope"":""synset""},{""text"":""Can I give you the children for the weekend?"",""source"":null,""scope"":""synset""}]","[""gave"",""given""]","[{""value"":""ɡɪv"",""variety"":null,""notation"":null,""phonemic"":null,""audio"":null,""scope"":""lemma"",""form"":null}]","[{""lexical_entry_id"":""oewn-give-v"",""written_form"":""give"",""source_pos"":""v""}]",unreviewed
77,give,77,oewn:2025:oewn-give__2.41.00..,oewn:oewn-give__2.41.00..,oewn-give__2.41.00..,oewn-02568816-v,i34504,oewn-give-v,give,v,v,verb,false,61576,15,false,verb.social,"[{""text"":""emit or utter"",""source_sense_id"":null}]","[{""text"":""Give a gulp"",""source"":null,""scope"":""synset""},{""text"":""give a yelp"",""source"":null,""scope"":""synset""}]","[""gave"",""given""]","[{""value"":""ɡɪv"",""variety"":null,""notation"":null,""phonemic"":null,""audio"":null,""scope"":""lemma"",""form"":null}]","[{""lexical_entry_id"":""oewn-give-v"",""written_form"":""give"",""source_pos"":""v""}]",unreviewed
77,give,77,oewn:2025:oewn-give__2.40.10..,oewn:oewn-give__2.40.10..,oewn-give__2.40.10..,oewn-02348591-v,i33458,oewn-give-v,give,v,v,verb,false,61576,16,false,verb.possession,"[{""text"":""endure the loss of"",""source_sense_id"":null}]","[{""text"":""He gave his life for his children"",""source"":null,""scope"":""synset""},{""text"":""I gave two sons to the war"",""source"":null,""scope"":""synset""}]","[""gave"",""given""]","[{""value"":""ɡɪv"",""variety"":null,""notation"":null,""phonemic"":null,""audio"":null,""scope"":""lemma"",""form"":null}]","[{""lexical_entry_id"":""oewn-sacrifice-v"",""written_form"":""sacrifice"",""source_pos"":""v""},{""lexical_entry_id"":""oewn-give-v"",""written_form"":""give"",""source_pos"":""v""}]",unreviewed
77,give,77,oewn:2025:oewn-give__2.40.06..,oewn:oewn-give__2.40.06..,oewn-give__2.40.06..,oewn-02235554-v,i32898,oewn-give-v,give,v,v,verb,false,61576,17,false,verb.possession,"[{""text"":""place into the hands or custody of"",""source_sense_id"":null}]","[{""text"":""hand me the spoon, please"",""source"":null,""scope"":""synset""},{""text"":""Turn the files over to me, please"",""source"":null,""scope"":""synset""},{""text"":""He turned over the prisoner to his lawyers"",""source"":null,""scope"":""synset""}]","[""gave"",""given""]","[{""value"":""ɡɪv"",""variety"":null,""notation"":null,""phonemic"":null,""audio"":null,""scope"":""lemma"",""form"":null}]","[{""lexical_entry_id"":""oewn-pass-v"",""written_form"":""pass"",""source_pos"":""v""},{""lexical_entry_id"":""oewn-hand-v"",""written_form"":""hand"",""source_pos"":""v""},{""lexical_entry_id"":""oewn-reach-v"",""written_form"":""reach"",""source_pos"":""v""},{""lexical_entry_id"":""oewn-pass_on-v"",""written_form"":""pass on"",""source_pos"":""v""},{""lexical_entry_id"":""oewn-turn_over-v"",""written_form"":""turn over"",""source_pos"":""v""},{""lexical_entry_id"":""oewn-give-v"",""written_form"":""give"",""source_pos"":""v""}]",unreviewed
77,give,77,oewn:2025:oewn-give__2.32.03..,oewn:oewn-give__2.32.03..,oewn-give__2.32.03..,oewn-00888984-v,i26058,oewn-give-v,give,v,v,verb,false,61576,18,false,verb.communication,"[{""text"":""give entirely to a specific person, activity, or cause"",""source_sense_id"":null}]","[{""text"":""She committed herself to the work of God"",""source"":null,""scope"":""synset""},{""text"":""give one's talents to a good cause"",""source"":null,""scope"":""synset""},{""text"":""consecrate your life to the church"",""source"":null,""scope"":""synset""}]","[""gave"",""given""]","[{""value"":""ɡɪv"",""variety"":null,""notation"":null,""phonemic"":null,""audio"":null,""scope"":""lemma"",""form"":null}]","[{""lexical_entry_id"":""oewn-give-v"",""written_form"":""give"",""source_pos"":""v""},{""lexical_entry_id"":""oewn-dedicate-v"",""written_form"":""dedicate"",""source_pos"":""v""},{""lexical_entry_id"":""oewn-consecrate-v"",""written_form"":""consecrate"",""source_pos"":""v""},{""lexical_entry_id"":""oewn-commit-v"",""written_form"":""commit"",""source_pos"":""v""},{""lexical_entry_id"":""oewn-devote-v"",""written_form"":""devote"",""source_pos"":""v""}]",unreviewed
77,give,77,oewn:2025:oewn-give__2.40.13..,oewn:oewn-give__2.40.13..,oewn-give__2.40.13..,oewn-02314354-v,i33278,oewn-give-v,give,v,v,verb,false,61576,19,false,verb.possession,"[{""text"":""give (as medicine)"",""source_sense_id"":null}]","[{""text"":""I gave him the drug"",""source"":null,""scope"":""synset""}]","[""gave"",""given""]","[{""value"":""ɡɪv"",""variety"":null,""notation"":null,""phonemic"":null,""audio"":null,""scope"":""lemma"",""form"":null}]","[{""lexical_entry_id"":""oewn-give-v"",""written_form"":""give"",""source_pos"":""v""}]",unreviewed
77,give,77,oewn:2025:oewn-give__2.40.14..,oewn:oewn-give__2.40.14..,oewn-give__2.40.14..,oewn-02314145-v,i33277,oewn-give-v,give,v,v,verb,false,61576,20,false,verb.possession,"[{""text"":""give or convey physically"",""source_sense_id"":null}]","[{""text"":""She gave him First Aid"",""source"":null,""scope"":""synset""},{""text"":""I gave him a punch in the nose"",""source"":null,""scope"":""synset""}]","[""gave"",""given""]","[{""value"":""ɡɪv"",""variety"":null,""notation"":null,""phonemic"":null,""audio"":null,""scope"":""lemma"",""form"":null}]","[{""lexical_entry_id"":""oewn-give-v"",""written_form"":""give"",""source_pos"":""v""},{""lexical_entry_id"":""oewn-apply-v"",""written_form"":""apply"",""source_pos"":""v""}]",unreviewed
77,give,77,oewn:2025:oewn-give__2.32.02..,oewn:oewn-give__2.32.02..,oewn-give__2.32.02..,oewn-01062618-v,i26887,oewn-give-v,give,v,v,verb,false,61576,21,false,verb.communication,"[{""text"":""bestow"",""source_sense_id"":null}]","[{""text"":""give homage"",""source"":null,""scope"":""synset""},{""text"":""render thanks"",""source"":null,""scope"":""synset""}]","[""gave"",""given""]","[{""value"":""ɡɪv"",""variety"":null,""notation"":null,""phonemic"":null,""audio"":null,""scope"":""lemma"",""form"":null}]","[{""lexical_entry_id"":""oewn-give-v"",""written_form"":""give"",""source_pos"":""v""},{""lexical_entry_id"":""oewn-render-v"",""written_form"":""render"",""source_pos"":""v""}]",unreviewed
77,give,77,oewn:2025:oewn-give__2.40.11..,oewn:oewn-give__2.40.11..,oewn-give__2.40.11..,oewn-02322074-v,i33320,oewn-give-v,give,v,v,verb,false,61576,22,false,verb.possession,"[{""text"":""bestow, especially officially"",""source_sense_id"":null}]","[{""text"":""grant a degree"",""source"":null,""scope"":""synset""},{""text"":""give a divorce"",""source"":null,""scope"":""synset""},{""text"":""This bill grants us new rights"",""source"":null,""scope"":""synset""}]","[""gave"",""given""]","[{""value"":""ɡɪv"",""variety"":null,""notation"":null,""phonemic"":null,""audio"":null,""scope"":""lemma"",""form"":null}]","[{""lexical_entry_id"":""oewn-grant-v"",""written_form"":""grant"",""source_pos"":""v""},{""lexical_entry_id"":""oewn-give-v"",""written_form"":""give"",""source_pos"":""v""}]",unreviewed
77,give,77,oewn:2025:oewn-give__2.38.00..,oewn:oewn-give__2.38.00..,oewn-give__2.38.00..,oewn-01852407-v,i30953,oewn-give-v,give,v,v,verb,false,61576,23,false,verb.motion,"[{""text"":""move in order to make room for someone for something"",""source_sense_id"":null}]","[{""text"":""The park gave way to a supermarket"",""source"":null,""scope"":""synset""},{""text"":""‘Move over,’ he told the crowd"",""source"":null,""scope"":""synset""}]","[""gave"",""given""]","[{""value"":""ɡɪv"",""variety"":null,""notation"":null,""phonemic"":null,""audio"":null,""scope"":""lemma"",""form"":null}]","[{""lexical_entry_id"":""oewn-move_over-v"",""written_form"":""move over"",""source_pos"":""v""},{""lexical_entry_id"":""oewn-give_way-v"",""written_form"":""give way"",""source_pos"":""v""},{""lexical_entry_id"":""oewn-give-v"",""written_form"":""give"",""source_pos"":""v""},{""lexical_entry_id"":""oewn-ease_up-v"",""written_form"":""ease up"",""source_pos"":""v""},{""lexical_entry_id"":""oewn-yield-v"",""written_form"":""yield"",""source_pos"":""v""}]",unreviewed
77,give,77,oewn:2025:oewn-give__2.34.00..,oewn:oewn-give__2.34.00..,oewn-give__2.34.00..,oewn-01180862-v,i27512,oewn-give-v,give,v,v,verb,false,61576,24,false,verb.consumption,"[{""text"":""give food to"",""source_sense_id"":null}]","[{""text"":""Feed the starving children in India"",""source"":null,""scope"":""synset""},{""text"":""don't give the child this tough meat"",""source"":null,""scope"":""synset""}]","[""gave"",""given""]","[{""value"":""ɡɪv"",""variety"":null,""notation"":null,""phonemic"":null,""audio"":null,""scope"":""lemma"",""form"":null}]","[{""lexical_entry_id"":""oewn-feed-v"",""written_form"":""feed"",""source_pos"":""v""},{""lexical_entry_id"":""oewn-give-v"",""written_form"":""give"",""source_pos"":""v""}]",unreviewed
77,give,77,oewn:2025:oewn-give__2.40.08..,oewn:oewn-give__2.40.08..,oewn-give__2.40.08..,oewn-02313721-v,i33275,oewn-give-v,give,v,v,verb,false,61576,25,false,verb.possession,"[{""text"":""contribute to some cause"",""source_sense_id"":null}]","[{""text"":""I gave at the office"",""source"":null,""scope"":""synset""}]","[""gave"",""given""]","[{""value"":""ɡɪv"",""variety"":null,""notation"":null,""phonemic"":null,""audio"":null,""scope"":""lemma"",""form"":null}]","[{""lexical_entry_id"":""oewn-contribute-v"",""written_form"":""contribute"",""source_pos"":""v""},{""lexical_entry_id"":""oewn-give-v"",""written_form"":""give"",""source_pos"":""v""},{""lexical_entry_id"":""oewn-chip_in-v"",""written_form"":""chip in"",""source_pos"":""v""},{""lexical_entry_id"":""oewn-kick_in-v"",""written_form"":""kick in"",""source_pos"":""v""}]",unreviewed
77,give,77,oewn:2025:oewn-give__2.38.13..,oewn:oewn-give__2.38.13..,oewn-give__2.38.13..,oewn-01993067-v,i31684,oewn-give-v,give,v,v,verb,false,61576,26,false,verb.motion,"[{""text"":""break down, literally or metaphorically"",""source_sense_id"":null}]","[{""text"":""The wall collapsed"",""source"":null,""scope"":""synset""},{""text"":""The business collapsed"",""source"":null,""scope"":""synset""},{""text"":""The dam broke"",""source"":null,""scope"":""synset""},{""text"":""The roof collapsed"",""source"":null,""scope"":""synset""},{""text"":""The wall gave in"",""source"":null,""scope"":""synset""},{""text"":""The roof finally gave under the weight of the ice"",""source"":null,""scope"":""synset""}]","[""gave"",""given""]","[{""value"":""ɡɪv"",""variety"":null,""notation"":null,""phonemic"":null,""audio"":null,""scope"":""lemma"",""form"":null}]","[{""lexical_entry_id"":""oewn-collapse-v"",""written_form"":""collapse"",""source_pos"":""v""},{""lexical_entry_id"":""oewn-fall_in-v"",""written_form"":""fall in"",""source_pos"":""v""},{""lexical_entry_id"":""oewn-cave_in-v"",""written_form"":""cave in"",""source_pos"":""v""},{""lexical_entry_id"":""oewn-give-v"",""written_form"":""give"",""source_pos"":""v""},{""lexical_entry_id"":""oewn-give_way-v"",""written_form"":""give way"",""source_pos"":""v""},{""lexical_entry_id"":""oewn-break-v"",""written_form"":""break"",""source_pos"":""v""},{""lexical_entry_id"":""oewn-founder-v"",""written_form"":""founder"",""source_pos"":""v""}]",unreviewed
77,give,77,oewn:2025:oewn-give__2.31.00..,oewn:oewn-give__2.31.00..,oewn-give__2.31.00..,oewn-00675490-v,i25086,oewn-give-v,give,v,v,verb,false,61576,27,false,verb.cognition,"[{""text"":""estimate the duration or outcome of something"",""source_sense_id"":null}]","[{""text"":""He gave the patient three months to live"",""source"":null,""scope"":""synset""},{""text"":""I gave him a very good chance at success"",""source"":null,""scope"":""synset""}]","[""gave"",""given""]","[{""value"":""ɡɪv"",""variety"":null,""notation"":null,""phonemic"":null,""audio"":null,""scope"":""lemma"",""form"":null}]","[{""lexical_entry_id"":""oewn-give-v"",""written_form"":""give"",""source_pos"":""v""}]",unreviewed
77,give,77,oewn:2025:oewn-give__2.41.10..,oewn:oewn-give__2.41.10..,oewn-give__2.41.10..,oewn-02569967-v,i34511,oewn-give-v,give,v,v,verb,false,61576,28,false,verb.social,"[{""text"":""execute and deliver"",""source_sense_id"":null}]","[{""text"":""Give bond"",""source"":null,""scope"":""synset""}]","[""gave"",""given""]","[{""value"":""ɡɪv"",""variety"":null,""notation"":null,""phonemic"":null,""audio"":null,""scope"":""lemma"",""form"":null}]","[{""lexical_entry_id"":""oewn-give-v"",""written_form"":""give"",""source_pos"":""v""}]",unreviewed
77,give,77,oewn:2025:oewn-give__2.40.12..,oewn:oewn-give__2.40.12..,oewn-give__2.40.12..,oewn-02364552-v,i33549,oewn-give-v,give,v,v,verb,false,61576,29,false,verb.possession,"[{""text"":""deliver in exchange or recompense"",""source_sense_id"":null}]","[{""text"":""I'll give you three books for four CDs"",""source"":null,""scope"":""synset""}]","[""gave"",""given""]","[{""value"":""ɡɪv"",""variety"":null,""notation"":null,""phonemic"":null,""audio"":null,""scope"":""lemma"",""form"":null}]","[{""lexical_entry_id"":""oewn-give-v"",""written_form"":""give"",""source_pos"":""v""}]",unreviewed
77,give,77,oewn:2025:oewn-give__2.36.13..,oewn:oewn-give__2.36.13..,oewn-give__2.36.13..,oewn-01720142-v,i30325,oewn-give-v,give,v,v,verb,false,61576,30,false,verb.creation,"[{""text"":""present to view"",""source_sense_id"":null}]","[{""text"":""He gave the sign to start"",""source"":null,""scope"":""synset""}]","[""gave"",""given""]","[{""value"":""ɡɪv"",""variety"":null,""notation"":null,""phonemic"":null,""audio"":null,""scope"":""lemma"",""form"":null}]","[{""lexical_entry_id"":""oewn-give-v"",""written_form"":""give"",""source_pos"":""v""}]",unreviewed
77,give,77,oewn:2025:oewn-give__2.36.12..,oewn:oewn-give__2.36.12..,oewn-give__2.36.12..,oewn-01719971-v,i30324,oewn-give-v,give,v,v,verb,false,61576,31,false,verb.creation,"[{""text"":""perform for an audience"",""source_sense_id"":null}]","[{""text"":""Pollini is giving another concert in New York"",""source"":null,""scope"":""synset""}]","[""gave"",""given""]","[{""value"":""ɡɪv"",""variety"":null,""notation"":null,""phonemic"":null,""audio"":null,""scope"":""lemma"",""form"":null}]","[{""lexical_entry_id"":""oewn-give-v"",""written_form"":""give"",""source_pos"":""v""}]",unreviewed
77,give,77,oewn:2025:oewn-give__2.35.00..,oewn:oewn-give__2.35.00..,oewn-give__2.35.00..,oewn-01452389-v,i28974,oewn-give-v,give,v,v,verb,false,61576,32,false,verb.contact,"[{""text"":""be flexible under stress of physical force"",""source_sense_id"":null}]","[{""text"":""This material doesn't give"",""source"":null,""scope"":""synset""}]","[""gave"",""given""]","[{""value"":""ɡɪv"",""variety"":null,""notation"":null,""phonemic"":null,""audio"":null,""scope"":""lemma"",""form"":null}]","[{""lexical_entry_id"":""oewn-give-v"",""written_form"":""give"",""source_pos"":""v""},{""lexical_entry_id"":""oewn-yield-v"",""written_form"":""yield"",""source_pos"":""v""}]",unreviewed
77,give,77,oewn:2025:oewn-give__2.34.10..,oewn:oewn-give__2.34.10..,oewn-give__2.34.10..,oewn-01178107-v,i27496,oewn-give-v,give,v,v,verb,false,61576,33,false,verb.consumption,"[{""text"":""propose"",""source_sense_id"":null}]","[{""text"":""He gave the first of many toasts at the birthday party"",""source"":null,""scope"":""synset""}]","[""gave"",""given""]","[{""value"":""ɡɪv"",""variety"":null,""notation"":null,""phonemic"":null,""audio"":null,""scope"":""lemma"",""form"":null}]","[{""lexical_entry_id"":""oewn-give-v"",""written_form"":""give"",""source_pos"":""v""}]",unreviewed
77,give,77,oewn:2025:oewn-give__2.32.11..,oewn:oewn-give__2.32.11..,oewn-give__2.32.11..,oewn-01071660-v,i26937,oewn-give-v,give,v,v,verb,false,61576,34,false,verb.communication,"[{""text"":""accord by verdict"",""source_sense_id"":null}]","[{""text"":""give a decision for the plaintiff"",""source"":null,""scope"":""synset""}]","[""gave"",""given""]","[{""value"":""ɡɪv"",""variety"":null,""notation"":null,""phonemic"":null,""audio"":null,""scope"":""lemma"",""form"":null}]","[{""lexical_entry_id"":""oewn-give-v"",""written_form"":""give"",""source_pos"":""v""}]",unreviewed
77,give,77,oewn:2025:oewn-give__2.32.08..,oewn:oewn-give__2.32.08..,oewn-give__2.32.08..,oewn-00946279-v,i26322,oewn-give-v,give,v,v,verb,false,61576,35,false,verb.communication,"[{""text"":""manifest or show"",""source_sense_id"":null}]","[{""text"":""This student gives promise of real creativity"",""source"":null,""scope"":""synset""},{""text"":""The office gave evidence of tampering"",""source"":null,""scope"":""synset""}]","[""gave"",""given""]","[{""value"":""ɡɪv"",""variety"":null,""notation"":null,""phonemic"":null,""audio"":null,""scope"":""lemma"",""form"":null}]","[{""lexical_entry_id"":""oewn-give-v"",""written_form"":""give"",""source_pos"":""v""}]",unreviewed
77,give,77,oewn:2025:oewn-give__2.32.15..,oewn:oewn-give__2.32.15..,oewn-give__2.32.15..,oewn-00889530-v,i26059,oewn-give-v,give,v,v,verb,false,61576,36,false,verb.communication,"[{""text"":""offer in good faith"",""source_sense_id"":null}]","[{""text"":""He gave her his word"",""source"":null,""scope"":""synset""}]","[""gave"",""given""]","[{""value"":""ɡɪv"",""variety"":null,""notation"":null,""phonemic"":null,""audio"":null,""scope"":""lemma"",""form"":null}]","[{""lexical_entry_id"":""oewn-give-v"",""written_form"":""give"",""source_pos"":""v""}]",unreviewed
77,give,77,oewn:2025:oewn-give__2.32.14..,oewn:oewn-give__2.32.14..,oewn-give__2.32.14..,oewn-00880397-v,i26013,oewn-give-v,give,v,v,verb,false,61576,37,false,verb.communication,"[{""text"":""submit for consideration, judgment, or use"",""source_sense_id"":null}]","[{""text"":""give one's opinion"",""source"":null,""scope"":""synset""},{""text"":""give an excuse"",""source"":null,""scope"":""synset""}]","[""gave"",""given""]","[{""value"":""ɡɪv"",""variety"":null,""notation"":null,""phonemic"":null,""audio"":null,""scope"":""lemma"",""form"":null}]","[{""lexical_entry_id"":""oewn-give-v"",""written_form"":""give"",""source_pos"":""v""}]",unreviewed
77,give,77,oewn:2025:oewn-give__2.32.09..,oewn:oewn-give__2.32.09..,oewn-give__2.32.09..,oewn-00773851-v,i25551,oewn-give-v,give,v,v,verb,false,61576,38,false,verb.communication,"[{""text"":""guide or direct, as by behavior of persuasion"",""source_sense_id"":null}]","[{""text"":""You gave me to think that you agreed with me"",""source"":null,""scope"":""synset""}]","[""gave"",""given""]","[{""value"":""ɡɪv"",""variety"":null,""notation"":null,""phonemic"":null,""audio"":null,""scope"":""lemma"",""form"":null}]","[{""lexical_entry_id"":""oewn-give-v"",""written_form"":""give"",""source_pos"":""v""}]",unreviewed
77,give,77,oewn:2025:oewn-give__2.32.07..,oewn:oewn-give__2.32.07..,oewn-give__2.32.07..,oewn-00750978-v,i25442,oewn-give-v,give,v,v,verb,false,61576,39,false,verb.communication,"[{""text"":""allow to have or take"",""source_sense_id"":null}]","[{""text"":""I give you two minutes to respond"",""source"":null,""scope"":""synset""}]","[""gave"",""given""]","[{""value"":""ɡɪv"",""variety"":null,""notation"":null,""phonemic"":null,""audio"":null,""scope"":""lemma"",""form"":null}]","[{""lexical_entry_id"":""oewn-give-v"",""written_form"":""give"",""source_pos"":""v""}]",unreviewed
77,give,77,oewn:2025:oewn-give__2.32.10..,oewn:oewn-give__2.32.10..,oewn-give__2.32.10..,oewn-00750622-v,i25440,oewn-give-v,give,v,v,verb,false,61576,40,false,verb.communication,"[{""text"":""inflict as a punishment"",""source_sense_id"":null}]","[{""text"":""She gave the boy a good spanking"",""source"":null,""scope"":""synset""},{""text"":""The judge gave me 10 years"",""source"":null,""scope"":""synset""}]","[""gave"",""given""]","[{""value"":""ɡɪv"",""variety"":null,""notation"":null,""phonemic"":null,""audio"":null,""scope"":""lemma"",""form"":null}]","[{""lexical_entry_id"":""oewn-give-v"",""written_form"":""give"",""source_pos"":""v""}]",unreviewed
77,give,77,oewn:2025:oewn-give__2.30.13..,oewn:oewn-give__2.30.13..,oewn-give__2.30.13..,oewn-00341976-v,i23439,oewn-give-v,give,v,v,verb,false,61576,41,false,verb.change,"[{""text"":""occur"",""source_sense_id"":null}]","[{""text"":""what gives?"",""source"":null,""scope"":""synset""}]","[""gave"",""given""]","[{""value"":""ɡɪv"",""variety"":null,""notation"":null,""phonemic"":null,""audio"":null,""scope"":""lemma"",""form"":null}]","[{""lexical_entry_id"":""oewn-give-v"",""written_form"":""give"",""source_pos"":""v""}]",unreviewed
77,give,77,oewn:2025:oewn-give__2.29.11..,oewn:oewn-give__2.29.11..,oewn-give__2.29.11..,oewn-00108551-v,i22320,oewn-give-v,give,v,v,verb,false,61576,42,false,verb.body,"[{""text"":""consent to engage in sexual intercourse with a man"",""source_sense_id"":null}]","[{""text"":""She gave herself to many men"",""source"":null,""scope"":""synset""}]","[""gave"",""given""]","[{""value"":""ɡɪv"",""variety"":null,""notation"":null,""phonemic"":null,""audio"":null,""scope"":""lemma"",""form"":null}]","[{""lexical_entry_id"":""oewn-give-v"",""written_form"":""give"",""source_pos"":""v""}]",unreviewed
77,give,77,oewn:2025:oewn-give__2.29.10..,oewn:oewn-give__2.29.10..,oewn-give__2.29.10..,oewn-00108408-v,i22319,oewn-give-v,give,v,v,verb,false,61576,43,false,verb.body,"[{""text"":""proffer (a body part)"",""source_sense_id"":null}]","[{""text"":""She gave her hand to her little sister"",""source"":null,""scope"":""synset""}]","[""gave"",""given""]","[{""value"":""ɡɪv"",""variety"":null,""notation"":null,""phonemic"":null,""audio"":null,""scope"":""lemma"",""form"":null}]","[{""lexical_entry_id"":""oewn-give-v"",""written_form"":""give"",""source_pos"":""v""}]",unreviewed
78,first,78,oewn:2025:oewn-first__3.00.00..,oewn:oewn-first__3.00.00..,oewn-first__3.00.00..,oewn-01014459-a,i5535,oewn-first-a,first,a,a,adjective,false,56955,1,false,adj.all,"[{""text"":""preceding all others in time or space or degree"",""source_sense_id"":null}]","[{""text"":""the first house on the right"",""source"":null,""scope"":""synset""},{""text"":""the first day of spring"",""source"":null,""scope"":""synset""},{""text"":""his first political race"",""source"":null,""scope"":""synset""},{""text"":""her first baby"",""source"":null,""scope"":""synset""},{""text"":""the first time"",""source"":null,""scope"":""synset""},{""text"":""the first meetings of the new party"",""source"":null,""scope"":""synset""},{""text"":""the first phase of his training"",""source"":null,""scope"":""synset""}]",[],[],"[{""lexical_entry_id"":""oewn-first-a"",""written_form"":""first"",""source_pos"":""a""},{""lexical_entry_id"":""oewn-1st-a"",""written_form"":""1st"",""source_pos"":""a""}]",unreviewed
78,first,78,oewn:2025:oewn-first__3.00.03..,oewn:oewn-first__3.00.03..,oewn-first__3.00.03..,oewn-01019807-a,i5559,oewn-first-a,first,a,a,adjective,false,56955,2,false,adj.all,"[{""text"":""highest in pitch or chief among parts or voices or instruments or orchestra sections"",""source_sense_id"":null}]","[{""text"":""first soprano"",""source"":null,""scope"":""synset""},{""text"":""the first violin section"",""source"":null,""scope"":""synset""},{""text"":""played first horn"",""source"":null,""scope"":""synset""}]",[],[],"[{""lexical_entry_id"":""oewn-first-a"",""written_form"":""first"",""source_pos"":""a""}]",unreviewed
78,first,78,oewn:2025:oewn-first__5.00.01.opening.00,oewn:oewn-first__5.00.01.opening.00,oewn-first__5.00.01.opening.00,oewn-01012803-s,i5527,oewn-first-a,first,a,s,adjective_satellite,true,56955,3,false,adj.all,"[{""text"":""serving to begin"",""source_sense_id"":null}]","[{""text"":""the beginning canto of the poem"",""source"":null,""scope"":""synset""},{""text"":""the first verse"",""source"":null,""scope"":""synset""}]",[],[],"[{""lexical_entry_id"":""oewn-beginning-a"",""written_form"":""beginning"",""source_pos"":""a""},{""lexical_entry_id"":""oewn-first-a"",""written_form"":""first"",""source_pos"":""a""}]",unreviewed
78,first,78,oewn:2025:oewn-first__5.00.00.best.00,oewn:oewn-first__5.00.00.best.00,oewn-first__5.00.00.best.00,oewn-00229886-s,i1254,oewn-first-a,first,a,s,adjective_satellite,true,56955,4,false,adj.all,"[{""text"":""ranking above all others"",""source_sense_id"":null}]","[{""text"":""was first in her class"",""source"":null,""scope"":""synset""},{""text"":""the foremost figure among marine artists"",""source"":null,""scope"":""synset""}]",[],[],"[{""lexical_entry_id"":""oewn-first-a"",""written_form"":""first"",""source_pos"":""a""},{""lexical_entry_id"":""oewn-foremost-a"",""written_form"":""foremost"",""source_pos"":""a""},{""lexical_entry_id"":""oewn-world-class-a"",""written_form"":""world-class"",""source_pos"":""a""}]",unreviewed
78,first,78,oewn:2025:oewn-first__5.00.02.opening.00,oewn:oewn-first__5.00.02.opening.00,oewn-first__5.00.02.opening.00,oewn-01012940-s,i5528,oewn-first-a,first,a,s,adjective_satellite,true,56955,5,false,adj.all,"[{""text"":""serving to set in motion"",""source_sense_id"":null}]","[{""text"":""the magazine's inaugural issue"",""source"":null,""scope"":""synset""},{""text"":""the initiative phase in the negotiations"",""source"":null,""scope"":""synset""},{""text"":""an initiatory step toward a treaty"",""source"":null,""scope"":""synset""},{""text"":""his first (or maiden) speech in Congress"",""source"":null,""scope"":""synset""},{""text"":""the liner's maiden voyage"",""source"":null,""scope"":""synset""}]",[],[],"[{""lexical_entry_id"":""oewn-inaugural-a"",""written_form"":""inaugural"",""source_pos"":""a""},{""lexical_entry_id"":""oewn-initiative-a"",""written_form"":""initiative"",""source_pos"":""a""},{""lexical_entry_id"":""oewn-initiatory-a"",""written_form"":""initiatory"",""source_pos"":""a""},{""lexical_entry_id"":""oewn-first-a"",""written_form"":""first"",""source_pos"":""a""},{""lexical_entry_id"":""oewn-maiden-a"",""written_form"":""maiden"",""source_pos"":""a""}]",unreviewed
78,first,78,oewn:2025:oewn-first__1.24.00..,oewn:oewn-first__1.24.00..,oewn-first__1.24.00..,oewn-13868396-n,i109678,oewn-first-n,first,n,n,noun,false,56963,1,false,noun.relation,"[{""text"":""the first or highest in an ordering or series"",""source_sense_id"":null}]","[{""text"":""He wanted to be the first"",""source"":null,""scope"":""synset""}]",[],[],"[{""lexical_entry_id"":""oewn-first-n"",""written_form"":""first"",""source_pos"":""n""},{""lexical_entry_id"":""oewn-number_one-n"",""written_form"":""number one"",""source_pos"":""n""}]",unreviewed
78,first,78,oewn:2025:oewn-first__1.23.00..,oewn:oewn-first__1.23.00..,oewn-first__1.23.00..,oewn-13618687-n,i108154,oewn-first-n,first,n,n,noun,false,56963,2,false,noun.quantity,"[{""text"":""the first element in a countable series"",""source_sense_id"":null}]","[{""text"":""the first of the month"",""source"":null,""scope"":""synset""}]",[],[],"[{""lexical_entry_id"":""oewn-first-n"",""written_form"":""first"",""source_pos"":""n""},{""lexical_entry_id"":""oewn-number_one-n"",""written_form"":""number one"",""source_pos"":""n""},{""lexical_entry_id"":""oewn-number_1-n"",""written_form"":""number 1"",""source_pos"":""n""}]",unreviewed
78,first,78,oewn:2025:oewn-first__1.28.00..,oewn:oewn-first__1.28.00..,oewn-first__1.28.00..,oewn-15290329-n,i117471,oewn-first-n,first,n,n,noun,false,56963,3,false,noun.time,"[{""text"":""the time at which something is supposed to begin"",""source_sense_id"":null}]","[{""text"":""they got an early start"",""source"":null,""scope"":""synset""},{""text"":""she knew from the get-go that he was the man for her"",""source"":null,""scope"":""synset""}]",[],[],"[{""lexical_entry_id"":""oewn-beginning-n"",""written_form"":""beginning"",""source_pos"":""n""},{""lexical_entry_id"":""oewn-commencement-n"",""written_form"":""commencement"",""source_pos"":""n""},{""lexical_entry_id"":""oewn-first-n"",""written_form"":""first"",""source_pos"":""n""},{""lexical_entry_id"":""oewn-outset-n"",""written_form"":""outset"",""source_pos"":""n""},{""lexical_entry_id"":""oewn-get-go-n"",""written_form"":""get-go"",""source_pos"":""n""},{""lexical_entry_id"":""oewn-start-n"",""written_form"":""start"",""source_pos"":""n""},{""lexical_entry_id"":""oewn-kickoff-n"",""written_form"":""kickoff"",""source_pos"":""n""},{""lexical_entry_id"":""oewn-starting_time-n"",""written_form"":""starting time"",""source_pos"":""n""},{""lexical_entry_id"":""oewn-showtime-n"",""written_form"":""showtime"",""source_pos"":""n""},{""lexical_entry_id"":""oewn-offset-n"",""written_form"":""offset"",""source_pos"":""n""}]",unreviewed
78,first,78,oewn:2025:oewn-first__1.04.00..,oewn:oewn-first__1.04.00..,oewn-first__1.04.00..,oewn-00724798-n,i39233,oewn-first-n,first,n,n,noun,false,56963,4,false,noun.act,"[{""text"":""the fielding position of the player on a baseball team who is stationed at first of the bases in the infield (counting counterclockwise from home plate)"",""source_sense_id"":null}]",[],[],[],"[{""lexical_entry_id"":""oewn-first_base-n"",""written_form"":""first base"",""source_pos"":""n""},{""lexical_entry_id"":""oewn-first-n"",""written_form"":""first"",""source_pos"":""n""}]",unreviewed
78,first,78,oewn:2025:oewn-first__1.10.00..,oewn:oewn-first__1.10.00..,oewn-first__1.10.00..,oewn-06712932-n,i71700,oewn-first-n,first,n,n,noun,false,56963,5,false,noun.communication,"[{""text"":""an honours degree of the highest class"",""source_sense_id"":null}]",[],[],[],"[{""lexical_entry_id"":""oewn-first-n"",""written_form"":""first"",""source_pos"":""n""},{""lexical_entry_id"":""oewn-first-class_honours_degree-n"",""written_form"":""first-class honours degree"",""source_pos"":""n""}]",unreviewed
78,first,78,oewn:2025:oewn-first__1.06.00..,oewn:oewn-first__1.06.00..,oewn-first__1.06.00..,oewn-03354857-n,i53767,oewn-first-n,first,n,n,noun,false,56963,6,false,noun.artifact,"[{""text"":""the lowest forward gear ratio in the gear box of a motor vehicle; used to start a car moving"",""source_sense_id"":null}]",[],[],[],"[{""lexical_entry_id"":""oewn-first_gear-n"",""written_form"":""first gear"",""source_pos"":""n""},{""lexical_entry_id"":""oewn-first-n"",""written_form"":""first"",""source_pos"":""n""},{""lexical_entry_id"":""oewn-low_gear-n"",""written_form"":""low gear"",""source_pos"":""n""},{""lexical_entry_id"":""oewn-low-n"",""written_form"":""low"",""source_pos"":""n""}]",unreviewed
78,first,78,oewn:2025:oewn-first__4.02.00..,oewn:oewn-first__4.02.00..,oewn-first__4.02.00..,oewn-00103286-r,i18782,oewn-first-r,first,r,r,adverb,false,56967,1,false,adv.all,"[{""text"":""before anything else"",""source_sense_id"":null}]","[{""text"":""first we must consider the garter snake"",""source"":null,""scope"":""synset""}]",[],[],"[{""lexical_entry_id"":""oewn-first-r"",""written_form"":""first"",""source_pos"":""r""},{""lexical_entry_id"":""oewn-firstly-r"",""written_form"":""firstly"",""source_pos"":""r""},{""lexical_entry_id"":""oewn-foremost-r"",""written_form"":""foremost"",""source_pos"":""r""},{""lexical_entry_id"":""oewn-first_of_all-r"",""written_form"":""first of all"",""source_pos"":""r""},{""lexical_entry_id"":""oewn-first_off-r"",""written_form"":""first off"",""source_pos"":""r""}]",unreviewed
78,first,78,oewn:2025:oewn-first__4.02.02..,oewn:oewn-first__4.02.02..,oewn-first__4.02.02..,oewn-00104262-r,i18789,oewn-first-r,first,r,r,adverb,false,56967,2,false,adv.all,"[{""text"":""the initial time"",""source_sense_id"":null}]","[{""text"":""when Felix first saw a garter snake"",""source"":null,""scope"":""synset""}]",[],[],"[{""lexical_entry_id"":""oewn-first-r"",""written_form"":""first"",""source_pos"":""r""}]",unreviewed
78,first,78,oewn:2025:oewn-first__4.02.03..,oewn:oewn-first__4.02.03..,oewn-first__4.02.03..,oewn-00509461-r,i21690,oewn-first-r,first,r,r,adverb,false,56967,3,false,adv.all,"[{""text"":""before another in time, space, or importance"",""source_sense_id"":null}]","[{""text"":""I was here first"",""source"":null,""scope"":""synset""},{""text"":""let's do this job first"",""source"":null,""scope"":""synset""}]",[],[],"[{""lexical_entry_id"":""oewn-first-r"",""written_form"":""first"",""source_pos"":""r""}]",unreviewed
78,first,78,oewn:2025:oewn-first__4.02.01..,oewn:oewn-first__4.02.01..,oewn-first__4.02.01..,oewn-00256094-r,i19905,oewn-first-r,first,r,r,adverb,false,56967,4,false,adv.all,"[{""text"":""prominently forward"",""source_sense_id"":null}]","[{""text"":""he put his best foot foremost"",""source"":null,""scope"":""synset""}]",[],[],"[{""lexical_entry_id"":""oewn-foremost-r"",""written_form"":""foremost"",""source_pos"":""r""},{""lexical_entry_id"":""oewn-first-r"",""written_form"":""first"",""source_pos"":""r""}]",unreviewed
79,new,79,oewn:2025:oewn-new__3.00.00..,oewn:oewn-new__3.00.00..,oewn-new__3.00.00..,oewn-01645077-a,i8983,oewn-new-a,new,a,a,adjective,false,86502,1,false,adj.all,"[{""text"":""not of long duration; having just (or relatively recently) come into being or been made or acquired or discovered"",""source_sense_id"":null}]","[{""text"":""a new law"",""source"":null,""scope"":""synset""},{""text"":""new cars"",""source"":null,""scope"":""synset""},{""text"":""a new comet"",""source"":null,""scope"":""synset""},{""text"":""a new friend"",""source"":null,""scope"":""synset""},{""text"":""a new year"",""source"":null,""scope"":""synset""},{""text"":""the New World"",""source"":null,""scope"":""synset""}]",[],"[{""value"":""njuː"",""variety"":""GB"",""notation"":null,""phonemic"":null,""audio"":null,""scope"":""lemma"",""form"":null},{""value"":""n(j)u"",""variety"":""US"",""notation"":null,""phonemic"":null,""audio"":null,""scope"":""lemma"",""form"":null}]","[{""lexical_entry_id"":""oewn-new-a"",""written_form"":""new"",""source_pos"":""a""}]",unreviewed
79,new,79,oewn:2025:oewn-new__3.00.09..,oewn:oewn-new__3.00.09..,oewn-new__3.00.09..,oewn-02595137-a,i14344,oewn-new-a,new,a,a,adjective,false,86502,2,false,adj.all,"[{""text"":""unaffected by use or exposure"",""source_sense_id"":null}]","[{""text"":""it looks like new"",""source"":null,""scope"":""synset""}]",[],"[{""value"":""njuː"",""variety"":""GB"",""notation"":null,""phonemic"":null,""audio"":null,""scope"":""lemma"",""form"":null},{""value"":""n(j)u"",""variety"":""US"",""notation"":null,""phonemic"":null,""audio"":null,""scope"":""lemma"",""form"":null}]","[{""lexical_entry_id"":""oewn-new-a"",""written_form"":""new"",""source_pos"":""a""}]",unreviewed
79,new,79,oewn:2025:oewn-new__5.00.00.original.00,oewn:oewn-new__5.00.00.original.00,oewn-new__5.00.00.original.00,oewn-01691809-s,i9239,oewn-new-a,new,a,s,adjective_satellite,true,86502,3,false,adj.all,"[{""text"":""original and of a kind not seen before"",""source_sense_id"":null}]","[{""text"":""the computer produced a completely novel proof of a well-known theorem"",""source"":null,""scope"":""synset""}]",[],"[{""value"":""njuː"",""variety"":""GB"",""notation"":null,""phonemic"":null,""audio"":null,""scope"":""lemma"",""form"":null},{""value"":""n(j)u"",""variety"":""US"",""notation"":null,""phonemic"":null,""audio"":null,""scope"":""lemma"",""form"":null}]","[{""lexical_entry_id"":""oewn-fresh-a"",""written_form"":""fresh"",""source_pos"":""a""},{""lexical_entry_id"":""oewn-new-a"",""written_form"":""new"",""source_pos"":""a""},{""lexical_entry_id"":""oewn-novel-a"",""written_form"":""novel"",""source_pos"":""a""}]",unreviewed
79,new,79,oewn:2025:oewn-new__5.00.00.inexperienced.00,oewn:oewn-new__5.00.00.inexperienced.00,oewn-new__5.00.00.inexperienced.00,oewn-00940455-s,i5135,oewn-new-a,new,a,s,adjective_satellite,true,86502,4,false,adj.all,"[{""text"":""lacking training or experience"",""source_sense_id"":null}]","[{""text"":""the new men were eager to fight"",""source"":null,""scope"":""synset""},{""text"":""raw recruits"",""source"":null,""scope"":""synset""}]",[],"[{""value"":""njuː"",""variety"":""GB"",""notation"":null,""phonemic"":null,""audio"":null,""scope"":""lemma"",""form"":null},{""value"":""n(j)u"",""variety"":""US"",""notation"":null,""phonemic"":null,""audio"":null,""scope"":""lemma"",""form"":null}]","[{""lexical_entry_id"":""oewn-raw-a"",""written_form"":""raw"",""source_pos"":""a""},{""lexical_entry_id"":""oewn-new-a"",""written_form"":""new"",""source_pos"":""a""}]",unreviewed
79,new,79,oewn:2025:oewn-new__5.00.00.unprecedented.00,oewn:oewn-new__5.00.00.unprecedented.00,oewn-new__5.00.00.unprecedented.00,oewn-00129805-s,i682,oewn-new-a,new,a,s,adjective_satellite,true,86502,5,false,adj.all,"[{""text"":""having no previous example or precedent or parallel"",""source_sense_id"":null}]","[{""text"":""a time of unexampled prosperity"",""source"":null,""scope"":""synset""}]",[],"[{""value"":""njuː"",""variety"":""GB"",""notation"":null,""phonemic"":null,""audio"":null,""scope"":""lemma"",""form"":null},{""value"":""n(j)u"",""variety"":""US"",""notation"":null,""phonemic"":null,""audio"":null,""scope"":""lemma"",""form"":null}]","[{""lexical_entry_id"":""oewn-new-a"",""written_form"":""new"",""source_pos"":""a""},{""lexical_entry_id"":""oewn-unexampled-a"",""written_form"":""unexampled"",""source_pos"":""a""}]",unreviewed
79,new,79,oewn:2025:oewn-new__5.00.00.other.00,oewn:oewn-new__5.00.00.other.00,oewn-new__5.00.00.other.00,oewn-02077895-s,i11346,oewn-new-a,new,a,s,adjective_satellite,true,86502,6,false,adj.all,"[{""text"":""other than the former one(s); different"",""source_sense_id"":null}]","[{""text"":""they now have a new leaders"",""source"":null,""scope"":""synset""},{""text"":""my new car is four years old but has only 15,000 miles on it"",""source"":null,""scope"":""synset""},{""text"":""ready to take a new direction"",""source"":null,""scope"":""synset""}]",[],"[{""value"":""njuː"",""variety"":""GB"",""notation"":null,""phonemic"":null,""audio"":null,""scope"":""lemma"",""form"":null},{""value"":""n(j)u"",""variety"":""US"",""notation"":null,""phonemic"":null,""audio"":null,""scope"":""lemma"",""form"":null}]","[{""lexical_entry_id"":""oewn-new-a"",""written_form"":""new"",""source_pos"":""a""}]",unreviewed
79,new,79,oewn:2025:oewn-new__5.00.00.early.02,oewn:oewn-new__5.00.00.early.02,oewn-new__5.00.00.early.02,oewn-00821577-s,i4502,oewn-new-a,new,a,s,adjective_satellite,true,86502,7,false,adj.all,"[{""text"":""(of crops) harvested at an early stage of development; before complete maturity"",""source_sense_id"":null}]","[{""text"":""new potatoes"",""source"":null,""scope"":""synset""},{""text"":""young corn"",""source"":null,""scope"":""synset""}]",[],"[{""value"":""njuː"",""variety"":""GB"",""notation"":null,""phonemic"":null,""audio"":null,""scope"":""lemma"",""form"":null},{""value"":""n(j)u"",""variety"":""US"",""notation"":null,""phonemic"":null,""audio"":null,""scope"":""lemma"",""form"":null}]","[{""lexical_entry_id"":""oewn-new-a"",""written_form"":""new"",""source_pos"":""a""},{""lexical_entry_id"":""oewn-young-a"",""written_form"":""young"",""source_pos"":""a""}]",unreviewed
79,new,79,oewn:2025:oewn-new__5.00.00.unaccustomed-sp-to.00,oewn:oewn-new__5.00.00.unaccustomed-sp-to.00,oewn-new__5.00.00.unaccustomed-sp-to.00,oewn-00025079-s,i119,oewn-new-a,new,a,s,adjective_satellite,true,86502,8,false,adj.all,"[{""text"":""(often followed by ‘to’) unfamiliar"",""source_sense_id"":null}]","[{""text"":""new experiences"",""source"":null,""scope"":""synset""},{""text"":""experiences new to him"",""source"":null,""scope"":""synset""},{""text"":""errors of someone new to the job"",""source"":null,""scope"":""synset""}]",[],"[{""value"":""njuː"",""variety"":""GB"",""notation"":null,""phonemic"":null,""audio"":null,""scope"":""lemma"",""form"":null},{""value"":""n(j)u"",""variety"":""US"",""notation"":null,""phonemic"":null,""audio"":null,""scope"":""lemma"",""form"":null}]","[{""lexical_entry_id"":""oewn-new-a"",""written_form"":""new"",""source_pos"":""a""}]",unreviewed
79,new,79,oewn:2025:oewn-new__4.02.00..,oewn:oewn-new__4.02.00..,oewn-new__4.02.00..,oewn-00113522-r,i18853,oewn-new-r,new,r,r,adverb,false,86506,1,false,adv.all,"[{""text"":""very recently"",""source_sense_id"":null}]","[{""text"":""they are newly married"",""source"":null,""scope"":""synset""},{""text"":""newly raised objections"",""source"":null,""scope"":""synset""},{""text"":""a newly arranged hairdo"",""source"":null,""scope"":""synset""},{""text"":""grass new washed by the rain"",""source"":null,""scope"":""synset""},{""text"":""a freshly cleaned floor"",""source"":null,""scope"":""synset""},{""text"":""we are fresh out of tomatoes"",""source"":null,""scope"":""synset""}]",[],"[{""value"":""njuː"",""variety"":""GB"",""notation"":null,""phonemic"":null,""audio"":null,""scope"":""lemma"",""form"":null},{""value"":""n(j)u"",""variety"":""US"",""notation"":null,""phonemic"":null,""audio"":null,""scope"":""lemma"",""form"":null}]","[{""lexical_entry_id"":""oewn-newly-r"",""written_form"":""newly"",""source_pos"":""r""},{""lexical_entry_id"":""oewn-freshly-r"",""written_form"":""freshly"",""source_pos"":""r""},{""lexical_entry_id"":""oewn-fresh-r"",""written_form"":""fresh"",""source_pos"":""r""},{""lexical_entry_id"":""oewn-new-r"",""written_form"":""new"",""source_pos"":""r""}]",unreviewed
80,way,80,oewn:2025:oewn-way__1.07.01..,oewn:oewn-way__1.07.01..,oewn-way__1.07.01..,oewn-04936080-n,i62886,oewn-way-n,way,n,n,noun,false,132696,1,false,noun.attribute,"[{""text"":""how something is done or how it happens"",""source_sense_id"":null}]","[{""text"":""her dignified manner"",""source"":null,""scope"":""synset""},{""text"":""his rapid manner of talking"",""source"":null,""scope"":""synset""},{""text"":""their nomadic mode of existence"",""source"":null,""scope"":""synset""},{""text"":""in the characteristic New York style"",""source"":null,""scope"":""synset""},{""text"":""a lonely way of life"",""source"":null,""scope"":""synset""},{""text"":""in an abrasive fashion"",""source"":null,""scope"":""synset""}]",[],[],"[{""lexical_entry_id"":""oewn-manner-n"",""written_form"":""manner"",""source_pos"":""n""},{""lexical_entry_id"":""oewn-mode-n"",""written_form"":""mode"",""source_pos"":""n""},{""lexical_entry_id"":""oewn-style-n"",""written_form"":""style"",""source_pos"":""n""},{""lexical_entry_id"":""oewn-way-n"",""written_form"":""way"",""source_pos"":""n""},{""lexical_entry_id"":""oewn-fashion-n"",""written_form"":""fashion"",""source_pos"":""n""}]",unreviewed
80,way,80,oewn:2025:oewn-way__1.04.01..,oewn:oewn-way__1.04.01..,oewn-way__1.04.01..,oewn-00173531-n,i36321,oewn-way-n,way,n,n,noun,false,132696,2,false,noun.act,"[{""text"":""to have the ability to produce a particular effect or achieve an end"",""source_sense_id"":null}]","[{""text"":""a means of control"",""source"":null,""scope"":""synset""},{""text"":""an example is the best agency of instruction"",""source"":null,""scope"":""synset""},{""text"":""the true way to success"",""source"":null,""scope"":""synset""}]",[],[],"[{""lexical_entry_id"":""oewn-means-n"",""written_form"":""means"",""source_pos"":""n""},{""lexical_entry_id"":""oewn-agency-n"",""written_form"":""agency"",""source_pos"":""n""},{""lexical_entry_id"":""oewn-way-n"",""written_form"":""way"",""source_pos"":""n""}]",unreviewed
80,way,80,oewn:2025:oewn-way__1.15.00..,oewn:oewn-way__1.15.00..,oewn-way__1.15.00..,oewn-08697710-n,i82556,oewn-way-n,way,n,n,noun,false,132696,3,false,noun.location,"[{""text"":""a line leading to a place or point"",""source_sense_id"":null}]","[{""text"":""he looked the other direction"",""source"":null,""scope"":""synset""},{""text"":""didn't know the way home"",""source"":null,""scope"":""synset""}]",[],[],"[{""lexical_entry_id"":""oewn-direction-n"",""written_form"":""direction"",""source_pos"":""n""},{""lexical_entry_id"":""oewn-way-n"",""written_form"":""way"",""source_pos"":""n""}]",unreviewed
80,way,80,oewn:2025:oewn-way__1.26.00..,oewn:oewn-way__1.26.00..,oewn-way__1.26.00..,oewn-13962637-n,i110198,oewn-way-n,way,n,n,noun,false,132696,4,false,noun.state,"[{""text"":""the condition of things generally"",""source_sense_id"":null}]","[{""text"":""that's the way it is"",""source"":null,""scope"":""synset""},{""text"":""I felt the same way"",""source"":null,""scope"":""synset""}]",[],[],"[{""lexical_entry_id"":""oewn-way-n"",""written_form"":""way"",""source_pos"":""n""}]",unreviewed
80,way,80,oewn:2025:oewn-way__1.04.00..,oewn:oewn-way__1.04.00..,oewn-way__1.04.00..,oewn-00416689-n,i37589,oewn-way-n,way,n,n,noun,false,132696,5,false,noun.act,"[{""text"":""a course of conduct"",""source_sense_id"":null}]","[{""text"":""the path of virtue"",""source"":null,""scope"":""synset""},{""text"":""we went our separate ways"",""source"":null,""scope"":""synset""},{""text"":""our paths in life led us apart"",""source"":null,""scope"":""synset""},{""text"":""genius usually follows a revolutionary path"",""source"":null,""scope"":""synset""}]",[],[],"[{""lexical_entry_id"":""oewn-way-n"",""written_form"":""way"",""source_pos"":""n""},{""lexical_entry_id"":""oewn-path-n"",""written_form"":""path"",""source_pos"":""n""},{""lexical_entry_id"":""oewn-way_of_life-n"",""written_form"":""way of life"",""source_pos"":""n""}]",unreviewed
80,way,80,oewn:2025:oewn-way__1.06.00..,oewn:oewn-way__1.06.00..,oewn-way__1.06.00..,oewn-04571984-n,i61035,oewn-way-n,way,n,n,noun,false,132696,6,false,noun.artifact,"[{""text"":""any artifact consisting of a road or path affording passage from one place to another"",""source_sense_id"":null}]","[{""text"":""he said he was looking for the way out"",""source"":null,""scope"":""synset""}]",[],[],"[{""lexical_entry_id"":""oewn-way-n"",""written_form"":""way"",""source_pos"":""n""}]",unreviewed
80,way,80,oewn:2025:oewn-way__1.04.02..,oewn:oewn-way__1.04.02..,oewn-way__1.04.02..,oewn-00313517-n,i37052,oewn-way-n,way,n,n,noun,false,132696,7,false,noun.act,"[{""text"":""a journey or passage"",""source_sense_id"":null}]","[{""text"":""they are on the way"",""source"":null,""scope"":""synset""}]",[],[],"[{""lexical_entry_id"":""oewn-way-n"",""written_form"":""way"",""source_pos"":""n""}]",unreviewed
80,way,80,oewn:2025:oewn-way__1.23.00..,oewn:oewn-way__1.23.00..,oewn-way__1.23.00..,oewn-13799976-n,i109312,oewn-way-n,way,n,n,noun,false,132696,8,false,noun.quantity,"[{""text"":""space for movement"",""source_sense_id"":null}]","[{""text"":""room to pass"",""source"":null,""scope"":""synset""},{""text"":""make way for"",""source"":null,""scope"":""synset""},{""text"":""hardly enough elbow room to turn around"",""source"":null,""scope"":""synset""}]",[],[],"[{""lexical_entry_id"":""oewn-room-n"",""written_form"":""room"",""source_pos"":""n""},{""lexical_entry_id"":""oewn-way-n"",""written_form"":""way"",""source_pos"":""n""},{""lexical_entry_id"":""oewn-elbow_room-n"",""written_form"":""elbow room"",""source_pos"":""n""}]",unreviewed
80,way,80,oewn:2025:oewn-way__1.07.02..,oewn:oewn-way__1.07.02..,oewn-way__1.07.02..,oewn-05091940-n,i63716,oewn-way-n,way,n,n,noun,false,132696,9,false,noun.attribute,"[{""text"":""the property of distance in general"",""source_sense_id"":null}]","[{""text"":""it's a long way to Moscow"",""source"":null,""scope"":""synset""},{""text"":""he went a long ways"",""source"":null,""scope"":""synset""}]",[],[],"[{""lexical_entry_id"":""oewn-way-n"",""written_form"":""way"",""source_pos"":""n""}]",unreviewed
80,way,80,oewn:2025:oewn-way__1.09.00..,oewn:oewn-way__1.09.00..,oewn-way__1.09.00..,oewn-05799772-n,i67321,oewn-way-n,way,n,n,noun,false,132696,10,false,noun.cognition,"[{""text"":""doing as one pleases or chooses"",""source_sense_id"":null}]","[{""text"":""if I had my way"",""source"":null,""scope"":""synset""}]",[],[],"[{""lexical_entry_id"":""oewn-way-n"",""written_form"":""way"",""source_pos"":""n""}]",unreviewed
80,way,80,oewn:2025:oewn-way__1.09.01..,oewn:oewn-way__1.09.01..,oewn-way__1.09.01..,oewn-05848419-n,i67563,oewn-way-n,way,n,n,noun,false,132696,11,false,noun.cognition,"[{""text"":""a general category of things; used in the expression ‘in the way of’"",""source_sense_id"":null}]","[{""text"":""they didn't have much in the way of clothing"",""source"":null,""scope"":""synset""}]",[],[],"[{""lexical_entry_id"":""oewn-way-n"",""written_form"":""way"",""source_pos"":""n""}]",unreviewed
80,way,80,oewn:2025:oewn-way__1.21.00..,oewn:oewn-way__1.21.00..,oewn-way__1.21.00..,oewn-13306996-n,i106488,oewn-way-n,way,n,n,noun,false,132696,12,false,noun.possession,"[{""text"":""a portion of something divided into shares"",""source_sense_id"":null}]","[{""text"":""they split the loot three ways"",""source"":null,""scope"":""synset""}]",[],[],"[{""lexical_entry_id"":""oewn-way-n"",""written_form"":""way"",""source_pos"":""n""}]",unreviewed
80,way,80,oewn:2025:oewn-way__4.02.00..,oewn:oewn-way__4.02.00..,oewn-way__4.02.00..,oewn-00102302-r,i18776,oewn-way-r,way,r,r,adverb,false,132698,1,false,adv.all,"[{""text"":""to a great degree or by a great distance; very much (‘right smart’ is regional in the United States)"",""source_sense_id"":null}]","[{""text"":""way over budget"",""source"":null,""scope"":""synset""},{""text"":""way off base"",""source"":null,""scope"":""synset""},{""text"":""the other side of the hill is right smart steeper than the side we are on"",""source"":null,""scope"":""synset""}]",[],[],"[{""lexical_entry_id"":""oewn-way-r"",""written_form"":""way"",""source_pos"":""r""},{""lexical_entry_id"":""oewn-right_smart-r"",""written_form"":""right smart"",""source_pos"":""r""}]",unreviewed
81,find,81,oewn:2025:oewn-find__1.09.00..,oewn:oewn-find__1.09.00..,oewn-find__1.09.00..,oewn-05816226-n,i67404,oewn-find-n,find,n,n,noun,false,56693,1,false,noun.cognition,"[{""text"":""a productive insight"",""source_sense_id"":null}]",[],[],"[{""value"":""faɪnd"",""variety"":null,""notation"":null,""phonemic"":null,""audio"":null,""scope"":""lemma"",""form"":null}]","[{""lexical_entry_id"":""oewn-discovery-n"",""written_form"":""discovery"",""source_pos"":""n""},{""lexical_entry_id"":""oewn-breakthrough-n"",""written_form"":""breakthrough"",""source_pos"":""n""},{""lexical_entry_id"":""oewn-find-n"",""written_form"":""find"",""source_pos"":""n""}]",unreviewed
81,find,81,oewn:2025:oewn-find__1.04.00..,oewn:oewn-find__1.04.00..,oewn-find__1.04.00..,oewn-00043933-n,i35636,oewn-find-n,find,n,n,noun,false,56693,2,false,noun.act,"[{""text"":""the act of discovering something"",""source_sense_id"":null}]",[],[],"[{""value"":""faɪnd"",""variety"":null,""notation"":null,""phonemic"":null,""audio"":null,""scope"":""lemma"",""form"":null}]","[{""lexical_entry_id"":""oewn-discovery-n"",""written_form"":""discovery"",""source_pos"":""n""},{""lexical_entry_id"":""oewn-find-n"",""written_form"":""find"",""source_pos"":""n""},{""lexical_entry_id"":""oewn-uncovering-n"",""written_form"":""uncovering"",""source_pos"":""n""}]",unreviewed
81,find,81,oewn:2025:oewn-find__2.40.02..,oewn:oewn-find__2.40.02..,oewn-find__2.40.02..,oewn-02253273-v,i32979,oewn-find-v,find,v,v,verb,false,56694,1,false,verb.possession,"[{""text"":""come upon, as if by accident; meet with"",""source_sense_id"":null}]","[{""text"":""We find this idea in Plato"",""source"":null,""scope"":""synset""},{""text"":""I happened upon the most wonderful bakery not very far from here"",""source"":null,""scope"":""synset""},{""text"":""She chanced upon an interesting book in the bookstore the other day"",""source"":null,""scope"":""synset""}]","[""found""]","[{""value"":""faɪnd"",""variety"":null,""notation"":null,""phonemic"":null,""audio"":null,""scope"":""lemma"",""form"":null}]","[{""lexical_entry_id"":""oewn-find-v"",""written_form"":""find"",""source_pos"":""v""},{""lexical_entry_id"":""oewn-happen-v"",""written_form"":""happen"",""source_pos"":""v""},{""lexical_entry_id"":""oewn-chance-v"",""written_form"":""chance"",""source_pos"":""v""},{""lexical_entry_id"":""oewn-bump-v"",""written_form"":""bump"",""source_pos"":""v""},{""lexical_entry_id"":""oewn-encounter-v"",""written_form"":""encounter"",""source_pos"":""v""}]",unreviewed
81,find,81,oewn:2025:oewn-find__2.39.02..,oewn:oewn-find__2.39.02..,oewn-find__2.39.02..,oewn-02158938-v,i32526,oewn-find-v,find,v,v,verb,false,56694,2,false,verb.perception,"[{""text"":""discover or determine the existence, presence, or fact of by perception with the eyes"",""source_sense_id"":null}]","[{""text"":""She detected high levels of lead in her drinking water"",""source"":null,""scope"":""synset""},{""text"":""We found traces of lead in the paint"",""source"":null,""scope"":""synset""}]","[""found""]","[{""value"":""faɪnd"",""variety"":null,""notation"":null,""phonemic"":null,""audio"":null,""scope"":""lemma"",""form"":null}]","[{""lexical_entry_id"":""oewn-detect-v"",""written_form"":""detect"",""source_pos"":""v""},{""lexical_entry_id"":""oewn-observe-v"",""written_form"":""observe"",""source_pos"":""v""},{""lexical_entry_id"":""oewn-find-v"",""written_form"":""find"",""source_pos"":""v""},{""lexical_entry_id"":""oewn-discover-v"",""written_form"":""discover"",""source_pos"":""v""},{""lexical_entry_id"":""oewn-notice-v"",""written_form"":""notice"",""source_pos"":""v""}]",unreviewed
81,find,81,oewn:2025:oewn-find__2.40.00..,oewn:oewn-find__2.40.00..,oewn-find__2.40.00..,oewn-02290474-v,i33162,oewn-find-v,find,v,v,verb,false,56694,3,false,verb.possession,"[{""text"":""come upon after searching; find the location of something that was missed or lost"",""source_sense_id"":null}]","[{""text"":""Did you find your glasses?"",""source"":null,""scope"":""synset""},{""text"":""I cannot find my gloves!"",""source"":null,""scope"":""synset""}]","[""found""]","[{""value"":""faɪnd"",""variety"":null,""notation"":null,""phonemic"":null,""audio"":null,""scope"":""lemma"",""form"":null}]","[{""lexical_entry_id"":""oewn-find-v"",""written_form"":""find"",""source_pos"":""v""},{""lexical_entry_id"":""oewn-regain-v"",""written_form"":""regain"",""source_pos"":""v""}]",unreviewed
81,find,81,oewn:2025:oewn-find__2.32.00..,oewn:oewn-find__2.32.00..,oewn-find__2.32.00..,oewn-00920843-v,i26207,oewn-find-v,find,v,v,verb,false,56694,4,false,verb.communication,"[{""text"":""establish after a calculation, investigation, experiment, survey, or study"",""source_sense_id"":null}]","[{""text"":""find the product of two numbers"",""source"":null,""scope"":""synset""},{""text"":""The physicist who found the elusive particle won the Nobel Prize"",""source"":null,""scope"":""synset""}]","[""found""]","[{""value"":""faɪnd"",""variety"":null,""notation"":null,""phonemic"":null,""audio"":null,""scope"":""lemma"",""form"":null}]","[{""lexical_entry_id"":""oewn-determine-v"",""written_form"":""determine"",""source_pos"":""v""},{""lexical_entry_id"":""oewn-find-v"",""written_form"":""find"",""source_pos"":""v""},{""lexical_entry_id"":""oewn-find_out-v"",""written_form"":""find out"",""source_pos"":""v""},{""lexical_entry_id"":""oewn-ascertain-v"",""written_form"":""ascertain"",""source_pos"":""v""}]",unreviewed
81,find,81,oewn:2025:oewn-find__2.31.10..,oewn:oewn-find__2.31.10..,oewn-find__2.31.10..,oewn-00717144-v,i25279,oewn-find-v,find,v,v,verb,false,56694,5,false,verb.cognition,"[{""text"":""come to believe on the basis of emotion, intuitions, or indefinite grounds"",""source_sense_id"":null}]","[{""text"":""I feel that he doesn't like me"",""source"":null,""scope"":""synset""},{""text"":""I find him to be obnoxious"",""source"":null,""scope"":""synset""},{""text"":""I found the movie rather entertaining"",""source"":null,""scope"":""synset""}]","[""found""]","[{""value"":""faɪnd"",""variety"":null,""notation"":null,""phonemic"":null,""audio"":null,""scope"":""lemma"",""form"":null}]","[{""lexical_entry_id"":""oewn-find-v"",""written_form"":""find"",""source_pos"":""v""},{""lexical_entry_id"":""oewn-feel-v"",""written_form"":""feel"",""source_pos"":""v""}]",unreviewed
81,find,81,oewn:2025:oewn-find__2.39.01..,oewn:oewn-find__2.39.01..,oewn-find__2.39.01..,oewn-02133338-v,i32401,oewn-find-v,find,v,v,verb,false,56694,6,false,verb.perception,"[{""text"":""perceive or be contemporaneous with"",""source_sense_id"":null}]","[{""text"":""We found Republicans winning the offices"",""source"":null,""scope"":""synset""},{""text"":""You'll see a lot of cheating in this school"",""source"":null,""scope"":""synset""},{""text"":""The 1960's saw the rebellion of the younger generation against established traditions"",""source"":null,""scope"":""synset""},{""text"":""I want to see results"",""source"":null,""scope"":""synset""}]","[""found""]","[{""value"":""faɪnd"",""variety"":null,""notation"":null,""phonemic"":null,""audio"":null,""scope"":""lemma"",""form"":null}]","[{""lexical_entry_id"":""oewn-witness-v"",""written_form"":""witness"",""source_pos"":""v""},{""lexical_entry_id"":""oewn-find-v"",""written_form"":""find"",""source_pos"":""v""},{""lexical_entry_id"":""oewn-see-v"",""written_form"":""see"",""source_pos"":""v""}]",unreviewed
81,find,81,oewn:2025:oewn-find__2.40.01..,oewn:oewn-find__2.40.01..,oewn-find__2.40.01..,oewn-02218118-v,i32811,oewn-find-v,find,v,v,verb,false,56694,7,false,verb.possession,"[{""text"":""get something or somebody for a specific purpose"",""source_sense_id"":null}]","[{""text"":""I found this gadget that will serve as a bottle opener"",""source"":null,""scope"":""synset""},{""text"":""I got hold of these tools to fix our plumbing"",""source"":null,""scope"":""synset""},{""text"":""The chairman got hold of a secretary on Friday night to type the urgent letter"",""source"":null,""scope"":""synset""}]","[""found""]","[{""value"":""faɪnd"",""variety"":null,""notation"":null,""phonemic"":null,""audio"":null,""scope"":""lemma"",""form"":null}]","[{""lexical_entry_id"":""oewn-line_up-v"",""written_form"":""line up"",""source_pos"":""v""},{""lexical_entry_id"":""oewn-get_hold-v"",""written_form"":""get hold"",""source_pos"":""v""},{""lexical_entry_id"":""oewn-come_up-v"",""written_form"":""come up"",""source_pos"":""v""},{""lexical_entry_id"":""oewn-find-v"",""written_form"":""find"",""source_pos"":""v""}]",unreviewed
81,find,81,oewn:2025:oewn-find__2.36.00..,oewn:oewn-find__2.36.00..,oewn-find__2.36.00..,oewn-01641524-v,i29932,oewn-find-v,find,v,v,verb,false,56694,8,false,verb.creation,"[{""text"":""make a discovery, make a new finding"",""source_sense_id"":null}]","[{""text"":""Roentgen discovered X-rays"",""source"":null,""scope"":""synset""},{""text"":""Physicists believe they found a new elementary particle"",""source"":null,""scope"":""synset""}]","[""found""]","[{""value"":""faɪnd"",""variety"":null,""notation"":null,""phonemic"":null,""audio"":null,""scope"":""lemma"",""form"":null}]","[{""lexical_entry_id"":""oewn-discover-v"",""written_form"":""discover"",""source_pos"":""v""},{""lexical_entry_id"":""oewn-find-v"",""written_form"":""find"",""source_pos"":""v""}]",unreviewed
81,find,81,oewn:2025:oewn-find__2.40.03..,oewn:oewn-find__2.40.03..,oewn-find__2.40.03..,oewn-02217057-v,i32806,oewn-find-v,find,v,v,verb,false,56694,9,false,verb.possession,"[{""text"":""obtain through effort or management"",""source_sense_id"":null}]","[{""text"":""She found the time and energy to take care of her aging parents"",""source"":null,""scope"":""synset""},{""text"":""We found the money to send our sons to college"",""source"":null,""scope"":""synset""}]","[""found""]","[{""value"":""faɪnd"",""variety"":null,""notation"":null,""phonemic"":null,""audio"":null,""scope"":""lemma"",""form"":null}]","[{""lexical_entry_id"":""oewn-find-v"",""written_form"":""find"",""source_pos"":""v""}]",unreviewed
81,find,81,oewn:2025:oewn-find__2.32.01..,oewn:oewn-find__2.32.01..,oewn-find__2.32.01..,oewn-00974031-v,i26452,oewn-find-v,find,v,v,verb,false,56694,10,false,verb.communication,"[{""text"":""decide on and make a declaration about"",""source_sense_id"":null}]","[{""text"":""find someone guilty"",""source"":null,""scope"":""synset""}]","[""found""]","[{""value"":""faɪnd"",""variety"":null,""notation"":null,""phonemic"":null,""audio"":null,""scope"":""lemma"",""form"":null}]","[{""lexical_entry_id"":""oewn-rule-v"",""written_form"":""rule"",""source_pos"":""v""},{""lexical_entry_id"":""oewn-find-v"",""written_form"":""find"",""source_pos"":""v""}]",unreviewed
81,find,81,oewn:2025:oewn-find__2.30.00..,oewn:oewn-find__2.30.00..,oewn-find__2.30.00..,oewn-00523831-v,i24333,oewn-find-v,find,v,v,verb,false,56694,11,false,verb.change,"[{""text"":""receive a specified treatment (abstract)"",""source_sense_id"":null}]","[{""text"":""These aspects of civilization do not find expression or receive an interpretation"",""source"":null,""scope"":""synset""},{""text"":""His movie received a good review"",""source"":null,""scope"":""synset""},{""text"":""I got nothing but trouble for my good intentions"",""source"":null,""scope"":""synset""}]","[""found""]","[{""value"":""faɪnd"",""variety"":null,""notation"":null,""phonemic"":null,""audio"":null,""scope"":""lemma"",""form"":null}]","[{""lexical_entry_id"":""oewn-receive-v"",""written_form"":""receive"",""source_pos"":""v""},{""lexical_entry_id"":""oewn-get-v"",""written_form"":""get"",""source_pos"":""v""},{""lexical_entry_id"":""oewn-find-v"",""written_form"":""find"",""source_pos"":""v""},{""lexical_entry_id"":""oewn-obtain-v"",""written_form"":""obtain"",""source_pos"":""v""},{""lexical_entry_id"":""oewn-incur-v"",""written_form"":""incur"",""source_pos"":""v""}]",unreviewed
81,find,81,oewn:2025:oewn-find__2.39.05..,oewn:oewn-find__2.39.05..,oewn-find__2.39.05..,oewn-02202295-v,i32745,oewn-find-v,find,v,v,verb,false,56694,12,false,verb.perception,"[{""text"":""perceive oneself to be in a certain condition or place"",""source_sense_id"":null}]","[{""text"":""I found myself in a difficult situation"",""source"":null,""scope"":""synset""},{""text"":""When he woke up, he found himself in a hospital room"",""source"":null,""scope"":""synset""}]","[""found""]","[{""value"":""faɪnd"",""variety"":null,""notation"":null,""phonemic"":null,""audio"":null,""scope"":""lemma"",""form"":null}]","[{""lexical_entry_id"":""oewn-find-v"",""written_form"":""find"",""source_pos"":""v""}]",unreviewed
81,find,81,oewn:2025:oewn-find__2.40.15..,oewn:oewn-find__2.40.15..,oewn-find__2.40.15..,oewn-02252785-v,i32977,oewn-find-v,find,v,v,verb,false,56694,13,false,verb.possession,"[{""text"":""get or find back; recover the use of"",""source_sense_id"":null}]","[{""text"":""She regained control of herself"",""source"":null,""scope"":""synset""},{""text"":""She found her voice and replied quickly"",""source"":null,""scope"":""synset""}]","[""found""]","[{""value"":""faɪnd"",""variety"":null,""notation"":null,""phonemic"":null,""audio"":null,""scope"":""lemma"",""form"":null}]","[{""lexical_entry_id"":""oewn-recover-v-1"",""written_form"":""recover"",""source_pos"":""v""},{""lexical_entry_id"":""oewn-retrieve-v"",""written_form"":""retrieve"",""source_pos"":""v""},{""lexical_entry_id"":""oewn-find-v"",""written_form"":""find"",""source_pos"":""v""},{""lexical_entry_id"":""oewn-regain-v"",""written_form"":""regain"",""source_pos"":""v""}]",unreviewed
81,find,81,oewn:2025:oewn-find__2.38.10..,oewn:oewn-find__2.38.10..,oewn-find__2.38.10..,oewn-02025505-v,i31847,oewn-find-v,find,v,v,verb,false,56694,14,false,verb.motion,"[{""text"":""succeed in reaching; arrive at"",""source_sense_id"":null}]","[{""text"":""The arrow found its mark"",""source"":null,""scope"":""synset""}]","[""found""]","[{""value"":""faɪnd"",""variety"":null,""notation"":null,""phonemic"":null,""audio"":null,""scope"":""lemma"",""form"":null}]","[{""lexical_entry_id"":""oewn-find-v"",""written_form"":""find"",""source_pos"":""v""}]",unreviewed
81,find,81,oewn:2025:oewn-find__2.30.13..,oewn:oewn-find__2.30.13..,oewn-find__2.30.13..,oewn-00251577-v,i22971,oewn-find-v,find,v,v,verb,false,56694,15,false,verb.change,"[{""text"":""accept and make use of one's personality, abilities, and situation"",""source_sense_id"":null}]","[{""text"":""My son went to Berkeley to find himself"",""source"":null,""scope"":""synset""}]","[""found""]","[{""value"":""faɪnd"",""variety"":null,""notation"":null,""phonemic"":null,""audio"":null,""scope"":""lemma"",""form"":null}]","[{""lexical_entry_id"":""oewn-find_oneself-v"",""written_form"":""find oneself"",""source_pos"":""v""},{""lexical_entry_id"":""oewn-find-v"",""written_form"":""find"",""source_pos"":""v""}]",unreviewed
82,over,82,oewn:2025:oewn-over__5.00.01.finished.01,oewn:oewn-over__5.00.01.finished.01,oewn-over__5.00.01.finished.01,oewn-01006696-s,i5493,oewn-over-a,over,a,s,adjective_satellite,true,90461,1,false,adj.all,"[{""text"":""having come or been brought to a conclusion"",""source_sense_id"":null}]","[{""text"":""the harvesting was complete"",""source"":null,""scope"":""synset""},{""text"":""the affair is over, ended, finished"",""source"":null,""scope"":""synset""},{""text"":""the abruptly terminated interview"",""source"":null,""scope"":""synset""}]",[],[],"[{""lexical_entry_id"":""oewn-complete-a"",""written_form"":""complete"",""source_pos"":""a""},{""lexical_entry_id"":""oewn-concluded-a"",""written_form"":""concluded"",""source_pos"":""a""},{""lexical_entry_id"":""oewn-ended-a"",""written_form"":""ended"",""source_pos"":""a""},{""lexical_entry_id"":""oewn-over-a"",""written_form"":""over"",""source_pos"":""a""},{""lexical_entry_id"":""oewn-all_over-a"",""written_form"":""all over"",""source_pos"":""a""},{""lexical_entry_id"":""oewn-terminated-a"",""written_form"":""terminated"",""source_pos"":""a""}]",unreviewed
82,over,82,oewn:2025:oewn-over__1.28.00..,oewn:oewn-over__1.28.00..,oewn-over__1.28.00..,oewn-15283505-n,i117430,oewn-over-n,over,n,n,noun,false,90466,1,false,noun.time,"[{""text"":""(cricket) the division of play during which six balls are bowled at the batsman by one player from the other team from the same end of the pitch"",""source_sense_id"":null}]",[],[],[],"[{""lexical_entry_id"":""oewn-over-n"",""written_form"":""over"",""source_pos"":""n""}]",unreviewed
82,over,82,oewn:2025:oewn-over__4.02.01..,oewn:oewn-over__4.02.01..,oewn-over__4.02.01..,oewn-00228167-r,i19697,oewn-over-r,over,r,r,adverb,false,90467,1,false,adv.all,"[{""text"":""at or to a point across intervening space etc."",""source_sense_id"":null}]","[{""text"":""come over and see us some time"",""source"":null,""scope"":""synset""},{""text"":""over there"",""source"":null,""scope"":""synset""}]",[],[],"[{""lexical_entry_id"":""oewn-over-r"",""written_form"":""over"",""source_pos"":""r""}]",unreviewed
82,over,82,oewn:2025:oewn-over__4.02.02..,oewn:oewn-over__4.02.02..,oewn-over__4.02.02..,oewn-00228294-r,i19698,oewn-over-r,over,r,r,adverb,false,90467,2,false,adv.all,"[{""text"":""throughout an area"",""source_sense_id"":null}]","[{""text"":""he is known the world over"",""source"":null,""scope"":""synset""}]",[],[],"[{""lexical_entry_id"":""oewn-over-r"",""written_form"":""over"",""source_pos"":""r""}]",unreviewed
82,over,82,oewn:2025:oewn-over__4.02.00..,oewn:oewn-over__4.02.00..,oewn-over__4.02.00..,oewn-00228075-r,i19696,oewn-over-r,over,r,r,adverb,false,90467,3,false,adv.all,"[{""text"":""throughout a period of time"",""source_sense_id"":null}]","[{""text"":""stay over the weekend"",""source"":null,""scope"":""synset""}]",[],[],"[{""lexical_entry_id"":""oewn-over-r"",""written_form"":""over"",""source_pos"":""r""},{""lexical_entry_id"":""oewn-o-ap-er-r"",""written_form"":""o'er"",""source_pos"":""r""}]",unreviewed
82,over,82,oewn:2025:oewn-over__4.02.04..,oewn:oewn-over__4.02.04..,oewn-over__4.02.04..,oewn-00228375-r,i19699,oewn-over-r,over,r,r,adverb,false,90467,4,false,adv.all,"[{""text"":""beyond the top or upper surface or edge; forward from an upright position"",""source_sense_id"":null}]","[{""text"":""a roof that hangs over"",""source"":null,""scope"":""synset""}]",[],[],"[{""lexical_entry_id"":""oewn-over-r"",""written_form"":""over"",""source_pos"":""r""}]",unreviewed
82,over,82,oewn:2025:oewn-over__4.02.05..,oewn:oewn-over__4.02.05..,oewn-over__4.02.05..,oewn-00199469-r,i19506,oewn-over-r,over,r,r,adverb,false,90467,5,false,adv.all,"[{""text"":""over the entire area"",""source_sense_id"":null}]","[{""text"":""the wallpaper was covered all over with flowers"",""source"":null,""scope"":""synset""},{""text"":""she ached all over"",""source"":null,""scope"":""synset""},{""text"":""everything was dusted over with a fine layer of soot"",""source"":null,""scope"":""synset""}]",[],[],"[{""lexical_entry_id"":""oewn-all_over-r"",""written_form"":""all over"",""source_pos"":""r""},{""lexical_entry_id"":""oewn-over-r"",""written_form"":""over"",""source_pos"":""r""}]",unreviewed
83,any,83,oewn:2025:oewn-any__5.00.00.some.00,oewn:oewn-any__5.00.00.some.00,oewn-any__5.00.00.some.00,oewn-02275443-s,i12554,oewn-any-a,any,a,s,adjective_satellite,true,22406,1,false,adj.all,"[{""text"":""one or some or every or all without specification; entity, elective existential pronoun; quantifier, elective existential"",""source_sense_id"":null}]","[{""text"":""give me any peaches you don't want"",""source"":null,""scope"":""synset""},{""text"":""not any milk is left"",""source"":null,""scope"":""synset""},{""text"":""any child would know that"",""source"":null,""scope"":""synset""},{""text"":""pick any card"",""source"":null,""scope"":""synset""},{""text"":""any day now"",""source"":null,""scope"":""synset""},{""text"":""cars can be rented at almost any airport"",""source"":null,""scope"":""synset""},{""text"":""at twilight or any other time"",""source"":null,""scope"":""synset""},{""text"":""beyond any doubt"",""source"":null,""scope"":""synset""},{""text"":""need any help we can get"",""source"":null,""scope"":""synset""},{""text"":""give me whatever peaches you don't want"",""source"":null,""scope"":""synset""},{""text"":""no milk whatsoever is left"",""source"":null,""scope"":""synset""}]",[],[],"[{""lexical_entry_id"":""oewn-any-a"",""written_form"":""any"",""source_pos"":""a""},{""lexical_entry_id"":""oewn-whatever-a"",""written_form"":""whatever"",""source_pos"":""a""},{""lexical_entry_id"":""oewn-whatsoever-a"",""written_form"":""whatsoever"",""source_pos"":""a""}]",unreviewed
83,any,83,oewn:2025:oewn-any__4.02.00..,oewn:oewn-any__4.02.00..,oewn-any__4.02.00..,oewn-00024868-r,i18283,oewn-any-r,any,r,r,adverb,false,22408,1,false,adv.all,"[{""text"":""to any degree or extent"",""source_sense_id"":null}]","[{""text"":""it isn't any better"",""source"":null,""scope"":""synset""}]",[],"[{""value"":""ˈɛnɪ"",""variety"":""GB"",""notation"":null,""phonemic"":null,""audio"":null,""scope"":""lemma"",""form"":null},{""value"":""ˈæni"",""variety"":""IE"",""notation"":null,""phonemic"":null,""audio"":null,""scope"":""lemma"",""form"":null},{""value"":""ˈɛni"",""variety"":""US"",""notation"":null,""phonemic"":null,""audio"":null,""scope"":""lemma"",""form"":null}]","[{""lexical_entry_id"":""oewn-any-r"",""written_form"":""any"",""source_pos"":""r""}]",unreviewed
84,after,84,oewn:2025:oewn-after__5.00.00.aft.00,oewn:oewn-after__5.00.00.aft.00,oewn-after__5.00.00.aft.00,oewn-01037224-s,i5660,oewn-after-a,after,a,s,adjective_satellite,true,19547,1,false,adj.all,"[{""text"":""located farther aft"",""source_sense_id"":null}]",[],"[""after""]","[{""value"":""ˈæf.tə(ɹ)"",""variety"":""GB"",""notation"":null,""phonemic"":null,""audio"":null,""scope"":""lemma"",""form"":null},{""value"":""ˈæf.tɚ"",""variety"":""US"",""notation"":null,""phonemic"":null,""audio"":null,""scope"":""lemma"",""form"":null}]","[{""lexical_entry_id"":""oewn-after-a"",""written_form"":""after"",""source_pos"":""a""}]",unreviewed
84,after,84,oewn:2025:oewn-after__4.02.01..,oewn:oewn-after__4.02.01..,oewn-after__4.02.01..,oewn-00061741-r,i18505,oewn-after-r,after,r,r,adverb,false,19549,1,false,adv.all,"[{""text"":""happening at a time subsequent to a reference time"",""source_sense_id"":null}]","[{""text"":""he apologized subsequently"",""source"":null,""scope"":""synset""},{""text"":""he's going to the store but he'll be back here later"",""source"":null,""scope"":""synset""},{""text"":""it didn't happen until afterward"",""source"":null,""scope"":""synset""},{""text"":""two hours after that"",""source"":null,""scope"":""synset""}]",[],"[{""value"":""ˈæf.tə(ɹ)"",""variety"":""GB"",""notation"":null,""phonemic"":null,""audio"":null,""scope"":""lemma"",""form"":null},{""value"":""ˈæf.tɚ"",""variety"":""US"",""notation"":null,""phonemic"":null,""audio"":null,""scope"":""lemma"",""form"":null}]","[{""lexical_entry_id"":""oewn-subsequently-r"",""written_form"":""subsequently"",""source_pos"":""r""},{""lexical_entry_id"":""oewn-later-r"",""written_form"":""later"",""source_pos"":""r""},{""lexical_entry_id"":""oewn-afterwards-r"",""written_form"":""afterwards"",""source_pos"":""r""},{""lexical_entry_id"":""oewn-afterward-r"",""written_form"":""afterward"",""source_pos"":""r""},{""lexical_entry_id"":""oewn-after-r"",""written_form"":""after"",""source_pos"":""r""},{""lexical_entry_id"":""oewn-later_on-r"",""written_form"":""later on"",""source_pos"":""r""}]",unreviewed
84,after,84,oewn:2025:oewn-after__4.02.00..,oewn:oewn-after__4.02.00..,oewn-after__4.02.00..,oewn-00510603-r,i21699,oewn-after-r,after,r,r,adverb,false,19549,2,false,adv.all,"[{""text"":""behind or in the rear"",""source_sense_id"":null}]","[{""text"":""and Jill came tumbling after"",""source"":null,""scope"":""synset""}]",[],"[{""value"":""ˈæf.tə(ɹ)"",""variety"":""GB"",""notation"":null,""phonemic"":null,""audio"":null,""scope"":""lemma"",""form"":null},{""value"":""ˈæf.tɚ"",""variety"":""US"",""notation"":null,""phonemic"":null,""audio"":null,""scope"":""lemma"",""form"":null}]","[{""lexical_entry_id"":""oewn-after-r"",""written_form"":""after"",""source_pos"":""r""}]",unreviewed
85,day,85,oewn:2025:oewn-day__1.28.00..,oewn:oewn-day__1.28.00..,oewn-day__1.28.00..,oewn-15180180-n,i116858,oewn-day-n,day,n,n,noun,false,44913,1,false,noun.time,"[{""text"":""time for Earth to make a complete rotation on its axis"",""source_sense_id"":null}]","[{""text"":""two days later they left"",""source"":null,""scope"":""synset""},{""text"":""they put on two performances every day"",""source"":null,""scope"":""synset""},{""text"":""there are 30,000 passengers per day"",""source"":null,""scope"":""synset""}]",[],"[{""value"":""deɪ"",""variety"":null,""notation"":null,""phonemic"":null,""audio"":null,""scope"":""lemma"",""form"":null}]","[{""lexical_entry_id"":""oewn-day-n"",""written_form"":""day"",""source_pos"":""n""},{""lexical_entry_id"":""oewn-twenty-four_hours-n"",""written_form"":""twenty-four hours"",""source_pos"":""n""},{""lexical_entry_id"":""oewn-twenty-four_hour_period-n"",""written_form"":""twenty-four hour period"",""source_pos"":""n""},{""lexical_entry_id"":""oewn-24-hour_interval-n"",""written_form"":""24-hour interval"",""source_pos"":""n""},{""lexical_entry_id"":""oewn-solar_day-n"",""written_form"":""solar day"",""source_pos"":""n""},{""lexical_entry_id"":""oewn-mean_solar_day-n"",""written_form"":""mean solar day"",""source_pos"":""n""}]",unreviewed
85,day,85,oewn:2025:oewn-day__1.28.03..,oewn:oewn-day__1.28.03..,oewn-day__1.28.03..,oewn-15148032-n,i116670,oewn-day-n,day,n,n,noun,false,44913,2,false,noun.time,"[{""text"":""a point or period in time"",""source_sense_id"":null}]","[{""text"":""it should arrive any day now"",""source"":null,""scope"":""synset""},{""text"":""after that day she never trusted him again"",""source"":null,""scope"":""synset""},{""text"":""those were the days"",""source"":null,""scope"":""synset""},{""text"":""these days it is not unusual"",""source"":null,""scope"":""synset""}]",[],"[{""value"":""deɪ"",""variety"":null,""notation"":null,""phonemic"":null,""audio"":null,""scope"":""lemma"",""form"":null}]","[{""lexical_entry_id"":""oewn-day-n"",""written_form"":""day"",""source_pos"":""n""}]",unreviewed
85,day,85,oewn:2025:oewn-day__1.28.01..,oewn:oewn-day__1.28.01..,oewn-day__1.28.01..,oewn-15182185-n,i116868,oewn-day-n,day,n,n,noun,false,44913,3,false,noun.time,"[{""text"":""a day assigned to a particular purpose or observance"",""source_sense_id"":null}]","[{""text"":""Mother's Day"",""source"":null,""scope"":""synset""}]",[],"[{""value"":""deɪ"",""variety"":null,""notation"":null,""phonemic"":null,""audio"":null,""scope"":""lemma"",""form"":null}]","[{""lexical_entry_id"":""oewn-day-n"",""written_form"":""day"",""source_pos"":""n""}]",unreviewed
85,day,85,oewn:2025:oewn-day__1.28.02..,oewn:oewn-day__1.28.02..,oewn-day__1.28.02..,oewn-15190004-n,i116907,oewn-day-n,day,n,n,noun,false,44913,4,false,noun.time,"[{""text"":""the time after sunrise and before sunset while it is light outside"",""source_sense_id"":null}]","[{""text"":""the dawn turned night into day"",""source"":null,""scope"":""synset""},{""text"":""it is easier to make the repairs in the daytime"",""source"":null,""scope"":""synset""}]",[],"[{""value"":""deɪ"",""variety"":null,""notation"":null,""phonemic"":null,""audio"":null,""scope"":""lemma"",""form"":null}]","[{""lexical_entry_id"":""oewn-day-n"",""written_form"":""day"",""source_pos"":""n""},{""lexical_entry_id"":""oewn-daytime-n"",""written_form"":""daytime"",""source_pos"":""n""},{""lexical_entry_id"":""oewn-daylight-n"",""written_form"":""daylight"",""source_pos"":""n""}]",unreviewed
85,day,85,oewn:2025:oewn-day__1.28.04..,oewn:oewn-day__1.28.04..,oewn-day__1.28.04..,oewn-15161405-n,i116740,oewn-day-n,day,n,n,noun,false,44913,5,false,noun.time,"[{""text"":""the recurring hours when you are not sleeping (especially those when you are working)"",""source_sense_id"":null}]","[{""text"":""my day began early this morning"",""source"":null,""scope"":""synset""},{""text"":""it was a busy day on the stock exchange"",""source"":null,""scope"":""synset""},{""text"":""she called it a day and went to bed"",""source"":null,""scope"":""synset""}]",[],"[{""value"":""deɪ"",""variety"":null,""notation"":null,""phonemic"":null,""audio"":null,""scope"":""lemma"",""form"":null}]","[{""lexical_entry_id"":""oewn-day-n"",""written_form"":""day"",""source_pos"":""n""}]",unreviewed
85,day,85,oewn:2025:oewn-day__1.28.05..,oewn:oewn-day__1.28.05..,oewn-day__1.28.05..,oewn-15274047-n,i117379,oewn-day-n,day,n,n,noun,false,44913,6,false,noun.time,"[{""text"":""an era of existence or influence"",""source_sense_id"":null}]","[{""text"":""in the day of the dinosaurs"",""source"":null,""scope"":""synset""},{""text"":""in the days of the Roman Empire"",""source"":null,""scope"":""synset""},{""text"":""in the days of sailing ships"",""source"":null,""scope"":""synset""},{""text"":""he was a successful pianist in his day"",""source"":null,""scope"":""synset""}]",[],"[{""value"":""deɪ"",""variety"":null,""notation"":null,""phonemic"":null,""audio"":null,""scope"":""lemma"",""form"":null}]","[{""lexical_entry_id"":""oewn-day-n"",""written_form"":""day"",""source_pos"":""n""}]",unreviewed
85,day,85,oewn:2025:oewn-day__1.28.07..,oewn:oewn-day__1.28.07..,oewn-day__1.28.07..,oewn-15233336-n,i117144,oewn-day-n,day,n,n,noun,false,44913,7,false,noun.time,"[{""text"":""the period of time taken by a particular planet (e.g. Mars) to make a complete rotation on its axis"",""source_sense_id"":null}]","[{""text"":""how long is a day on Jupiter?"",""source"":null,""scope"":""synset""}]",[],"[{""value"":""deɪ"",""variety"":null,""notation"":null,""phonemic"":null,""audio"":null,""scope"":""lemma"",""form"":null}]","[{""lexical_entry_id"":""oewn-day-n"",""written_form"":""day"",""source_pos"":""n""}]",unreviewed
85,day,85,oewn:2025:oewn-day__1.28.06..,oewn:oewn-day__1.28.06..,oewn-day__1.28.06..,oewn-15233129-n,i117143,oewn-day-n,day,n,n,noun,false,44913,8,false,noun.time,"[{""text"":""the time for one complete rotation of the earth relative to a particular star, about 4 minutes shorter than a mean solar day"",""source_sense_id"":null}]",[],[],"[{""value"":""deɪ"",""variety"":null,""notation"":null,""phonemic"":null,""audio"":null,""scope"":""lemma"",""form"":null}]","[{""lexical_entry_id"":""oewn-sidereal_day-n"",""written_form"":""sidereal day"",""source_pos"":""n""},{""lexical_entry_id"":""oewn-day-n"",""written_form"":""day"",""source_pos"":""n""}]",unreviewed
85,day,85,oewn:2025:oewn-day__1.26.00..,oewn:oewn-day__1.26.00..,oewn-day__1.26.00..,oewn-14508100-n,i113116,oewn-day-n,day,n,n,noun,false,44913,9,false,noun.state,"[{""text"":""a period of opportunity"",""source_sense_id"":null}]","[{""text"":""he deserves his day in court"",""source"":null,""scope"":""synset""},{""text"":""every dog has his day"",""source"":null,""scope"":""synset""}]",[],"[{""value"":""deɪ"",""variety"":null,""notation"":null,""phonemic"":null,""audio"":null,""scope"":""lemma"",""form"":null}]","[{""lexical_entry_id"":""oewn-day-n"",""written_form"":""day"",""source_pos"":""n""}]",unreviewed
87,thing,87,oewn:2025:oewn-thing__1.26.00..,oewn:oewn-thing__1.26.00..,oewn-thing__1.26.00..,oewn-13967020-n,i110218,oewn-thing-n,thing,n,n,noun,false,122897,1,false,noun.state,"[{""text"":""a special situation"",""source_sense_id"":null}]","[{""text"":""this thing has got to end"",""source"":null,""scope"":""synset""},{""text"":""it is a remarkable thing"",""source"":null,""scope"":""synset""}]",[],"[{""value"":""θɪŋ"",""variety"":null,""notation"":null,""phonemic"":null,""audio"":null,""scope"":""lemma"",""form"":null}]","[{""lexical_entry_id"":""oewn-thing-n"",""written_form"":""thing"",""source_pos"":""n""}]",unreviewed
87,thing,87,oewn:2025:oewn-thing__1.04.00..,oewn:oewn-thing__1.04.00..,oewn-thing__1.04.00..,oewn-00034778-n,i35596,oewn-thing-n,thing,n,n,noun,false,122897,2,false,noun.act,"[{""text"":""an action"",""source_sense_id"":null}]","[{""text"":""how could you do such a thing?"",""source"":null,""scope"":""synset""}]",[],"[{""value"":""θɪŋ"",""variety"":null,""notation"":null,""phonemic"":null,""audio"":null,""scope"":""lemma"",""form"":null}]","[{""lexical_entry_id"":""oewn-thing-n"",""written_form"":""thing"",""source_pos"":""n""}]",unreviewed
87,thing,87,oewn:2025:oewn-thing__1.09.00..,oewn:oewn-thing__1.09.00..,oewn-thing__1.09.00..,oewn-05863569-n,i67639,oewn-thing-n,thing,n,n,noun,false,122897,3,false,noun.cognition,"[{""text"":""a special abstraction"",""source_sense_id"":null}]","[{""text"":""a thing of the spirit"",""source"":null,""scope"":""synset""},{""text"":""things of the heart"",""source"":null,""scope"":""synset""}]",[],"[{""value"":""θɪŋ"",""variety"":null,""notation"":null,""phonemic"":null,""audio"":null,""scope"":""lemma"",""form"":null}]","[{""lexical_entry_id"":""oewn-thing-n"",""written_form"":""thing"",""source_pos"":""n""}]",unreviewed
87,thing,87,oewn:2025:oewn-thing__1.06.00..,oewn:oewn-thing__1.06.00..,oewn-thing__1.06.00..,oewn-04431353-n,i60191,oewn-thing-n,thing,n,n,noun,false,122897,4,false,noun.artifact,"[{""text"":""an artifact"",""source_sense_id"":null}]","[{""text"":""how does this thing work?"",""source"":null,""scope"":""synset""}]",[],"[{""value"":""θɪŋ"",""variety"":null,""notation"":null,""phonemic"":null,""audio"":null,""scope"":""lemma"",""form"":null}]","[{""lexical_entry_id"":""oewn-thing-n"",""written_form"":""thing"",""source_pos"":""n""}]",unreviewed
87,thing,87,oewn:2025:oewn-thing__1.11.00..,oewn:oewn-thing__1.11.00..,oewn-thing__1.11.00..,oewn-07304554-n,i74999,oewn-thing-n,thing,n,n,noun,false,122897,5,false,noun.event,"[{""text"":""an event"",""source_sense_id"":null}]","[{""text"":""a funny thing happened on the way to the …"",""source"":null,""scope"":""synset""}]",[],"[{""value"":""θɪŋ"",""variety"":null,""notation"":null,""phonemic"":null,""audio"":null,""scope"":""lemma"",""form"":null}]","[{""lexical_entry_id"":""oewn-thing-n"",""written_form"":""thing"",""source_pos"":""n""}]",unreviewed
87,thing,87,oewn:2025:oewn-thing__1.09.02..,oewn:oewn-thing__1.09.02..,oewn-thing__1.09.02..,oewn-05679169-n,i66720,oewn-thing-n,thing,n,n,noun,false,122897,6,false,noun.cognition,"[{""text"":""a vaguely specified concern"",""source_sense_id"":null}]","[{""text"":""several matters to attend to"",""source"":null,""scope"":""synset""},{""text"":""it is none of your affair"",""source"":null,""scope"":""synset""},{""text"":""things are going well"",""source"":null,""scope"":""synset""}]",[],"[{""value"":""θɪŋ"",""variety"":null,""notation"":null,""phonemic"":null,""audio"":null,""scope"":""lemma"",""form"":null}]","[{""lexical_entry_id"":""oewn-matter-n"",""written_form"":""matter"",""source_pos"":""n""},{""lexical_entry_id"":""oewn-affair-n"",""written_form"":""affair"",""source_pos"":""n""},{""lexical_entry_id"":""oewn-thing-n"",""written_form"":""thing"",""source_pos"":""n""}]",unreviewed
87,thing,87,oewn:2025:oewn-thing__1.10.00..,oewn:oewn-thing__1.10.00..,oewn-thing__1.10.00..,oewn-06736657-n,i71836,oewn-thing-n,thing,n,n,noun,false,122897,7,false,noun.communication,"[{""text"":""a statement regarded as an object"",""source_sense_id"":null}]","[{""text"":""to say the same thing in other terms"",""source"":null,""scope"":""synset""},{""text"":""how can you say such a thing?"",""source"":null,""scope"":""synset""}]",[],"[{""value"":""θɪŋ"",""variety"":null,""notation"":null,""phonemic"":null,""audio"":null,""scope"":""lemma"",""form"":null}]","[{""lexical_entry_id"":""oewn-thing-n"",""written_form"":""thing"",""source_pos"":""n""}]",unreviewed
87,thing,87,oewn:2025:oewn-thing__1.06.01..,oewn:oewn-thing__1.06.01..,oewn-thing__1.06.01..,oewn-04431553-n,i60192,oewn-thing-n,thing,n,n,noun,false,122897,8,false,noun.artifact,"[{""text"":""an entity that is not named specifically"",""source_sense_id"":null}]","[{""text"":""I couldn't tell what the thing was"",""source"":null,""scope"":""synset""}]",[],"[{""value"":""θɪŋ"",""variety"":null,""notation"":null,""phonemic"":null,""audio"":null,""scope"":""lemma"",""form"":null}]","[{""lexical_entry_id"":""oewn-thing-n"",""written_form"":""thing"",""source_pos"":""n""}]",unreviewed
87,thing,87,oewn:2025:oewn-thing__1.07.00..,oewn:oewn-thing__1.07.00..,oewn-thing__1.07.00..,oewn-04624646-n,i61346,oewn-thing-n,thing,n,n,noun,false,122897,9,false,noun.attribute,"[{""text"":""any attribute or quality considered as having its own existence"",""source_sense_id"":null}]","[{""text"":""the thing I like about her is …"",""source"":null,""scope"":""synset""}]",[],"[{""value"":""θɪŋ"",""variety"":null,""notation"":null,""phonemic"":null,""audio"":null,""scope"":""lemma"",""form"":null}]","[{""lexical_entry_id"":""oewn-thing-n"",""written_form"":""thing"",""source_pos"":""n""}]",unreviewed
87,thing,87,oewn:2025:oewn-thing__1.09.01..,oewn:oewn-thing__1.09.01..,oewn-thing__1.09.01..,oewn-05993067-n,i68271,oewn-thing-n,thing,n,n,noun,false,122897,10,false,noun.cognition,"[{""text"":""a special objective"",""source_sense_id"":null}]","[{""text"":""the thing is to stay in bounds"",""source"":null,""scope"":""synset""}]",[],"[{""value"":""θɪŋ"",""variety"":null,""notation"":null,""phonemic"":null,""audio"":null,""scope"":""lemma"",""form"":null}]","[{""lexical_entry_id"":""oewn-thing-n"",""written_form"":""thing"",""source_pos"":""n""}]",unreviewed
87,thing,87,oewn:2025:oewn-thing__1.12.00..,oewn:oewn-thing__1.12.00..,oewn-thing__1.12.00..,oewn-07495496-n,i76044,oewn-thing-n,thing,n,n,noun,false,122897,11,false,noun.feeling,"[{""text"":""a persistent illogical feeling of desire or aversion"",""source_sense_id"":null}]","[{""text"":""he has a thing about seafood"",""source"":null,""scope"":""synset""},{""text"":""she has a thing about him"",""source"":null,""scope"":""synset""}]",[],"[{""value"":""θɪŋ"",""variety"":null,""notation"":null,""phonemic"":null,""audio"":null,""scope"":""lemma"",""form"":null}]","[{""lexical_entry_id"":""oewn-thing-n"",""written_form"":""thing"",""source_pos"":""n""}]",unreviewed
87,thing,87,oewn:2025:oewn-thing__1.03.00..,oewn:oewn-thing__1.03.00..,oewn-thing__1.03.00..,oewn-00002452-n,i35548,oewn-thing-n,thing,n,n,noun,false,122897,12,false,noun.Tops,"[{""text"":""a separate and self-contained entity"",""source_sense_id"":null}]",[],[],"[{""value"":""θɪŋ"",""variety"":null,""notation"":null,""phonemic"":null,""audio"":null,""scope"":""lemma"",""form"":null}]","[{""lexical_entry_id"":""oewn-thing-n"",""written_form"":""thing"",""source_pos"":""n""}]",unreviewed
88,most,88,oewn:2025:oewn-most__3.00.02..,oewn:oewn-most__3.00.02..,oewn-most__3.00.02..,oewn-01561513-a,i8543,oewn-most-a,most,a,a,adjective,false,84123,1,false,adj.all,"[{""text"":""(superlative of ‘many’ used with count nouns and often preceded by ‘the’) quantifier meaning the greatest in number"",""source_sense_id"":null}]","[{""text"":""who has the most apples?"",""source"":null,""scope"":""synset""},{""text"":""most people like eggs"",""source"":null,""scope"":""synset""},{""text"":""most fishes have fins"",""source"":null,""scope"":""synset""}]",[],[],"[{""lexical_entry_id"":""oewn-most-a"",""written_form"":""most"",""source_pos"":""a""}]",unreviewed
88,most,88,oewn:2025:oewn-most__3.00.01..,oewn:oewn-most__3.00.01..,oewn-most__3.00.01..,oewn-01560125-a,i8538,oewn-most-a,most,a,a,adjective,false,84123,2,false,adj.all,"[{""text"":""the superlative of ‘much’ that can be used with mass nouns and is usually preceded by ‘the’; a quantifier meaning the greatest in amount or extent or degree"",""source_sense_id"":null}]","[{""text"":""made the most money he could"",""source"":null,""scope"":""synset""},{""text"":""what attracts the most attention?"",""source"":null,""scope"":""synset""},{""text"":""made the most of a bad deal"",""source"":null,""scope"":""synset""}]",[],[],"[{""lexical_entry_id"":""oewn-most-a"",""written_form"":""most"",""source_pos"":""a""}]",unreviewed
88,most,88,oewn:2025:oewn-most__4.02.00..,oewn:oewn-most__4.02.00..,oewn-most__4.02.00..,oewn-00112352-r,i18846,oewn-most-r,most,r,r,adverb,false,84125,1,false,adv.all,"[{""text"":""used to form the superlative, greatest in size or degree"",""source_sense_id"":null}]","[{""text"":""the king cobra is the most dangerous snake"",""source"":null,""scope"":""synset""}]",[],[],"[{""lexical_entry_id"":""oewn-most-r"",""written_form"":""most"",""source_pos"":""r""},{""lexical_entry_id"":""oewn-to_the_highest_degree-r"",""written_form"":""to the highest degree"",""source_pos"":""r""}]",unreviewed
88,most,88,oewn:2025:oewn-most__4.02.02..,oewn:oewn-most__4.02.02..,oewn-most__4.02.02..,oewn-00073433-r,i18578,oewn-most-r,most,r,r,adverb,false,84125,2,false,adv.all,"[{""text"":""(of actions or states) slightly short of or not quite accomplished; all but"",""source_sense_id"":null}]","[{""text"":""the job is (just) about done"",""source"":null,""scope"":""synset""},{""text"":""the baby was almost asleep when the alarm sounded"",""source"":null,""scope"":""synset""},{""text"":""we're almost finished"",""source"":null,""scope"":""synset""},{""text"":""the car all but ran her down"",""source"":null,""scope"":""synset""},{""text"":""he nearly fainted"",""source"":null,""scope"":""synset""},{""text"":""talked for nigh onto 2 hours"",""source"":null,""scope"":""synset""},{""text"":""the recording is well-nigh perfect"",""source"":null,""scope"":""synset""},{""text"":""virtually all the parties signed the contract"",""source"":null,""scope"":""synset""},{""text"":""I was near exhausted by the run"",""source"":null,""scope"":""synset""},{""text"":""most everyone agrees"",""source"":null,""scope"":""synset""}]",[],[],"[{""lexical_entry_id"":""oewn-about-r"",""written_form"":""about"",""source_pos"":""r""},{""lexical_entry_id"":""oewn-almost-r"",""written_form"":""almost"",""source_pos"":""r""},{""lexical_entry_id"":""oewn-most-r"",""written_form"":""most"",""source_pos"":""r""},{""lexical_entry_id"":""oewn-nearly-r"",""written_form"":""nearly"",""source_pos"":""r""},{""lexical_entry_id"":""oewn-near-r"",""written_form"":""near"",""source_pos"":""r""},{""lexical_entry_id"":""oewn-nigh-r"",""written_form"":""nigh"",""source_pos"":""r""},{""lexical_entry_id"":""oewn-virtually-r"",""written_form"":""virtually"",""source_pos"":""r""},{""lexical_entry_id"":""oewn-well-nigh-r"",""written_form"":""well-nigh"",""source_pos"":""r""}]",unreviewed
88,most,88,oewn:2025:oewn-most__4.02.01..,oewn:oewn-most__4.02.01..,oewn-most__4.02.01..,oewn-00032295-r,i18320,oewn-most-r,most,r,r,adverb,false,84125,3,false,adv.all,"[{""text"":""used to give emphasis"",""source_sense_id"":null}]","[{""text"":""she was very gifted"",""source"":null,""scope"":""synset""},{""text"":""he played very well"",""source"":null,""scope"":""synset""},{""text"":""a really enjoyable evening"",""source"":null,""scope"":""synset""},{""text"":""I'm real sorry about it"",""source"":null,""scope"":""synset""},{""text"":""a rattling good yarn"",""source"":null,""scope"":""synset""},{""text"":""a most welcome relief"",""source"":null,""scope"":""synset""},{""text"":""there is precious little time left"",""source"":null,""scope"":""synset""}]",[],[],"[{""lexical_entry_id"":""oewn-very-r"",""written_form"":""very"",""source_pos"":""r""},{""lexical_entry_id"":""oewn-really-r"",""written_form"":""really"",""source_pos"":""r""},{""lexical_entry_id"":""oewn-real-r"",""written_form"":""real"",""source_pos"":""r""},{""lexical_entry_id"":""oewn-rattling-r"",""written_form"":""rattling"",""source_pos"":""r""},{""lexical_entry_id"":""oewn-most-r"",""written_form"":""most"",""source_pos"":""r""},{""lexical_entry_id"":""oewn-precious-r"",""written_form"":""precious"",""source_pos"":""r""},{""lexical_entry_id"":""oewn-preciously-r"",""written_form"":""preciously"",""source_pos"":""r""}]",unreviewed
90,need,90,oewn:2025:oewn-need__1.26.00..,oewn:oewn-need__1.26.00..,oewn-need__1.26.00..,oewn-14472592-n,i112940,oewn-need-n,need,n,n,noun,false,85997,1,false,noun.state,"[{""text"":""a condition requiring relief"",""source_sense_id"":null}]","[{""text"":""she satisfied his need for affection"",""source"":null,""scope"":""synset""},{""text"":""God has no need of men to accomplish His work"",""source"":null,""scope"":""synset""},{""text"":""there is a demand for jobs"",""source"":null,""scope"":""synset""}]",[],[],"[{""lexical_entry_id"":""oewn-need-n"",""written_form"":""need"",""source_pos"":""n""},{""lexical_entry_id"":""oewn-demand-n"",""written_form"":""demand"",""source_pos"":""n""}]",unreviewed
90,need,90,oewn:2025:oewn-need__1.17.00..,oewn:oewn-need__1.17.00..,oewn-need__1.17.00..,oewn-09390888-n,i85854,oewn-need-n,need,n,n,noun,false,85997,2,false,noun.object,"[{""text"":""anything that is necessary but lacking"",""source_sense_id"":null}]","[{""text"":""he had sufficient means to meet his simple needs"",""source"":null,""scope"":""synset""},{""text"":""I tried to supply his wants"",""source"":null,""scope"":""synset""}]",[],[],"[{""lexical_entry_id"":""oewn-need-n"",""written_form"":""need"",""source_pos"":""n""},{""lexical_entry_id"":""oewn-want-n"",""written_form"":""want"",""source_pos"":""n""}]",unreviewed
90,need,90,oewn:2025:oewn-need__1.03.00..,oewn:oewn-need__1.03.00..,oewn-need__1.03.00..,oewn-00023953-n,i35576,oewn-need-n,need,n,n,noun,false,85997,3,false,noun.Tops,"[{""text"":""the psychological feature that arouses an organism to action toward a desired goal; the reason for the action; that which gives purpose and direction to behavior"",""source_sense_id"":null}]","[{""text"":""we did not understand his motivation"",""source"":null,""scope"":""synset""},{""text"":""he acted with the best of motives"",""source"":null,""scope"":""synset""}]",[],[],"[{""lexical_entry_id"":""oewn-motivation-n"",""written_form"":""motivation"",""source_pos"":""n""},{""lexical_entry_id"":""oewn-motive-n"",""written_form"":""motive"",""source_pos"":""n""},{""lexical_entry_id"":""oewn-need-n"",""written_form"":""need"",""source_pos"":""n""}]",unreviewed
90,need,90,oewn:2025:oewn-need__1.26.01..,oewn:oewn-need__1.26.01..,oewn-need__1.26.01..,oewn-14517300-n,i113169,oewn-need-n,need,n,n,noun,false,85997,4,false,noun.state,"[{""text"":""a state of extreme poverty or destitution"",""source_sense_id"":null}]","[{""text"":""their indigence appalled him"",""source"":null,""scope"":""synset""},{""text"":""a general state of need exists among the homeless"",""source"":null,""scope"":""synset""}]",[],[],"[{""lexical_entry_id"":""oewn-indigence-n"",""written_form"":""indigence"",""source_pos"":""n""},{""lexical_entry_id"":""oewn-need-n"",""written_form"":""need"",""source_pos"":""n""},{""lexical_entry_id"":""oewn-penury-n"",""written_form"":""penury"",""source_pos"":""n""},{""lexical_entry_id"":""oewn-pauperism-n"",""written_form"":""pauperism"",""source_pos"":""n""},{""lexical_entry_id"":""oewn-pauperization-n"",""written_form"":""pauperization"",""source_pos"":""n""}]",unreviewed
90,need,90,oewn:2025:oewn-need__2.42.00..,oewn:oewn-need__2.42.00..,oewn-need__2.42.00..,oewn-02634015-v,i34813,oewn-need-v,need,v,v,verb,false,85998,1,false,verb.stative,"[{""text"":""require as useful, just, or proper"",""source_sense_id"":null}]","[{""text"":""It takes nerve to do what she did"",""source"":null,""scope"":""synset""},{""text"":""success usually requires hard work"",""source"":null,""scope"":""synset""},{""text"":""This job asks a lot of patience and skill"",""source"":null,""scope"":""synset""},{""text"":""This position demands a lot of personal sacrifice"",""source"":null,""scope"":""synset""},{""text"":""This dinner calls for a spectacular dessert"",""source"":null,""scope"":""synset""},{""text"":""This intervention does not postulate a patient's consent"",""source"":null,""scope"":""synset""}]",[],[],"[{""lexical_entry_id"":""oewn-necessitate-v"",""written_form"":""necessitate"",""source_pos"":""v""},{""lexical_entry_id"":""oewn-ask-v"",""written_form"":""ask"",""source_pos"":""v""},{""lexical_entry_id"":""oewn-postulate-v"",""written_form"":""postulate"",""source_pos"":""v""},{""lexical_entry_id"":""oewn-need-v"",""written_form"":""need"",""source_pos"":""v""},{""lexical_entry_id"":""oewn-require-v"",""written_form"":""require"",""source_pos"":""v""},{""lexical_entry_id"":""oewn-take-v"",""written_form"":""take"",""source_pos"":""v""},{""lexical_entry_id"":""oewn-involve-v"",""written_form"":""involve"",""source_pos"":""v""},{""lexical_entry_id"":""oewn-call_for-v"",""written_form"":""call for"",""source_pos"":""v""},{""lexical_entry_id"":""oewn-demand-v"",""written_form"":""demand"",""source_pos"":""v""}]",unreviewed
90,need,90,oewn:2025:oewn-need__2.34.00..,oewn:oewn-need__2.34.00..,oewn-need__2.34.00..,oewn-01191258-v,i27561,oewn-need-v,need,v,v,verb,false,85998,2,false,verb.consumption,"[{""text"":""have need of"",""source_sense_id"":null}]","[{""text"":""This piano wants the attention of a competent tuner"",""source"":null,""scope"":""synset""}]",[],[],"[{""lexical_entry_id"":""oewn-want-v"",""written_form"":""want"",""source_pos"":""v""},{""lexical_entry_id"":""oewn-need-v"",""written_form"":""need"",""source_pos"":""v""},{""lexical_entry_id"":""oewn-require-v"",""written_form"":""require"",""source_pos"":""v""}]",unreviewed
90,need,90,oewn:2025:oewn-need__2.34.01..,oewn:oewn-need__2.34.01..,oewn-need__2.34.01..,oewn-01191646-v,i27563,oewn-need-v,need,v,v,verb,false,85998,3,false,verb.consumption,"[{""text"":""have or feel a need for"",""source_sense_id"":null}]","[{""text"":""always needing friends and money"",""source"":null,""scope"":""synset""}]",[],[],"[{""lexical_entry_id"":""oewn-need-v"",""written_form"":""need"",""source_pos"":""v""}]",unreviewed
91,much,91,oewn:2025:oewn-much__3.00.00..,oewn:oewn-much__3.00.00..,oewn-much__3.00.00..,oewn-01557986-a,i8529,oewn-much-a,much,a,a,adjective,false,84534,1,false,adj.all,"[{""text"":""(quantifier used with mass nouns) great in quantity or degree or extent"",""source_sense_id"":null}]","[{""text"":""not much rain"",""source"":null,""scope"":""synset""},{""text"":""much affection"",""source"":null,""scope"":""synset""},{""text"":""much grain is in storage"",""source"":null,""scope"":""synset""}]",[],"[{""value"":""mʌt͡ʃ"",""variety"":null,""notation"":null,""phonemic"":null,""audio"":null,""scope"":""lemma"",""form"":null}]","[{""lexical_entry_id"":""oewn-much-a"",""written_form"":""much"",""source_pos"":""a""}]",unreviewed
91,much,91,oewn:2025:oewn-much__1.23.00..,oewn:oewn-much__1.23.00..,oewn-much__1.23.00..,oewn-13798833-n,i109304,oewn-much-n,much,n,n,noun,false,84535,1,false,noun.quantity,"[{""text"":""a great amount or extent"",""source_sense_id"":null}]","[{""text"":""they did much for humanity"",""source"":null,""scope"":""synset""}]",[],"[{""value"":""mʌt͡ʃ"",""variety"":null,""notation"":null,""phonemic"":null,""audio"":null,""scope"":""lemma"",""form"":null}]","[{""lexical_entry_id"":""oewn-much-n"",""written_form"":""much"",""source_pos"":""n""}]",unreviewed
91,much,91,oewn:2025:oewn-much__4.02.00..,oewn:oewn-much__4.02.00..,oewn-much__4.02.00..,oewn-00059624-r,i18493,oewn-much-r,much,r,r,adverb,false,84536,1,false,adv.all,"[{""text"":""to a great degree or extent"",""source_sense_id"":null}]","[{""text"":""she's much better now"",""source"":null,""scope"":""synset""}]",[],"[{""value"":""mʌt͡ʃ"",""variety"":null,""notation"":null,""phonemic"":null,""audio"":null,""scope"":""lemma"",""form"":null}]","[{""lexical_entry_id"":""oewn-much-r"",""written_form"":""much"",""source_pos"":""r""}]",unreviewed
91,much,91,oewn:2025:oewn-much__4.02.03..,oewn:oewn-much__4.02.03..,oewn-much__4.02.03..,oewn-00033190-r,i18325,oewn-much-r,much,r,r,adverb,false,84536,2,false,adv.all,"[{""text"":""incredibly"",""source_sense_id"":null}]","[{""text"":""he was much annoyed"",""source"":null,""scope"":""synset""}]",[],"[{""value"":""mʌt͡ʃ"",""variety"":null,""notation"":null,""phonemic"":null,""audio"":null,""scope"":""lemma"",""form"":null}]","[{""lexical_entry_id"":""oewn-much-r"",""written_form"":""much"",""source_pos"":""r""}]",unreviewed
91,much,91,oewn:2025:oewn-much__4.02.01..,oewn:oewn-much__4.02.01..,oewn-much__4.02.01..,oewn-00023283-r,i18270,oewn-much-r,much,r,r,adverb,false,84536,3,false,adv.all,"[{""text"":""(degree adverb used before a noun phrase) for all practical purposes but not completely"",""source_sense_id"":null}]","[{""text"":""much the same thing happened every time"",""source"":null,""scope"":""synset""},{""text"":""practically everything in Hinduism is the manifestation of a god"",""source"":null,""scope"":""synset""}]",[],"[{""value"":""mʌt͡ʃ"",""variety"":null,""notation"":null,""phonemic"":null,""audio"":null,""scope"":""lemma"",""form"":null}]","[{""lexical_entry_id"":""oewn-much-r"",""written_form"":""much"",""source_pos"":""r""},{""lexical_entry_id"":""oewn-practically-r"",""written_form"":""practically"",""source_pos"":""r""}]",unreviewed
91,much,91,oewn:2025:oewn-much__4.02.06..,oewn:oewn-much__4.02.06..,oewn-much__4.02.06..,oewn-00059951-r,i18495,oewn-much-r,much,r,r,adverb,false,84536,4,false,adv.all,"[{""text"":""frequently or in great quantities"",""source_sense_id"":null}]","[{""text"":""I don't drink much"",""source"":null,""scope"":""synset""},{""text"":""I don't travel much"",""source"":null,""scope"":""synset""}]",[],"[{""value"":""mʌt͡ʃ"",""variety"":null,""notation"":null,""phonemic"":null,""audio"":null,""scope"":""lemma"",""form"":null}]","[{""lexical_entry_id"":""oewn-much-r"",""written_form"":""much"",""source_pos"":""r""},{""lexical_entry_id"":""oewn-a_great_deal-r"",""written_form"":""a great deal"",""source_pos"":""r""},{""lexical_entry_id"":""oewn-often-r"",""written_form"":""often"",""source_pos"":""r""}]",unreviewed
92,right,92,oewn:2025:oewn-right__3.00.00..,oewn:oewn-right__3.00.00..,oewn-right__3.00.00..,oewn-02039393-a,i11136,oewn-right-a,right,a,a,adjective,false,105064,1,false,adj.all,"[{""text"":""being or located on or directed toward the side of the body to the east when facing north"",""source_sense_id"":null}]","[{""text"":""my right hand"",""source"":null,""scope"":""synset""},{""text"":""right center field"",""source"":null,""scope"":""synset""},{""text"":""a right-hand turn"",""source"":null,""scope"":""synset""},{""text"":""the right bank of a river is the bank on your right side when you are facing downstream"",""source"":null,""scope"":""synset""}]",[],[],"[{""lexical_entry_id"":""oewn-right-a"",""written_form"":""right"",""source_pos"":""a""}]",unreviewed
92,right,92,oewn:2025:oewn-right__3.00.02..,oewn:oewn-right__3.00.02..,oewn-right__3.00.02..,oewn-00634232-a,i3513,oewn-right-a,right,a,a,adjective,false,105064,2,false,adj.all,"[{""text"":""free from error; especially conforming to fact or truth"",""source_sense_id"":null}]","[{""text"":""the correct answer"",""source"":null,""scope"":""synset""},{""text"":""the correct version"",""source"":null,""scope"":""synset""},{""text"":""the right answer"",""source"":null,""scope"":""synset""},{""text"":""took the right road"",""source"":null,""scope"":""synset""},{""text"":""the right decision"",""source"":null,""scope"":""synset""}]",[],[],"[{""lexical_entry_id"":""oewn-correct-a"",""written_form"":""correct"",""source_pos"":""a""},{""lexical_entry_id"":""oewn-right-a"",""written_form"":""right"",""source_pos"":""a""}]",unreviewed
92,right,92,oewn:2025:oewn-right__5.00.01.proper.00,oewn:oewn-right__5.00.01.proper.00,oewn-right__5.00.01.proper.00,oewn-01885314-s,i10313,oewn-right-a,right,a,s,adjective_satellite,true,105064,3,false,adj.all,"[{""text"":""socially right or correct"",""source_sense_id"":null}]","[{""text"":""it isn't right to leave the party without saying goodbye"",""source"":null,""scope"":""synset""},{""text"":""correct behavior"",""source"":null,""scope"":""synset""}]",[],[],"[{""lexical_entry_id"":""oewn-correct-a"",""written_form"":""correct"",""source_pos"":""a""},{""lexical_entry_id"":""oewn-right-a"",""written_form"":""right"",""source_pos"":""a""}]",unreviewed
92,right,92,oewn:2025:oewn-right__3.00.01..,oewn:oewn-right__3.00.01..,oewn-right__3.00.01..,oewn-02042235-a,i11153,oewn-right-a,right,a,a,adjective,false,105064,4,false,adj.all,"[{""text"":""in conformance with justice or law or morality"",""source_sense_id"":null}]","[{""text"":""do the right thing and confess"",""source"":null,""scope"":""synset""}]",[],[],"[{""lexical_entry_id"":""oewn-right-a"",""written_form"":""right"",""source_pos"":""a""}]",unreviewed
92,right,92,oewn:2025:oewn-right__3.00.04..,oewn:oewn-right__3.00.04..,oewn-right__3.00.04..,oewn-00636250-a,i3521,oewn-right-a,right,a,a,adjective,false,105064,5,false,adj.all,"[{""text"":""correct in opinion or judgment"",""source_sense_id"":null}]","[{""text"":""time proved him right"",""source"":null,""scope"":""synset""}]",[],[],"[{""lexical_entry_id"":""oewn-right-a"",""written_form"":""right"",""source_pos"":""a""},{""lexical_entry_id"":""oewn-correct-a"",""written_form"":""correct"",""source_pos"":""a""}]",unreviewed
92,right,92,oewn:2025:oewn-right__5.00.00.appropriate.00,oewn:oewn-right__5.00.00.appropriate.00,oewn-right__5.00.00.appropriate.00,oewn-00136526-s,i724,oewn-right-a,right,a,s,adjective_satellite,true,105064,6,false,adj.all,"[{""text"":""appropriate for a condition or purpose or occasion or a person's character, needs"",""source_sense_id"":null}]","[{""text"":""everything in its proper place"",""source"":null,""scope"":""synset""},{""text"":""the right man for the job"",""source"":null,""scope"":""synset""},{""text"":""she is not suitable for the position"",""source"":null,""scope"":""synset""}]",[],[],"[{""lexical_entry_id"":""oewn-proper-a"",""written_form"":""proper"",""source_pos"":""a""},{""lexical_entry_id"":""oewn-right-a"",""written_form"":""right"",""source_pos"":""a""}]",unreviewed
92,right,92,oewn:2025:oewn-right__3.00.03..,oewn:oewn-right__3.00.03..,oewn-right__3.00.03..,oewn-02037458-a,i11123,oewn-right-a,right,a,a,adjective,false,105064,7,false,adj.all,"[{""text"":""of or belonging to the political or intellectual right"",""source_sense_id"":null}]",[],[],[],"[{""lexical_entry_id"":""oewn-right-a"",""written_form"":""right"",""source_pos"":""a""}]",unreviewed
92,right,92,oewn:2025:oewn-right__5.00.00.satisfactory.00,oewn:oewn-right__5.00.00.satisfactory.00,oewn-right__5.00.00.satisfactory.00,oewn-02089227-s,i11407,oewn-right-a,right,a,s,adjective_satellite,true,105064,8,false,adj.all,"[{""text"":""in or into a satisfactory condition"",""source_sense_id"":null}]","[{""text"":""things are right again now"",""source"":null,""scope"":""synset""},{""text"":""put things right"",""source"":null,""scope"":""synset""}]",[],[],"[{""lexical_entry_id"":""oewn-right-a"",""written_form"":""right"",""source_pos"":""a""}]",unreviewed
92,right,92,oewn:2025:oewn-right__5.00.00.right-handed.00,oewn:oewn-right__5.00.00.right-handed.00,oewn-right__5.00.00.right-handed.00,oewn-02036425-s,i11117,oewn-right-a,right,a,s,adjective_satellite,true,105064,9,false,adj.all,"[{""text"":""intended for the right hand"",""source_sense_id"":null}]","[{""text"":""a right-hand glove"",""source"":null,""scope"":""synset""}]",[],[],"[{""lexical_entry_id"":""oewn-right-a"",""written_form"":""right"",""source_pos"":""a""},{""lexical_entry_id"":""oewn-right-hand-a"",""written_form"":""right-hand"",""source_pos"":""a""}]",unreviewed
92,right,92,oewn:2025:oewn-right__5.00.02.proper.00,oewn:oewn-right__5.00.02.proper.00,oewn-right__5.00.02.proper.00,oewn-01885517-s,i10314,oewn-right-a,right,a,s,adjective_satellite,true,105064,10,false,adj.all,"[{""text"":""in accord with accepted standards of usage or procedure"",""source_sense_id"":null}]","[{""text"":""what's the right word for this?"",""source"":null,""scope"":""synset""},{""text"":""the right way to open oysters"",""source"":null,""scope"":""synset""}]",[],[],"[{""lexical_entry_id"":""oewn-correct-a"",""written_form"":""correct"",""source_pos"":""a""},{""lexical_entry_id"":""oewn-right-a"",""written_form"":""right"",""source_pos"":""a""}]",unreviewed
92,right,92,oewn:2025:oewn-right__5.00.00.perpendicular.00,oewn:oewn-right__5.00.00.perpendicular.00,oewn-right__5.00.00.perpendicular.00,oewn-01725165-s,i9438,oewn-right-a,right,a,s,adjective_satellite,true,105064,11,false,adj.all,"[{""text"":""having the axis perpendicular to the base"",""source_sense_id"":null}]","[{""text"":""a right angle"",""source"":null,""scope"":""synset""}]",[],[],"[{""lexical_entry_id"":""oewn-right-a"",""written_form"":""right"",""source_pos"":""a""}]",unreviewed
92,right,92,oewn:2025:oewn-right__5.00.00.outside.00,oewn:oewn-right__5.00.00.outside.00,oewn-right__5.00.00.outside.00,oewn-01698038-s,i9271,oewn-right-a,right,a,s,adjective_satellite,true,105064,12,false,adj.all,"[{""text"":""(of the side of cloth or clothing) facing or intended to face outward"",""source_sense_id"":null}]","[{""text"":""the right side of the cloth showed the pattern"",""source"":null,""scope"":""synset""},{""text"":""be sure your shirt is right side out"",""source"":null,""scope"":""synset""}]",[],[],"[{""lexical_entry_id"":""oewn-right-a"",""written_form"":""right"",""source_pos"":""a""}]",unreviewed
92,right,92,oewn:2025:oewn-right__5.00.00.extraordinary.00,oewn:oewn-right__5.00.00.extraordinary.00,oewn-right__5.00.00.extraordinary.00,oewn-01682215-s,i9190,oewn-right-a,right,a,s,adjective_satellite,true,105064,13,false,adj.all,"[{""text"":""(informal) very; used informally as an intensifier"",""source_sense_id"":null}]","[{""text"":""that is one fine dog"",""source"":null,""scope"":""synset""},{""text"":""a right fine day"",""source"":null,""scope"":""synset""}]",[],[],"[{""lexical_entry_id"":""oewn-one-a"",""written_form"":""one"",""source_pos"":""a""},{""lexical_entry_id"":""oewn-right-a"",""written_form"":""right"",""source_pos"":""a""}]",unreviewed
92,right,92,oewn:2025:oewn-right__5.00.00.opportune.00,oewn:oewn-right__5.00.00.opportune.00,oewn-right__5.00.00.opportune.00,oewn-01665754-s,i9111,oewn-right-a,right,a,s,adjective_satellite,true,105064,14,false,adj.all,"[{""text"":""most suitable or right for a particular purpose"",""source_sense_id"":null}]","[{""text"":""a good time to plant tomatoes"",""source"":null,""scope"":""synset""},{""text"":""the right time to act"",""source"":null,""scope"":""synset""},{""text"":""the time is ripe for great sociological changes"",""source"":null,""scope"":""synset""}]",[],[],"[{""lexical_entry_id"":""oewn-good-a"",""written_form"":""good"",""source_pos"":""a""},{""lexical_entry_id"":""oewn-right-a"",""written_form"":""right"",""source_pos"":""a""},{""lexical_entry_id"":""oewn-ripe-a"",""written_form"":""ripe"",""source_pos"":""a""}]",unreviewed
92,right,92,oewn:2025:oewn-right__5.00.00.accurate.00,oewn:oewn-right__5.00.00.accurate.00,oewn-right__5.00.00.accurate.00,oewn-00023315-s,i110,oewn-right-a,right,a,s,adjective_satellite,true,105064,15,false,adj.all,"[{""text"":""precisely accurate"",""source_sense_id"":null}]","[{""text"":""a veracious account"",""source"":null,""scope"":""synset""}]",[],[],"[{""lexical_entry_id"":""oewn-veracious-a"",""written_form"":""veracious"",""source_pos"":""a""},{""lexical_entry_id"":""oewn-right-a"",""written_form"":""right"",""source_pos"":""a""}]",unreviewed
92,right,92,oewn:2025:oewn-right__1.07.00..,oewn:oewn-right__1.07.00..,oewn-right__1.07.00..,oewn-05182180-n,i64172,oewn-right-n,right,n,n,noun,false,105078,1,false,noun.attribute,"[{""text"":""an abstract idea of that which is due to a person or governmental body by law or tradition or nature"",""source_sense_id"":null}]","[{""text"":""they are endowed by their Creator with certain unalienable Rights"",""source"":null,""scope"":""synset""},{""text"":""Certain rights can never be granted to the government but must be kept in the hands of the people"",""source"":""Eleanor Roosevelt"",""scope"":""synset""},{""text"":""a right is not something that somebody gives you; it is something that nobody can take away"",""source"":null,""scope"":""synset""}]",[],[],"[{""lexical_entry_id"":""oewn-right-n"",""written_form"":""right"",""source_pos"":""n""}]",unreviewed
92,right,92,oewn:2025:oewn-right__1.15.00..,oewn:oewn-right__1.15.00..,oewn-right__1.15.00..,oewn-08642648-n,i82311,oewn-right-n,right,n,n,noun,false,105078,2,false,noun.location,"[{""text"":""location near or direction toward the right side; i.e. the side to the south when a person or object faces east"",""source_sense_id"":null}]","[{""text"":""he stood on the right"",""source"":null,""scope"":""synset""}]",[],[],"[{""lexical_entry_id"":""oewn-right-n"",""written_form"":""right"",""source_pos"":""n""}]",unreviewed
92,right,92,oewn:2025:oewn-right__1.06.00..,oewn:oewn-right__1.06.00..,oewn-right__1.06.00..,oewn-04098951-n,i58179,oewn-right-n,right,n,n,noun,false,105078,3,false,noun.artifact,"[{""text"":""the piece of ground in the outfield on the catcher's right"",""source_sense_id"":null}]",[],[],[],"[{""lexical_entry_id"":""oewn-right_field-n"",""written_form"":""right field"",""source_pos"":""n""},{""lexical_entry_id"":""oewn-rightfield-n"",""written_form"":""rightfield"",""source_pos"":""n""},{""lexical_entry_id"":""oewn-right-n"",""written_form"":""right"",""source_pos"":""n""}]",unreviewed
92,right,92,oewn:2025:oewn-right__1.14.00..,oewn:oewn-right__1.14.00..,oewn-right__1.14.00..,oewn-08433609-n,i81342,oewn-right-n,right,n,n,noun,false,105078,4,false,noun.group,"[{""text"":""those who support political or social or economic conservatism; those who believe that things are better left unchanged"",""source_sense_id"":null}]",[],[],[],"[{""lexical_entry_id"":""oewn-right-n"",""written_form"":""right"",""source_pos"":""n""},{""lexical_entry_id"":""oewn-right_wing-n"",""written_form"":""right wing"",""source_pos"":""n""}]",unreviewed
92,right,92,oewn:2025:oewn-right__1.08.00..,oewn:oewn-right__1.08.00..,oewn-right__1.08.00..,oewn-05572970-n,i66156,oewn-right-n,right,n,n,noun,false,105078,5,false,noun.body,"[{""text"":""the hand that is on the right side of the body"",""source_sense_id"":null}]","[{""text"":""he writes with his right hand but pitches with his left"",""source"":null,""scope"":""synset""},{""text"":""hit him with quick rights to the body"",""source"":null,""scope"":""synset""}]",[],[],"[{""lexical_entry_id"":""oewn-right-n"",""written_form"":""right"",""source_pos"":""n""},{""lexical_entry_id"":""oewn-right_hand-n"",""written_form"":""right hand"",""source_pos"":""n""}]",unreviewed
92,right,92,oewn:2025:oewn-right__1.04.00..,oewn:oewn-right__1.04.00..,oewn-right__1.04.00..,oewn-00351826-n,i37254,oewn-right-n,right,n,n,noun,false,105078,6,false,noun.act,"[{""text"":""a turn toward the side of the body that is on the south when the person is facing east"",""source_sense_id"":null}]","[{""text"":""take a right at the corner"",""source"":null,""scope"":""synset""}]",[],[],"[{""lexical_entry_id"":""oewn-right-n"",""written_form"":""right"",""source_pos"":""n""}]",unreviewed
92,right,92,oewn:2025:oewn-right__1.07.01..,oewn:oewn-right__1.07.01..,oewn-right__1.07.01..,oewn-04857572-n,i62477,oewn-right-n,right,n,n,noun,false,105078,7,false,noun.attribute,"[{""text"":""anything in accord with principles of justice"",""source_sense_id"":null}]","[{""text"":""he feels he is in the right"",""source"":null,""scope"":""synset""},{""text"":""the rightfulness of his claim"",""source"":null,""scope"":""synset""}]",[],[],"[{""lexical_entry_id"":""oewn-right-n"",""written_form"":""right"",""source_pos"":""n""},{""lexical_entry_id"":""oewn-rightfulness-n"",""written_form"":""rightfulness"",""source_pos"":""n""}]",unreviewed
92,right,92,oewn:2025:oewn-right__1.21.00..,oewn:oewn-right__1.21.00..,oewn-right__1.21.00..,oewn-13362771-n,i106818,oewn-right-n,right,n,n,noun,false,105078,8,false,noun.possession,"[{""text"":""(frequently plural) the interest possessed by law or custom in some intangible thing"",""source_sense_id"":null}]","[{""text"":""mineral rights"",""source"":null,""scope"":""synset""},{""text"":""film rights"",""source"":null,""scope"":""synset""}]",[],[],"[{""lexical_entry_id"":""oewn-right-n"",""written_form"":""right"",""source_pos"":""n""}]",unreviewed
92,right,92,oewn:2025:oewn-right__4.02.04..,oewn:oewn-right__4.02.04..,oewn-right__4.02.04..,oewn-00206480-r,i19553,oewn-right-r,right,r,r,adverb,false,105079,1,false,adv.all,"[{""text"":""precisely, exactly"",""source_sense_id"":null}]","[{""text"":""stand right here!"",""source"":null,""scope"":""synset""}]",[],[],"[{""lexical_entry_id"":""oewn-right-r"",""written_form"":""right"",""source_pos"":""r""}]",unreviewed
92,right,92,oewn:2025:oewn-right__4.02.08..,oewn:oewn-right__4.02.08..,oewn-right__4.02.08..,oewn-00105849-r,i18800,oewn-right-r,right,r,r,adverb,false,105079,2,false,adv.all,"[{""text"":""immediately"",""source_sense_id"":null}]","[{""text"":""she called right after dinner"",""source"":null,""scope"":""synset""}]",[],[],"[{""lexical_entry_id"":""oewn-right-r"",""written_form"":""right"",""source_pos"":""r""}]",unreviewed
92,right,92,oewn:2025:oewn-right__4.02.09..,oewn:oewn-right__4.02.09..,oewn-right__4.02.09..,oewn-00058571-r,i18484,oewn-right-r,right,r,r,adverb,false,105079,3,false,adv.all,"[{""text"":""in a face down manner"",""source_sense_id"":null}]","[{""text"":""he fell flop on his face"",""source"":null,""scope"":""synset""}]",[],[],"[{""lexical_entry_id"":""oewn-right-r"",""written_form"":""right"",""source_pos"":""r""},{""lexical_entry_id"":""oewn-flop-r"",""written_form"":""flop"",""source_pos"":""r""}]",unreviewed
92,right,92,oewn:2025:oewn-right__4.02.03..,oewn:oewn-right__4.02.03..,oewn-right__4.02.03..,oewn-00389732-r,i20800,oewn-right-r,right,r,r,adverb,false,105079,4,false,adv.all,"[{""text"":""toward or on the right; also used figuratively"",""source_sense_id"":null}]","[{""text"":""he looked right and left"",""source"":null,""scope"":""synset""},{""text"":""the party has moved right"",""source"":null,""scope"":""synset""}]",[],[],"[{""lexical_entry_id"":""oewn-right-r"",""written_form"":""right"",""source_pos"":""r""}]",unreviewed
92,right,92,oewn:2025:oewn-right__4.02.01..,oewn:oewn-right__4.02.01..,oewn-right__4.02.01..,oewn-00197608-r,i19493,oewn-right-r,right,r,r,adverb,false,105079,5,false,adv.all,"[{""text"":""in the right manner; correctly; suitably"",""source_sense_id"":null}]","[{""text"":""please do your job properly!"",""source"":null,""scope"":""synset""},{""text"":""can't you carry me decent?"",""source"":null,""scope"":""synset""}]",[],[],"[{""lexical_entry_id"":""oewn-properly-r"",""written_form"":""properly"",""source_pos"":""r""},{""lexical_entry_id"":""oewn-decently-r"",""written_form"":""decently"",""source_pos"":""r""},{""lexical_entry_id"":""oewn-decent-r"",""written_form"":""decent"",""source_pos"":""r""},{""lexical_entry_id"":""oewn-right-r"",""written_form"":""right"",""source_pos"":""r""}]",unreviewed
92,right,92,oewn:2025:oewn-right__4.02.00..,oewn:oewn-right__4.02.00..,oewn-right__4.02.00..,oewn-00151409-r,i19147,oewn-right-r,right,r,r,adverb,false,105079,6,false,adv.all,"[{""text"":""an interjection expressing agreement; Yes, you are indeed correct"",""source_sense_id"":null}]",[],[],[],"[{""lexical_entry_id"":""oewn-right-r"",""written_form"":""right"",""source_pos"":""r""},{""lexical_entry_id"":""oewn-right_on-r"",""written_form"":""right on"",""source_pos"":""r""}]",unreviewed
92,right,92,oewn:2025:oewn-right__4.02.06..,oewn:oewn-right__4.02.06..,oewn-right__4.02.06..,oewn-00032793-r,i18322,oewn-right-r,right,r,r,adverb,false,105079,7,false,adv.all,"[{""text"":""(Southern regional intensive) very; to a great degree"",""source_sense_id"":null}]","[{""text"":""the baby is mighty cute"",""source"":null,""scope"":""synset""},{""text"":""he's mighty tired"",""source"":null,""scope"":""synset""},{""text"":""it is powerful humid"",""source"":null,""scope"":""synset""},{""text"":""that boy is powerful big now"",""source"":null,""scope"":""synset""},{""text"":""they have a right nice place"",""source"":null,""scope"":""synset""},{""text"":""they rejoiced mightily"",""source"":null,""scope"":""synset""}]",[],[],"[{""lexical_entry_id"":""oewn-mighty-r"",""written_form"":""mighty"",""source_pos"":""r""},{""lexical_entry_id"":""oewn-mightily-r"",""written_form"":""mightily"",""source_pos"":""r""},{""lexical_entry_id"":""oewn-powerful-r"",""written_form"":""powerful"",""source_pos"":""r""},{""lexical_entry_id"":""oewn-right-r"",""written_form"":""right"",""source_pos"":""r""}]",unreviewed
92,right,92,oewn:2025:oewn-right__4.02.07..,oewn:oewn-right__4.02.07..,oewn-right__4.02.07..,oewn-00008423-r,i19554,oewn-right-r,right,r,r,adverb,false,105079,8,false,adv.all,"[{""text"":""to a complete degree or to the full or entire extent; Completely or entirely"",""source_sense_id"":null}]","[{""text"":""he was wholly convinced"",""source"":null,""scope"":""synset""},{""text"":""entirely satisfied with the meal"",""source"":null,""scope"":""synset""},{""text"":""it was completely different from what we expected"",""source"":null,""scope"":""synset""},{""text"":""was completely at fault"",""source"":null,""scope"":""synset""},{""text"":""a totally new situation"",""source"":null,""scope"":""synset""},{""text"":""the directions were all wrong"",""source"":null,""scope"":""synset""},{""text"":""it was not altogether her fault"",""source"":null,""scope"":""synset""},{""text"":""an altogether new approach"",""source"":null,""scope"":""synset""},{""text"":""a whole new idea"",""source"":null,""scope"":""synset""},{""text"":""she felt right at home"",""source"":null,""scope"":""synset""},{""text"":""he fell right into the trap"",""source"":null,""scope"":""synset""}]",[],[],"[{""lexical_entry_id"":""oewn-wholly-r"",""written_form"":""wholly"",""source_pos"":""r""},{""lexical_entry_id"":""oewn-entirely-r"",""written_form"":""entirely"",""source_pos"":""r""},{""lexical_entry_id"":""oewn-completely-r"",""written_form"":""completely"",""source_pos"":""r""},{""lexical_entry_id"":""oewn-totally-r"",""written_form"":""totally"",""source_pos"":""r""},{""lexical_entry_id"":""oewn-all-r"",""written_form"":""all"",""source_pos"":""r""},{""lexical_entry_id"":""oewn-altogether-r"",""written_form"":""altogether"",""source_pos"":""r""},{""lexical_entry_id"":""oewn-whole-r"",""written_form"":""whole"",""source_pos"":""r""},{""lexical_entry_id"":""oewn-right-r"",""written_form"":""right"",""source_pos"":""r""}]",unreviewed
92,right,92,oewn:2025:oewn-right__4.02.05..,oewn:oewn-right__4.02.05..,oewn-right__4.02.05..,oewn-00206553-r,i19555,oewn-right-r,right,r,r,adverb,false,105079,9,false,adv.all,"[{""text"":""in accordance with moral or social standards"",""source_sense_id"":null}]","[{""text"":""that serves him right"",""source"":null,""scope"":""synset""},{""text"":""do right by him"",""source"":null,""scope"":""synset""}]",[],[],"[{""lexical_entry_id"":""oewn-justly-r"",""written_form"":""justly"",""source_pos"":""r""},{""lexical_entry_id"":""oewn-right-r"",""written_form"":""right"",""source_pos"":""r""}]",unreviewed
92,right,92,oewn:2025:oewn-right__4.02.02..,oewn:oewn-right__4.02.02..,oewn-right__4.02.02..,oewn-00205350-r,i19546,oewn-right-r,right,r,r,adverb,false,105079,10,false,adv.all,"[{""text"":""in an accurate manner"",""source_sense_id"":null}]","[{""text"":""the flower had been correctly depicted by his son"",""source"":null,""scope"":""synset""},{""text"":""he guessed right"",""source"":null,""scope"":""synset""}]",[],[],"[{""lexical_entry_id"":""oewn-correctly-r"",""written_form"":""correctly"",""source_pos"":""r""},{""lexical_entry_id"":""oewn-right-r"",""written_form"":""right"",""source_pos"":""r""},{""lexical_entry_id"":""oewn-aright-r"",""written_form"":""aright"",""source_pos"":""r""}]",unreviewed
92,right,92,oewn:2025:oewn-right__2.41.00..,oewn:oewn-right__2.41.00..,oewn-right__2.41.00..,oewn-02525657-v,i34313,oewn-right-v,right,v,v,verb,false,105082,1,false,verb.social,"[{""text"":""make reparations or amends for"",""source_sense_id"":null}]","[{""text"":""right a wrong done to the victims of the Holocaust"",""source"":null,""scope"":""synset""}]",[],[],"[{""lexical_entry_id"":""oewn-right-v"",""written_form"":""right"",""source_pos"":""v""},{""lexical_entry_id"":""oewn-compensate-v"",""written_form"":""compensate"",""source_pos"":""v""},{""lexical_entry_id"":""oewn-redress-v"",""written_form"":""redress"",""source_pos"":""v""},{""lexical_entry_id"":""oewn-correct-v"",""written_form"":""correct"",""source_pos"":""v""}]",unreviewed
92,right,92,oewn:2025:oewn-right__2.38.03..,oewn:oewn-right__2.38.03..,oewn-right__2.38.03..,oewn-01988748-v,i31659,oewn-right-v,right,v,v,verb,false,105082,2,false,verb.motion,"[{""text"":""put in or restore to an upright position"",""source_sense_id"":null}]","[{""text"":""They righted the sailboat that had capsized"",""source"":null,""scope"":""synset""}]",[],[],"[{""lexical_entry_id"":""oewn-right-v"",""written_form"":""right"",""source_pos"":""v""}]",unreviewed
92,right,92,oewn:2025:oewn-right__2.38.00..,oewn:oewn-right__2.38.00..,oewn-right__2.38.00..,oewn-01988588-v,i31658,oewn-right-v,right,v,v,verb,false,105082,3,false,verb.motion,"[{""text"":""regain an upright or proper position"",""source_sense_id"":null}]","[{""text"":""The capsized boat righted again"",""source"":null,""scope"":""synset""}]",[],[],"[{""lexical_entry_id"":""oewn-right-v"",""written_form"":""right"",""source_pos"":""v""}]",unreviewed
92,right,92,oewn:2025:oewn-right__2.30.00..,oewn:oewn-right__2.30.00..,oewn-right__2.30.00..,oewn-00200023-v,i22723,oewn-right-v,right,v,v,verb,false,105082,4,false,verb.change,"[{""text"":""make right or correct"",""source_sense_id"":null}]","[{""text"":""Correct the mistakes"",""source"":null,""scope"":""synset""},{""text"":""rectify the calculation"",""source"":null,""scope"":""synset""}]",[],[],"[{""lexical_entry_id"":""oewn-correct-v"",""written_form"":""correct"",""source_pos"":""v""},{""lexical_entry_id"":""oewn-rectify-v"",""written_form"":""rectify"",""source_pos"":""v""},{""lexical_entry_id"":""oewn-right-v"",""written_form"":""right"",""source_pos"":""v""}]",unreviewed
94,back,94,oewn:2025:oewn-back__3.00.00..,oewn:oewn-back__3.00.00..,oewn-back__3.00.00..,oewn-00199168-a,i1059,oewn-back-a,back,a,a,adjective,false,25389,1,false,adj.all,"[{""text"":""related to or located at the back"",""source_sense_id"":null}]","[{""text"":""the back yard"",""source"":null,""scope"":""synset""},{""text"":""the back entrance"",""source"":null,""scope"":""synset""}]",[],[],"[{""lexical_entry_id"":""oewn-back-a"",""written_form"":""back"",""source_pos"":""a""}]",unreviewed
94,back,94,oewn:2025:oewn-back__5.00.00.posterior.00,oewn:oewn-back__5.00.00.posterior.00,oewn-back__5.00.00.posterior.00,oewn-00132764-s,i703,oewn-back-a,back,a,s,adjective_satellite,true,25389,2,false,adj.all,"[{""text"":""located at or near the back of an animal"",""source_sense_id"":null}]","[{""text"":""back (or hind) legs"",""source"":null,""scope"":""synset""},{""text"":""the hinder part of a carcass"",""source"":null,""scope"":""synset""}]",[],[],"[{""lexical_entry_id"":""oewn-back-a"",""written_form"":""back"",""source_pos"":""a""},{""lexical_entry_id"":""oewn-hind-a"",""written_form"":""hind"",""source_pos"":""a""},{""lexical_entry_id"":""oewn-hinder-a"",""written_form"":""hinder"",""source_pos"":""a""}]",unreviewed
94,back,94,oewn:2025:oewn-back__5.00.00.noncurrent.00,oewn:oewn-back__5.00.00.noncurrent.00,oewn-back__5.00.00.noncurrent.00,oewn-00672052-s,i3717,oewn-back-a,back,a,s,adjective_satellite,true,25389,3,false,adj.all,"[{""text"":""of an earlier date"",""source_sense_id"":null}]","[{""text"":""back issues of the magazine"",""source"":null,""scope"":""synset""}]",[],[],"[{""lexical_entry_id"":""oewn-back-a"",""written_form"":""back"",""source_pos"":""a""}]",unreviewed
94,back,94,oewn:2025:oewn-back__1.08.00..,oewn:oewn-back__1.08.00..,oewn-back__1.08.00..,oewn-05566350-n,i66129,oewn-back-n,back,n,n,noun,false,25394,1,false,noun.body,"[{""text"":""the posterior part of a human (or animal) body from the neck to the end of the spine"",""source_sense_id"":null}]","[{""text"":""his back was nicely tanned"",""source"":null,""scope"":""synset""}]",[],[],"[{""lexical_entry_id"":""oewn-back-n"",""written_form"":""back"",""source_pos"":""n""},{""lexical_entry_id"":""oewn-dorsum-n"",""written_form"":""dorsum"",""source_pos"":""n""}]",unreviewed
94,back,94,oewn:2025:oewn-back__1.06.00..,oewn:oewn-back__1.06.00..,oewn-back__1.06.00..,oewn-04066813-n,i57997,oewn-back-n,back,n,n,noun,false,25394,2,false,noun.artifact,"[{""text"":""the side that goes last or is not normally seen"",""source_sense_id"":null}]","[{""text"":""he wrote the date on the back of the photograph"",""source"":null,""scope"":""synset""}]",[],[],"[{""lexical_entry_id"":""oewn-rear-n"",""written_form"":""rear"",""source_pos"":""n""},{""lexical_entry_id"":""oewn-back-n"",""written_form"":""back"",""source_pos"":""n""}]",unreviewed
94,back,94,oewn:2025:oewn-back__1.15.02..,oewn:oewn-back__1.15.02..,oewn-back__1.15.02..,oewn-08643421-n,i82315,oewn-back-n,back,n,n,noun,false,25394,3,false,noun.location,"[{""text"":""the part of something that is furthest from the normal viewer"",""source_sense_id"":null}]","[{""text"":""he stood at the back of the stage"",""source"":null,""scope"":""synset""},{""text"":""it was hidden in the rear of the store"",""source"":null,""scope"":""synset""}]",[],[],"[{""lexical_entry_id"":""oewn-back-n"",""written_form"":""back"",""source_pos"":""n""},{""lexical_entry_id"":""oewn-rear-n"",""written_form"":""rear"",""source_pos"":""n""}]",unreviewed
94,back,94,oewn:2025:oewn-back__1.18.00..,oewn:oewn-back__1.18.00..,oewn-back__1.18.00..,oewn-09849440-n,i88395,oewn-back-n,back,n,n,noun,false,25394,4,false,noun.person,"[{""text"":""(football) a person who plays in the backfield"",""source_sense_id"":null}]",[],[],[],"[{""lexical_entry_id"":""oewn-back-n"",""written_form"":""back"",""source_pos"":""n""}]",unreviewed
94,back,94,oewn:2025:oewn-back__1.08.01..,oewn:oewn-back__1.08.01..,oewn-back__1.08.01..,oewn-05595824-n,i66280,oewn-back-n,back,n,n,noun,false,25394,5,false,noun.body,"[{""text"":""the series of vertebrae forming the axis of the skeleton and protecting the spinal cord"",""source_sense_id"":null}]","[{""text"":""the fall broke his back"",""source"":null,""scope"":""synset""}]",[],[],"[{""lexical_entry_id"":""oewn-spinal_column-n"",""written_form"":""spinal column"",""source_pos"":""n""},{""lexical_entry_id"":""oewn-vertebral_column-n"",""written_form"":""vertebral column"",""source_pos"":""n""},{""lexical_entry_id"":""oewn-spine-n"",""written_form"":""spine"",""source_pos"":""n""},{""lexical_entry_id"":""oewn-backbone-n"",""written_form"":""backbone"",""source_pos"":""n""},{""lexical_entry_id"":""oewn-back-n"",""written_form"":""back"",""source_pos"":""n""},{""lexical_entry_id"":""oewn-rachis-n"",""written_form"":""rachis"",""source_pos"":""n""}]",unreviewed
94,back,94,oewn:2025:oewn-back__1.06.03..,oewn:oewn-back__1.06.03..,oewn-back__1.06.03..,oewn-02843848-n,i50775,oewn-back-n,back,n,n,noun,false,25394,6,false,noun.artifact,"[{""text"":""the protective covering on the front, back, and spine of a book"",""source_sense_id"":null}]","[{""text"":""the book had a leather binding"",""source"":null,""scope"":""synset""}]",[],[],"[{""lexical_entry_id"":""oewn-binding-n"",""written_form"":""binding"",""source_pos"":""n""},{""lexical_entry_id"":""oewn-book_binding-n"",""written_form"":""book binding"",""source_pos"":""n""},{""lexical_entry_id"":""oewn-cover-n"",""written_form"":""cover"",""source_pos"":""n""},{""lexical_entry_id"":""oewn-back-n"",""written_form"":""back"",""source_pos"":""n""}]",unreviewed
94,back,94,oewn:2025:oewn-back__1.06.02..,oewn:oewn-back__1.06.02..,oewn-back__1.06.02..,oewn-02770670-n,i50322,oewn-back-n,back,n,n,noun,false,25394,7,false,noun.artifact,"[{""text"":""the part of a garment that covers the back of your body"",""source_sense_id"":null}]","[{""text"":""they pinned a ‘kick me’ sign on his back"",""source"":null,""scope"":""synset""}]",[],[],"[{""lexical_entry_id"":""oewn-back-n"",""written_form"":""back"",""source_pos"":""n""}]",unreviewed
94,back,94,oewn:2025:oewn-back__1.06.01..,oewn:oewn-back__1.06.01..,oewn-back__1.06.01..,oewn-02770438-n,i50321,oewn-back-n,back,n,n,noun,false,25394,8,false,noun.artifact,"[{""text"":""a support that you can lean against while sitting"",""source_sense_id"":null}]","[{""text"":""the back of the dental chair was adjustable"",""source"":null,""scope"":""synset""}]",[],[],"[{""lexical_entry_id"":""oewn-back-n"",""written_form"":""back"",""source_pos"":""n""},{""lexical_entry_id"":""oewn-backrest-n"",""written_form"":""backrest"",""source_pos"":""n""}]",unreviewed
94,back,94,oewn:2025:oewn-back__1.04.00..,oewn:oewn-back__1.04.00..,oewn-back__1.04.00..,oewn-00727026-n,i39244,oewn-back-n,back,n,n,noun,false,25394,9,false,noun.act,"[{""text"":""(American football) the position of a player on a football team who is stationed behind the line of scrimmage"",""source_sense_id"":null}]",[],[],[],"[{""lexical_entry_id"":""oewn-back-n"",""written_form"":""back"",""source_pos"":""n""}]",unreviewed
94,back,94,oewn:2025:oewn-back__4.02.04..,oewn:oewn-back__4.02.04..,oewn-back__4.02.04..,oewn-00075427-r,i18588,oewn-back-r,back,r,r,adverb,false,25396,1,false,adv.all,"[{""text"":""in or to or toward a former location"",""source_sense_id"":null}]","[{""text"":""she went back to her parents' house"",""source"":null,""scope"":""synset""}]",[],[],"[{""lexical_entry_id"":""oewn-back-r"",""written_form"":""back"",""source_pos"":""r""}]",unreviewed
94,back,94,oewn:2025:oewn-back__4.02.00..,oewn:oewn-back__4.02.00..,oewn-back__4.02.00..,oewn-00074673-r,i18585,oewn-back-r,back,r,r,adverb,false,25396,2,false,adv.all,"[{""text"":""at or to or toward the back or rear"",""source_sense_id"":null}]","[{""text"":""he moved back"",""source"":null,""scope"":""synset""},{""text"":""tripped when he stepped backward"",""source"":null,""scope"":""synset""},{""text"":""she looked rearward out the window of the car"",""source"":null,""scope"":""synset""}]",[],[],"[{""lexical_entry_id"":""oewn-back-r"",""written_form"":""back"",""source_pos"":""r""},{""lexical_entry_id"":""oewn-backward-r"",""written_form"":""backward"",""source_pos"":""r""},{""lexical_entry_id"":""oewn-backwards-r"",""written_form"":""backwards"",""source_pos"":""r""},{""lexical_entry_id"":""oewn-rearward-r"",""written_form"":""rearward"",""source_pos"":""r""},{""lexical_entry_id"":""oewn-rearwards-r"",""written_form"":""rearwards"",""source_pos"":""r""}]",unreviewed
94,back,94,oewn:2025:oewn-back__4.02.05..,oewn:oewn-back__4.02.05..,oewn-back__4.02.05..,oewn-00075535-r,i18589,oewn-back-r,back,r,r,adverb,false,25396,3,false,adv.all,"[{""text"":""in or to or toward an original condition"",""source_sense_id"":null}]","[{""text"":""he went back to sleep"",""source"":null,""scope"":""synset""}]",[],[],"[{""lexical_entry_id"":""oewn-back-r"",""written_form"":""back"",""source_pos"":""r""}]",unreviewed
94,back,94,oewn:2025:oewn-back__4.02.01..,oewn:oewn-back__4.02.01..,oewn-back__4.02.01..,oewn-00074467-r,i18584,oewn-back-r,back,r,r,adverb,false,25396,4,false,adv.all,"[{""text"":""in or to or toward a past time"",""source_sense_id"":null}]","[{""text"":""set the clocks back an hour"",""source"":null,""scope"":""synset""},{""text"":""never look back"",""source"":null,""scope"":""synset""},{""text"":""lovers of the past looking fondly backward"",""source"":null,""scope"":""synset""}]",[],[],"[{""lexical_entry_id"":""oewn-back-r"",""written_form"":""back"",""source_pos"":""r""},{""lexical_entry_id"":""oewn-backward-r"",""written_form"":""backward"",""source_pos"":""r""}]",unreviewed
94,back,94,oewn:2025:oewn-back__4.02.06..,oewn:oewn-back__4.02.06..,oewn-back__4.02.06..,oewn-00075633-r,i18590,oewn-back-r,back,r,r,adverb,false,25396,5,false,adv.all,"[{""text"":""in reply"",""source_sense_id"":null}]","[{""text"":""he wrote back three days later"",""source"":null,""scope"":""synset""}]",[],[],"[{""lexical_entry_id"":""oewn-back-r"",""written_form"":""back"",""source_pos"":""r""}]",unreviewed
94,back,94,oewn:2025:oewn-back__4.02.03..,oewn:oewn-back__4.02.03..,oewn-back__4.02.03..,oewn-00075230-r,i18587,oewn-back-r,back,r,r,adverb,false,25396,6,false,adv.all,"[{""text"":""in repayment or retaliation"",""source_sense_id"":null}]","[{""text"":""we paid back everything we had borrowed"",""source"":null,""scope"":""synset""},{""text"":""he hit me and I hit him back"",""source"":null,""scope"":""synset""},{""text"":""I was kept in after school for talking back to the teacher"",""source"":null,""scope"":""synset""}]",[],[],"[{""lexical_entry_id"":""oewn-back-r"",""written_form"":""back"",""source_pos"":""r""}]",unreviewed
94,back,94,oewn:2025:oewn-back__2.41.00..,oewn:oewn-back__2.41.00..,oewn-back__2.41.00..,oewn-02459338-v,i33992,oewn-back-v,back,v,v,verb,false,25398,1,false,verb.social,"[{""text"":""be behind; approve of"",""source_sense_id"":null}]","[{""text"":""He plumped for the Labor Party"",""source"":null,""scope"":""synset""},{""text"":""I backed Kennedy in 1960"",""source"":null,""scope"":""synset""}]",[],[],"[{""lexical_entry_id"":""oewn-back-v"",""written_form"":""back"",""source_pos"":""v""},{""lexical_entry_id"":""oewn-endorse-v"",""written_form"":""endorse"",""source_pos"":""v""},{""lexical_entry_id"":""oewn-indorse-v"",""written_form"":""indorse"",""source_pos"":""v""},{""lexical_entry_id"":""oewn-plump_for-v"",""written_form"":""plump for"",""source_pos"":""v""},{""lexical_entry_id"":""oewn-plunk_for-v"",""written_form"":""plunk for"",""source_pos"":""v""},{""lexical_entry_id"":""oewn-support-v"",""written_form"":""support"",""source_pos"":""v""}]",unreviewed
94,back,94,oewn:2025:oewn-back__2.38.00..,oewn:oewn-back__2.38.00..,oewn-back__2.38.00..,oewn-02001151-v,i31724,oewn-back-v,back,v,v,verb,false,25398,2,false,verb.motion,"[{""text"":""travel backward"",""source_sense_id"":null}]","[{""text"":""back into the driveway"",""source"":null,""scope"":""synset""},{""text"":""The car backed up and hit the tree"",""source"":null,""scope"":""synset""}]",[],[],"[{""lexical_entry_id"":""oewn-back-v"",""written_form"":""back"",""source_pos"":""v""}]",unreviewed
94,back,94,oewn:2025:oewn-back__2.41.01..,oewn:oewn-back__2.41.01..,oewn-back__2.41.01..,oewn-02562643-v,i34476,oewn-back-v,back,v,v,verb,false,25398,3,false,verb.social,"[{""text"":""give support or one's approval to"",""source_sense_id"":null}]","[{""text"":""I'll second that motion"",""source"":null,""scope"":""synset""},{""text"":""I can't back this plan"",""source"":null,""scope"":""synset""},{""text"":""endorse a new project"",""source"":null,""scope"":""synset""}]",[],[],"[{""lexical_entry_id"":""oewn-second-v-1"",""written_form"":""second"",""source_pos"":""v""},{""lexical_entry_id"":""oewn-back-v"",""written_form"":""back"",""source_pos"":""v""},{""lexical_entry_id"":""oewn-endorse-v"",""written_form"":""endorse"",""source_pos"":""v""},{""lexical_entry_id"":""oewn-indorse-v"",""written_form"":""indorse"",""source_pos"":""v""}]",unreviewed
94,back,94,oewn:2025:oewn-back__2.38.01..,oewn:oewn-back__2.38.01..,oewn-back__2.38.01..,oewn-02001544-v,i31726,oewn-back-v,back,v,v,verb,false,25398,4,false,verb.motion,"[{""text"":""cause to travel backward"",""source_sense_id"":null}]","[{""text"":""back the car into the parking spot"",""source"":null,""scope"":""synset""}]",[],[],"[{""lexical_entry_id"":""oewn-back-v"",""written_form"":""back"",""source_pos"":""v""}]",unreviewed
94,back,94,oewn:2025:oewn-back__2.40.00..,oewn:oewn-back__2.40.00..,oewn-back__2.40.00..,oewn-02222477-v,i32832,oewn-back-v,back,v,v,verb,false,25398,5,false,verb.possession,"[{""text"":""support financial backing for"",""source_sense_id"":null}]","[{""text"":""back this enterprise"",""source"":null,""scope"":""synset""}]",[],[],"[{""lexical_entry_id"":""oewn-back-v"",""written_form"":""back"",""source_pos"":""v""}]",unreviewed
94,back,94,oewn:2025:oewn-back__2.42.00..,oewn:oewn-back__2.42.00..,oewn-back__2.42.00..,oewn-02699807-v,i35125,oewn-back-v,back,v,v,verb,false,25398,6,false,verb.stative,"[{""text"":""be in back of"",""source_sense_id"":null}]","[{""text"":""My garage backs their yard"",""source"":null,""scope"":""synset""}]",[],[],"[{""lexical_entry_id"":""oewn-back-v"",""written_form"":""back"",""source_pos"":""v""}]",unreviewed
94,back,94,oewn:2025:oewn-back__2.33.00..,oewn:oewn-back__2.33.00..,oewn-back__2.33.00..,oewn-01141530-v,i27306,oewn-back-v,back,v,v,verb,false,25398,7,false,verb.competition,"[{""text"":""place a bet on"",""source_sense_id"":null}]","[{""text"":""Which horse are you backing?"",""source"":null,""scope"":""synset""},{""text"":""I'm betting on the new horse"",""source"":null,""scope"":""synset""}]",[],[],"[{""lexical_entry_id"":""oewn-bet_on-v"",""written_form"":""bet on"",""source_pos"":""v""},{""lexical_entry_id"":""oewn-back-v"",""written_form"":""back"",""source_pos"":""v""},{""lexical_entry_id"":""oewn-gage-v"",""written_form"":""gage"",""source_pos"":""v""},{""lexical_entry_id"":""oewn-stake-v"",""written_form"":""stake"",""source_pos"":""v""},{""lexical_entry_id"":""oewn-game-v"",""written_form"":""game"",""source_pos"":""v""},{""lexical_entry_id"":""oewn-punt-v"",""written_form"":""punt"",""source_pos"":""v""}]",unreviewed
94,back,94,oewn:2025:oewn-back__2.30.03..,oewn:oewn-back__2.30.03..,oewn-back__2.30.03..,oewn-00561705-v,i24548,oewn-back-v,back,v,v,verb,false,25398,8,false,verb.change,"[{""text"":""shift to a counterclockwise direction"",""source_sense_id"":null}]","[{""text"":""the wind backed"",""source"":null,""scope"":""synset""}]",[],[],"[{""lexical_entry_id"":""oewn-back-v"",""written_form"":""back"",""source_pos"":""v""}]",unreviewed
94,back,94,oewn:2025:oewn-back__2.30.00..,oewn:oewn-back__2.30.00..,oewn-back__2.30.00..,oewn-00223535-v,i22838,oewn-back-v,back,v,v,verb,false,25398,9,false,verb.change,"[{""text"":""establish as valid or genuine"",""source_sense_id"":null}]","[{""text"":""Can you back up your claims?"",""source"":null,""scope"":""synset""}]",[],[],"[{""lexical_entry_id"":""oewn-back-v"",""written_form"":""back"",""source_pos"":""v""},{""lexical_entry_id"":""oewn-back_up-v"",""written_form"":""back up"",""source_pos"":""v""}]",unreviewed
94,back,94,oewn:2025:oewn-back__2.30.01..,oewn:oewn-back__2.30.01..,oewn-back__2.30.01..,oewn-00186002-v,i22639,oewn-back-v,back,v,v,verb,false,25398,10,false,verb.change,"[{""text"":""strengthen by providing with a back or backing"",""source_sense_id"":null}]",[],[],[],"[{""lexical_entry_id"":""oewn-back-v"",""written_form"":""back"",""source_pos"":""v""}]",unreviewed
95,mean,95,oewn:2025:oewn-mean__5.00.00.normal.01,oewn:oewn-mean__5.00.00.normal.01,oewn-mean__5.00.00.normal.01,oewn-01598728-s,i8726,oewn-mean-a,mean,a,s,adjective_satellite,true,80991,1,false,adj.all,"[{""text"":""approximating the statistical norm or average or expected value"",""source_sense_id"":null}]","[{""text"":""the average income in New England is below that of the nation"",""source"":null,""scope"":""synset""},{""text"":""of average height for his age"",""source"":null,""scope"":""synset""},{""text"":""the mean annual rainfall"",""source"":null,""scope"":""synset""}]",[],[],"[{""lexical_entry_id"":""oewn-average-a"",""written_form"":""average"",""source_pos"":""a""},{""lexical_entry_id"":""oewn-mean-a"",""written_form"":""mean"",""source_pos"":""a""}]",unreviewed
95,mean,95,oewn:2025:oewn-mean__5.00.00.nasty.00,oewn:oewn-mean__5.00.00.nasty.00,oewn-mean__5.00.00.nasty.00,oewn-01592194-s,i8701,oewn-mean-a,mean,a,s,adjective_satellite,true,80991,2,false,adj.all,"[{""text"":""characterized by malice"",""source_sense_id"":null}]","[{""text"":""a hateful thing to do"",""source"":null,""scope"":""synset""},{""text"":""in a mean mood"",""source"":null,""scope"":""synset""}]",[],[],"[{""lexical_entry_id"":""oewn-hateful-a"",""written_form"":""hateful"",""source_pos"":""a""},{""lexical_entry_id"":""oewn-mean-a"",""written_form"":""mean"",""source_pos"":""a""}]",unreviewed
95,mean,95,oewn:2025:oewn-mean__5.00.00.ignoble.01,oewn:oewn-mean__5.00.00.ignoble.01,oewn-mean__5.00.00.ignoble.01,oewn-01594057-s,i8709,oewn-mean-a,mean,a,s,adjective_satellite,true,80991,3,false,adj.all,"[{""text"":""having or showing an ignoble lack of honor or morality"",""source_sense_id"":null}]","[{""text"":""that liberal obedience without which your army would be a base rabble"",""source"":""Edmund Burke"",""scope"":""synset""},{""text"":""taking a mean advantage"",""source"":null,""scope"":""synset""},{""text"":""chok'd with ambition of the meaner sort"",""source"":""Shakespeare"",""scope"":""synset""},{""text"":""something essentially vulgar and meanspirited in politics"",""source"":null,""scope"":""synset""}]",[],[],"[{""lexical_entry_id"":""oewn-base-a"",""written_form"":""base"",""source_pos"":""a""},{""lexical_entry_id"":""oewn-mean-a"",""written_form"":""mean"",""source_pos"":""a""},{""lexical_entry_id"":""oewn-meanspirited-a"",""written_form"":""meanspirited"",""source_pos"":""a""}]",unreviewed
95,mean,95,oewn:2025:oewn-mean__5.00.00.poor.03,oewn:oewn-mean__5.00.00.poor.03,oewn-mean__5.00.00.poor.03,oewn-02033096-s,i11096,oewn-mean-a,mean,a,s,adjective_satellite,true,80991,4,false,adj.all,"[{""text"":""marked by poverty befitting a beggar"",""source_sense_id"":null}]","[{""text"":""a beggarly existence in the slums"",""source"":null,""scope"":""synset""},{""text"":""a mean hut"",""source"":null,""scope"":""synset""}]",[],[],"[{""lexical_entry_id"":""oewn-beggarly-a"",""written_form"":""beggarly"",""source_pos"":""a""},{""lexical_entry_id"":""oewn-mean-a"",""written_form"":""mean"",""source_pos"":""a""}]",unreviewed
95,mean,95,oewn:2025:oewn-mean__5.00.02.stingy.00,oewn:oewn-mean__5.00.02.stingy.00,oewn-mean__5.00.02.stingy.00,oewn-01117549-s,i6113,oewn-mean-a,mean,a,s,adjective_satellite,true,80991,5,false,adj.all,"[{""text"":""(used of persons or behavior) characterized by or indicative of lack of generosity"",""source_sense_id"":null}]","[{""text"":""a mean person"",""source"":null,""scope"":""synset""},{""text"":""he left a miserly tip"",""source"":null,""scope"":""synset""}]",[],[],"[{""lexical_entry_id"":""oewn-mean-a"",""written_form"":""mean"",""source_pos"":""a""},{""lexical_entry_id"":""oewn-mingy-a"",""written_form"":""mingy"",""source_pos"":""a""},{""lexical_entry_id"":""oewn-miserly-a"",""written_form"":""miserly"",""source_pos"":""a""},{""lexical_entry_id"":""oewn-tight-a"",""written_form"":""tight"",""source_pos"":""a""}]",unreviewed
95,mean,95,oewn:2025:oewn-mean__5.00.01.stingy.00,oewn:oewn-mean__5.00.01.stingy.00,oewn-mean__5.00.01.stingy.00,oewn-01116711-s,i6108,oewn-mean-a,mean,a,s,adjective_satellite,true,80991,6,false,adj.all,"[{""text"":""(used of sums of money) so small in amount as to deserve contempt"",""source_sense_id"":null}]",[],[],[],"[{""lexical_entry_id"":""oewn-beggarly-a"",""written_form"":""beggarly"",""source_pos"":""a""},{""lexical_entry_id"":""oewn-mean-a"",""written_form"":""mean"",""source_pos"":""a""}]",unreviewed
95,mean,95,oewn:2025:oewn-mean__5.00.00.contemptible.00,oewn:oewn-mean__5.00.00.contemptible.00,oewn-mean__5.00.00.contemptible.00,oewn-00908261-s,i4956,oewn-mean-a,mean,a,s,adjective_satellite,true,80991,7,false,adj.all,"[{""text"":""of no value or worth"",""source_sense_id"":null}]","[{""text"":""I was caught in the bastardly traffic"",""source"":null,""scope"":""synset""}]",[],[],"[{""lexical_entry_id"":""oewn-bastardly-a"",""written_form"":""bastardly"",""source_pos"":""a""},{""lexical_entry_id"":""oewn-mean-a"",""written_form"":""mean"",""source_pos"":""a""}]",unreviewed
95,mean,95,oewn:2025:oewn-mean__5.00.03.superior.02,oewn:oewn-mean__5.00.03.superior.02,oewn-mean__5.00.03.superior.02,oewn-02351216-s,i12976,oewn-mean-a,mean,a,s,adjective_satellite,true,80991,8,false,adj.all,"[{""text"":""very good; of the highest quality"",""source_sense_id"":null}]","[{""text"":""made an excellent speech"",""source"":null,""scope"":""synset""},{""text"":""he was a splendid teacher"",""source"":null,""scope"":""synset""},{""text"":""a first-class mind"",""source"":null,""scope"":""synset""},{""text"":""famous for a mean backhand"",""source"":null,""scope"":""synset""}]",[],[],"[{""lexical_entry_id"":""oewn-excellent-a"",""written_form"":""excellent"",""source_pos"":""a""},{""lexical_entry_id"":""oewn-first-class-a"",""written_form"":""first-class"",""source_pos"":""a""},{""lexical_entry_id"":""oewn-fantabulous-a"",""written_form"":""fantabulous"",""source_pos"":""a""},{""lexical_entry_id"":""oewn-splendid-a"",""written_form"":""splendid"",""source_pos"":""a""},{""lexical_entry_id"":""oewn-ripping-a"",""written_form"":""ripping"",""source_pos"":""a""},{""lexical_entry_id"":""oewn-mean-a"",""written_form"":""mean"",""source_pos"":""a""}]",unreviewed
95,mean,95,oewn:2025:oewn-mean__1.09.00..,oewn:oewn-mean__1.09.00..,oewn-mean__1.09.00..,oewn-06033377-n,i68435,oewn-mean-n,mean,n,n,noun,false,80992,1,false,noun.cognition,"[{""text"":""an average of n numbers computed by adding some function of the numbers and dividing by some function of n"",""source_sense_id"":null}]",[],[],[],"[{""lexical_entry_id"":""oewn-mean-n"",""written_form"":""mean"",""source_pos"":""n""},{""lexical_entry_id"":""oewn-mean_value-n"",""written_form"":""mean value"",""source_pos"":""n""}]",unreviewed
95,mean,95,oewn:2025:oewn-mean__2.32.01..,oewn:oewn-mean__2.32.01..,oewn-mean__2.32.01..,oewn-00957180-v,i26375,oewn-mean-v,mean,v,v,verb,false,80993,1,false,verb.communication,"[{""text"":""mean or intend to express or convey"",""source_sense_id"":null}]","[{""text"":""You never understand what I mean!"",""source"":null,""scope"":""synset""},{""text"":""what do his words intend?"",""source"":null,""scope"":""synset""}]","[""meant""]",[],"[{""lexical_entry_id"":""oewn-mean-v"",""written_form"":""mean"",""source_pos"":""v""},{""lexical_entry_id"":""oewn-intend-v"",""written_form"":""intend"",""source_pos"":""v""}]",unreviewed
95,mean,95,oewn:2025:oewn-mean__2.42.00..,oewn:oewn-mean__2.42.00..,oewn-mean__2.42.00..,oewn-02641270-v,i34848,oewn-mean-v,mean,v,v,verb,false,80993,2,false,verb.stative,"[{""text"":""have as a logical consequence"",""source_sense_id"":null}]","[{""text"":""The water shortage means that we have to stop taking long showers"",""source"":null,""scope"":""synset""}]","[""meant""]",[],"[{""lexical_entry_id"":""oewn-entail-v"",""written_form"":""entail"",""source_pos"":""v""},{""lexical_entry_id"":""oewn-imply-v"",""written_form"":""imply"",""source_pos"":""v""},{""lexical_entry_id"":""oewn-mean-v"",""written_form"":""mean"",""source_pos"":""v""}]",unreviewed
95,mean,95,oewn:2025:oewn-mean__2.32.03..,oewn:oewn-mean__2.32.03..,oewn-mean__2.32.03..,oewn-00933814-v,i26268,oewn-mean-v,mean,v,v,verb,false,80993,3,false,verb.communication,"[{""text"":""denote or connote"",""source_sense_id"":null}]","[{""text"":""‘maison’ means ‘house’ in French"",""source"":null,""scope"":""synset""},{""text"":""An example sentence would show what this word means"",""source"":null,""scope"":""synset""}]","[""meant""]",[],"[{""lexical_entry_id"":""oewn-mean-v"",""written_form"":""mean"",""source_pos"":""v""},{""lexical_entry_id"":""oewn-intend-v"",""written_form"":""intend"",""source_pos"":""v""},{""lexical_entry_id"":""oewn-signify-v"",""written_form"":""signify"",""source_pos"":""v""},{""lexical_entry_id"":""oewn-stand_for-v"",""written_form"":""stand for"",""source_pos"":""v""}]",unreviewed
95,mean,95,oewn:2025:oewn-mean__2.31.00..,oewn:oewn-mean__2.31.00..,oewn-mean__2.31.00..,oewn-00710367-v,i25248,oewn-mean-v,mean,v,v,verb,false,80993,4,false,verb.cognition,"[{""text"":""have in mind as a purpose"",""source_sense_id"":null}]","[{""text"":""I mean no harm"",""source"":null,""scope"":""synset""},{""text"":""I only meant to help you"",""source"":null,""scope"":""synset""},{""text"":""She didn't think to harm me"",""source"":null,""scope"":""synset""},{""text"":""We thought to return early that night"",""source"":null,""scope"":""synset""}]","[""meant""]",[],"[{""lexical_entry_id"":""oewn-intend-v"",""written_form"":""intend"",""source_pos"":""v""},{""lexical_entry_id"":""oewn-mean-v"",""written_form"":""mean"",""source_pos"":""v""},{""lexical_entry_id"":""oewn-think-v"",""written_form"":""think"",""source_pos"":""v""}]",unreviewed
95,mean,95,oewn:2025:oewn-mean__2.42.03..,oewn:oewn-mean__2.42.03..,oewn-mean__2.42.03..,oewn-02748357-v,i35384,oewn-mean-v,mean,v,v,verb,false,80993,5,false,verb.stative,"[{""text"":""have a specified degree of importance"",""source_sense_id"":null}]","[{""text"":""My ex-husband means nothing to me"",""source"":null,""scope"":""synset""},{""text"":""Happiness means everything"",""source"":null,""scope"":""synset""}]","[""meant""]",[],"[{""lexical_entry_id"":""oewn-mean-v"",""written_form"":""mean"",""source_pos"":""v""}]",unreviewed
95,mean,95,oewn:2025:oewn-mean__2.31.01..,oewn:oewn-mean__2.31.01..,oewn-mean__2.31.01..,oewn-00732037-v,i25349,oewn-mean-v,mean,v,v,verb,false,80993,6,false,verb.cognition,"[{""text"":""intend to refer to"",""source_sense_id"":null}]","[{""text"":""I'm thinking of good food when I talk about France"",""source"":null,""scope"":""synset""},{""text"":""Yes, I meant you when I complained about people who gossip!"",""source"":null,""scope"":""synset""}]","[""meant""]",[],"[{""lexical_entry_id"":""oewn-think_of-v"",""written_form"":""think of"",""source_pos"":""v""},{""lexical_entry_id"":""oewn-have_in_mind-v"",""written_form"":""have in mind"",""source_pos"":""v""},{""lexical_entry_id"":""oewn-mean-v"",""written_form"":""mean"",""source_pos"":""v""}]",unreviewed
95,mean,95,oewn:2025:oewn-mean__2.31.05..,oewn:oewn-mean__2.31.05..,oewn-mean__2.31.05..,oewn-00710669-v,i25249,oewn-mean-v,mean,v,v,verb,false,80993,7,false,verb.cognition,"[{""text"":""destine or designate for a certain purpose"",""source_sense_id"":null}]","[{""text"":""These flowers were meant for you"",""source"":null,""scope"":""synset""}]","[""meant""]",[],"[{""lexical_entry_id"":""oewn-mean-v"",""written_form"":""mean"",""source_pos"":""v""}]",unreviewed
96,even,96,oewn:2025:oewn-even__3.00.02..,oewn:oewn-even__3.00.02..,oewn-even__3.00.02..,oewn-00916501-a,i4999,oewn-even-a,even,a,a,adjective,false,53789,1,false,adj.all,"[{""text"":""divisible by two"",""source_sense_id"":null}]",[],[],[],"[{""lexical_entry_id"":""oewn-even-a"",""written_form"":""even"",""source_pos"":""a""}]",unreviewed
96,even,96,oewn:2025:oewn-even__5.00.01.equal.00,oewn:oewn-even__5.00.01.equal.00,oewn-even__5.00.01.equal.00,oewn-00894463-s,i4885,oewn-even-a,even,a,s,adjective_satellite,true,53789,2,false,adj.all,"[{""text"":""equal in degree or extent or amount; or equally matched or balanced"",""source_sense_id"":null}]","[{""text"":""even amounts of butter and sugar"",""source"":null,""scope"":""synset""},{""text"":""on even terms"",""source"":null,""scope"":""synset""},{""text"":""it was a fifty-fifty (or even) split"",""source"":null,""scope"":""synset""},{""text"":""had a fifty-fifty (or even) chance"",""source"":null,""scope"":""synset""},{""text"":""an even fight"",""source"":null,""scope"":""synset""}]",[],[],"[{""lexical_entry_id"":""oewn-even-a"",""written_form"":""even"",""source_pos"":""a""},{""lexical_entry_id"":""oewn-fifty-fifty-a"",""written_form"":""fifty-fifty"",""source_pos"":""a""}]",unreviewed
96,even,96,oewn:2025:oewn-even__3.00.01..,oewn:oewn-even__3.00.01..,oewn-even__3.00.01..,oewn-00912628-a,i4979,oewn-even-a,even,a,a,adjective,false,53789,3,false,adj.all,"[{""text"":""being level or straight or regular and without variation as e.g. in shape or texture; or being in the same plane or at the same height as something else (i.e. even with)"",""source_sense_id"":null}]","[{""text"":""an even application of varnish"",""source"":null,""scope"":""synset""},{""text"":""an even floor"",""source"":null,""scope"":""synset""},{""text"":""the road was not very even"",""source"":null,""scope"":""synset""},{""text"":""the picture is even with the window"",""source"":null,""scope"":""synset""}]",[],[],"[{""lexical_entry_id"":""oewn-even-a"",""written_form"":""even"",""source_pos"":""a""}]",unreviewed
96,even,96,oewn:2025:oewn-even__5.00.00.symmetrical.00,oewn:oewn-even__5.00.00.symmetrical.00,oewn-even__5.00.00.symmetrical.00,oewn-02381088-s,i13144,oewn-even-a,even,a,s,adjective_satellite,true,53789,4,false,adj.all,"[{""text"":""symmetrically arranged"",""source_sense_id"":null}]","[{""text"":""even features"",""source"":null,""scope"":""synset""},{""text"":""regular features"",""source"":null,""scope"":""synset""},{""text"":""a regular polygon"",""source"":null,""scope"":""synset""}]",[],[],"[{""lexical_entry_id"":""oewn-even-a"",""written_form"":""even"",""source_pos"":""a""},{""lexical_entry_id"":""oewn-regular-a"",""written_form"":""regular"",""source_pos"":""a""}]",unreviewed
96,even,96,oewn:2025:oewn-even__5.00.00.steady.00,oewn:oewn-even__5.00.00.steady.00,oewn-even__5.00.00.steady.00,oewn-02309868-s,i12748,oewn-even-a,even,a,s,adjective_satellite,true,53789,5,false,adj.all,"[{""text"":""occurring at fixed intervals"",""source_sense_id"":null}]","[{""text"":""a regular beat"",""source"":null,""scope"":""synset""},{""text"":""the even rhythm of his breathing"",""source"":null,""scope"":""synset""}]",[],[],"[{""lexical_entry_id"":""oewn-even-a"",""written_form"":""even"",""source_pos"":""a""},{""lexical_entry_id"":""oewn-regular-a"",""written_form"":""regular"",""source_pos"":""a""}]",unreviewed
96,even,96,oewn:2025:oewn-even__5.00.02.equal.00,oewn:oewn-even__5.00.02.equal.00,oewn-even__5.00.02.equal.00,oewn-00895536-s,i4892,oewn-even-a,even,a,s,adjective_satellite,true,53789,6,false,adj.all,"[{""text"":""of the score in a contest"",""source_sense_id"":null}]","[{""text"":""the score is tied"",""source"":null,""scope"":""synset""}]",[],[],"[{""lexical_entry_id"":""oewn-tied-a"",""written_form"":""tied"",""source_pos"":""a""},{""lexical_entry_id"":""oewn-even-a"",""written_form"":""even"",""source_pos"":""a""},{""lexical_entry_id"":""oewn-level-a"",""written_form"":""level"",""source_pos"":""a""}]",unreviewed
96,even,96,oewn:2025:oewn-even__1.28.00..,oewn:oewn-even__1.28.00..,oewn-even__1.28.00..,oewn-15191509-n,i116916,oewn-even-n,even,n,n,noun,false,53790,1,false,noun.time,"[{""text"":""the latter part of the day (the period of decreasing daylight from late afternoon until nightfall)"",""source_sense_id"":null}]","[{""text"":""he enjoyed the evening light across the lake"",""source"":null,""scope"":""synset""}]",[],"[{""value"":""əˈvɛn"",""variety"":null,""notation"":null,""phonemic"":null,""audio"":null,""scope"":""lemma"",""form"":null}]","[{""lexical_entry_id"":""oewn-evening-n"",""written_form"":""evening"",""source_pos"":""n""},{""lexical_entry_id"":""oewn-eve-n"",""written_form"":""eve"",""source_pos"":""n""},{""lexical_entry_id"":""oewn-even-n"",""written_form"":""even"",""source_pos"":""n""},{""lexical_entry_id"":""oewn-eventide-n"",""written_form"":""eventide"",""source_pos"":""n""}]",unreviewed
96,even,96,oewn:2025:oewn-even__4.02.00..,oewn:oewn-even__4.02.00..,oewn-even__4.02.00..,oewn-00017907-r,i18242,oewn-even-r,even,r,r,adverb,false,53793,1,false,adv.all,"[{""text"":""used as an intensive especially to indicate something unexpected"",""source_sense_id"":null}]","[{""text"":""even an idiot knows that"",""source"":null,""scope"":""synset""},{""text"":""declined even to consider the idea"",""source"":null,""scope"":""synset""},{""text"":""I don't have even a dollar!"",""source"":null,""scope"":""synset""}]",[],[],"[{""lexical_entry_id"":""oewn-even-r"",""written_form"":""even"",""source_pos"":""r""}]",unreviewed
96,even,96,oewn:2025:oewn-even__4.02.03..,oewn:oewn-even__4.02.03..,oewn-even__4.02.03..,oewn-00018505-r,i18245,oewn-even-r,even,r,r,adverb,false,53793,2,false,adv.all,"[{""text"":""in spite of; notwithstanding"",""source_sense_id"":null}]","[{""text"":""even when he is sick, he works"",""source"":null,""scope"":""synset""},{""text"":""even with his head start she caught up with him"",""source"":null,""scope"":""synset""}]",[],[],"[{""lexical_entry_id"":""oewn-even-r"",""written_form"":""even"",""source_pos"":""r""}]",unreviewed
96,even,96,oewn:2025:oewn-even__4.02.01..,oewn:oewn-even__4.02.01..,oewn-even__4.02.01..,oewn-00018101-r,i18243,oewn-even-r,even,r,r,adverb,false,53793,3,false,adv.all,"[{""text"":""to a greater degree or extent; used with comparisons"",""source_sense_id"":null}]","[{""text"":""looked sick and felt even worse"",""source"":null,""scope"":""synset""},{""text"":""an even (or still) more interesting problem"",""source"":null,""scope"":""synset""},{""text"":""still another problem must be solved"",""source"":null,""scope"":""synset""},{""text"":""a yet sadder tale"",""source"":null,""scope"":""synset""}]",[],[],"[{""lexical_entry_id"":""oewn-even-r"",""written_form"":""even"",""source_pos"":""r""},{""lexical_entry_id"":""oewn-yet-r"",""written_form"":""yet"",""source_pos"":""r""},{""lexical_entry_id"":""oewn-still-r"",""written_form"":""still"",""source_pos"":""r""}]",unreviewed
96,even,96,oewn:2025:oewn-even__4.02.04..,oewn:oewn-even__4.02.04..,oewn-even__4.02.04..,oewn-00018651-r,i18246,oewn-even-r,even,r,r,adverb,false,53793,4,false,adv.all,"[{""text"":""to the full extent"",""source_sense_id"":null}]","[{""text"":""loyal even unto death"",""source"":null,""scope"":""synset""}]",[],[],"[{""lexical_entry_id"":""oewn-even-r"",""written_form"":""even"",""source_pos"":""r""}]",unreviewed
96,even,96,oewn:2025:oewn-even__2.35.00..,oewn:oewn-even__2.35.00..,oewn-even__2.35.00..,oewn-01309802-v,i28220,oewn-even-v,even,v,v,verb,false,53798,1,false,verb.contact,"[{""text"":""make level or straight"",""source_sense_id"":null}]","[{""text"":""level the ground"",""source"":null,""scope"":""synset""}]",[],[],"[{""lexical_entry_id"":""oewn-flush-v"",""written_form"":""flush"",""source_pos"":""v""},{""lexical_entry_id"":""oewn-level-v"",""written_form"":""level"",""source_pos"":""v""},{""lexical_entry_id"":""oewn-even_out-v"",""written_form"":""even out"",""source_pos"":""v""},{""lexical_entry_id"":""oewn-even-v"",""written_form"":""even"",""source_pos"":""v""}]",unreviewed
96,even,96,oewn:2025:oewn-even__2.30.00..,oewn:oewn-even__2.30.00..,oewn-even__2.30.00..,oewn-00417805-v,i23808,oewn-even-v,even,v,v,verb,false,53798,2,false,verb.change,"[{""text"":""become even or more even"",""source_sense_id"":null}]","[{""text"":""even out the surface"",""source"":null,""scope"":""synset""}]",[],[],"[{""lexical_entry_id"":""oewn-even-v"",""written_form"":""even"",""source_pos"":""v""},{""lexical_entry_id"":""oewn-even_out-v"",""written_form"":""even out"",""source_pos"":""v""}]",unreviewed
96,even,96,oewn:2025:oewn-even__2.30.01..,oewn:oewn-even__2.30.01..,oewn-even__2.30.01..,oewn-00417630-v,i23807,oewn-even-v,even,v,v,verb,false,53798,3,false,verb.change,"[{""text"":""make even or more even"",""source_sense_id"":null}]",[],[],[],"[{""lexical_entry_id"":""oewn-even-v"",""written_form"":""even"",""source_pos"":""v""},{""lexical_entry_id"":""oewn-even_out-v"",""written_form"":""even out"",""source_pos"":""v""}]",unreviewed
97,may,97,oewn:2025:oewn-may__1.28.00..,oewn:oewn-may__1.28.00..,oewn-may__1.28.00..,oewn-15236280-n,i117160,oewn-May-n,May,n,n,noun,false,10465,1,false,noun.time,"[{""text"":""the month following April and preceding June"",""source_sense_id"":null}]",[],[],"[{""value"":""meɪ"",""variety"":null,""notation"":null,""phonemic"":null,""audio"":null,""scope"":""lemma"",""form"":null}]","[{""lexical_entry_id"":""oewn-May-n"",""written_form"":""May"",""source_pos"":""n""}]",unreviewed
97,may,97,oewn:2025:oewn-may__1.20.00..,oewn:oewn-may__1.20.00..,oewn-may__1.20.00..,oewn-12648511-n,i103242,oewn-may-n,may,n,n,noun,false,80909,1,false,noun.plant,"[{""text"":""thorny Eurasian shrub of small tree having dense clusters of white to scarlet flowers followed by deep red berries; established as an escape in eastern North America"",""source_sense_id"":null}]",[],[],"[{""value"":""meɪ"",""variety"":null,""notation"":null,""phonemic"":null,""audio"":null,""scope"":""lemma"",""form"":null}]","[{""lexical_entry_id"":""oewn-whitethorn-n"",""written_form"":""whitethorn"",""source_pos"":""n""},{""lexical_entry_id"":""oewn-English_hawthorn-n"",""written_form"":""English hawthorn"",""source_pos"":""n""},{""lexical_entry_id"":""oewn-may-n"",""written_form"":""may"",""source_pos"":""n""},{""lexical_entry_id"":""oewn-Crataegus_laevigata-n"",""written_form"":""Crataegus laevigata"",""source_pos"":""n""},{""lexical_entry_id"":""oewn-Crataegus_oxycantha-n"",""written_form"":""Crataegus oxycantha"",""source_pos"":""n""}]",unreviewed
98,here,98,oewn:2025:oewn-here__5.00.00.present.02,oewn:oewn-here__5.00.00.present.02,oewn-here__5.00.00.present.02,oewn-01853170-s,i10149,oewn-here-a,here,a,s,adjective_satellite,true,66147,1,false,adj.all,"[{""text"":""being here now"",""source_sense_id"":null}]","[{""text"":""is everyone here?"",""source"":null,""scope"":""synset""}]",[],"[{""value"":""hɪə(ɹ)"",""variety"":""GB"",""notation"":null,""phonemic"":null,""audio"":null,""scope"":""lemma"",""form"":null},{""value"":""hɪɹ"",""variety"":""US"",""notation"":null,""phonemic"":null,""audio"":null,""scope"":""lemma"",""form"":null}]","[{""lexical_entry_id"":""oewn-here-a"",""written_form"":""here"",""source_pos"":""a""}]",unreviewed
98,here,98,oewn:2025:oewn-here__1.15.00..,oewn:oewn-here__1.15.00..,oewn-here__1.15.00..,oewn-08506507-n,i81667,oewn-here-n,here,n,n,noun,false,66148,1,false,noun.location,"[{""text"":""the present location; this place; location, proximal pronoun; demonstrative pronoun, location; quantifier: demonstrative determiner, singular, proximal"",""source_sense_id"":null}]","[{""text"":""where do we go from here?"",""source"":null,""scope"":""synset""}]",[],"[{""value"":""hɪə(ɹ)"",""variety"":""GB"",""notation"":null,""phonemic"":null,""audio"":null,""scope"":""lemma"",""form"":null},{""value"":""hɪɹ"",""variety"":""US"",""notation"":null,""phonemic"":null,""audio"":null,""scope"":""lemma"",""form"":null}]","[{""lexical_entry_id"":""oewn-here-n"",""written_form"":""here"",""source_pos"":""n""}]",unreviewed
98,here,98,oewn:2025:oewn-here__4.02.00..,oewn:oewn-here__4.02.00..,oewn-here__4.02.00..,oewn-00109247-r,i18823,oewn-here-r,here,r,r,adverb,false,66149,1,false,adv.all,"[{""text"":""in or at this place; where the speaker or writer is"",""source_sense_id"":null}]","[{""text"":""I work here"",""source"":null,""scope"":""synset""},{""text"":""turn here"",""source"":null,""scope"":""synset""},{""text"":""radio waves received here on Earth"",""source"":null,""scope"":""synset""}]",[],"[{""value"":""hɪə(ɹ)"",""variety"":""GB"",""notation"":null,""phonemic"":null,""audio"":null,""scope"":""lemma"",""form"":null},{""value"":""hɪɹ"",""variety"":""US"",""notation"":null,""phonemic"":null,""audio"":null,""scope"":""lemma"",""form"":null}]","[{""lexical_entry_id"":""oewn-here-r"",""written_form"":""here"",""source_pos"":""r""}]",unreviewed
98,here,98,oewn:2025:oewn-here__4.02.02..,oewn:oewn-here__4.02.02..,oewn-here__4.02.02..,oewn-00109541-r,i18825,oewn-here-r,here,r,r,adverb,false,66149,2,false,adv.all,"[{""text"":""in this circumstance or respect or on this point or detail"",""source_sense_id"":null}]","[{""text"":""what do we have here?"",""source"":null,""scope"":""synset""},{""text"":""here I must disagree"",""source"":null,""scope"":""synset""}]",[],"[{""value"":""hɪə(ɹ)"",""variety"":""GB"",""notation"":null,""phonemic"":null,""audio"":null,""scope"":""lemma"",""form"":null},{""value"":""hɪɹ"",""variety"":""US"",""notation"":null,""phonemic"":null,""audio"":null,""scope"":""lemma"",""form"":null}]","[{""lexical_entry_id"":""oewn-here-r"",""written_form"":""here"",""source_pos"":""r""}]",unreviewed
98,here,98,oewn:2025:oewn-here__4.02.01..,oewn:oewn-here__4.02.01..,oewn-here__4.02.01..,oewn-00109415-r,i18824,oewn-here-r,here,r,r,adverb,false,66149,3,false,adv.all,"[{""text"":""to this place (especially toward the speaker)"",""source_sense_id"":null}]","[{""text"":""come here, please"",""source"":null,""scope"":""synset""}]",[],"[{""value"":""hɪə(ɹ)"",""variety"":""GB"",""notation"":null,""phonemic"":null,""audio"":null,""scope"":""lemma"",""form"":null},{""value"":""hɪɹ"",""variety"":""US"",""notation"":null,""phonemic"":null,""audio"":null,""scope"":""lemma"",""form"":null}]","[{""lexical_entry_id"":""oewn-here-r"",""written_form"":""here"",""source_pos"":""r""},{""lexical_entry_id"":""oewn-hither-r"",""written_form"":""hither"",""source_pos"":""r""}]",unreviewed
98,here,98,oewn:2025:oewn-here__4.02.04..,oewn:oewn-here__4.02.04..,oewn-here__4.02.04..,oewn-00109789-r,i18827,oewn-here-r,here,r,r,adverb,false,66149,4,false,adv.all,"[{""text"":""at this time; now"",""source_sense_id"":null}]","[{""text"":""we'll adjourn here for lunch and discuss the remaining issues this afternoon"",""source"":null,""scope"":""synset""}]",[],"[{""value"":""hɪə(ɹ)"",""variety"":""GB"",""notation"":null,""phonemic"":null,""audio"":null,""scope"":""lemma"",""form"":null},{""value"":""hɪɹ"",""variety"":""US"",""notation"":null,""phonemic"":null,""audio"":null,""scope"":""lemma"",""form"":null}]","[{""lexical_entry_id"":""oewn-here-r"",""written_form"":""here"",""source_pos"":""r""}]",unreviewed
99,many,99,oewn:2025:oewn-many__3.00.00..,oewn:oewn-many__3.00.00..,oewn-many__3.00.00..,oewn-01555990-a,i8520,oewn-many-a,many,a,a,adjective,false,80138,1,false,adj.all,"[{""text"":""a quantifier that can be used with count nouns and is often preceded by ‘as’ or ‘too’ or ‘so’ or ‘that’; amounting to a large but indefinite number; quantifier, plural pronoun; quantifier, plural"",""source_sense_id"":null}]","[{""text"":""many temptations"",""source"":null,""scope"":""synset""},{""text"":""the temptations are many"",""source"":null,""scope"":""synset""},{""text"":""a good many"",""source"":null,""scope"":""synset""},{""text"":""a great many"",""source"":null,""scope"":""synset""},{""text"":""many directions"",""source"":null,""scope"":""synset""},{""text"":""take as many apples as you like"",""source"":null,""scope"":""synset""},{""text"":""too many clouds to see"",""source"":null,""scope"":""synset""},{""text"":""never saw so many people"",""source"":null,""scope"":""synset""}]",[],"[{""value"":""ˈmɛni"",""variety"":""GB"",""notation"":null,""phonemic"":null,""audio"":null,""scope"":""lemma"",""form"":null},{""value"":""ˈmɛni"",""variety"":""US"",""notation"":null,""phonemic"":null,""audio"":null,""scope"":""lemma"",""form"":null},{""value"":""ˈmæni"",""variety"":""IE"",""notation"":null,""phonemic"":null,""audio"":null,""scope"":""lemma"",""form"":null}]","[{""lexical_entry_id"":""oewn-many-a"",""written_form"":""many"",""source_pos"":""a""}]",unreviewed
100,such,100,oewn:2025:oewn-such__5.00.00.much.00,oewn:oewn-such__5.00.00.much.00,oewn-such__5.00.00.much.00,oewn-01558587-s,i8532,oewn-such-a,such,a,s,adjective_satellite,true,118880,1,false,adj.all,"[{""text"":""of so extreme a degree or extent; demonstrative, other pronoun; demonstrative determiner, kind"",""source_sense_id"":null}]","[{""text"":""such weeping"",""source"":null,""scope"":""synset""},{""text"":""so much weeping"",""source"":null,""scope"":""synset""},{""text"":""such a help"",""source"":null,""scope"":""synset""},{""text"":""such grief"",""source"":null,""scope"":""synset""},{""text"":""never dreamed of such beauty"",""source"":null,""scope"":""synset""}]",[],[],"[{""lexical_entry_id"":""oewn-such-a"",""written_form"":""such"",""source_pos"":""a""}]",unreviewed
100,such,100,oewn:2025:oewn-such__4.02.00..,oewn:oewn-such__4.02.00..,oewn-such__4.02.00..,oewn-00148422-r,i19129,oewn-such-r,such,r,r,adverb,false,118881,1,false,adv.all,"[{""text"":""to so extreme a degree"",""source_sense_id"":null}]","[{""text"":""he is such a baby"",""source"":null,""scope"":""synset""},{""text"":""Such rich people!"",""source"":null,""scope"":""synset""}]",[],[],"[{""lexical_entry_id"":""oewn-such-r"",""written_form"":""such"",""source_pos"":""r""}]",unreviewed
