issue,word,pos,english,vietnamese,row_id
definition_vi_cjk,frolf,noun,(rare) .,frolf (罕见的),2790731
definition_vi_cjk,baal-ha-bos,noun,(Judaism) .,(犹太教) .,2607310
definition_vi_cjk,sighfully,adverb,In a sighful manner.,sighfully (副词)以叹息的方式,3117814
definition_vi_cjk,suffrance,noun,(rare) .,. (khan用),3155419
definition_vi_cjk,sxt,noun,(star) .,(sao星) .,3163731
definition_vi_cjk,water-breaker,noun,(nautical) .,(航海) ,3243407
definition_vi_cjk,wind-suckers,noun,().,(罕见) .,3249969
definition_vi_cjk,badgeless,adjective,Without a badge.,没有徽章的,2609120
definition_vi_cjk,snoggable,adjective,kissable,可亲吻的。,3127473
definition_vi_cjk,disporic,adjective,Having two spores,Có hai孢子每有两个孢子的,2729980
definition_vi_cjk,disporous,adjective,(biology) Having two spores.,Có hai孢子每有两个孢子的,2729982
definition_vi_cjk,thalassoceratid,noun,(zoology) Any ammonite in the family .,(zooloジー学) bất kỳ loài 三叶虫在家族 中,3176496
definition_vi_cjk,divineness,noun,The quality of being divine; divinity.,神圣性；神性。,2731894
definition_vi_cjk,docosahexenoate,noun,(organic chemistry) Any salt or ester of docosahexenoic acid,docosahydrat (một hợp chất có hai十二碳水合物),2732661
definition_vi_cjk,doglock,noun,(firearms|historical) The lock that preceded the true flintlock in both rifles and pistols in the 17th century.,(súng火器，历史) 在17世纪，前真正的火石锁之前，在步枪和手枪中使用的扳机系统。,2733350
definition_vi_cjk,doink,verb,(US|slang|humorous|transitive) To have sex with.,"(Hoa Kỳ,俚语,滑稽,及物动词)与某人发生性关系。",2733504
definition_vi_cjk,doink,noun,(slang) A fool; a jerk; a worthless person.,(俚语)一个傻瓜；一个混蛋；一个无用的人。,2733506
definition_vi_cjk,thaumatopsyllioid,noun,Any crustacean of the order,Thaumatopsyllioid: 任何属于秩序的甲壳类动物,3176849
definition_vi_cjk,thaumatrope,noun,"An optical toy made of a card with an image on each side; when twirled, the images appear to combine.",Thaumatrope: 一种光学玩具，由一张卡片制成，每面都有一个图像；当旋转时，这些图像似乎会结合在一起。,3176850
definition_vi_cjk,thaumatrope,noun,A zoetrope.,Thaumatrope: 一种 zoetrope。,3176851
definition_vi_cjk,thaumatropic,adjective,Of or relating to a thaumatrope.,Thaumatropic: 与 thaumatrope 有关的。,3176852
definition_vi_cjk,thaumaturgically,adverb,"By means of, or in terms of, magic.",Thaumaturgically: 通过魔术手段或方式。,3176856
definition_vi_cjk,thaumaturgism,noun,thaumaturgy; miracle-working,Thaumaturgism: 奇迹术；奇迹工作。,3176858
definition_vi_cjk,dolo,adverb,"(AAVE|New York|hip-hop|_|slang) alone, by oneself, without a companion","(AAVE, New York, hip-hop, _, 拉丁语) 单独，独自一人，没有同伴",2733764
definition_vi_cjk,dolomicrite,noun,(geology) A dolomite mudstone.,(地质学) 一种白云石泥岩。,2733767
definition_vi_cjk,dolomitization,noun,(geology) The conversion of a limestone rock into dolomite by replacement of calcium by magnesium.,(地质学) 石灰岩岩石通过钙被镁替代而转化为白云石的过程。,2733771
definition_vi_cjk,holubky,noun,Czech or Slovak cabbage rolls.,Cabbage rolls của捷克语或斯洛伐克语。,2832831
definition_vi_cjk,double-suicide,noun,Suicide committed by two people together.,điều chỉnh tự殺由两个人一起进行的自杀,2735612
definition_vi_cjk,dumbassery,noun,"(slang|vulgar|North America) Immature, foolish behavior; behavior typical of a dumbass.","Dụmbăsserry: (một loại từ vựng俚语, 北美) 行为幼稚、愚蠢；行为典型的傻瓜。",2740676
definition_vi_cjk,hooky-playing,adjective,That plays hooky.,(俚语) 逃学的,2834800
definition_vi_cjk,hool,noun,(slang) .,(俚语) .,2834801
definition_vi_cjk,hoopstick,noun,A light framing member for a carriage or wagon hood or roof.,(历史) 车辆罩子或屋顶的轻型框架构件。,2834888
definition_vi_cjk,hoopstick,noun,A stick used for rolling a child's play hoop.,(历史) 用于滚动孩子的玩圈的棍子。,2834889
definition_vi_cjk,hoplomachy,noun,(historical) The skill of fighting as a hoplomachus.,(历史) 作为角斗士的技能。,2835103
definition_vi_cjk,dyspancreatism,noun,of the pancreas.,Có liên quan đến tụ胰腺。,2742578
definition_vi_cjk,undirectly,adverb,Indirectly.,间接地。,3212580
definition_vi_cjk,hotsonite,noun,"(mineral) A mineral containing aluminum, sulfur, oxygen, phosphorus and hydrogen originally found in South Africa.",(矿物)一种含铝、硫、氧、磷和氢的矿物，最初在南非发现。,2836375
definition_vi_cjk,hotspurred,adjective,(archaic) ; impetuous; impulsive.,(古语)冲动的；冲动的,2836377
definition_vi_cjk,hotstep,verb,"(slang|idiomatic|intransitive|uncommon) Of a person, to dance with energy, style, and enthusiasm.",(俚语，惯用语，不常见，非传递式)充满活力、风格和热情地跳舞,2836378
definition_vi_cjk,hotstepper,noun,"(slang|idiomatic) Someone who walks with confidence and style, often exuding charisma and a strong presence.",(俚语，惯用语)充满自信和风格的人，通常散发着魅力和强大的存在感。,2836380
definition_vi_cjk,riding-rod,noun,A light cane for equestrians.,Một cây gậy nhẹ dành cho người骑马者,3083291
definition_vi_cjk,hover-fly,noun,"(dated) ; any insect, of the family, having wasp-like markings",Hover-fly: (cũ) bất kỳ con昆虫，具有黄蜂般的条纹的昆虫。,2836841
definition_vi_cjk,hrabalian,adjective,"Of or relating to Bohumil Hrabal (1914–1997), Czech writer.","Of or relating to Bohumil Hrabal (1914–1997), Czech writer. (Hrabalian) (từ形容词): (与捷克作家博胡米尔·赫拉巴尔相关的)",2837081
definition_vi_cjk,hst,noun,"(Canada) , a combined federal and provincial sales tax collected in some provinces.",(加拿大) ，一些省份中联邦和省级销售税的合并征收.,2837169
definition_vi_cjk,hst,noun,(quilting) .,(缝纫) .,2837170
definition_vi_cjk,hst,noun,(nautical) .,(航海) .,2837171
definition_vi_cjk,hsts,noun,"(tttt) , a reinterpretation of HSTS.",(tttt) ，HSTS的重新解释.,2837173
definition_vi_cjk,hsv,noun,(virology) .,(病毒学) .,2837174
definition_vi_cjk,htfu,phrase,(slang) .,(俚语) .,2837189
definition_vi_cjk,hudna,noun,"truce, armistice, cease-fire",休战，停火，停火.,2837392
definition_vi_cjk,hudna,noun,"a pause to regroup, rearm, and prepare for the next fight",暂停以重新集结，重新武装并准备下一次战斗.,2837393
definition_vi_cjk,huerta,noun,The area of Murcia and Valencia with fertile ground.,马略卡和瓦伦西亚肥沃土地的区域.,2837421
definition_vi_cjk,humberstonite,noun,"(mineral) A trigonal-rhombohedral colorless mineral containing hydrogen, magnesium, nitrogen, oxygen, potassium, sodium, and sulfur.",(mỏ) Một khoáng chất hình tam giác-rhombohedron màu无色，含有氢、镁、氮、氧、钾、钠和硫的矿物。,2837787
definition_vi_cjk,riichi,noun,"(pachinko|often spelled ""reach"") Being one symbol away from getting a jackpot, usually triggering an animation before the final symbol is revealed.","(pachinko, thường được拼写为""reach"") Cách xa một ký hiệu để đạt được jackpot, thường gây ra một cảnh trước khi ký hiệu cuối cùng được tiết lộ.",3083750
definition_vi_cjk,rilek,verb,"(Singapore|intransitive) To relax; to chill out or loiter, doing nothing in particular.",(新加坡，不转换动词) 放松；放松或闲逛，做些无关紧要的事情。,3083764
definition_vi_cjk,rilesome,adjective,Easily aggravated; tending to get riled up.,容易被激怒的；倾向于变得生气。,3083765
definition_vi_cjk,rilesome,adjective,Tending to stir or move from a state of order; roilsome.,容易被激怒的；倾向于搅动或从有序状态中移动出来。,3083766
definition_vi_cjk,riley-day syndrome,noun,A rare genetic disorder of the autonomic nervous system.,里尔德综合征：一种罕见的遗传性疾病，影响自主神经系统。,3083767
definition_vi_cjk,rilkean,adjective,"Of or pertaining to Rainer Maria Rilke (1875–1926), Austrian poet regarded as a transitional figure between the traditional and modernist poets.",里尔克式的：与里尔·马里亚·里尔克（1875-1926）有关，他是奥地利诗人，被认为是传统诗人和现代主义诗人之间的过渡人物。,3083769
definition_vi_cjk,rimfire,noun,"A type of firearm cartridge where the primer is in the back rim, rather than a central primer cap. They are cheap to produce but cannot be reloaded with powder.","Một loại đạn súng火药_, nơi nút điểm nổ nằm ở mép sau, thay vì một nắp điểm nổ trung tâm. Chúng rẻ tiền để sản xuất nhưng không thể tái sử dụng với thuốc súng.",3083833
definition_vi_cjk,ring-cake,noun,"(USA) A cake having a ring baked inside it, with slices sold as a form of lottery. Once a common feature of church fairs.",ring-cake (名词): (美国) 一种内部含有环状物的蛋糕，切片作为抽奖形式出售。曾经是教堂集会上的一个常见特征。,3083964
definition_vi_cjk,ring-dropping,noun,"(historical) A form of fraud in which a ring or other spurious article is supposed to be found just in front of the mark, who is tempted to buy it at a fraction of its claimed value.",ring-dropping (名词): (历史上的) 一种欺诈形式，在这种形式中，一个戒指或其他伪造品被认为是在骗子面前找到的，骗子被引诱以其声称的价值的一小部分购买它。,3083965
definition_vi_cjk,ring-giver,noun,"(historical|Old English literature) A ruler or chieftain who distributed rings or other valuable gifts to loyal warriors, thanes, or retainers as a means of rewarding service and reinforcing bonds of allegiance and mutual obligation.",ring-giver (名词): (历史上的，盎格鲁-撒克逊文学) 一位统治者或酋长，他分发戒指或其他有价值的礼物给忠诚的战士、男爵或仆人，作为一种奖励服务和加强忠诚和相互义务的方式。,3083966
definition_vi_cjk,ring-giving,noun,"(historical|Old English literature) The practice by which a ruler or chieftain distributes rings or other valuable gifts to loyal warriors, thanes, or retainers as a means of rewarding service and reinforcing bonds of allegiance and mutual obligation.",ring-giving (名词): (历史上的，盎格鲁-撒克逊文学) 一种统治者或酋长分发戒指或其他有价值的礼物给忠诚的战士、男爵或仆人，作为一种奖励服务和加强忠诚和相互义务的方式的做法。,3083967
definition_vi_cjk,ring-hoard,noun,A large hoard of treasure.,ring-hoard (名词): 一大笔财宝。,3083969
definition_vi_cjk,ring-in,noun,"A replacement made at the last minute, often in a sporting context.",ring-in (名词): 最后时刻的替换，通常在体育赛事中。,3083970
definition_vi_cjk,ring-in,noun,A racehorse or greyhound fraudulently substituted for another in a race.,ring-in (名词): 在比赛中被欺诈性地替换为另一匹赛马或灰狗。,3083971
definition_vi_cjk,ringboard,noun,"A board with hooks attached, used in the Irish game of rings.",(irish)一块带有挂钩的木板，用于爱尔兰游戏中的环形。,3084001
definition_vi_cjk,ringbolt,noun,an eyebolt with a captive ring passing through it,一个带有固定环的眼螺栓。,3084002
definition_vi_cjk,ringbond,noun,(organic chemistry) A bond between atoms of neighbouring rings,(有机化学) 环状化合物之间的原子之间的键。,3084003
definition_vi_cjk,ringbone,noun,"A type of osteoarthritis affecting any of several bones (particularly the coffin joint or pastern) of a horse's leg or foot, marked by bone growth.",一种影响马蹄或脚部（特别是蹄关节）的马骨关节炎类型，表现为骨生长。,3084004
definition_vi_cjk,ringboned,adjective,"Having ringbone, a form of osteoarthritis in horse's feet.",有环状骨关节炎的，一种影响马蹄或脚部的马骨关节炎。,3084005
definition_vi_cjk,ringcraft,noun,(boxing) Tactical skill and positioning in the boxing ring.,(拳击) 拳击台上的战术技巧和定位。,3084006
definition_vi_cjk,ringcraft,noun,(dog training) The skills necessary to compete in a dog show.,(狗训练) 在狗展中所需的技能。,3084007
definition_vi_cjk,ringdent,noun,A piece of jewelry that can be worn as either a ring or a pendant.,一种珠宝，可以作为戒指或吊坠佩戴。,3084008
definition_vi_cjk,ringdove,noun,the wood pigeon,北美的山斑鸠。,3084009
definition_vi_cjk,ringdown,noun,(astronomy) The stage in a merging event where the amplitude reaches its peak.,(天文学) 合并事件中的振幅达到峰值的阶段。,3084010
definition_vi_cjk,rinpoche,noun,(Tibetan Buddhism),(Phật giáo Tây Tạng) Lạtma喇嘛,3084190
definition_vi_cjk,ringdown,noun,(telecommunications) A signal to a telephone operator that both rings a bell and allows a relay to drop.,(电信) 一个信号给电话操作员，既敲铃又允许继电器落下。,3084011
definition_vi_cjk,ringe,noun,A whisk made of heather.,一种用羊茅制成的搅拌棒。,3084012
definition_vi_cjk,ringlight,noun,(photography),(摄影学),3084083
definition_vi_cjk,ringlight,noun,(photography),(摄影学),3084084
definition_vi_cjk,ringnut,noun,(slang|humorous|or|_|pejorative) A fan of the opera cycle Richard Wagner.,(俚语，幽默，或，贬义) 瓦格纳歌剧的粉丝。（根据上下文可能需要调整）,3084103
definition_vi_cjk,ringnut,noun,(slang|humorous|or|_|pejorative) A fan of the novel J. R. R. Tolkien and/or the film trilogy based on it.,(俚语，幽默，或，贬义) J.R.R. 托尔金小说或基于它的电影三部曲的粉丝。（根据上下文可能需要调整）,3084104
definition_vi_cjk,ringoal,noun,"A game for two players in which one uses two sticks to launch a hoop, the opponent attempting to catch it.",一种两人游戏，在这种游戏中，一方使用两根棍子来发射一个环，另一方试图接住它。,3084105
definition_vi_cjk,ringoid,noun,(math) A ring-like algebraic structure.,(数学) 一种环状代数结构。,3084106
definition_vi_cjk,ringoid,noun,(category theory) A small preadditive category (so named because a ring can be viewed as a preadditive category with a single object).,(范畴论) 一个小预加性范畴（因此得名，因为一个环可以被视为只有一个对象的预加性范畴）。,3084107
definition_vi_cjk,ringoism,noun,"A term to describe accidental, unusual, or poetic malapropisms, especially those said by Beatle Ringo Starr.",描述意外、不寻常或诗意的误用，尤其是由披头士成员 Ringo Starr 说出的。,3084108
definition_vi_cjk,ringolevio,noun,"(US|playground game) A children's game, a variation of tag, where each side has a designated ""jail"" to hold captured players from the other team.",(美国，操场游戏) 一种儿童游戏，类似于捉人游戏，每队都有一个指定的“监狱”来关押对方队伍的捕获者。,3084109
definition_vi_cjk,ringpiece,noun,(slang|chiefly|UK) The anal sphincter,（俚语，主要限于英国）肛门括约肌。,3084110
definition_vi_cjk,ringpost,noun,(professional wrestling) Any of the posts that surround the ring.,（职业摔跤）围绕着擂台的所有柱子。,3084111
definition_vi_cjk,ringsail,noun,(nautical) A light sail set abaft and beyond the leech of a boom-and-gaff sail.,(航海) 设置在帆船后部和帆杆后面的轻帆。,3084115
definition_vi_cjk,ringshine,noun,"(astronomy) Sunlight that is reflected from the ring around a planet (such as the one around Saturn), visible on the night side of the planet.",(天文学) 反射环绕行星（如土星）的环上的阳光，可见于行星夜晚一侧的光线。,3084116
definition_vi_cjk,metastory,noun,An overarching story having other stories embedded within it.,một câu chuyện khung có các câu chuyện khác được嵌入其中,2919698
definition_vi_cjk,rino,noun,(US politics|derogatory) .,"(politics 美国政治, 贬义)",3084189
definition_vi_cjk,rinmanite,noun,"(mineral) A hexagonal-dihexagonal pyramidal mineral containing aluminum, antimony, hydrogen, iron, magnesium, manganese, oxygen, and zinc.",(thiếc) Mined石墨矿,3084185
definition_vi_cjk,rinneite,noun,"(mineral) An evaporite, consisting of mixed potassium, sodium and ferrous chloride, K3NaFe2+Cl6.",(thiếc) Mined石墨矿,3084186
definition_vi_cjk,hydrostannylation,noun,Insertion of unsaturated substrates into Sn-H bond using tin hydride compound.,(hóa học) Thêm các phân tử không饱和烃 到Sn-H键中 使用锡氢化合物,2840026
definition_vi_cjk,ritzily,adverb,In a ritzy fashion.,里兹地（形容词）以里兹方式。,3084688
definition_vi_cjk,ritziness,noun,The quality of being ritzy.,里兹地（名词）里兹性质。,3084689
definition_vi_cjk,ritzy-glitzy,adjective,Showily elegant and luxurious.,里兹地（形容词）炫耀地优雅和奢华。,3084691
definition_vi_cjk,riv'n,adjective,(archaic) riven,（过时的）分裂的。,3084692
definition_vi_cjk,riva,noun,A rift or cleft.,裂缝或裂口。,3084693
definition_vi_cjk,rivalize,verb,(transitive|obsolete) To rival; to oppose or compete with.,cạnh tranh (thông qua động词),3084711
definition_vi_cjk,rivalmance,noun,(Dragon Age|_|fandom slang) A romance with a character with whom the player has an antagonistic relationship in Dragon Age II.,（龙腾时代，粉丝俚语）在《龙腾时代2》中与一个玩家有敌对关系的角色进行浪漫互动,3084715
definition_vi_cjk,rivalmance,verb,(Dragon Age|_|fandom slang) To romance a character in this manner in Dragon Age II.,（龙腾时代，粉丝俚语）以这种方式在《龙腾时代2》中与一个玩家有敌对关系的角色进行浪漫互动,3084716
definition_vi_cjk,hyperempirical,adjective,(epistemology|sciences) .,(知识论，科学)超经验的。,2841488
definition_vi_cjk,hyperencapsulation,noun,Excessive encapsulation (typically of a bacterium),过度包涵（通常指细菌）。,2841489
definition_vi_cjk,hyperendemia,noun,The condition of being hyperendemic,超地方性的状况。,2841490
definition_vi_cjk,hyperendemic,adjective,(medicine) That has a high and continued incidence in an area,(医学)在某一地区具有高且持续的发病率。,2841491
definition_vi_cjk,hypermnesia,noun,(psychology) An elevated level of memory recall.,(心理学) 记忆力增强水平。,2842163
definition_vi_cjk,horse-godmother,noun,(obsolete|colloquial) A fat clumsy woman.,"(hạn chế sử dụng,俚语) 一个笨拙的胖女人。(注：此词组在现代汉语中不常用)",2835648
definition_vi_cjk,echinite,noun,(paleontology) A fossilized echinoid.,(古生物学) 珊瑚化石。,2744423
definition_vi_cjk,housling,noun,(obsolete|Christianity) A communicant.,"Housling: (cũ, Kitô giáo) Một tín đồ tham dự lễ圣礼。",2836787
definition_vi_cjk,eek,verb,"(slang|ethnic slur|offensive) Of a black person, to speak nonsense or gibberish.",(俚语，种族歧视，冒犯性) 对黑人来说，说胡话或胡言乱语。,2746200
definition_vi_cjk,effectance,noun,(psychology) effective interaction with one's environment,(心理学) 有效与环境互动。,2746350
definition_vi_cjk,hsv,noun,(virology) .,(病毒学) .,2837175
definition_vi_cjk,efp,noun,(weaponry|countable) .,"(武力, countable) .",2746638
definition_vi_cjk,efp,noun,(weaponry|countable) .,"(广播, uncountable) .",2746639
definition_vi_cjk,efp,noun,(broadcasting|uncountable) .,"(广播, uncountable) .",2746640
definition_vi_cjk,eggstring,noun,A string of eggs produced by amphibians such as the midwife toad.,Một chuỗi trứng được sản xuất bởi các loài 两栖动物 如产卵蛙类。,2746832
definition_vi_cjk,huayangosaurid,noun,(zoology) Any dinosaur in the family,任何在家族中的恐龙.(古生物学),2837252
definition_vi_cjk,egosyntonia,noun,(psychology) .,(心理学) 自我一致,2746935
definition_vi_cjk,egotheism,noun,The deification of one's own self.,(神学) 自我崇拜,2746938
definition_vi_cjk,eicosanediol,noun,(organic compound) Any diol derived from eicosane,(有机化合物) 任何衍生自二十碳烯的二醇,2747096
definition_vi_cjk,substem,noun,(linguistics) Part of a stem.,(linguistics) 部分的 stem.,3154000
definition_vi_cjk,theah,noun,(US|historical|colloquial) .,"(Mỹ, lịch sử,俚语) .",3176904
definition_vi_cjk,electrofuse,verb,To fuse using electrofusion,使用电融合来熔合。,2748477
definition_vi_cjk,o,adjective,(historical) .,vi: (thông史学的) .,2973818
definition_vi_cjk,epcoritamab,noun,A monoclonal antibody anticancer medication used for the treatment of diffuse large B-cell lymphoma.,Một kháng thể kháng thể ung thư đơn dòng được sử dụng để điều trị u bạch cầu lớn弥漫性大B细胞淋巴瘤。,2756143
definition_vi_cjk,epidemy,noun,(medicine) .,(y học) 。,2756601
definition_vi_cjk,hylaeosaur,noun,A dinosaur of the genus .,(loài động vật) Một loài khủng龍 (dinosaur) của chủng loài .,2840488
definition_vi_cjk,hyperbulia,noun,(psychology) Excessive will or drive to do things.,(心理学) 过度的意志或驱动力去做事情,2841037
definition_vi_cjk,sudovikovite,noun,(mineral) A trigonal-hexagonal scalenohedral white mineral containing platinum and selenium.,một khoáng chất trắng hình thang cân giác chứa platino và硒 (xiē),3155228
definition_vi_cjk,hyperenergetic,adjective,Extremely energetic.,极其有活力的。,2841493
definition_vi_cjk,hyperenhance,verb,To produce hyperenhancement,使过度增强。,2841494
definition_vi_cjk,essentializer,noun,One who essentializes.,一个使某物本质化的人。,2760078
definition_vi_cjk,estj,noun,A person with this personality type,estj {具有这种个性类型的人},2760252
definition_vi_cjk,estj,noun,(psychology) : a personality type in the Myers–Briggs Type Indicator.,estj {（心理学）：迈尔斯-布里格斯类型指标中的个性类型。},2760251
definition_vi_cjk,estrogenic,adjective,(medicine) Causing estrus.,Estrogén (y học): Gây chu kỳ sinh dục nữ。,2760332
definition_vi_cjk,eustathe,noun,(biology|obsolete) The external layer of a cell.,(生物学，已废弃) 细胞的外层。,2762373
definition_vi_cjk,evo-creo,noun,(slang) .,evo-creo (俚语) .,2763249
definition_vi_cjk,thirty-three,noun,A phonograph record that rotates at revolutions per minute; especially an LP,Mặt nạ唱片,3179506
definition_vi_cjk,extramedullary,adjective,(anatomy|medicine) Outside of a medulla.,trừ xương髓内地,2767133
definition_vi_cjk,hypernormal,adjective,(psychology) Having or relating to a personality that makes one try hard to appear normal to others.,(心理学) 具有或与试图努力向他人表现出正常个性的人有关。,2842257
definition_vi_cjk,robb'd,verb,(archaic),(hồi古的) (不常用),3085255
definition_vi_cjk,robbin,noun,(archaic|or|historical) A kind of package in which pepper and other dry commodities used to be exported from Southeast Asia.,"thùng pepper (hồi古, hoặc, lịch sử) một loại gói mà hạt tiêu và các mặt hàng khô khác được xuất khẩu từ Đông Nam Á.",3085267
definition_vi_cjk,robbin,noun,The spring of a carriage.,cái nảy của xe (hồi古),3085268
definition_vi_cjk,robbin,noun,(nautical) .,cái nảy của xe (nâng海),3085269
definition_vi_cjk,robellus,noun,"(Canada|slang|slur) collective term for three major Canadian telecommunications companies Rogers Communications, Bell Canada, and Telus.","Rogers Communications, Bell Canada, và Telus (Canada,俚语)",3085281
definition_vi_cjk,robenidine,noun,A particular coccidiostat.,一种特定的鸡毒霉素。,3085284
definition_vi_cjk,roberd,noun,(obsolete|UK|dialect) chaffinch; robinet,"(英国, 过时) chaffinch; robinet",3085285
definition_vi_cjk,robertian,noun,Any member of the Frankish predecessor family of origin to the ruling houses of France.,任何成员的法兰克人前身家庭起源到法国统治家族。,3085286
definition_vi_cjk,robertsite,noun,"(mineral) A monoclinic-prismatic mineral containing calcium, hydrogen, manganese, oxygen, and phosphorus.",(矿物) 含有钙、氢、锰、氧和磷酸盐的一种单斜晶系矿物。,3085287
definition_vi_cjk,robertsman,noun,"(UK|obsolete) A bold robber, or night thief.","(英国, 过时) A bold robber, or night thief.",3085288
definition_vi_cjk,robertsonian,adjective,"Of or relating to William Rees Brebner Robertson (1881–1941), American zoologist and early cytogeneticist who first discovered the Robertsonian translocation.",关于威廉·雷斯·布伦纳·罗伯逊（1881–1941），美国动物学家和早期细胞遗传学家，他首次发现了罗伯逊易位。,3085289
definition_vi_cjk,icaridin,noun,(chemistry) An almost colourless and odourless insect repellent.,(kim loại) Một chất chống muỗi gần như无色无味。,2845032
definition_vi_cjk,icelandian,adjective,Icelandic.,Icelandic。,2845179
definition_vi_cjk,icelandian,noun,An Icelander.,Người Iceland。,2845180
definition_vi_cjk,icelandish,adjective,Icelandic of or relating to the North Germanic language spoken in Iceland.,Icelandic liên quan đến tiếng Bắc Âu được nói ở Iceland。,2845190
definition_vi_cjk,icelandite,noun,An andesite that is enriched in iron but deficient in aluminium.,Andesite giàu sắt nhưng nghèo magiê。,2845193
definition_vi_cjk,rodentsona,noun,(furry fandom|rare) A fursona that is a rodent.,"(lông茸毛, 罕见) Một nhân vật fursona là một loài chuột.",3085874
definition_vi_cjk,identitarianism,noun,(psychology) The set of ideas arising from an ontology of identity.,(心理学) từ ngữ xuất phát từ một học thuyết về bản thân.,2845912
definition_vi_cjk,idiophanous,adjective,"(crystallography) Exhibiting interference figures without the aid of a polariscope, as certain crystals do.","(crystallography) Hiện thị hình干涉及图像识别，这里翻译为“干涉图样”更符合化学和晶体学的专业术语) Không cần kính phân cực để hiển thị các hình interferogram, như một số-crystal (crystallography) làm.",2846106
definition_vi_cjk,roh,noun,(travel) .,: một công ty truyền thông và giải trí Mỹ nổi tiếng với摔角。,3086072
definition_vi_cjk,roh,noun,(genetics) .,: một công ty truyền thông và giải trí Mỹ nổi tiếng với摔角。,3086073
definition_vi_cjk,rokelay,noun,(Scotland|historical) A short cloak worn mostly by ladies in the 18th century.,"(Scotland, lịch sử)一件短斗篷，主要在18世纪由女士穿着。",3086134
definition_vi_cjk,rollform,verb,(transitive) To form (sheet metal) into a desired cross section through continuous bending of a long strip of the metal as it passes through a set of rollers.,(转义) 将（金属板）弯曲成所需的断面轮廓，通过长条金属连续弯曲穿过一组滚轮来实现。,3086346
definition_vi_cjk,rolliche,noun,"(archaic) A kind of sausage, made in a bag of tripe, sliced and fried, famous among the Dutch of New Amsterdam.",(古语) 一种香肠，装在牛肚袋中切片煎炸，著名的荷兰新阿姆斯特丹人,3086347
definition_vi_cjk,rollie,noun,(slang|chiefly|UK) A cigarette rolled by hand.,(俚语，主要指英国) 自卷的香烟。,3086358
definition_vi_cjk,rollie,noun,(slang) A Rolex wristwatch.,(俚语) 劳力士手表。,3086359
definition_vi_cjk,romist,noun,(archaic) An adherent of Romism.,romist (hồi古): (hồi古) người theo đạo Roma.,3086709
definition_vi_cjk,romist,noun,(archaic) A Roman Catholic.,romist (hồi古): (hồi古) Kitô hữu Roma.,3086710
definition_vi_cjk,romist,noun,(archaic|rare) A curialist.,"romist (hồi古): (hồi古, hiếm) người ủng hộ Curial.",3086711
definition_vi_cjk,rongeur,noun,"(surgery) An instrument with a sharp-edged, scoop-shaped tip, for gouging out bone.",(chirurgie) một dụng cụ có刃口状的、勺形的尖端，用于挖出骨头。,3086805
definition_vi_cjk,ronggeng,noun,A Javanese dancing girl.,một cô gái Java Javanese跳舞的。,3086806
definition_vi_cjk,rootkit,noun,(computer security) A set of software tools used by a third party to gain unauthorized access to a computer system and control the system while concealing itself from the user.,套装（用于未经授权地访问计算机系统并隐藏自己）,3087143
definition_vi_cjk,rootkit,verb,(transitive) To infect (a computer system) with a rootkit.,感染,3087144
definition_vi_cjk,indocarbocyanine,noun,(organic chemistry) Any of a class of dyes composed of two indole groups connected by a short unsaturated chain of carbon atoms (typically of three carbon atoms),(công nghệ hữu cơ) Màu sắc bất kỳ được tạo thành từ hai nhóm indole kết nối bằng một chuỗi cacbon ngắn không饱和的碳链（通常为三个碳原子）,2853330
definition_vi_cjk,inedia,noun,The (purported) ability to live without food.,(据说的能力) 不吃东西也能生存。,2853732
definition_vi_cjk,inferiorization,noun,The process of inferiorizing.,劣等化的过程。,2854341
definition_vi_cjk,inferiorize,verb,(transitive) To make or treat as inferior.,(及物) 使或对待某人为劣等。,2854342
definition_vi_cjk,rostafuroxin,noun,A derivative of digitoxigenin associated with salt gradients across membranes,rostafuroxin (một hợp chất派生自digitoxigenin，与跨膜盐梯度相关).,3087585
definition_vi_cjk,rostralization,noun,(zoology) The formation and development of a rostrum (beak),Rostratifikasjons - (zooloジー) 形状的形成和发展为喙,3087611
definition_vi_cjk,rostratulid,noun,(ornithology) Any bird in the family .,Rostrocaudal - (zooloジー) 与头尾轴平行的方向。,3087622
definition_vi_cjk,rostriferous,adjective,(zoology) Having a rostrum.,Rostrocaudal - (zooloジー) 头和尾之间。,3087623
definition_vi_cjk,ingate,noun,(obsolete) The aperture in a mould for pouring in the metal; the gate; tedge.,ingate (浇口),2855363
definition_vi_cjk,rouerie,noun,(rare|archaic) The behaviour of a roué; debauchery.,"(khan hiếm, cổ điển) 行为放荡；放纵",3088004
definition_vi_cjk,roughspun,adjective,"(of a garment or cloth) Woven from a coarsely spun yarn, (usually also from a coarse material).",(罕见) 用粗糙纺出的纱线制成或质地粗糙的服装。,3088133
definition_vi_cjk,roughspun,adjective,"(figuratively) Unpolished, rough and ready, uncultured, unsophisticated.",(比喻) 粗糙的，未经雕琢的，粗糙的，未受教育的。,3088134
definition_vi_cjk,roughstock,noun,"(often|attributive) Collectively, broncos; horses not fully broken that are likely to buck when ridden.",(通常作为形容词使用) 马鬃；马鬃未完全驯服，骑乘时可能会踢人或翻滚的马。,3088135
definition_vi_cjk,rought,verb,(obsolete),(过时),3088136
definition_vi_cjk,rought,verb,(obsolete),(过时),3088137
definition_vi_cjk,roughtail,adjective,(zoology|in animal names) Having a rough tail.,(动物学，在动物名称中) 有粗糙尾巴的。,3088138
definition_vi_cjk,roughtail,noun,A small snake of the family .,(动物学，在动物名称中) 一种来自法国普罗旺斯的蛇，常与鱼类菜肴一起食用，由蛋黄、橄榄油、面包屑、辣椒、大蒜和藏红花制成。,3088139
definition_vi_cjk,roughtail,noun,The roughtail stingray,(动物学，在动物名称中) 一种来自法国普罗旺斯的蛇，常与鱼类菜肴一起食用，由蛋黄、橄榄油、面包屑、辣椒、大蒜和藏红花制成。,3088140
definition_vi_cjk,roughwing,noun,A swallow of the genus .,一种燕子，属于属。,3088141
definition_vi_cjk,roughwork,verb,"(dated|rare|transitive) To work over coarsely, without regard to nicety or smoothness.",(过时，罕见，转义) 粗糙地处理，不注重细节或光滑。,3088142
definition_vi_cjk,roughy,noun,A fish in family,一种鱼，属于家族。,3088143
definition_vi_cjk,roughy,noun,"The orange roughy, .",橙色粗糙鱼，。,3088144
definition_vi_cjk,roughy,noun,"(Australia) Any of several marine fish of the related genus , which have rough and spiny scales.",(澳大利亚) 一种澳大利亚海洋鱼类，属于相关属，其鳞片粗糙且棘状。,3088145
definition_vi_cjk,instalock,verb,(video games) To select a character in a multiplayer video game immediately after the selection process begins.,instalock (trò chơi video) Để chọn một nhân vật trong một trò chơi多人游戏立即在选择过程开始后。,2857357
definition_vi_cjk,inter-shiite,adjective,inter-Shia,inter-shiite (什叶派之间的),2858325
definition_vi_cjk,rowtee,noun,"(India|archaic) A small tent with a pyramidal roof, and no projection of fly, or eaves.","rowtee {Ấn Độ, cổ điển} lều nhỏ có mái vòm hình tháp và không có phần mở rộng của fly hoặc檐篷.",3088719
definition_vi_cjk,rubberful,noun,Enough to fill a rubber (any sense).,Đủ để充满橡胶.,3089111
definition_vi_cjk,rubby-dub,noun,"(slang) A drunkard, especially one who drinks alcohol in non-beverage form, e.g. rubbing alcohol or canned heat.",rubby-dub: (俚语) 醉汉，特别是指喝非饮料形式的酒精的人，例如磨砂酒精或罐装热量。,3089178
definition_vi_cjk,rubby-dubby,noun,(UK|dialect) chum thrown into the water to attract sharks,rubby-dubby: (英国方言) 投入水中以吸引鲨鱼的桶。,3089179
definition_vi_cjk,rubdown,noun,(typography|attributive) .,rubdown: (排印术，属性) .,3089181
definition_vi_cjk,rubeanic,adjective,(inorganic chemistry) Of or pertaining to rubeanic acid or its derivatives,rubeanic: (无机化学) 关于rubeanic酸或其衍生物的。,3089184
definition_vi_cjk,rubedinous,adjective,(obsolete|rare) reddish,rubedinous: (过时，罕见) 红色的。,3089185
definition_vi_cjk,rubedo,noun,(medicine) A diffused redness of the skin; blushing or flushing.,rubedo: (医学) 皮肤上的一种弥漫性红斑；脸红或泛红。,3089186
definition_vi_cjk,rubedo,noun,"(alchemy) A ""reddening"" process, the fourth and final major stage of the alchemical magnum opus.",rubedo: (炼金术) 一种“变红”的过程，是炼金术四大主要阶段中的最后一个阶段。,3089187
definition_vi_cjk,rubefacience,noun,(dated|formal) redness,rubefacience: (过时，正式) 红色。,3089188
definition_vi_cjk,rubegoldbergian,adjective,"(North America) Achieving a simple objective by absurdly complicated means; overcomplicated, elaborate and impractical.",rubegoldbergian: (北美) 通过极其复杂的方法实现简单目标；过于复杂、繁琐和不切实际的。,3089193
definition_vi_cjk,rubelet,noun,(nonce|obsolete) A little ruby.,rubelet: (临时词，过时) 一颗小红宝石。,3089194
definition_vi_cjk,rubelike,adjective,Resembling or characteristic of a rube (unsophisticated person or yokel).,rubelike: 像rube（未开化的人或乡巴佬）一样。,3089195
definition_vi_cjk,rubellalike,adjective,Resembling or characteristic of rubella.,rubellalike: 像rubella（风疹）一样的。,3089197
definition_vi_cjk,rubellite,noun,A red to violet variety of tourmaline used as a gemstone.,rubellite: 一种红色到紫色的电气石，用作宝石。,3089198
definition_vi_cjk,rubenesque,adjective,"Of the figure of a woman, plump and sensuous.",rubenesque: 体型丰满且感性的。,3089199
definition_vi_cjk,rubenid,adjective,"Of or pertaining to the Rubenids: an Armenian dynasty who dominated parts of Cilicia, and who established the Armenian Kingdom of Cilicia.",rubenid: 关于Rubenids：一个统治部分塞浦路斯的亚美尼亚王朝，建立了亚美尼亚塞浦路斯王国。,3089200
definition_vi_cjk,rubenid,noun,A member of the Rubenids.,rubenid: Rubenids的一员。,3089201
definition_vi_cjk,scarfie,noun,"(New Zealand|slang) A university student, especially one from the University of Otago.","Sinh viên đại học (New Zealand,俚语)",3097650
definition_vi_cjk,rudderhole,noun,(nautical) The hole in the deck through which the rudderpost passes.,(công nghệ thủy thủ) Lỗ trên甲板 通过舵杆的孔。,3089425
definition_vi_cjk,rudderon,noun,"(aviation) A type of control surface, usually found on flying wing aircraft, consisting of two pairs of panels (one mounted near each wingtip on the wing's trailing edge), with one lying on top of the other sandwich-style; to roll the aircraft, both panels on one wing deflect downwards (increasing the lift of that wing) and both panels on the othe wing deflect upwards (decreasing the lift of that wing), while, to yaw the aircraft, the panels on one wing split apart from each other (the upper panel deflects upwards, and the lower panel deflects downwards), increasing the drag on that wing.","(bay hàng không) Loại bề mặt điều khiển, thường được tìm thấy trên máy bay bay không có cánh, bao gồm hai cặp cánh (một gắn gần mép sau cánh ở phía sau cánh) với một nằm trên cùng của另一对位于其下方；为了使飞机滚转，一边的两个面板向下偏转（增加该边的升力），而另一边的两个面板向上偏转（减少该边的升力）；为了使飞机偏航，一边的两个面板分开（上方的面板向上偏转，下方的面板向下偏转），从而增加该边的阻力。",3089431
definition_vi_cjk,færie,noun,(archaic|nonstandard) .,(古雅，非标准)。,2769044
definition_vi_cjk,fanbearer,noun,One who carries a fan especially those carrying fans for the pharaohs of Ancient Egypt,fanbearer: Người mang扇子，尤其是为古埃及法老们携带扇子的人。,2770184
definition_vi_cjk,fangdom,noun,The community or sphere of vampires.,Fangdom (từ俚语): 社区或吸血鬼的领域。,2770370
definition_vi_cjk,fangdom,noun,The state or quality of being a vampire.,Fangdom (từ俚语): 吸血鬼的状态或性质。,2770371
definition_vi_cjk,fap,noun,(slang|countable) A session of masturbation.,"(俚语, 计数可数的) 自慰的一次",2770637
definition_vi_cjk,tankini,noun,A bathing suit composed of a tank top and the lower half of a bikini.,一种泳装，由连体上衣和比基尼下装组成。,3168293
definition_vi_cjk,tankist,noun,(uncommon) A tanker.,(不常用) 油罐车司机。,3168294
definition_vi_cjk,tankless,adjective,Without a tank (used especially of water heaters).,没有油箱（特别是指热水器）。,3168295
definition_vi_cjk,tanklet,noun,A little tank.,一个小坦克。,3168296
definition_vi_cjk,tanklike,adjective,Resembling or characteristic of a tank (military vehicle).,像坦克一样的。,3168297
definition_vi_cjk,fire-breathing,adjective,(literary) That emits or belches forth fire.,thải火的,2777359
definition_vi_cjk,tanklike,adjective,Resembling or characteristic of a tank (container).,像坦克一样的。,3168298
definition_vi_cjk,tankmaker,noun,A manufacturer of tanks .,制造坦克的人。,3168299
definition_vi_cjk,tankmaking,noun,The manufacture of tanks .,制造坦克。,3168300
definition_vi_cjk,tankmate,noun,An aquarium fish that shares the same tank as another.,同一条鱼缸里的另一条鱼。,3168302
definition_vi_cjk,tankobon,noun,A standard Japanese book format most commonly encountered as the individual volumes of a manga series.,"(过时,军事) 坦克训练地点；坦克公园。",3168303
definition_vi_cjk,tankodrome,noun,(obsolete|military) A training location for use of tanks; tank park.,"(过时,军事) 坦克训练地点；坦克公园。",3168304
definition_vi_cjk,tankroom,noun,A room where tanks are kept.,存放坦克的房间。,3168306
definition_vi_cjk,fishtail,noun,A kind of chisel with a flared blade.,Một loại búa với刃部向外扩张。,2778173
definition_vi_cjk,folf,noun,(sports|rare) .,(罕见的运动)高尔夫。,2783845
definition_vi_cjk,mongery,noun,That which is sold by a monger.,由商人出售的商品。,2933423
definition_vi_cjk,mongery,noun,The building where a monger conducts business.,商人进行业务的建筑物。,2933424
definition_vi_cjk,scorecard,noun,(figurative) A system of ratings.,评分系统,3099942
definition_vi_cjk,romanian,noun,(countable|weightlifting|slang) .,(重量举重，俚语)罗马尼亚人,3086539
definition_vi_cjk,suffragent,noun,(historical) A male supporter of women’s right to vote in the early 20th century.,người ủng hộ quyền bầu cử của phụ nữ (thông史用),3155403
definition_vi_cjk,suffraginous,adjective,(obsolete|nonce) Of or relating to the hock of an animal.,liên quan đến hock của một động vật (hạn用),3155410
definition_vi_cjk,frighteneth,verb,(archaic),(古英语) 使害怕。,2790271
definition_vi_cjk,frolicful,adjective,(archaic) frolicsome,frolicful (古语) 欢乐的,2790739
definition_vi_cjk,fuckfriend,noun,(vulgar|slang) fuck buddy,"(thô lỗ,俚语) bạn tình.",2791861
definition_vi_cjk,leukemogenesis,noun,(pathology) The induction and development of leukemia in bone marrow.,(học thuật) Sự gây ra và phát triển của bệnh bạch cầu trong xương髓系,2890015
definition_vi_cjk,gauzeless,adjective,Without gauze.,无纱布的 (没有纱布的),2797843
definition_vi_cjk,geekwad,noun,(slang|derogatory|sometimes used|_|attributively) A geeky or uncool person.,"(俚语, 贬义, 偶尔使用, _, 形容词性) 一个书呆子或不酷的人。",2798457
definition_vi_cjk,latrobe,noun,"(historical) A form of stove set into a fireplace, heating the room by radiation and the rooms above by hot air.",Latrobe: (历史上)一种嵌入壁炉的炉子，通过辐射加热房间，并通过热空气加热上面的房间。,2885830
definition_vi_cjk,georeferencing,noun,location using a coordinate system,georeferencing - 使用坐标系统的位置。,2800447
definition_vi_cjk,georeferentiation,noun,The assignment of a georeference to a location,georeferentiation - 将地理参考分配给位置的过程。,2800448
definition_vi_cjk,georegion,noun,A geographic region.,georegion - 地理区域。,2800449
definition_vi_cjk,georegional,adjective,Relating to georegions.,georegional - 与地理区域相关的。,2800450
definition_vi_cjk,georegister,verb,To adjust (an image) to correspond with the geographic location of a trusted reference work.,georegister - 调整图像以对应可信参考工作的地理位置。,2800451
definition_vi_cjk,marrubium,noun,Any of the genus of bitter aromatic plants; horehound.,任何属苦香草属的苦香草植物；苦叶草。,2909631
definition_vi_cjk,maudle,verb,(obsolete|transitive) To throw into confusion or disorder.,maudle - (hạn chế sử用的金属栓。,2911625
definition_vi_cjk,methoctramine,noun,A polymethylene tetraamine that acts as a muscarinic antagonist,(化学) 氯甲基四胺，作为毒蕈碱拮抗剂起作用,2920190
definition_vi_cjk,nanolaminate,noun,"A fully dense, ultra-fine-grained solid exhibiting a high concentration of interface defects.",Một hợp chất hoàn toàn致密，超细粒状且表现出高浓度的界面缺陷。,2947319
definition_vi_cjk,necrotically,adverb,In a necrotic way.,以坏死的方式,2950061
definition_vi_cjk,nonerasing,adjective,Not erasing.,不可擦除的,2962504
definition_vi_cjk,nonerect,adjective,Not erect.,不直立的,2962507
definition_vi_cjk,nonerectile,adjective,Not erectile.,不直立的,2962508
definition_vi_cjk,adelphophagy,noun,"The consumption of one embryo by another in utero, particularly among certain amphibians, sharks and fishes.","(học thuật, động vật học) Tiêu thụ một thai trong tử cung bởi thai khác, đặc biệt là trong số một số loài 两栖动物、鲨鱼和鱼类。",2568192
definition_vi_cjk,apothecal,adjective,Relating to drugs or pharmacy.,与药物或药房有关的.,2592868
definition_vi_cjk,arsole,noun,"(organic compound) An unsaturated, five-membered heterocyclic compound of arsenic, C4H5As; any substituted form of this compound",(hợp chất hữu cơ) Một hợp chất heterocyclic không饱和的五元环化合物，含有砷元素C4H5As；任何这种化合物的取代形式,2597433
definition_vi_cjk,baller,adjective,"(AAVE|slang) Very cool, especially due to extravagance.","baller (nói chuyện hàng ngày,俚语): RấtCool, 尤其是由于奢侈。",2610366
definition_vi_cjk,balletcore,noun,"(TikTok aesthetic) A style that borrows from the elements of ballet, including tutus, leggings, unitards, etc.","balletcore (noun): (TikTok thẩm mỹ) Một phong cách lấy cảm hứng từ các yếu tố của ballet, bao gồm tutus, leggings, unitards, v.v。",2610383
definition_vi_cjk,balletgoing,adjective,Attending ballet performances.,balletgoing (adjective): Tham gia biểu diễn ballet。,2610385
definition_vi_cjk,balletlike,adjective,Resembling ballet or a ballet dancer.,balletlike (adjective): Giống như ballet hoặc một ballerina。,2610388
definition_vi_cjk,behavioralist,adjective,"(American spelling) Of, or relating to behavioralism.",behavioralist - (美式拼写) 关于行为主义的,2617670
definition_vi_cjk,behavioralist,noun,(American spelling) An advocate of behavioralism.,behavioralist - (美式拼写) 行为主义者,2617671
definition_vi_cjk,belecture,verb,"(dated|transitive) To lecture frequently, to the point of vexation.",belecture - (过时，及物) 频繁地讲授；使烦恼,2618045
definition_vi_cjk,belendorffite,noun,(mineral) A trigonal-ditrigonal pyramidal mineral containing copper and mercury.,Belendorffite: Belendorffite: Mined石英矿石含铜和汞的矿物。,2618054
definition_vi_cjk,campo,noun,(US|slang) A police officer assigned to a university campus.,"(Hoa Kỳ,俚语) 警察局分配给大学校园的警察.",2649728
definition_vi_cjk,cholesteric,adjective,(physics) Of or relating to the chiral nematic phase of some liquid crystals in which the molecules are arranged in parallel planes with adjacent planes rotated slightly,Cholesteric: (vật lý) Liên quan đến giai đoạn chiral nematic của một số chất lỏng-crystal trong đó các phân tử được sắp xếp thành các lớp song song với các lớp bên cạnh xoay nhẹ so với các lớp khác。,2666877
definition_vi_cjk,cycloartenyl,noun,(organic chemistry|in combination) A univalent radical derived from a cycloartenol,(有机化学，结合使用) 从环甾醇脱氢得到的单价基团。,2705237
definition_vi_cjk,cycloastragenol,noun,"(organic compound) A steroid derivative, present in plants of the genus , thought to have some anti-aging properties",(有机化合物) 一种甾体衍生物，存在于植物属中，被认为具有某些抗衰老作用。,2705239
definition_vi_cjk,cyclobakuchiol,noun,(organic compound) Any of a range of alicyclic derivatives of bakuchiol,(有机化合物) 任何一种环己烷衍生物的bakuchiol。,2705241
definition_vi_cjk,decock,verb,(transitive) To uncock; to let down the cock of (a firearm).,ungỡ (解除),2712127
definition_vi_cjk,decocker,noun,(firearms) A device in certain firearms that uncocks the weapon.,ungỡ (解除),2712128
definition_vi_cjk,decocoons,verb,Third-person singular simple present indicative form of decocoon.,破茧而出 (第三人称单数现在时主动语态),2712131
definition_vi_cjk,dickbrain,noun,"(vulgar|slang|derogatory|or|offensive) A contemptible person, or moron.","(thô tục,俚语,侮辱性,或冒犯性的) 一个可鄙的人，或白痴。",2723296
definition_vi_cjk,dickbutt,noun,(offensive|vulgar) A male homosexual.,"(冒犯性的,粗俗) 一个男同性恋者。",2723299
definition_vi_cjk,dumbassity,noun,(slang|vulgar|North America) The state or condition of being a dumbass.,"Dụmbăssity: (俚语, 北美) 傻瓜的状态或条件。",2740680
definition_vi_cjk,dumbed-down,adjective,Made condescendingly simple.,Dụmbdowned: 简单化地使人感到轻蔑。,2740692
definition_vi_cjk,ebiratide,noun,(pharmaceutical drug) A pituitary drug.,(thuốc phẩm) Một loại thuốc pituitary。,2744108
definition_vi_cjk,ebit,noun,(physics) .,（物理）。,2744109
definition_vi_cjk,ego-self,noun,"The self-aware, self-focused, egotistic self.",自我意识，自我关注，自恋的自我。,2746862
definition_vi_cjk,egoboost,noun,(informal) Something that makes one feel better about oneself.,(非正式) 让人感觉更好的东西。,2746866
definition_vi_cjk,egosyntonic,adjective,"(psychology) Of a behaviour, value, or belief, in harmony with or acceptable to the needs and goals of the ego, or consistent with one’s ideal self-image.",(心理学) 自我一致的,2746936
definition_vi_cjk,egotheism,noun,The view that the idea of God is nothing more than a conception of the self.,(神学) 自我崇拜,2746939
definition_vi_cjk,egranulose,adjective,(archaic|rare) Having no granules.,"(过时, 罕见) 无颗粒的",2746960
definition_vi_cjk,egregiosity,noun,(rare|uncountable) The quality of being egregious.,"(罕见, 不可数) 显著性",2746961
definition_vi_cjk,estmark,noun,"(historical) The currency of Estonia after the end of German occupation in November 1918, replaced a few years later by the kroon.",estmark {（历史）爱沙尼亚在1918年11月德国占领结束后的货币，几年后被克罗恩取代。},2760253
definition_vi_cjk,estrapade,noun,"The rearing, plunging, and kicking actions of a horse trying to get rid of its rider.","Estrapade (từ động vật): Những hành động nhảy lên, đập chân và cắn của ngựa để thoát khỏi người骑手.",2760303
definition_vi_cjk,keybit,noun,(cryptography) A binary digit forming part of a cryptographic key.,(计算，关于，软件) 可以仅使用键盘作为输入设备使用的,2876495
definition_vi_cjk,kinetoscopy,noun,The technology of the kinetoscope.,kinetoscope的技术。,2878009
definition_vi_cjk,kuhliid,noun,"(zoology) Any in the family of fishes, flagtails.",kuhliid (动物学) 任何属于旗尾鱼科的鱼类,2881139
definition_vi_cjk,kuhnian,adjective,"(philosophy) Of or pertaining to the philosophy of Thomas Kuhn, especially the theories in his book The Structure of Scientific Revolutions.",kuhnian (哲学) 托马斯·库恩的哲学或《科学革命的结构》一书中的理论相关的,2881140
definition_vi_cjk,ls-swap,verb,"(automotive) To replace the engine of a car with a General Motors LS-based small-block engine|GM LS-series internal combustion gasoline engine, that was not originally so equipped.",(汽车): 将汽车的发动机更换为通用汽车LS系列小排量发动机的过程。,2899313
definition_vi_cjk,marsipobranchiate,adjective,(zoology) Having pursed gills.,Marsi鳃褶的,2909731
definition_vi_cjk,marsiya,noun,(Islam|Shia|poetry) an elegiac poem written to commemorate the martyrdom and valour of Battle of Karbala,Marsi玛尔济亚诗,2909732
definition_vi_cjk,marstonian,adjective,"Of or pertaining to John Marston (1576?–1634), English poet and playwright.","marstonian {adj} liên quan đến John Marston (1576?–1634), nhà thơ và nhà剧作者。",2909740
definition_vi_cjk,op,noun,(theatre) ; stage right.,(nhmäßig剧团)；舞台右边。,2980910
definition_vi_cjk,mayonnaisey,adjective,Resembling mayonnaise; mayonnaiselike.,máy-oisely (adj) 类似于蛋黄酱的,2912100
definition_vi_cjk,mayonnaisey,adjective,Containing or covered with mayonnaise.,máy-oisely (adj) 含有或覆盖着蛋黄酱,2912101
definition_vi_cjk,opaquer,noun,(animation) A cartoon artist who paints opaque colours on areas drawn by inkers on animators' cels.,(动画) 绘画不透明颜色的卡通艺术家，在动画师的赛璐珞上由墨水工绘制区域上色。,2981006
definition_vi_cjk,moofin,noun,(rare) .,moofin: (罕见的) .,2936010
definition_vi_cjk,moolie,noun,(US|slang|used by Italian-Americans|ethnic slur|derogatory) A black person.,"moolie: (美,俚语, 由意大利裔美国人使用,种族歧视, 贬义) 一个黑人",2936027
definition_vi_cjk,megatype,noun,(dated|photography) An enlarged print,"(cũ,摄影) 放大版",2914835
definition_vi_cjk,nexting,noun,"(psychology) The continual process of predicting what is likely to happen next, based on external stimuli.",(心理学) 预测接下来可能发生的事情的持续过程，基于外部刺激,2954620
definition_vi_cjk,odn,noun,(UK) .,(英国)。,2976555
definition_vi_cjk,out-of-battery,adjective,"(electronics) In battery-powered electronics, devoid of any power.",电池供电电子设备中，无电的状态。,2986342
definition_vi_cjk,pbr,noun,"(firearms) , a type of non-lethal projectile more commonly known as the plastic bullet.","PBR (súng火器), 一种非致命弹药，通常被称为塑料子弹",3004678
definition_vi_cjk,ophiomorphite,noun,(paleontology|obsolete) An ammonite.,(古生物学，已废弃) 一种鹦鹉螺。,2981493
definition_vi_cjk,opinicus,noun,"(heraldry) A heraldic imaginary creature with an eagle's head, a short tail, and sometimes wings.",(纹章学) 一种纹章学中的虚构生物，具有鹰头、短尾，有时有翅膀。,2981642
definition_vi_cjk,polyimide,noun,(chemistry) Any polymer whose monomers are imides; used to make high-temperature resins,(化学)任何含有多聚酰亚胺基团的聚合物；用于制作高温树脂,3029402
definition_vi_cjk,preautophagosomal,adjective,Prior to the formation of an autophagosome,(生物学) 在形成自噬溶酶体之前,3037402
definition_vi_cjk,preautophagosomal,adjective,Relating to preautophagosomes,(生物学) 关于预自噬溶酶体的,3037403
definition_vi_cjk,prophylax,verb,"(medicine|informal) To take measures, using pharmaceuticals or otherwise, to prevent the occurrence of a disease.","Prophylax (medicine, 非正式)预防",3047042
definition_vi_cjk,pudding-brain,noun,An idiot.,pudding-brain {名词}: 白痴。,3053055
definition_vi_cjk,punti,noun,A group of people who moved to Hong Kong during the Song Dynasty.,punti: Một nhóm người di chuyển đến Hồng Kông vào thời kỳ nhà Tống。,3054435
definition_vi_cjk,punti,noun,Cantonese language,punti: Tiếng Quảng Đông。,3054436
definition_vi_cjk,puntilion,noun,(obsolete|glassblowing) A pontil.,"puntilion: (thuộc ngữ cũ, thổi thủy tinh) Một pontil。",3054439
definition_vi_cjk,recaulescent,adjective,(botany) Exhibiting or relating to recaulescence.,(植物学) 展现或与重新卷曲有关的,3067598
definition_vi_cjk,falcata,noun,(historical) A sword in pre-Roman Iberia having a concave edge to the blade.,(lịch sử) Kiếm trong Iberia trước thời kỳ La Mã có刃形边缘，向内凹陷。,2769628
definition_vi_cjk,aloesaponarin,noun,(organic compound) Any of a small group of anthraquinone derivatives that occur in the roots of,(有机化合物) 在根部中发现的一小群蒽醌衍生物,2577784
definition_vi_cjk,angioendotheliomatous,adjective,Related to an angioendothelioma.,关於血管内皮瘤的,2583390
definition_vi_cjk,angiofollicular,adjective,(anatomy) Relating to follicles of blood vessels or of the lymph system.,(解剖学) 关于血管或淋巴系统的滤泡的,2583393
definition_vi_cjk,asbestiform,adjective,(crystallography) Having a particular kind of fibrosity in which fibers have high tensile strength and flexibility,asbestiform (形容词) (晶体学) 具有一种特定类型的纤维状性，在这种纤维中具有高拉伸强度和灵活性。,2598310
definition_vi_cjk,florence,noun,"(historical) An ancient gold coin of the time of Edward III, coined by Florentines and worth six shillings sterling.",Florence: (历史) 一种古代金币，铸造于佛罗伦萨人手中，价值六先令。,2781604
definition_vi_cjk,fonio,noun,", a in western ;","fonio (Ireland,一种在西非的谷物)",2784228
definition_vi_cjk,autolocalization,noun,(physics) The localization of a particle by means of its own charge,(vật lý) Localiztion của một hạt bằng chính điện荷载子,2604533
definition_vi_cjk,fonio,noun,", a in western ,","fonio (Ireland,一种在西非的谷物)",2784229
definition_vi_cjk,fonmin,noun,(US|_|government|as a title) .,"fonmin (US, _,政府，作为头衔)",2784231
definition_vi_cjk,fresnoite,noun,"(mineral) A tetragonal-ditetragonal pyramidal mineral containing barium, oxygen, silicon, and titanium.",(mỏ) Mined石英银灰色四方棱柱矿物，含有铋、铜、铅和硫。,2789896
definition_vi_cjk,becack,verb,(reflexive) To soil (oneself).,(反身) 自己弄脏。,2616267
definition_vi_cjk,biospeckle,noun,"The speckled appearance of a biological surface, due to interference, when illuminated with a laser",生物表面由于激光照射时产生的条纹状外观，由于干涉所致。,2625518
definition_vi_cjk,gestaltist,noun,(psychology) A practitioner of Gestalt therapy.,(心理学): 格式塔疗法的实践者。,2801089
definition_vi_cjk,gestant,adjective,"Having within; laden; burdened; or pregnant, gestating.",装满的；负担着的；怀孕的，妊娠的。,2801090
definition_vi_cjk,gestapolike,adjective,"Resembling the Gestapo or some aspect of it, especially the use of murderous, suppressive tactics and lack of trials for the accused.",类似于盖世太保或其某些方面的，特别是使用致命、镇压手段和缺乏对被告审判的特点。,2801091
definition_vi_cjk,remasticate,verb,(figuratively) To go over or ponder again.,remasticate (giải từ): (thông喻) Xem xét lại hoặc suy nghĩ về điều gì đó.,3074189
definition_vi_cjk,gibranian,adjective,"Of or relating to Kahlil Gibran (1883–1931), Lebanese-American writer, poet, visual artist and Syrian nationalist.","Của hoặc liên quan đến Kahlil Gibran (1883–1931), nhà văn, thi sĩ, nghệ sĩ视觉艺术和叙利亚民族主义者。",2801826
definition_vi_cjk,oxadiazepine,noun,"(organic compound) Any of several isomeric seven-membered, unsaturated heterocycles containing four carbon atoms, two nitrogen atoms, one oxygen atoms and three double bonds",Oxadiazepine: (hợp chất hữu cơ) bất kỳ trong số các hợp chất isomeric bảy thành viên không饱和的，含有四个碳原子、两个氮原子、一个氧原子和三个双键的不饱和杂环化合物。,2992972
definition_vi_cjk,ginge,adjective,"(slang|pejorative) ginger, red-haired","ginge (thông dụng, mang tính phê phán): (俚语，贬义)红发的，金发的。",2802410
definition_vi_cjk,ginge,noun,(slang|pejorative) A red-haired person.,"ginge (thông dụng, mang tính phê phán): (俚语，贬义)红发的人。",2802411
definition_vi_cjk,gingelly,noun,(India) The sesame plant.,gingelly (động từ): (印度)芝麻植物。,2802412
definition_vi_cjk,kri-kri,noun,feral,野蛮的,2880896
definition_vi_cjk,kribergite,noun,"(mineral) A triclinic white mineral containing aluminum, hydrogen, oxygen, phosphorus, and sulfur.",(thạch) 一种triclinic白色矿物，含有铝、氢、氧、磷和硫。,2880897
definition_vi_cjk,glampsite,noun,(informal) A luxurious campsite.,Trại trại露营豪华的 (noun),2803272
definition_vi_cjk,gleba,noun,"(mycology) The fleshy, spore-bearing inner mass of certain fungi.","(mushroomology) Mass nội thất mền, mang孢子的内生肉质部分。",2803678
definition_vi_cjk,rendaku,noun,"(linguistics) In the Japanese language, a phenomenon which governs the voicing of the initial consonant of the non-initial portion of a compound or prefixed word. An example is 時々 (ときどき, tokidoki), where the second, iterative element ""-toki"" becomes ""-doki"" and 折り紙 (おりがみ, origami) where the word 紙 (かみ, kami; paper) becomes ""gami"".","(ngôn ngữ học) rendaku (trong tiếng Nhật, một hiện tượng điều chỉnh phát âm của nguyên âm đầu của phần không đầu trong từ ghép hoặc từ phụ thêm. Ví dụ như 時々 (ときどき, tokidoki), nơi phần thứ hai, lặp lại của từ ""-toki"" trở thành ""-doki"" và 折り紙 (おりがみ, origami) nơi từ 紙 (かみ, kami; giấy) trở thành ""gami"".)",3074804
definition_vi_cjk,gloak,noun,"(UK|slang) A man, a guy.","(英国,俚语) 男人，家伙。",2804071
definition_vi_cjk,glomper,noun,(electronics|obsolete) A logic clip; a device that clips to a dual-in-line (DIL) integrated circuit.,"(过时的, 电子学,不及物动词) 逻辑夹具；一种夹住双列直插式（DIL）集成电路的装置。",2804365
definition_vi_cjk,rennetless,adjective,Without rennet.,rennetless (形容词): không có rennet.,3074963
definition_vi_cjk,rennety,adjective,Resembling or characteristic of rennet.,rennety (形容词): giống như hoặc đặc trưng của rennet.,3074964
definition_vi_cjk,rennie,noun,(slang) A person who makes their living traveling the renaissance circuit.,rennie (俚语): một người kiếm sống bằng việc đi diễn trên đường Renaissance.,3074965
definition_vi_cjk,renning,noun,(obsolete) rennet,renning (名词): (过时的) rennet,3074967
definition_vi_cjk,renninogen,noun,(obsolete) .,renninogen (酶): (过时的),3074968
definition_vi_cjk,reno,noun,(colloquial) .,reno (俚语): .,3074969
definition_vi_cjk,reno,verb,(colloquial),reno (动词): (俚语),3074970
definition_vi_cjk,reno-,prefix,(anatomy) kidney.,reno- (前缀): (解剖学) 肾脏.,3074971
definition_vi_cjk,renobeneficial,adjective,beneficial to the health of the kidneys,renobeneficial (形容词): có lợi cho sức khỏe của thận.,3074972
definition_vi_cjk,glottopolitics,noun,"The study of how language use is shaped by political forces, ideologies and power relations within a society.","(过时的, 社会学) 研究语言使用如何受到社会政治力量、意识形态和权力关系的影响。",2804652
definition_vi_cjk,glucase,noun,(dated|enzyme) Any enzyme that converts starch into glucose.,"(过时的,酶) 任何将淀粉转化为葡萄糖的酶。",2804792
definition_vi_cjk,pampootie,noun,"A traditional shoe, formerly made and worn on the Aran Islands of County Galway, Ireland, consisting of a single piece of untanned hide folded around the foot and stitched with twine or a leather strap.","giày truyền thống, trước đây được làm và mặc trên đảo Aran của hạt Galway, Ireland, gồm một miếng da chưa tanned gấp đôi quanh chân và được縫合或用绳子绑起来。",2996991
definition_vi_cjk,reparixin,noun,(organic compound) The chemokine receptor inhibitor (2R)-2-[4-(2-methylpropyl)phenyl]-N-methylsulfonylpropanamide,(有机化合物) 化学趋化因子受体抑制剂 (2R)-2-[4-(2-甲基丙基)苯基]-N-甲基磺酰丙胺酰胺。,3075402
definition_vi_cjk,repark,verb,"To park again; especially, to continue to back in and out of a parking spot until a suitable fit to the diameters of the parking spot is achieved.",重新停车；特别是，继续倒进和退出停车位，直到找到适合停车位尺寸的合适位置。,3075403
definition_vi_cjk,reparse,noun,The act of parsing again.,再次解析的行为。,3075405
definition_vi_cjk,reparsing,noun,The act by which something is reparsed.,再次解析的行为。,3075406
definition_vi_cjk,repart,verb,(transitive|obsolete) To divide or share out.,(及物，已废弃) 分配或分享。,3075407
definition_vi_cjk,repartake,verb,(intransitive) To partake again.,(不及物) 再次参与。,3075408
definition_vi_cjk,repartimiento,noun,"(historical) A partition or distribution, especially of slaves.",(历史) 分割或分配，尤其是奴隶。,3075414
definition_vi_cjk,repartimiento,noun,(historical) An assessment of taxes.,(历史) 评估税款。,3075415
definition_vi_cjk,repile,verb,(transitive) To pile again; to restack.,repile (dạng động từ) Đánh堆叠再次；重新堆放。,3075742
definition_vi_cjk,repilot,verb,(transitive) To pilot again.,repilot (dạng động từ) Đánh重新驾驶。,3075743
definition_vi_cjk,repin,verb,(transitive) To pin again.,repin (dạng động từ) Đánh重新别针。,3075744
definition_vi_cjk,repinement,noun,The act of repining.,repinement (dạng danh từ) Hành động repining。,3075748
definition_vi_cjk,repiner,noun,One who repines.,repiner (dạng danh từ) Người repining。,3075749
definition_vi_cjk,repiningly,adverb,complainingly; regretfully; ruefully,repiningly (dạng tính từ) Complainingly; regretfully; ruefully。,3075751
definition_vi_cjk,repinique,noun,A two-headed Brazilian drum used in samba ensembles.,repinique (dạng danh từ) Trống hai đầu Brazil được sử dụng trong đội ngũ samba。,3075752
definition_vi_cjk,repinning,noun,The act of pinning something again.,repinning (dạng danh từ) Hành động pin lại。,3075753
definition_vi_cjk,repipe,verb,(transitive) To replace the pipes in.,repipe (dạng động từ) Đánh更换管道。,3075754
definition_vi_cjk,repique,noun,"(card games) In piquet, a bonus of 60 points awarded to a player who scores 30 points during the declaration phase, prior to the opponent scoring anything.",repique (dạng danh từ) Trong bài cờ piquet，60 điểm thưởng được trao cho người chơi nào đạt được 30 điểm trong giai đoạn tuyên bố trước khi đối thủ đạt được bất cứ điều gì。,3075755
definition_vi_cjk,repique,verb,(card games|transitive) To score a repique against.,repique (dạng động từ) Trong bài cờ piquet，scoring một repique。,3075756
definition_vi_cjk,repirinast,noun,An antihistamine.,repirinast (dạng danh từ) Một kháng histamin。,3075757
definition_vi_cjk,repitch,verb,(transitive) To apply a new coating of pitch (oil and tar distillate) to.,repitch (dạng động từ) Đánh重新涂抹沥青（油和沥青蒸馏物）。,3075758
definition_vi_cjk,repitch,verb,(transitive) To change (a sound) to a different pitch.,repitch (dạng động từ) Đánh调整音调。,3075759
definition_vi_cjk,googie,adjective,"Of a style of futurist modern American commercial architecture, popular from the 1950s to the early 1970s.",googie: (Australi学) 学一种未来主义的现代美国商业建筑风格，流行于20世纪50年代至早期70年代。,2807847
definition_vi_cjk,repitch,verb,(transitive) To propose or promote (an idea) again.,repitch (dạng động từ) Đánh重新推广想法。,3075761
definition_vi_cjk,reprompt,verb,(transitive) To prompt again.,reprompt (từ động词): lại nhắc nhở,3076450
definition_vi_cjk,repromulgate,verb,(transitive) To promulgate again.,repromulgate (từ động词): lại công bố,3076451
definition_vi_cjk,repromulgation,noun,The act of promulgating again.,repromulgation (từ danh词): việc công bố lại,3076452
definition_vi_cjk,repronormative,adjective,"Related to, consistent with, or espousing repronormativity.","repronormative (từ tính词): liên quan đến, nhất quán với hoặc ủng hộ repronormativity",3076453
definition_vi_cjk,gridpoint,noun,(mathematics) Any point in the Cartesian plane with integer coordinates.,gridpoint (toán học) Mọi điểm trong mặt phẳng tọa độ với坐标的整数坐标。,2811808
definition_vi_cjk,rudeboy,noun,A male enthusiast of ska music.,rudeboy (từ俚语): một người hâm mộ ska nhạc.,3089467
definition_vi_cjk,introrsal,adjective,(botany) .,(植物学)朝向内部,2863174
definition_vi_cjk,introscan,noun,A feature on some CD players that plays the first few seconds (the intro) of each track so that the required track can be found,一特征在某些CD播放器中，它会播放每首曲目的开头几秒钟（引言），以便找到所需的曲目,2863178
definition_vi_cjk,introscope,noun,"An optical device similar to an endoscope, used in various industrial settings such as checking jet engines for cracks, observing nuclear reactors for cracks, or measuring the fat layer on a meat carcass.",一种光学设备，类似于内窥镜，在各种工业环境中使用，例如检查喷气发动机的裂纹、观察核反应堆的裂纹或测量肉尸上的脂肪层,2863179
definition_vi_cjk,ruly,adjective,(rare) Neat and orderly.,Neat và整洁有序 (rare): Tidy và整洁有序.,3089909
definition_vi_cjk,rumgumptious,adjective,(UK|dialect|archaic) shrewd; sharp,"(Anh, lối nói dân gian, cổ điển) khéo léo; tinh明",3089981
definition_vi_cjk,iscii,noun,(computing) Indian Script Code for Information Interchange,(công nghệ thông tin) Mã ký tự tiếng印度语,2865695
definition_vi_cjk,lienal,adjective,(anatomy) Of or pertaining to the spleen.,Lienal (học thuật): Liên quan đến gan脾脏。,2891465
definition_vi_cjk,russocentric,adjective,"Focused on Russia, its people, language or culture.",以俄罗斯为中心的。,3090861
definition_vi_cjk,russomania,noun,"Great enthusiasm for Russia, its people, language or culture.",对俄罗斯及其人民、语言或文化的热情。,3090862
definition_vi_cjk,russomaniac,noun,A person who has Russomania.,一个有Russomania的人。,3090863
definition_vi_cjk,russoom,noun,"(India|historical) A fee, commission or perquisite.",(印度，历史上的) 一份费用、佣金或手续费。,3090864
definition_vi_cjk,russoomdar,noun,(India|historical|rare) One who receives a russoom.,(印度，历史上的，罕见的) 收取russoom的人。,3090865
definition_vi_cjk,russophilia,noun,"A strong interest in or admiration of Russia, Russian culture or the Russian people.",对俄罗斯、俄罗斯文化或俄罗斯人民的强烈兴趣。,3090867
definition_vi_cjk,russophilic,adjective,"Fond of or favoring Russia, or Russian people; exhibiting or relating to Russophilia.",喜欢或支持俄罗斯，或俄罗斯人民；表现出或与Russophilia有关的。,3090868
definition_vi_cjk,russophilism,noun,"A love for the country, culture or people of Russia.",对国家、文化和俄罗斯人民的爱。,3090869
definition_vi_cjk,russophilist,noun,A Russophile.,Russophile。,3090870
definition_vi_cjk,russophobic,adjective,Exhibiting or relating to Russophobia.,与Russophobia有关的。,3090873
definition_vi_cjk,russophobist,noun,(dated) A Russophobe.,(过时的) 一个Russophobe。,3090874
definition_vi_cjk,russophone,adjective,Russian-speaking.,说俄语的。,3090875
definition_vi_cjk,russophone,noun,A person who speaks Russian.,说俄语的人。,3090876
definition_vi_cjk,russophrenia,noun,"(neologism|political science|geopolitics|derogatory) The belief or idea that Russia is simultaneously about to collapse, and also take over the world.",(新词，政治科学，地缘政治，贬义) 认为俄罗斯即将崩溃，同时又将统治世界的想法。,3090877
definition_vi_cjk,isosporic,adjective,(botany) Producing only one kind of spore.,(thực vật học) Sản xuất chỉ một loại孢子。,2867028
definition_vi_cjk,rypophagous,adjective,(archaic|zoology) Eating filth.,(hồi古的) 吃垃圾,3091210
definition_vi_cjk,induvial,adjective,(botany) Relating to the induviae.,(植物学) 关于诱导组织的。,2853697
definition_vi_cjk,sably,adverb,in a sable manner,Trong một cách sable。,3091532
definition_vi_cjk,sabo,verb,"(transitive|Singapore|colloquial|informal|Singlish) To get someone in trouble, to prank, to sabotage another's efforts.","(Singapore, nói chuyện phiếm, không chính thức, Singlish) Để làm ai đó gặp rắc rối, để pranks, để phá hoại nỗ lực của người khác。",3091533
definition_vi_cjk,sabo,noun,(slang) A saboteur.,(俚语) 一名破坏者。,3091534
definition_vi_cjk,jackstay,noun,"(underwater diving) A line fixed at both ends, which may be used to guide a load or a diver along the route of the line. Uses include guidance to and from the underwater work site, and as a means of controlling an underwater search.",jackstay (潜水) 一条固定在两端的绳索，可以用来自导负载或潜水员沿路线移动。用途包括引导潜水员到和离开水下工作地点，以及作为控制水下搜索的方法。,2868389
definition_vi_cjk,jagueite,noun,"(mineral) A monoclinic mineral containing copper, palladium, and selenium.",jagueite (矿物) 含铜、钯和硒的一种单斜晶系矿物。,2868630
definition_vi_cjk,jagweed,noun,(slang|pejorative) A rude or obnoxious person; a jerk.,"jagweed: (từ俚语, 带贬义)一个粗鲁或讨厌的人；一个混蛋。",2868632
definition_vi_cjk,saccharinize,verb,"(transitive) To make saccharine; as, especially, to lyse starch (polysaccharides) into sugars (oligosaccharides, disaccharides, monosaccharides).","(khan hiếm) để làm ngọt ngào; như, đặc biệt là, để phân giải淀粉 (多糖) 成糖 (糖)",3091669
definition_vi_cjk,jambo,noun,"(UK|slang) A member or fan of Heart of Midlothian F.C., a Scottish football club.","jambo: (Anh, từ俚语) thành viên hoặc fan của Heart of Midlothian F.C., một câu lạc bộ bóng đá Scotland.",2868835
definition_vi_cjk,jarred,adjective,(slang) .,（俚语）,2869278
definition_vi_cjk,scatophilia,noun,A paraphilia involving pleasure from contact with excrement.,scatophilia (名词): 涉及从接触排泄物中获得快乐的恋物癖,3097833
definition_vi_cjk,scatophiliac,noun,(rare) One who exhibits .,scatophiliac (名词): (罕见) 展示的人,3097834
definition_vi_cjk,scatophilic,adjective,Taking pleasure from contact with human excrement.,scatophilic (形容词): 从接触人类排泄物中获得快乐的,3097835
definition_vi_cjk,scatopsid,noun,(zoology) Any fly in the family .,scatopsid (名词): (动物学) 家族中的任何苍蝇,3097836
definition_vi_cjk,scatoscopy,noun,(medicine) Examination of the feces for diagnostic purposes.,scatoscopy (名词): (医学) 对粪便进行诊断性检查,3097837
definition_vi_cjk,scatporn,noun,Pornography that features defecation.,scatporn (名词): 包含排便的色情作品,3097838
definition_vi_cjk,scattald,noun,(Orkney|and|Shetland) Common land used for pasture and digging turf.,scattald (名词): (奥克尼群岛和舍伦群岛) 常用地用于放牧和挖泥炭的土地,3097839
definition_vi_cjk,jhum,noun,"(agriculture) A tribal form of cultivation in India, where a chosen piece of land is cleared and used to grow crops until its fertility is depleted.","jhum {tên gọi} (nông nghiệp) một hình thức canh tác truyền thống ở Ấn Độ, nơi một mảnh đất được chọn được làm sạch và trồng cây cho đến khi độ肥沃的土壤被耗尽。",2870480
definition_vi_cjk,pinta,noun,(Chicano|slang) prison,"(美国,军方,俚语,粗俗) 侧帽。",3020787
definition_vi_cjk,pintable,noun,A pinball table.,"(现在,主要,历史) 船上的尿盆或槽（通常为金属制）。",3020788
definition_vi_cjk,inenchyma,noun,"(botany) tissue whose cells have the appearance of spiral vessels, as in .",(植物学) 具有细胞呈现螺旋状血管样外观的组织，如 。,2853820
definition_vi_cjk,sakhua,noun,sal tree (),Sakhua: cây sal (树),3092779
definition_vi_cjk,salesite,noun,"(mineral) An orthorhombic-dipyramidal mineral containing copper, hydrogen, iodine, and oxygen.",(thiếc) Mined石英的一种正交双锥晶系矿物，含有铜、氢、碘和氧。,3092970
definition_vi_cjk,inerted,adjective,(chiefly|of a fuel tank) Filled with an inert gas to reduce the risk of explosion,(主要指燃料箱) 用惰性气体填充以减少爆炸风险。,2853899
definition_vi_cjk,scea,noun,(software) .,(软件) .,3097944
definition_vi_cjk,sceach,noun,"A whitethorn, hawthorn or similar bush.",(一种灌木) .,3097945
definition_vi_cjk,labyrinthulid,noun,"Any in the order (syn. ), the , which produce a network of filaments or tubes inside of which the cells move and from which they obtain nutrients.",loài thuộc họ ，它们产生网络状的菌丝或管子，在其中细胞移动并从中获取营养。,2882085
definition_vi_cjk,labyrinthodont,noun,Any extinct amphibian of the subclass .,loài 两栖动物，已灭绝。,2882080
definition_vi_cjk,kamarizaite,noun,"(mineral) A triclinic mineral containing astatine, hydrogen, oxygen, and iron.",(矿物) 三斜晶系含砹、氢、氧和铁的矿物。,2874148
definition_vi_cjk,khlong,noun,A canal on the central plain of Thailand.,khlong {tên gọi} một kênh trên đồng平原。,2876900
definition_vi_cjk,kichai,noun,"(historical) A Native American Southern Plains tribe that lived in Texas, Louisiana and Oklahoma.",(lịch sử) Một bộ tộc người Mỹ bản địa Nam平原族，这不符合要求的翻译，请重新翻译。,2877062
definition_vi_cjk,kickish,adjective,Liable to kick.,Dễ尥蹶子的，这不符合要求的翻译，请重新翻译。,2877179
definition_vi_cjk,kelper,noun,"(slang|dated) ; a Falkland Islander, native to the Falkland Islands.","(lóng, đã lỗi thời) một người dân Falkland，土生土长的福克兰群岛居民。",2875605
definition_vi_cjk,kishke,noun,A dish made from stuffed intestine.,kishke: (名词) 一种用肠子填充的食物。,2878483
definition_vi_cjk,kladruber,noun,The oldest Czech horse breed and one of the world's oldest horse breeds and considered to be very rare.,kladruber: (名词) 最古老的捷克马种，也是世界上最古老的马种之一，被认为非常稀有。,2878892
definition_vi_cjk,kuehneotheriid,noun,(zoology) Any mammaliaform in the family .,(zoology) 任何哺乳动物形态的在科。,2881124
definition_vi_cjk,kuff,noun,(pejorative|slang) A non-Muslim.,"(pejorative, slang) 一个非穆斯林。",2881125
definition_vi_cjk,laboratoryful,noun,Enough to fill a laboratory.,đủ để充满一个实验室的空间。,2881942
definition_vi_cjk,lagriine,adjective,(zoology) Belonging to the Lagriinae.,属于 Lagriinae 的,2882991
definition_vi_cjk,larderful,noun,Enough to fill a larder.,Larderful (đơn vị): Đủ để đầy một larder。,2884766
definition_vi_cjk,pocket t-shirt,noun,A T-shirt with a breast pocket.,一件带有前胸口袋的T恤。,3026593
definition_vi_cjk,leblebi,noun,thumb|Tunisian leblebi .,"leblebi {cụm từ} ngón拇指, 突尼斯勒布比",2887703
definition_vi_cjk,lecus,noun,(botany|obsolete) A corm.,lecus {từ} (植物学，过时的) 茎状物,2887845
definition_vi_cjk,leprophobia,noun,Deep-seated loathing or hatred of lepers.,Leprophobia: (心理学) 深深厌恶或仇恨麻风患者。,2889258
definition_vi_cjk,lipoperoxide,noun,"(organic chemistry) The peroxide of an unsaturated lipid, typically produced by lipoperoxidation",lipoperoxide: (kim loại hữu cơ) Peroxide của một lipid không饱和脂肪酸，通常由脂质过氧化产生。,2893936
definition_vi_cjk,lipoxygenase,noun,(enzyme) Any of a class of enzymes that catalyse the oxidation of polyunsaturated fatty acids,lipoxygenase: (enzym) Bất kỳ một lớp enzym nào catalyzing sự oxi hóa của axit béo đa bất饱和脂肪酸。,2894049
definition_vi_cjk,lissencephalous,adjective,Exhibiting or relating to lissencephaly.,Hiển thị hoặc liên quan đến lissencephaly。,2894340
definition_vi_cjk,logorrhea,noun,(psychology) Excessive and often uncontrollable speaking due to a mental disorder.,(心理学) 由于精神障碍而过度且经常无法控制的讲话。,2896771
definition_vi_cjk,loinskin,noun,"A garment, made of animal skin, that covers the loins (crotch).",(肉) 猪背最长肌的一块切片。,2896845
definition_vi_cjk,love-tool,noun,(vulgar|slang) .,（粗俗，俚语）。,2898669
definition_vi_cjk,lupanar,noun,(formal|archaic) A brothel.,"(正式,过时) 哥伦比亚妓院。",2900415
definition_vi_cjk,macrodactylic,adjective,(zoology|anatomy) Having long toes; macrodactylous.,"(zooloogia,解剖学) 具有长脚趾的；macrodactylous.",2902567
definition_vi_cjk,supercavitating,adjective,Causing or undergoing supercavitation,gây ra quá trình siêu khí化,3157499
definition_vi_cjk,mahoosive,adjective,(chiefly|Britain|humorous|slang) Massive; huge; very large.,"(chủ yếu ở Anh, hài hước,俚语) 巨大的；巨大的；非常大的",2904575
definition_vi_cjk,makushita,noun,"(sumo) The third highest division of professional sumo wrestling, below juryo; the lowest division at which a salary is paid.",(相扑) 相扑职业的第三级分组，低于juryo；最低级别的分组，可以获得薪水.,2905411
definition_vi_cjk,makuuchi,noun,"(sumo) The highest division of sumo wrestling, above juryo, comprising the yokozuna, ozeki, sekiwake, komusubi and maegashira ranks.",(日本) 相扑职业的最高级别分组，高于juryo，包括大关、幕内、前头和幕下等级.,2905413
definition_vi_cjk,maltogenic,adjective,(biochemistry) That breaks down starch into maltose.,Maltogenic: (sinh hóa học) Có khả năng phân giải淀粉水解的,2906260
definition_vi_cjk,schachnerite,noun,(mineral) A hexagonal-dihexagonal dipyramidal silver gray mineral containing mercury and silver.,(thạch anh) Mined石英石，但根据上下文应翻译为矿物). Một khoáng vật màu xám bạc hình lăng kính hexagonal-dihexagonal chứa mercuri银和银.,3098115
definition_vi_cjk,supercavitation,noun,"(physics) An extreme form of cavitation in which a single bubble of gas forms around an object moving through a liquid, significantly reducing drag.",siêu khí化的,3157500
definition_vi_cjk,rescussor,noun,(legal|UK|obsolete) One who makes an unlawful rescue; a rescuer,"rescussor (dạng danh từ): (pháp lý, Anh, đã bị bỏ弃用，保留) One who makes an unlawful rescue; a rescuer (一位进行非法救援的人；一个救援者)",3077132
definition_vi_cjk,researchist,noun,(dated) A researcher.,researchist (dạng danh từ): (đã bị bỏ弃用，保留) A researcher (一位研究者),3077154
definition_vi_cjk,groyper,noun,"(Internet slang) A large, green, cartoon toad with a strange mischievous expression, based on Pepe the Frog.","(mạng xã hội Internet) Con rắn xanh lớn,卡通版的青蛙，具有奇怪的淘气表情，基于佩佩青蛙。",2813132
definition_vi_cjk,grundyist,noun,One who exhibits narrow and unintelligent conventionalism.,一个表现出狭隘和愚蠢的保守主义者。,2813331
definition_vi_cjk,reservoirful,noun,Enough to fill a reservoir.,Nhiều nước đủ để充满一个水库。,3077363
definition_vi_cjk,reshore,verb,To transfer a business operation back to its country of origin.,Chuyển lại (dịch từ 动词),3077430
definition_vi_cjk,guiacol,noun,(organic compound) A colourless liquid produced by the dry distillation of guaiac resin.,(chất hữu cơ) một chất lỏng màu无色的，由干馏番泻树脂产生。,2814063
definition_vi_cjk,gunbai,noun,(sumo) The lacquered wooden fan used by the gyoji.,(sumo)扇子，用漆木制成，由裁判员使用。,2814631
definition_vi_cjk,kalach,noun,"Traditional East Slavic bread shaped like a padlock or various kinds of wheels. Other Slavic nations have similar but not identical types of pastry, e.g. Czech or Slovak /, Polish , Bulgarian , Serbo-Croatian /, etc.","Bánh truyền thống Đông Slavic có hình như một khóa cài hoặc các loại bánh xe khác nhau. Các dân tộc Slavic khác có loại bánh tương tự nhưng không hoàn toàn giống nhau, ví dụ như捷克或斯洛伐克/，波兰/，保加利亚/，塞尔维亚和克罗地亚/等。",2873927
definition_vi_cjk,resistlessness,noun,The state or condition of being resistless.,不可抗拒状态,3077688
definition_vi_cjk,resistlib,noun,(US politics|slang|usually|derogatory) Someone with liberal beliefs who considers themselves part of the #Resistance movement against .,（美政，俚语，通常贬义）某人持有自由主义信念，认为自己是#反抗运动的一部分,3077689
definition_vi_cjk,resistoflavine,noun,A cytotoxic pentacyclic polyketide isolated from,从中分离出的一种细胞毒性五环聚酮类化合物,3077690
definition_vi_cjk,resistogram,noun,A graphical display of the bacterial resistance to a group of antibiotics,细菌对一组抗生素的耐药性图形显示,3077691
definition_vi_cjk,resistograph,noun,A device that measures resistance to drilling,一个测量钻孔阻力的装置,3077692
definition_raw_markup,russophrenia,noun,"(neologism|political science|geopolitics|derogatory) The belief or idea that Russia is simultaneously about to collapse, and also take over the world.",(新词，政治科学，地缘政治，贬义) 认为俄罗斯即将崩溃，同时又将统治世界的想法。,3090877
definition_raw_markup,rypophagous,adjective,(archaic|zoology) Eating filth.,(hồi古的) 吃垃圾,3091210
definition_raw_markup,sabo,verb,"(transitive|Singapore|colloquial|informal|Singlish) To get someone in trouble, to prank, to sabotage another's efforts.","(Singapore, nói chuyện phiếm, không chính thức, Singlish) Để làm ai đó gặp rắc rối, để pranks, để phá hoại nỗ lực của người khác。",3091533
definition_raw_markup,jagweed,noun,(slang|pejorative) A rude or obnoxious person; a jerk.,"jagweed: (từ俚语, 带贬义)一个粗鲁或讨厌的人；一个混蛋。",2868632
definition_raw_markup,jambo,noun,"(UK|slang) A member or fan of Heart of Midlothian F.C., a Scottish football club.","jambo: (Anh, từ俚语) thành viên hoặc fan của Heart of Midlothian F.C., một câu lạc bộ bóng đá Scotland.",2868835
definition_raw_markup,scattald,noun,(Orkney|and|Shetland) Common land used for pasture and digging turf.,scattald (名词): (奥克尼群岛和舍伦群岛) 常用地用于放牧和挖泥炭的土地,3097839
definition_raw_markup,pinta,noun,(Chicano|slang) prison,"(美国,军方,俚语,粗俗) 侧帽。",3020787
definition_raw_markup,inerted,adjective,(chiefly|of a fuel tank) Filled with an inert gas to reduce the risk of explosion,(主要指燃料箱) 用惰性气体填充以减少爆炸风险。,2853899
definition_raw_markup,kelper,noun,"(slang|dated) ; a Falkland Islander, native to the Falkland Islands.","(lóng, đã lỗi thời) một người dân Falkland，土生土长的福克兰群岛居民。",2875605
definition_raw_markup,kuff,noun,(pejorative|slang) A non-Muslim.,"(pejorative, slang) 一个非穆斯林。",2881125
definition_raw_markup,leblebi,noun,thumb|Tunisian leblebi .,"leblebi {cụm từ} ngón拇指, 突尼斯勒布比",2887703
definition_raw_markup,lecus,noun,(botany|obsolete) A corm.,lecus {từ} (植物学，过时的) 茎状物,2887845
definition_raw_markup,love-tool,noun,(vulgar|slang) .,（粗俗，俚语）。,2898669
definition_raw_markup,lupanar,noun,(formal|archaic) A brothel.,"(正式,过时) 哥伦比亚妓院。",2900415
definition_raw_markup,macrodactylic,adjective,(zoology|anatomy) Having long toes; macrodactylous.,"(zooloogia,解剖学) 具有长脚趾的；macrodactylous.",2902567
definition_raw_markup,mahoosive,adjective,(chiefly|Britain|humorous|slang) Massive; huge; very large.,"(chủ yếu ở Anh, hài hước,俚语) 巨大的；巨大的；非常大的",2904575
definition_raw_markup,hoondie,noun,(India|dated) banker's draft,(印度，过时) 银行家支票,2834841
definition_raw_markup,mercurialization,noun,(medicine|historical) A treatment with the metal mercury (now known to be toxic).,mercurialization: (医学，历史) 使用汞（现在已知是有毒的）进行治疗的方法。,2916791
definition_raw_markup,metabogenome,noun,(biochemistry|genetics) All the metabolites specified by genes in a specific organism,(生物化学，遗传学) 特定生物体内由基因指定的所有代谢产物。,2918408
definition_raw_markup,mofo,noun,(vulgar|slang) .,(th�粗),2932288
definition_raw_markup,mofo,adjective,(vulgar|slang) .,(th�粗),2932289
definition_raw_markup,sama-sama,adjective,(Singapore|informal) The same; identical.,(新加坡，非正式) 同样的；相同的.,3093725
definition_raw_markup,multibarrels,noun,(firearms|rare) barrels.,Multibarrels: (súng火器，罕见) 子弹。,2940398
definition_raw_markup,schizy,adjective,"(slang|offensive) schizoid, schizophrenic",(俚语，冒犯性) 分裂的，精神分裂的,3098519
definition_raw_markup,schizzy,adjective,"(slang|derogatory) schizoid, schizophrenic; crazy",(俚语，贬义) 分裂的，精神分裂的；疯狂,3098520
definition_raw_markup,schlager,noun,"(music|uncountable) A chiefly European style of popular music with light melodies (often easily danceable) and typically facile, sentimental lyrics.",(音乐，不可数) 主要是欧洲的一种流行音乐风格，带有轻快的旋律（通常易于跳舞）和通常简单、感伤的歌词。,3098521
definition_raw_markup,schlager,noun,(music|countable) A piece made in this style.,(音乐，可数) 这种风格的作品。,3098522
definition_raw_markup,nat,adjective,(RPG|dice|slang) .,nat (RPG，骰子，俚语) ,2948609
definition_raw_markup,birkie,noun,"(skiing|informal) The American Birkebeiner, a cross-country ski race.","(skiing, phi-formal) Người tham gia giải chạy越野滑雪比赛的美国比尔克贝iner。",2626296
definition_raw_markup,apocrisis,noun,(rhetoric|formal|rare) rescript; technical response,"(修辞学, 正式, 罕见) 决议; 技术性回复.",2592391
definition_raw_markup,apotemnophilic,adjective,(psychology|rare) Of or pertaining to apotemnophilia.,"(心理学, 罕见的) 与 apotemnophilia 有关的.",2592866
definition_raw_markup,backscratch,verb,(business|politics|slang) To engage in a beneficial .,"(kinh doanh, chính trị,俚语) 与某人互利地合作",2608425
definition_raw_markup,diapee,noun,(North America|slang|childish) .,(北美俚语，幼稚) 。,2722375
definition_raw_markup,effodient,adjective,(archaic|rare) involving digging up.,(古董，罕见) 涉及挖掘。,2746547
definition_raw_markup,effoliation,noun,(botany|rare) .,（罕见，植物学）。,2746548
definition_raw_markup,efforce,verb,(obsolete|reflexive) To force oneself.,(过时，反射性) 自我强迫。,2746549
definition_raw_markup,barling,noun,(rare|or|UK|_|dialectal|Scotland) A pole; (carpentry) the cross rafter of a roof.,"(khan hiếm, hoặc, Anh quốc, _, 方言, Scotland) Một thanh gỗ; (công trình) thanh ngang của mái nhà.",2612565
definition_raw_markup,bo-peep,noun,(uncountable|Cockney rhyming slang) Sleep.,"(không đếm được,俚语) 睡觉。",2631389
definition_raw_markup,abear,verb,(transitive|obsolete) To bear; to carry.,＊: Sao (cũng hoặc ). (tiếng Việt: ＊: Sao (cũng hoặc ).),2561779
definition_raw_markup,allotype,noun,(zoology|taxonomy) A designated paratype of a species (or lower-order taxon) that is the opposite sex of the holotype.,(动物学，分类学) 一种指定的副型，它是与holotype相反性别的物种（或较低阶的分类单元）。,2577428
definition_raw_markup,con,adjective,(business|marketing) : .,"(商业, 营销) : .",2683216
definition_raw_markup,lebai,noun,(Malaysia|derogatory|slang|Islam|religion) A very devout person who behaves in a hypocritical manner.,"Lebai: (马来西亚,贬义,俚语,伊斯兰教,宗教)一个非常虔诚的人，行为虚伪。",2887674
definition_raw_markup,dropable,adjective,(chiefly|American spelling|nonstandard) .,"(chủ yếu,拼写错误，非标准)",2739121
definition_raw_markup,fanilect,noun,"(linguistics|fandom) The lect of a fandom, including in-group slang, phrases, and expressions.",fanilect: (语言学，粉丝群体) 粉丝群体的语言变体，包括内部俚语、短语和表达方式。,2770416
definition_raw_markup,kelosomia,noun,(medicine|rare) A rare congenital malformation of the chest wall leading to protrusion of the abdominal or thoracic viscera; sternal cleft.,"(y học, hiếm gặp) một dị tật bẩm sinh hiếm gặp của胸壁导致腹腔或胸腔器官突出；胸骨裂开。",2875598
definition_raw_markup,kelper,noun,"(slang|dated) A Falkland Islander, native to the Falkland Islands.","(lóng, đã lỗi thời) một người dân Falkland，土生土长的福克兰群岛居民。",2875604
definition_raw_markup,kremlinism,noun,(politics|historical) The policies and practices characteristic of the former Soviet Union.,"(politics, history) 前苏联的政策和做法",2880874
definition_raw_markup,low-masking,adjective,(psychology|of an autistic person) Engaging in a low level of ; not prone to concealing or subduing one's autistic traits.,（心理学，对自闭症患者）进行低水平的伪装；不太可能隐藏或压抑自己的自闭症特征。,2898940
definition_raw_markup,mexifornication,noun,"(derogatory|slang|California) The transformation of California by an infusion of Mexican culture, especially as a result of illegal immigration.","(chê bai,俚语,加利福尼亚) 由于非法移民而墨西哥文化对加利福尼亚的改造",2921003
definition_raw_markup,lol,noun,(informal|sometimes|pejorative) Little old lady.,"(非正式, 有时, 贬义) 小老太太。",2896892
definition_raw_markup,miction,noun,(dated|or|obsolete) .,miction (名词): （过时）,2924337
definition_raw_markup,narp,noun,(thieves|obsolete) A shirt.,"narp (cướp, đã ngừng sử dụng)一件衬衫",2948225
definition_raw_markup,narr,verb,(rare|or|obsolete|intransitive) .,narr (稀少，或已停止使用，不规则)讲述,2948226
definition_raw_markup,amberlamps,noun,(US|slang|humorous) An ambulance.,"(Hoa Kỳ,俚语, 滑稽) 救护车。",2579154
definition_raw_markup,borked,adjective,"(slang|humorous) Particularly of computers or other complex devices: broken, damaged, out of order.","(俚语, 滑稽的)特别是指电脑或其他复杂设备：坏了，损坏了，出了问题",2634730
definition_raw_markup,cockblocking,adjective,"(slang|vulgar) Of a person, who acts or attempts to impede another's intended goal of a romantic relationship or sexual intercourse.","cockblocking (thông tục,俚俗) về một người hành động hoặc cố gắng gây cản trở mục tiêu tình cảm của một mối quan hệ tình yêu hoặc giao hợp tình dục.",2676885
definition_raw_markup,fifth-rate,adjective,"(UK|military|nautical|historical) Of a Napoleonic Era: having 3244 guns across one or two gun decks, a complement of 200300, and weighing 7001,450 tons burthen.","(Anh, quân sự, thủy thủ: thời kỳ Napoleon): Có 3244 khẩu súng trên một hoặc hai甲板，一支200到300人的船员，排水量7001到1,450吨。",2775828
definition_raw_markup,midline,noun,"(anatomy|medicine) The medial line (or plane) of the body, which divides the body into halves that are mirror-images of each other.",trục trung间的,2924866
definition_raw_markup,namaycush,noun,"(Canada|US) The togue: a large North American lake trout, , usually spotted with red.","namaycush (加拿大, 美国) 大湖鲑鱼",2946627
definition_raw_markup,nikahnama,noun,"(India|Pakistan) An Islamic matrimonial deed, setting out the partners' rights to divorce, polygamy, etc.","(印度, 巴基斯坦) 印度, 巴基斯坦的伊斯兰婚约文书，规定了双方离婚、多妻等权利。",2955826
definition_raw_markup,beleap,verb,(ambitransitive|UK|_|dialectal) To leap upon; cover.,beleap - (双及物，英国口音，方言) 跳跃；覆盖,2618041
definition_raw_markup,grundylow,noun,(UK|folklore|mythological creature) .,"(英国民间传说,神话生物) .",2813332
definition_raw_markup,arsefucker,noun,(UK|Irish|Commonwealth) .,"(英国, 爱尔兰, 英联邦) .",2597279
definition_raw_markup,crushworthy,adjective,(usually|of a|person) Suitable for a crush infatuation: attractive.,(thường dùng để chỉ một người) Hấp dẫn đến mức có thể gây ra tình cảm yêu慕，可以翻译为“喜欢”，但在英文中，“crushworthy”通常指的是外表或气质吸引人，让人产生浪漫兴趣的程度。因此，更准确的翻译可能是：“具有引发浪漫兴趣的吸引力的”。,2700068
definition_raw_markup,dicked,adjective,"(vulgar|slang) In trouble; put in a difficult situation, or maliciously exploited.",(俚语，粗俗) 困难的；陷入困境，或恶意利用。,2723305
definition_raw_markup,double-team,verb,"(transitive|slang) To gang up on someone, as a group of two.","đôi người (thông đồng,俚语) 用双孔插入某人",2735616
definition_raw_markup,dumbdom,noun,(informal|possibly regarded as|_|nonstandard) The quality of being dumb or stupid; stupidity.,"Dụmbdom: (非正式, 或可能被视为, _, 非标准) 的状态或条件，指作为一个傻瓜或愚蠢；愚蠢。",2740690
definition_raw_markup,effodicate,verb,(very|rare|literary|archaic) To dig up.,(非常罕见，文学，古董) 挖掘。,2746546
definition_raw_markup,kinfirm,verb,(transitive|otherkin|fandom slang) To conclude that one kins (a species or character).,(转换，其他kin，粉丝俚语) 确认一个人kines（一个物种或角色）。,2878015
definition_raw_markup,megatypy,noun,(dated|photography) enlargement,"(ngày xưa,摄影) 放大",2914836
definition_raw_markup,mooey,noun,(UK|slang) The mouth; the face.,"mooey: (Anh Quốc,俚语) 口腔",2936005
definition_raw_markup,mooey,noun,(UK|slang) The vagina or vulva.,"mooey: (Anh Quốc,俚语) 阴道或外阴",2936006
definition_raw_markup,pudding-headed,adjective,(colloquial|dated) .,pudding-headed {形容词}: (口语，过时) 。,3053058
definition_raw_markup,headshunt,noun,"(rail|British) A short length of track, provided to release locomotives at terminal platforms, or to allow shunting to take place clear of main lines.","(tàu, Anh quốc) 一段短轨道，提供释放机车在终点站平台，或者允许调车远离主线路。",2822411
definition_raw_markup,extramedullary,adjective,"(anatomy|medicine) Outside of the bone marrow, as with extramedullary hematopoiesis.",trừ xương髓内地,2767134
definition_raw_markup,face-melter,noun,"(slang|music) Particularly in heavy metal music, a musical passage or sung note that is particularly intense.",(俚语，音乐)特别在重金属音乐中，一段特别强烈的音乐段落或唱过的音符。,2768459
definition_raw_markup,klootch,noun,"(US|Canada|western|_|dialects|uncommon) klootchman: woman, wife (especially if Native American).","klootch: (美国，加拿大，西部，_,方言，不常用) klootchman: 妇女，妻子（特别是如果是土著人）。",2879096
definition_raw_markup,lrip,noun,(Canada|taxation) .,(加拿大，税收): .,2899296
definition_raw_markup,mastah,noun,(US|historical|colloquial) .,"(Mỹ, lịch sử,俚语) .",2910542
definition_raw_markup,embar,verb,(archaic|transitive) To enclose (as though behind bars); to imprison.,(古雅，及物动词)将...关押起来；监禁。,2750204
definition_raw_markup,embar,verb,"(obsolete|transitive) To prohibit, debar (someone from doing something).","(hạn chế sử dụng, động词) 禁止，禁止（某人做某事）。",2750205
definition_raw_markup,faers,pronoun,(rare|nonstandard),(罕见，非标准),2769046
definition_raw_markup,kinetography,noun,(dated|photography) The use of the kinetograph.,"(cũ,摄影) 使用kinetograph的技术。",2878000
definition_raw_markup,ludus,noun,"(historical|Ancient Rome) A school, in particular:",(历史，古罗马): 学校，特别是：,2899716
definition_raw_markup,metabogenomics,noun,(biochemistry|genetics) The study of metabogenomes,(生物化学，遗传学) 对代谢组的研究。,2918410
definition_raw_markup,assplant,noun,(North America|slang) An unintentional landing on one's buttocks.,"(北美,俚语) 无意中着陆在臀部上。",2600116
definition_raw_markup,compear,verb,"(obsolete|legal|Scotland) To appear before a judge in court, either in person or acting as an attorney.",在...出现 (动词),2682157
definition_raw_markup,compellation,noun,"(archaic|rare) A name or title by which someone is addressed or identified; an appellation, a designation.",以某人名字或头衔称呼某人的名字或头衔 (名词),2682174
definition_raw_markup,eight-ball,verb,(pool|transitive) To outplay (an opponent) by potting all one's color balls and then the black (or eight-ball) without the opponent potting a single one.,(动词) 在台球中，通过击打所有自己的颜色球然后击打黑色（或八号）球而击败对手，而对手没有击中任何一个球。,2747313
definition_raw_markup,methodish,noun,(UK|dialect|obsolete) A Methodist.,(英国方言，过时) 一个卫理公会教徒,2920207
definition_raw_markup,mortiferous,adjective,(now|_|rare) Causing spiritual death.,"(现在, _, 很少用) 导致精神死亡的。",2937340
definition_raw_markup,ass-licking,noun,(US|vulgar|slang) .,"licking ass (Mỹ, tục ngữ,俚语)",2599513
definition_raw_markup,betine,verb,(transitive|obsolete) To set fire to.,(过去式，过时) 点燃。,2620761
definition_raw_markup,bevvy,verb,(Britain|Ireland|slang|intransitive) To get drunk.,(英国，爱尔兰，俚语，非谓语) 变得醉醺醺。,2621008
definition_raw_markup,fruck,verb,(nonstandard|rare),fruck (非标准的，罕见的),2791256
definition_raw_markup,callorhynchid,noun,"(paleontology|ichthyology) A fish in the family , now considered a synonym of the .","(sau đây gọi là cổ sinh vật học, thủy sinh học) Một loài cá trong họ , nay được coi là đồng义词 of 的。",2648848
definition_raw_markup,chirper,noun,(Canada|slang|mildly|derogatory) A person who speaks with a distinct English or Welsh accent.,"(加拿大,俚语,轻微贬义) 一个带有明显英式或威尔士口音的人。",2665622
definition_raw_markup,icosandrian,adjective,(archaic|botany) Relating to the class ; having twenty or more stamens inserted in the calyx.,"(hãy cổ, thực vật học) Liên quan đến lớp ; có hai mươi hoặc hơn nhánh tràng phong được gắn vào hoa萼.",2845588
definition_raw_markup,gunnade,noun,"(nautical|historical) A naval artillery piece, variant of the carronade, developed by the British navy circa 1820 .","(tàu thủy, lịch sử)一门短炮，由英国海军在1820年左右开发的，变体为卡龙炮.",2814720
definition_raw_markup,hematogenesis,noun,"(hematology|cytology) Blood cell formation in the human body, especially the bone marrow, hematopoiesis.","(huyết học, tế bào học) Hình thành tế bào máu trong cơ thể người, đặc biệt là trong xương髓骨",2824838
definition_raw_markup,hissian,noun,(archaic|slang) .,(hạn chế sử用，指一种古老的俚语。),2830758
definition_raw_markup,hyperbullet,noun,"(chess|Internet) Chess played at an extremely fast time control, with each side getting 30 seconds total or less to make all their moves.",(国际象棋，互联网) 国际象棋以极快的时间控制进行，每方总共用时30秒或更少,2841038
definition_raw_markup,knee-buckler,noun,"(baseball|slang) A curveball (or occasionally a knuckleball) that fools the hitter, causing his or her knees to buckle (i.e. bend).","(bóng chày,俚语) 使击球手失误的曲球（或偶尔是指尖球），导致对方膝盖弯曲（即弯曲）。",2879298
definition_raw_markup,feevee,noun,(US|colloquial|dated) Pay TV.,"(Hoa Kỳ,俚语, 过时) 付费电视",2772931
definition_raw_markup,frigger,noun,"(Australia|slang|derogatory) A stereotypical rural Australian, typically wearing plain denim jeans, singlets and cowboy hat.","(Úc, tục ngữ, xúc phạm) Một nông dân Úc điển hình, thường mặc quần jean denim đơn giản, áo ba lỗ và mũ cowboy。",2790250
definition_raw_markup,frizel,noun,"(firearms|historical) A movable furrowed piece of steel struck by the flint, to throw sparks into the pan, in an early form of flintlock.",frizel (súng火器，历史的) 一种钢制可移动的带槽的部件，在早期的燧石锁中用于抛出火花进入药室。,2790561
definition_raw_markup,hc,noun,(music|subculture) .,hc (音乐，亚文化): .,2821844
definition_raw_markup,bork,verb,(vulgar|slang) To boink; to have sex with.,"(thô lỗ,俚语)做爱",2634727
definition_raw_markup,bork,verb,(Liverpool|slang) To retch or vomit.,(利物浦，俚语)呕吐,2634728
definition_raw_markup,linsanity,noun,(US|basketball|slang) Enthusiasm and excitement about the sudden rise of New York Knicks) to basketball stardom in 2012.,"linsanity: (Mỹ, bóng rổ,俚语) 对纽约尼克斯队突然崛起的狂热和兴奋，在2012年。",2893573
definition_raw_markup,maclureite,noun,(mineral|obsolete) chondrodite,"(thiếc,已弃用) chondrodite.",2902274
definition_raw_markup,melanaemia,noun,"(medicine|obsolete) A morbid state in which the blood contains black pigment, either floating freely or embedded in the white blood cells; .","(医学,已废弃) 血液中含黑色素的病态，无论是自由漂浮还是嵌入白血细胞中；",2915051
definition_raw_markup,nonmanifold,adjective,"(mathematics|of a topological space) Not locally resembling the ""ordinary"" Euclidean space \mathbb{R}^n.","(toán học, về không gian拓扑学的，不类似于普通的欧几里得空间\mathbb{R}^n)",2964953
definition_raw_markup,dimp,noun,"(UK|colloquial|by extension) The butt end of a cigarette, before it has been completely smoked; a half-smoked cigarette.",(英国，口语，引申义) 半支香烟，即一支未完全抽完的香烟。,2725725
definition_raw_markup,flob,noun,"(UK|slang) Spittle or phlegm, especially a piece of spittle or phlegm that has been spat out.",(英国，俚语)唾液或粘液，尤其是被吐出来的唾液或粘液。,2781225
definition_raw_markup,batta,noun,(India|dated) An exchange rate.,(印度，过时的) 一种汇率。,2614468
definition_raw_markup,belearn,verb,(ambitransitive|nonstandard|proscribed) To learn about; study; educate; teach.,belearn - (非标准，禁止使用的) 学习；教育；教授,2618042
definition_raw_markup,jerry-lord,noun,"(rare|UK|slang) A tavernkeeper.[https://archive.org/details/englishdialectdi03wriguoft/page/358/mode/2up?q=%22jerry-lord%22 The English dialect dictionary, being the complete vocabulary of all dialect words still in use, or known to have been in use during the last two hundred years; founded on the publications of the English Dialect Society and on a large amount of material never before printed.]",(罕见，英国，俚语)酒馆老板。[《英语方言词典》（The English dialect dictionary）：包含所有仍在使用或已知在过去的两百年内使用的方言词汇；基于英语方言学会的出版物和大量从未印刷过的材料建立。],2870087
definition_raw_markup,kishke,noun,"(informal|often|in the plural|also|figurative) Intestines, guts.",kishke: (名词) (非正式用语，常用于复数形式，也作比喻用语) 肠子，内脏。,2878484
definition_raw_markup,nake,verb,(now|mainly|Scotland) To make naked; to bare.,"nake (Scotland, 现在, 主要) 脱光；裸露",2946532
definition_raw_markup,pyro,noun,"(uncountable|archaic|especially|photography) Pyrogallol, pyrogallic acid.","(không đếm được, cổ điển, đặc biệt,摄影学) Pyrogallol, axit pyrogallic.",3056370
definition_raw_markup,hairyback,noun,(South Africa|slang|derogatory|offensive|ethnic slur) A white Afrikaner.,"(Nam Phi, từ俚语, 贬义, 有争议的种族歧视用语) 一个白人南非人。",2817194
definition_raw_markup,cuttie,noun,(Scotland|archaic) A hare.,(苏格兰，过时) 野兔。,2703988
definition_raw_markup,cuttie,noun,(Scotland|archaic) The black guillemot.,(苏格兰，过时) 黑海鸥。,2703989
definition_raw_markup,horse-hung,adjective,(slang|of a person) Having a large penis.,(俚语，描述一个人) 有大阴茎的人。(注：此表达在现代汉语中不常用),2835650
definition_raw_markup,hotstepper,noun,(slang|idiomatic) A prison breaker; a fugitive who has escaped from a penal institution.,(俚语，惯用语)越狱者；从监狱逃脱的逃犯。,2836382
definition_raw_markup,eponychium,noun,"(zoology|veterinary medicine) The protective capsule that surrounds the hoof of foetuses and neonates of hoofed animals, which disappears soon after birth, but remnants of which remain as part of the permanent hoof.","(sinh vật học, y tế thú y) Khối bảo vệ bao quanh móng chân của thai nhi và động vật mới sinh có蹄甲囊，这是一种保护性结构，包围着蹄子，通常在出生后不久就会消失，但其残留物会成为永久蹄的一部分。",2757612
definition_raw_markup,flob,verb,(UK|slang) To spit or to gob.,(英国，俚语)吐或吐。,2781226
definition_raw_markup,maudle,verb,(obsolete|transitive) To throw into confusion or disorder.,maudle - (hạn chế sử用的金属栓。,2911625
definition_raw_markup,baller,adjective,"(AAVE|slang) Very cool, especially due to extravagance.","baller (nói chuyện hàng ngày,俚语): RấtCool, 尤其是由于奢侈。",2610366
definition_raw_markup,belecture,verb,"(dated|transitive) To lecture frequently, to the point of vexation.",belecture - (过时，及物) 频繁地讲授；使烦恼,2618045
definition_raw_markup,campo,noun,(US|slang) A police officer assigned to a university campus.,"(Hoa Kỳ,俚语) 警察局分配给大学校园的警察.",2649728
definition_raw_markup,cycloartenyl,noun,(organic chemistry|in combination) A univalent radical derived from a cycloartenol,(有机化学，结合使用) 从环甾醇脱氢得到的单价基团。,2705237
definition_raw_markup,dickbrain,noun,"(vulgar|slang|derogatory|or|offensive) A contemptible person, or moron.","(thô tục,俚语,侮辱性,或冒犯性的) 一个可鄙的人，或白痴。",2723296
definition_raw_markup,dickbutt,noun,(offensive|vulgar) A male homosexual.,"(冒犯性的,粗俗) 一个男同性恋者。",2723299
definition_raw_markup,dumbassity,noun,(slang|vulgar|North America) The state or condition of being a dumbass.,"Dụmbăssity: (俚语, 北美) 傻瓜的状态或条件。",2740680
definition_raw_markup,egranulose,adjective,(archaic|rare) Having no granules.,"(过时, 罕见) 无颗粒的",2746960
definition_raw_markup,egregiosity,noun,(rare|uncountable) The quality of being egregious.,"(罕见, 不可数) 显著性",2746961
definition_raw_markup,marsiya,noun,(Islam|Shia|poetry) an elegiac poem written to commemorate the martyrdom and valour of Battle of Karbala,Marsi玛尔济亚诗,2909732
definition_raw_markup,moolie,noun,(US|slang|used by Italian-Americans|ethnic slur|derogatory) A black person.,"moolie: (美,俚语, 由意大利裔美国人使用,种族歧视, 贬义) 一个黑人",2936027
definition_raw_markup,megatype,noun,(dated|photography) An enlarged print,"(cũ,摄影) 放大版",2914835
definition_raw_markup,ophiomorphite,noun,(paleontology|obsolete) An ammonite.,(古生物学，已废弃) 一种鹦鹉螺。,2981493
definition_raw_markup,prophylax,verb,"(medicine|informal) To take measures, using pharmaceuticals or otherwise, to prevent the occurrence of a disease.","Prophylax (medicine, 非正式)预防",3047042
definition_raw_markup,puntilion,noun,(obsolete|glassblowing) A pontil.,"puntilion: (thuộc ngữ cũ, thổi thủy tinh) Một pontil。",3054439
definition_raw_markup,fonmin,noun,(US|_|government|as a title) .,"fonmin (US, _,政府，作为头衔)",2784231
definition_raw_markup,bitch-ass,adjective,"(AAVE|slang|pejorative) Weak, cowardly; unmanly.","(AAVE, thông tục, pejorative)软弱的，胆小的；无男子气概的。",2626978
definition_raw_markup,boa'le,verb,(Scotland|obsolete) to teach a moral,(苏格兰，过时的) 教道德。,2631395
definition_raw_markup,gestalting,noun,(psychology|uncommon) A feature or characteristic of gestalt therapy.,"(心理学, 不常用): 格式塔疗法的一个特征或特点。",2801086
definition_raw_markup,compatibilise,verb,(transitive|British spelling|informal computer science) To make compatible.,làm tương thích (动词),2682129
definition_raw_markup,gymnodont,noun,"(zoology|obsolete) One of a former family of plectognath fishes (Gymnodontes), having the teeth and jaws consolidated into one or two bony plates on each jaw.","(động vật học, đã被弃用) Một trong gia đình cũ của cá plectognath (Gymnodontes), có răng và hàm được hợp nhất thành một hoặc hai mảng xương trên mỗi hàm.",2815465
definition_raw_markup,dickbutt,noun,(offensive|vulgar),"(冒犯性的,粗俗) 一个男同性恋者。",2723300
definition_raw_markup,faerself,pronoun,(rare|nonstandard),(罕见，非标准),2769047
definition_raw_markup,fætal,adjective,(obsolete|hypercorrect) .,(过时，超正确)。,2769048
definition_raw_markup,gastroraphy,noun,(surgery|dated) The operation of sewing up wounds of the abdomen.,(外科手术，过时)缝合腹部伤口的手术。,2797435
definition_raw_markup,ortho,noun,(countable|photography|dated) An orthochromatic plate.,"(đếm được,摄影学，过时的) 正色胶片。",2984108
definition_raw_markup,lolbert,noun,(US politics|Internet slang|derogatory) .,"(美国政治, 因特网俚语, 贬义) 。",2896895
definition_raw_markup,metazoon,noun,(zoology|obsolete) One of the .,"(cấu trúc học, đã lỗi thời) một trong số đó (指生物分类学中的某个类群)",2919896
definition_raw_markup,microcinematography,noun,"(biology|photography) The making of films by using a microscope, especially of biological specimens, by means of time-lapse photography","microcinematography (sinh học,摄影术): 使用显微镜制作的电影，特别是通过延时摄影手段拍摄生物标本。",2921864
definition_raw_markup,mitchboard,noun,(nautical|historical) A support on the deck for the mast when it is lowered.,"(nghệ thuật hải quân, lịch sử) Một hỗ trợ trên甲板 用于当桅杆降下时支撑它。",2930807
definition_raw_markup,osphresiolagnia,noun,(psychology|psychoanalysis) Sexual arousal through olfactory stimulation.,osphresiolagnia {động từ (心理学，精神分析学) 通过嗅觉刺激引起性兴奋。},2985123
definition_raw_markup,proto-mongoloid,noun,"(anthropology|historical) A human phenotypical classification thought to be the ancestor of the Mongoloid race. It consists of various subtypes found in Southeast Asia, Japan, and among indigenous peoples of the Americas.","Proto-mongoloid (人类学, 历史)蒙古人种的祖先类型。它包括东南亚、日本以及美洲土著人群中发现的各种亚型。",3048390
definition_raw_markup,arsehood,noun,(UK|Irish|Commonwealth) The state or quality of being an arse.,"(英国, 爱尔兰, 英联邦) 的状态或性质是屁股.",2597292
definition_raw_markup,arsemuncher,noun,(UK|Irish|Commonwealth|humorous|slang|sometimes|vulgar),"(英国, 爱尔兰, 英联邦, 有时, 俚俗, 嘲笑的, 贬义)",2597299
definition_raw_markup,bagganet,noun,(Scotland|obsolete) A bayonet.,(苏格兰，过时的) 一种刺刀,2609366
definition_raw_markup,frollo,noun,(fandom slang|derogatory) .,frollo (粉丝圈俚语，贬义),2790751
definition_raw_markup,ostracoid,noun,(zoology|obsolete) ostracod,（古生物学，过时）ostracod,2985646
definition_raw_markup,hatchboat,noun,"(nautical|UK|historical) A type of fishing boat found mostly in southern England in the 19th century, whose deck consisted of many movable hatches.","(tàu đánh cá, Anh quốc, lịch sử) Loại tàu đánh cá được tìm thấy chủ yếu ở miền nam Anh vào thế kỷ 19, có甲板由许多可移动的舱盖组成。",2821002
definition_raw_markup,outasight,adjective,"(slang|dated) excellent, amazing","(俚语, 过时) 极好的，惊人的。",2986408
definition_raw_markup,homeodomain,noun,(biochemistry|genetics) A folded protein domain that binds to DNA and has a function in transcription,(生物化学、遗传学) 一种折叠蛋白质结构域，结合DNA并具有转录功能。,2833051
definition_raw_markup,doucher,noun,(slang|humorous) A douchebag; a contemptible person.,(俚语，幽默) 混蛋；可鄙的人,2735785
definition_raw_markup,douchetastic,adjective,(US|slang) Extremely douchey; highly obnoxious.,(美，俚语) 极其混蛋的；极其讨厌的,2735787
definition_raw_markup,douchewad,noun,"(slang|humorous) A rude, obnoxious, or annoying person.",(俚语，幽默) 粗鲁、讨厌或烦人的一个人,2735789
definition_raw_markup,droppie,noun,(Australia|New Zealand|slang) A drop kick.,"Điểm ghi điểm (Australia, New Zealand,俚语)",2739182
definition_raw_markup,dumbassed,adjective,(US|vulgar|slang) stupid.,"Dụmbăssđờ: (Mỹ, từ vựng俚语, 藐视) unintelligent.",2740675
definition_raw_markup,dumbassification,noun,(informal|vulgar) The process of becoming worse or stupider.,"Dụmbăssification: (非正式, 恶毒) 变得更糟或更愚蠢的过程。",2740679
definition_raw_markup,horseshite,noun,(UK|Ireland) .,"(Anh,愛尔兰)胡说八道",2835819
definition_raw_markup,oscilloclast,noun,(pseudoscience|historical) A device that was supposed to diagnose cancer from tissue samples.,"(pseudoscience, lịch sử) một thiết bị được cho là chẩn đoán ung thư từ mẫu mô",2984818
definition_raw_markup,eye-talian,adjective,"(chiefly|US|slang|pronunciation spelling|derogatory) Italian, usually in reference to an Italian American person or Italian American culture.","(chủ yếu, Mỹ,俚语,发音拼写,贬义)意大利的，通常指意大利裔美国人或意大利裔美国文化。",2767837
definition_raw_markup,fuckheaded,adjective,"(vulgar|slang|comparable) stupid, dim-witted","(thô lỗ,俚语,比较级) ngu, ngốc.",2791863
definition_raw_markup,fuckheadedness,noun,(vulgar|slang) The behavior consistent with that of a fuckhead.,"(thô lỗ,俚语) hành vi nhất quán với một fuckhead.",2791865
definition_raw_markup,lincoln,noun,(US|slang) A five-dollar bill.,"lincoln: (Mỹ,俚语) 五美元钞票。",2892934
definition_raw_markup,melanagogue,noun,(medicine|obsolete) A medicine supposed to expel black bile or choler.,"(医学,已废弃) 能驱除黑胆汁或胆汁的药物。",2915053
definition_raw_markup,mastuh,noun,(US|historical|colloquial) .,"(Mỹ, lịch sử,俚语)桅杆",2910784
definition_raw_markup,mentalize,verb,"(usually|in passive) To make mental in nature, rather than physical",mentalize: (通常，被动) 使某物具有心理性质，而不是物理性质。,2916422
definition_raw_markup,assprint,noun,(slang|North America) The mark or impression left by buttocks having been pressed against a surface.,"(北美,俚语) 臀部压在表面后留下的痕迹或印记。",2600118
definition_raw_markup,astonisher,noun,"(typography|printing|computing|chiefly|US) An exclamation mark, the punctuation mark “!”.","(thư ký in, in ấn, công nghệ thông tin, chủ yếu là, Mỹ) Ký hiệu惊叹号;感叹号 (gào thét), dấu chấm than “!”.",2600489
definition_raw_markup,chinky,noun,(UK|slang|offensive) A Chinese takeaway restaurant.,"(Anh,俚语,冒犯性) 一家中餐馆。",2665254
definition_raw_markup,chounyuu,noun,(countable|Japanese pornography) A pair of very large breasts.,"Chounyuu: (đếm được, phim tình dục Nhật Bản) Một cặp ngực rất lớn。",2667676
definition_raw_markup,chinky,noun,(India|slang|offensive) A person from Northeast India.,"(Ấn Độ,俚语,冒犯性) 来自东北印度的人。",2665258
definition_raw_markup,chounyuu,noun,(uncountable|Japanese pornography) A genre of Japanese pornography (typically hentai) featuring women with this type of breast size.,"Chounyuu: (không đếm được, phim tình dục Nhật Bản) Loại phim tình dục Nhật Bản (thường là hentai) có nữ chính với kích cỡ ngực như vậy。",2667677
definition_raw_markup,coequalize,verb,(category theory|of a morphism) to postcompose with each of a parallel pair of morphisms so as to yield the same composite morphism.,(lý thuyết范畴学) 对于一对平行箭头，使其后组成同一个复合箭头。,2677842
definition_raw_markup,corpsefucker,noun,(slang|derogatory|offensive|vulgar) A necrophile.,"(俚语, 贬义, 侮辱性, 下流)一个恋尸癖者。",2691057
definition_raw_markup,cumwhore,noun,(slang|vulgar) A cumslut.,(俚语，粗俗) cumslut。,2702364
definition_raw_markup,dockie,noun,(chiefly|AU|NZ|colloquial) A dockworker.,"(主要在澳大利亚和新西兰, 口语) 一名码头工人。",2732614
definition_raw_markup,apocrisiarius,noun,"(historical|ecclesiastical) A high diplomatic representative, approximately equivalent to a papal nuncio.","(lịch史的, 教会教的) Một đại diện ngoại giao cao cấp, tương đương với một đặc phái viên của Giáo hoàng.",2592389
definition_raw_markup,arsed,adjective,(Commonwealth|vulgar|slang|chiefly in the negative) Bothered; willing to make an effort.,"(Anh, thô tục,俚俗, 口头禅, 口语, chiefly in the negative) Đã bị làm phiền; sẵn sàng nỗ lực.",2597272
definition_raw_markup,arsed,adjective,(vulgar|in combinations) Having a particular kind of arse,"(thô tục,俚俗, 口头禅, 口语, 主要用于否定) 已经被困扰；愿意付出努力.",2597273
definition_raw_markup,ass-pull,noun,(North America|slang|vulgar) A hastily fabricated explanation or contrived plot twist.,"hasty fabrication explanation or contrived plot twist (Nam Mỹ,俚语)",2599515
definition_raw_markup,backshot,noun,(photography|and|cinematography) A shot taken from behind the subject.,(摄影，和，电影制作) 从被摄体后面拍摄的画面,2608467
definition_raw_markup,beleave,verb,(obsolete|intransitive) To be left; to remain.,beleave - (古典，不及物) 留下；剩下,2618044
definition_raw_markup,cutoff,adjective,"(psychology|medicine) Designating a score or value demarcating the presence (or absence) of a disease, condition, or similar.",(心理学，医学) 表示某种疾病、状况或类似情况的存在（或不存在）的分数或值。,2703925
definition_raw_markup,decocoon,verb,(biology|of an insect) To break out of its cocoon.,破茧而出 (生物学),2712129
definition_raw_markup,dickcheese,noun,(slang|vulgar) Penile smegma or accumulated dried-out semen underneath the foreskin.,(俚语，粗俗) 阴茎包皮下的干涸精液或积聚的污垢。,2723301
definition_raw_markup,douchewagon,noun,"(vulgar|slang|humorous) A rude, obnoxious, or contemptible person.",(粗俗，俚语，幽默) 粗鲁、讨厌或可鄙的人,2735791
definition_raw_markup,douchiness,noun,(slang|derogatory) The quality of being douchey or douchy; objectionableness.,(俚语，贬义) 被认为是混蛋或混蛋的品质；不招人喜欢,2735794
definition_raw_markup,oversharpen,verb,(transitive|mostly|photography) To sharpen too much.,"(chuyển động, chủ yếu,摄影) To sharpen quá mức.",2991676
definition_raw_markup,effluviography,noun,"(photography|obsolete) The effects upon the dry photographic plate of certain electric emanations, including those later known as the X-rays.",(摄影术，过时) 某些电辐射（包括后来被称为X射线的辐射）对干式摄影底片的影响。,2746534
definition_raw_markup,egosyntonicity,noun,(psychology|psychiatry) The quality of being egosyntonic.,"(心理学, 精神病学) 自我一致性",2746937
definition_raw_markup,meta-universe,noun,(physics|cosmology) .,(物理学，宇宙学),2918362
definition_raw_markup,moolinyan,noun,(US|ethnic slur) .,"moolinyan: (美,种族歧视) .",2936029
definition_raw_markup,placebo-controlled,adjective,(medicine|science|research) Including a comparison (control) group with placebo.,"(y học, khoa học, nghiên cứu) Bao gồm một nhóm đối照（对照组）与安慰剂进行比较（对照）",3022338
definition_raw_markup,preautistic,adjective,(psychology|autism) Before the readily apparent onset of autism.,"(心理学, 自闭症) 自闭症的明显出现之前",3037397
definition_raw_markup,arse-clown,noun,(Commonwealth|sometimes considered|_|vulgar|slang|often|humorous) .,"(Anh, đôi khi được sử dụng, _, thô tục,俚俗, 常见于俚语, 常用于俚语, often, 搞笑的) .",2597255
definition_raw_markup,backsack,noun,(slang|vulgar) The back of the testicles.,"(lóng, tục ngữ)-backend睾丸的后部。",2608408
definition_raw_markup,fotog,noun,(journalism|slang) A photographer.,"fotog: (tạp chí,俚语) 摄影师。",2787558
definition_raw_markup,chowchow,noun,(obsolete|slang|Anglo-Chinese) .,"chowchow: (thuốc lá,俚语,英中式) .",2667711
definition_raw_markup,oxyl,noun,(chemistry|obsolete) An acid anhydride,(化学，已废弃) 酸酐,2993562
definition_raw_markup,complex-differentiable,adjective,(mathematics|complex analysis|of a function) That is differentiable and satisfies the Cauchy-Riemann equations on a subset of the complex plane.,"(数学, 复分析, 函数的) 可微且满足柯西-黎曼方程的复平面上的一个子集。",2682520
definition_raw_markup,padding-ken,noun,(obsolete|UK|slang) A lodging house for tramps.,(已废弃，英国俚语)流浪汉的临时住所。,2994524
definition_raw_markup,eir,determiner,"(rare|nonstandard) Belonging to em,",(罕见，非标准) 属于 em 的。,2747454
definition_raw_markup,essoin,verb,(UK|legal|transitive) To excuse for failure to appear in court.,essoin {（英国，法律，及物动词）为未能出庭而免除责任},2760097
definition_raw_markup,gruds,noun,"(slang|New Zealand) Underpants, underwear.",(New Zealand俚语) 内裤，内衣。,2813212
definition_raw_markup,fae,noun,(medicine|dated) .,(医学，过时)。,2769035
definition_raw_markup,faer,pronoun,(rare|nonstandard),(罕见，非标准),2769041
definition_raw_markup,faer,determiner,(rare|nonstandard),(罕见，非标准),2769042
definition_raw_markup,jaichand,noun,"(India|political|slang|derogatory) One who opposes Hindutva and supports its enemies, a traitor, especially a race traitor.","jaichand: (Ấn Độ, chính trị, từ俚语, 带贬义)反对印度教民族主义并支持其敌人的一个人，叛徒，尤其是种族叛徒。",2868640
definition_raw_markup,evilution,noun,(informal|pejorative|often|_|humorous) Evolutionary theory viewed as something evil.,tâm lý học về ác tính (非正式，贬义，常用于，幽默) 关于邪恶论或邪恶论者的。,2763208
definition_raw_markup,evilutionary,adjective,(informal|pejorative) Relating to evilution or evilutionists.,关于邪恶论或邪恶论者的 (非正式，贬义),2763209
definition_raw_markup,jerrybag,noun,(slang|historical) A woman who consorted with the Germans during the Second World War.,(俚语，历史)二战期间与德国人交往的女人。,2870089
definition_raw_markup,ambivorous,adjective,(mostly|_|biology) That feeds on a variety of foods of different kinds.,(主要是，生物学) 以多种不同种类的食物为食的。,2579340
definition_raw_markup,arselong,adverb,(UK|_|dialectal) Backwards; on one's arse.,"(英国, _, 方言) 向后；在屁股上.",2597297
definition_raw_markup,arsemunch,noun,(UK|Irish|Commonwealth|sometimes|vulgar|humorous|slang) .,"(英国, 爱尔兰, 英联邦, 有时, 俚俗, 嘲笑的) .",2597298
definition_raw_markup,baenopod,noun,(zoology|archaic|rare) One of the thoracic legs of arthropods.,(动物学，古语，罕见的) 节肢动物的胸部腿之一,2609211
definition_raw_markup,panchromatize,verb,(transitive|photography) To cover with a panchromatic coating.,"(truyền động,摄影) 覆盖上一种全色涂层。",2997252
definition_raw_markup,black-jack,noun,(obsolete|circa 1700s) A native African longshoreman or sailor working on a boat.,black-jack (độc thoại): (过时的，大约1700年代)一种非洲土著长码头工人或船员。,2627673
definition_raw_markup,bodge,adjective,"(slang|Northern Ireland) Insane, off the rails.","bodge (nghĩa bóng, Bắc愛尔兰): Điên rồ, mất kiểm soát.",2631890
definition_raw_markup,gloatation,noun,(rare|informal|slang|non-standard) Gloating,"(罕见的, 非正式的,俚语,非标准的) 嘲笑。",2804081
definition_raw_markup,columbus,verb,"(derogatory|slang|US) To appropriate; to lay claim to something, especially a discovery, which is perceived as belonging to someone else.","( 贬义, lóng, 美国 ) 侵占；声称某物为自己的发现，尤其是当这种发现被认为属于他人时。",2680313
definition_raw_markup,leprosity,noun,(medicine|now|_|rare) in its various senses.,Leprosity: (医学，现在，罕见) 在各种含义中的状态。,2889267
definition_raw_markup,leprosity,noun,"(alchemy|of|_|metals) The supposed impurity or impurities of various metals, understood as causing their deviation from gold.",Leprosity: (炼金术，关于，金属) 各种金属的假定杂质或杂质，被认为导致它们偏离黄金。,2889268
definition_raw_markup,leprosity,noun,(biology|of|_|plants|now|_|rare) .,Leprosity: (生物学，关于，植物) 。,2889269
definition_raw_markup,neato,interjection,(colloquial|slang) Neat (in the sense of being excellent or desirable).,"(thông tục,俚语) Neato (意思很棒或很好)",2949647
definition_raw_markup,oscillometry,noun,(physics|medicine) The measurement of oscillations,cách đo động dao,2984830
definition_raw_markup,racketbusting,noun,"(chiefly|US|informal) The work of a racketbuster, breaking up criminal rackets.",(美国口语，非正式)一个人，尤其是执法人员，打破犯罪团伙的工作。,3061498
definition_raw_markup,red-eye,verb,(intransitive|aviation|travel|colloquial) Often followed by ': to travel on a .,"Red-eye (không có dịch, giữ nguyên): (giao thông hàng không, du lịch,俚语) 经常跟随由: 行为",3069447
definition_raw_markup,bedrink,verb,(ambitransitive|archaic) To drink in; drink up; drink to the fullest,(古语，双向) 饮尽；喝光；喝到最满。,2616791
definition_raw_markup,beldamship,noun,(obsolete|rare),beldamship - (过时的，罕见的),2618029
definition_raw_markup,beleave,verb,"(obsolete|transitive) To leave behind, abandon.",beleave - (古典，及物) 留下；抛弃,2618043
definition_raw_markup,doucheness,noun,(North America|derogatory|slang) stupidity; jackassery,(北美，贬义，俚语) 愚蠢；混蛋,2735784
definition_raw_markup,ecranche,noun,"(historical|uncommon) A type of shield, used in jousting, which had an indentation or notch to hold the lance.",(历史上，不常见)一种用于比武的盾牌，有一个凹槽或缺口来握住长矛。,2745282
definition_raw_markup,elix,verb,(obsolete|transitive) To draw out or extract.,(过时的及传递) 抽出或提取。,2749631
definition_raw_markup,flannie,noun,(Australia|slang) A button-down collared shirt made of flannelette.,"(Úc, lóng)一件用法兰绒制成的带翻领的衬衫。",2779358
definition_raw_markup,fuckfest,noun,"(vulgar|slang|countable) An orgy, an act of group sex.","(th�言粗俗俚语, 计数可数) 狂欢派对，集体性行为。",2791858
definition_raw_markup,metroisation,noun,(rail|British spelling) The process of converting a railway to a metro-style service.,(铁路，英国拼写) 将铁路转换为地铁服务的过程,2920782
definition_raw_markup,mlem,noun,"(Internet slang|of an animal) The act or sound of extending the tongue to lick something, especially one's own nose, without opening the mouth fully.",mlem (mi-leem): (互联网俚语，动物) 舔东西的动作或声音，尤其是舔自己的鼻子，而没有张开嘴巴。,2931344
definition_raw_markup,namaz,noun,(Islam|South Asia) .,"namaz (伊斯兰教, 南亚) 礼拜",2946628
definition_raw_markup,necropost,verb,(Internet|slang|transitive|intransitive) To post to a long-inactive discussion thread on a forum.,"(互联网, 花言巧语, 可传递, 不可传递) 在长期不活跃的讨论线程上发帖",2950026
definition_raw_markup,pinfall,noun,(wrestling|countable) A victorious maneuver in which both of an opponent's shoulders are held against the mat for a prescribed period of time.,Pinfall (trong摔跤，指对手的肩膀在规定时间内被压在垫子上的一种胜利动作),3020394
definition_raw_markup,parkie,noun,(AU|NZ|colloquial) An Aboriginal who sleeps rough in parks.,"(AU, NZ, 口语) 在公园里睡在外面的土著人。",3001328
definition_raw_markup,parkie,noun,(UK|Irish|slang) A parking or traffic warden.,"(UK, 爱尔兰, 俚语) 停车或交通管理员。",3001329
definition_raw_markup,parkie,noun,(informal|medicine) A person with .,"(informal, medicine) 患有...的人。",3001331
definition_raw_markup,parkinson's,noun,(informal|neurology|disease) .,"(神经学, 疾病) 帕金森病。",3001337
definition_raw_markup,parkinsonian,adjective,"(neurology|disease) Relating to, or appearing to be caused by, Parkinson's syndrome.","(神经学, 疾病) 与帕金森综合征有关的。",3001338
definition_raw_markup,parœmial,adjective,(obsolete|rare) Proverbial.,"(罕见, 过时) 谚语的。",3001536
definition_raw_markup,chrizzo,noun,(derogatory|slang) A Christian.,"chrizzo: (bất kính,俚语) Kitô hữu.",2667941
definition_raw_markup,gobi,noun,(India|cooking) cauliflower,cauliflower (印度烹饪),2806453
definition_raw_markup,guelph,noun,"(historical|politics) In the politics of medieval Italian city states, any member of a faction that supported the Pope in a long struggle against the Ghibellines and the Holy Roman Emperor.","(lịch sử, chính trị) Trong chính trị của các thành phố Ý thời trung cổ, bất kỳ thành viên nào của phe ủng hộ Giáo hoàng trong cuộc đấu tranh kéo dài với Ghibellines và Đế quốc La Mã Thần聖.",2813921
definition_raw_markup,croweater,noun,(Australia|slang) A person from South Australia.,người từ Nam Úc (俚语),2699472
definition_raw_markup,cycloalkylcarboxylic,noun,(organic chemistry|especially in combination) Any cycloalkyl derivative of a carboxylic group,"(kim loại hữu cơ, đặc biệt là kết hợp) Bất饱和环烷基衍生物的羧酸基团。",2705226
definition_raw_markup,hotsy-totsy,adjective,"(slang|usually|_|pejorative) Fancy, sophisticated.",(俚语，通常，贬义)时髦的，精明的。,2836384
definition_raw_markup,hypergolic,adjective,"(chemistry|aeronautics|of a reactant, fuel, or propellant) Igniting spontaneously upon contact with an oxidizer.",(化学，航空，反应物，燃料或推进剂)与氧化剂接触时自发点燃。,2841757
definition_raw_markup,autotypy,noun,(dated|photography) An early photographic process that produced autotypes using a carbon pigment.,"(cũ,摄影学)一种早期的摄影过程，使用碳色素产生自拍照片。",2605310
definition_raw_markup,foley,noun,(medicine|colloquial) A Foley catheter.,(医学，口语)福尔利导管。,2783844
definition_raw_markup,half-boiled,adjective,(Malaysia|Singapore|of a boiled egg) cooked to a soft consistency with the yolk still runny; soft-boiled,"半煮熟的 (马来西亚, 新加坡, 煮鸡蛋) 半熟状态，蛋黄仍然流动；软煮",2817411
definition_raw_markup,machoflops,noun,"(computing|slang) A deceptively inflated measure of the speed of a computer, as used in marketing materials.","(công nghệ máy tính,俚语) 一种误导性的夸大了计算机速度的度量标准，常用于营销材料中。",2902201
definition_raw_markup,metho,noun,(Australia|colloquial) Methylated spirits.,(澳大利亚，口语) 甲基化酒精,2920187
definition_raw_markup,pdf,noun,(Internet|euphemism) .,"PDF (互联网, 暗语)",3004867
definition_raw_markup,obfuscated,adjective,(archaic|slang) Drunk.,vi: (古雅的，俚语) 醉酒的。,2974290
definition_raw_markup,ortho,noun,(countable|linguistics) .,"(đếm được,语言学)",2984109
definition_raw_markup,clogwheel,noun,(obsolete|Yorkshire) A solid cartwheel (rather than one with spokes),"(过时,约克郡) 没有辐条的实心车轮。",2674096
definition_raw_markup,compatibilize,verb,(transitive|US|informal|computer science) To make compatible.,使兼容 (动词),2682141
definition_raw_markup,crackleberry,noun,"(US|dialectal) The , , native to eastern North America, or the fruit of this shrub",(美国，方言) 东部北美原产的一种灌木，或这种灌木的果实。,2695573
definition_raw_markup,dimmock,noun,(UK|slang) A foolish person; a dimwit.,"(Anh,俚语) 一个愚蠢的人；一个笨蛋。",2725691
definition_raw_markup,diselenium,noun,(chemistry|especially in combination) Two selenium atoms in a compound,"(kim loại, đặc biệt là trong kết hợp) Hai nguyên tử硒每两个硒原子组成的化合物",2728521
definition_raw_markup,ditungsten,noun,(chemistry|especially in combination) Two tungsten atoms in a compound.,(化学，特别是在组合中) 两种钨原子在化合物中的存在形式。,2731517
definition_raw_markup,sangley,noun,(Philippines|historical) A person of pure ethnic Chinese ancestry,sangley (菲律宾语): (历史上的) 纯粹的中国血统的人,3094471
definition_raw_markup,sango,noun,(dated|Australia|informal|colloquial) A sandwich.,sango (澳大利亚英语): (过时的) 三明治,3094474
definition_raw_markup,sangoma,noun,"(South Africa|and|other parts of Southern Africa) A (usually female) traditional healer or herbalist, or witch doctor.",sangoma (南非英语): (南非和其他南部非洲地区) 传统治疗师或草药医生，或巫医,3094476
definition_raw_markup,sangry,adjective,(slang|rare|nonce) Both sad and angry.,sangry (俚语，罕见，临时词): 既悲伤又生气的,3094481
definition_raw_markup,abear,verb,(transitive|reflexive|obsolete) To behave; to comport oneself.,＊: Sao (cũng hoặc ). (tiếng Việt: ＊: Sao (cũng hoặc ).),2561780
definition_raw_markup,adeno,noun,(medicine|informal) .,"(y học, phi-formal) 腺体。",2568221
definition_raw_markup,adeno,noun,(disease|informal) .,"(bệnh, phi-formal) 腺体相关疾病。",2568222
definition_raw_markup,pfaff,verb,(British|slang) .,"pfaff: (Anh,俚语): .",3012495
definition_raw_markup,alltud,noun,(Wales|historical) A foreigner.,(威尔士，历史) 外国人。,2577526
definition_raw_markup,amphibicide,noun,(chiefly|humorous) The killing of an amphibian.,作为两栖杀虫剂起作用的。,2580807
definition_raw_markup,anc,noun,(South Africa|marriage) .,"(南非, 婚姻) .",2582384
definition_raw_markup,antifa,noun,(slang|informal|politics) A member of an anti-fascist group.,"antifa (từ俚语, 非正式): 成员反法西斯团体。",2587928
definition_raw_markup,apophlegmatic,adjective,(medicine|obsolete) Designed to facilitate discharges of phlegm or mucus from the mouth or nostrils.,(医学，过时的) 促进从口腔或鼻孔排出粘液或粘液的,2592669
definition_raw_markup,apophlegmatic,noun,(medicine|obsolete) Any apophlegmatic medicine.,(医学，过时的) 任何促进从口腔或鼻孔排出粘液或粘液的药物,2592670
definition_raw_markup,apophyllite,noun,(mineral) Any of several forms of a pale pink or green mineral being a mixed fluoride and silicate of potassium and calcium. thumb|Calcite on apophyllite,(矿物学) 一种浅粉或绿色的矿物，是一种钾和钙的混合氟化物和硅酸盐。thumb，Calcite on apophyllite,2592678
definition_raw_markup,appaumé,adjective,(heraldry|of a hand) Open and extended so as to show the palm with thumb and fingers at full length.,(纹章学，关于手) 张开并伸展，以便显示手掌，拇指和手指完全展开.,2593028
definition_raw_markup,arseface,noun,(UK|Ireland|Commonwealth|vulgar|slang|derogatory|or|offensive) An ugly person.,"(英国, 爱尔兰, 英联邦, 俚俗, 贬义, 或, 有冒犯性的) 丑陋的人.",2597276
definition_raw_markup,arsehat,noun,(UK|Ireland|Commonwealth|sometimes|vulgar|often|humorous|slang) .,"(英国, 爱尔兰, 英联邦, 有时, 俚俗, 常见于幽默, 俚语) .",2597281
definition_raw_markup,arseling,adverb,(UK|_|dialectal|especially|Scotland|and|East Anglia) .,"(英国, _, 方言, 尤其是, 苏格兰, 和, 东英格兰) .",2597295
definition_raw_markup,arseload,noun,(slang|vulgar|rare) a large amount.,"(俚语, 俚俗, 很少) 一大笔.",2597296
definition_raw_markup,phonogenic,adjective,"(dated|of a musical artist or sound) Suited to audio recording, particularly to being on a phonograph record","phônogenic (tiếng Anh cổ, về một nghệ sĩ âm nhạc hoặc âm thanh) phù hợp để ghi âm, đặc biệt là để được ghi vào đĩa唱片机记录",3014727
definition_raw_markup,ass-licking,noun,(US|vulgar|slang) .,"licking ass (Mỹ, tục ngữ,俚语)",2599514
definition_raw_markup,ass-rape,noun,(North America|slang|vulgar) The act of forcing anal sex upon another person.,"act of forcing anal sex upon another person (Nam Mỹ,俚语)",2599516
definition_raw_markup,ass-rape,verb,(North America|slang|vulgar) To force anal sex upon another person.,"to force anal sex upon another person (Nam Mỹ,俚语)",2599517
definition_raw_markup,ass-rape,verb,(North America|slang|vulgar) To dominate in a contest.,"to dominate in a contest (Nam Mỹ,俚语)",2599518
definition_raw_markup,assache,noun,(humorous|uncommon) .,"humorous, uncommon (幽默，不常见)",2599522
definition_raw_markup,assed,adjective,(US|slang|vulgar) bothered; willing to make an effort.,"bothered; willing to make an effort (Mỹ,俚语)",2599627
definition_raw_markup,asspat,noun,(North America|slang|derogatory|mostly in plural) Undeserved sympathy or approval.,"(北美,俚语,贬义,主要用于复数) 不幸中招或赞同。",2600114
definition_raw_markup,backshunt,noun,(rail|UK) A section of railway track which gives access to a siding (or another section of railway line) only by reversing direction; also a train movement which uses such track.,"(tàu điện, Anh)一段铁路轨道，它只允许通过倒车进入侧线（或另一段铁路线路）；也指使用此类轨道的列车移动。",2608471
definition_raw_markup,ballgown,verb,(intransitive|UK|live action|_|RPG) To roleplay romance as part of a roleplaying game.,"ballgown (verb): (không chuyển động, UK, sống động, _, RPG) Để đóng vai tình yêu là phần của trò chơi giả tưởng。",2610395
definition_raw_markup,beartrap,noun,"(aviation|nautical) A device that traps a probe on a rotorcraft, securing it to the helicopter deck of a vessel.","(không gian hàng không, thủy thủ) Một thiết bị dùng để giữ một bộ phận trên một trực thăng, đảm bảo nó được gắn vào甲板 of a船舶.",2615876
definition_raw_markup,bebathe,verb,(transitive|archaic|or|obsolete) To bathe all over; bathe completely; suffuse.,"(thông dịch, cổ điển,或，过时) 全身沐浴；完全浸湿。",2616224
definition_raw_markup,biophor,noun,(obsolete|genetics) A supposed supramolecular unit of heredity,(已废弃，遗传学) 假设的超分子遗传单位。,2625126
definition_raw_markup,bitch-ass,noun,(AAVE|slang|pejorative) A contemptible person.,"(AAVE, thông tục, pejorative)可鄙的人。",2626979
definition_raw_markup,bitch-slap,verb,"(slang|vulgar|transitive) To slap someone powerfully in the face, meant to assert dominance or control over the receiver; to deliver a bitch slap to.","(通, 恶俗, 转身)强有力地掴某人一巴掌，意在向接收者展示支配权或控制力；给某人一个巴掌。",2626982
definition_raw_markup,calypter,noun,"(biology|entomology) Either of two rounded lobes at the posterior base of the wing in many true flies.Kirk-Spriggs, A.H. & Sinclair, B.J., eds, Manual of Afrotropical Diptera. Volume 1. Introductory chapters and keys to Diptera families. Suricata 4. South African National Biodiversity Institute, Pretoria; p. 112. [https://www.nhm.ac.uk/our-science/research/projects/manual-afrotropical-diptera.html Available online]","(sinh học, entomology) Hai lobe ở đáy sau của cánh trong nhiều muỗi thực sự。",2649192
definition_raw_markup,picar,noun,(India|obsolete) A retail dealer; an intermediate dealer or broker.,"(Ấn Độ, đã bị bỏ弃用，恢复为：",3018219
definition_raw_markup,chinky,noun,(UK|slang|offensive) A meal of Chinese food.,"(Anh,俚语,冒犯性) 中餐的一顿饭。",2665255
definition_raw_markup,chinky,noun,(slang|offensive) A Chinese person.,"(俚语,冒犯性) 一个中国人。",2665256
definition_raw_markup,chinky,noun,(slang|offensive) An East Asian person.,"(印度,俚语,冒犯性) 来自东北印度的人。",2665257
definition_raw_markup,chirper,noun,(obsolete|slang) A chirping cup; an alcoholic drink.,"(过时的,俚语) 一种鸟鸣杯；一种酒精饮料。",2665623
definition_raw_markup,systasis,noun,(obsolete|rare) A union or confederation.,martial art俄罗斯的，首次出现在1990年代，涉及各种战斗风格，包括徒手格斗、摔跤、刀术和枪械（具体元素通常由个别学校决定）。,3165453
definition_raw_markup,clubbie,noun,(US|baseball|informal) A clubhouse manager.,"(美,棒球,非正式) 俱乐部休息室管理员。",2674950
definition_raw_markup,clubbie,noun,(US|baseball|informal) A clubhouse attendant.,"(美,棒球,非正式) 俱乐部休息室服务员。",2674951
definition_raw_markup,cockblocker,noun,"(slang|vulgar) One who cockblocks; one who impedes the sexual advances of another, usually a man.","cockblocker (thông tục,俚俗) một người gây cản trở tình dục của người khác.",2676884
definition_raw_markup,cockblocking,noun,(slang|vulgar) The act or attempt of impeding another's intended goal of a romantic relationship or sexual intercourse.,"cockblocking (thông tục,俚俗) sự hành động hoặc cố gắng gây cản trở mục tiêu tình cảm của một mối quan hệ tình yêu hoặc giao hợp tình dục.",2676886
definition_raw_markup,cockbrain,noun,(slang|vulgar|humorous) A stupid person.,"cockbrain (thông tục,俚俗, hài hước) một người ngốc.",2676888
definition_raw_markup,cockbulge,noun,"(vulgar|slang) The bulge (in pants or under a blanket, etc.) created by a penis.","cockbulge (thông tục,俚俗) sự phồng lên (trong quần áo hoặc dưới chăn, v.v.) do dương vật tạo ra.",2676891
definition_raw_markup,cofree,adjective,(category theory|of a functor F) Right adjoint to a forgetful functor G; such that any map f : G(A) \to X induces a universal map \bar f : A \to F(X).,"(lý thuyết范畴学, về một functor F) Phải adjoint phải của một functor quên G; như vậy bất kỳ hàm f : G(A) \to X xác định một bản đồ phổ quát \bar f : A \to F(X) có tính chất toàn cầu.",2678117
definition_raw_markup,cofree,adjective,(category theory|of an object) Belonging to the image of some cofree functor.,"(lý thuyết范畴学, về một đối tượng) Thuộc hình ảnh của một functor tự do cofree.",2678118
definition_raw_markup,corpos,noun,(informal|derogatory),"(非正式, 贬义)",2691042
definition_raw_markup,expensiver,adjective,(nonstandard|humorous),"(không chuẩn, vui nhộn)",2765656
definition_raw_markup,counterpin,noun,(informal|US|chiefly|Southern US|and|Southern Midland US) A bedspread.,"(非正式, 美国, 主要, 南部美国, 和, 南部中部美国) 床单。",2693589
definition_raw_markup,pippie,noun,(childish|colloquial) The penis.,"(幼稚,口语) 阴茎。",3021170
definition_raw_markup,crudeform,noun,(grammar|rare) .,". (语法, 过时)",2699726
definition_raw_markup,cs,noun,(nautical|telecommunications) .,". (航海, 电信)",2701152
definition_raw_markup,cs,noun,(nautical|telecommunications) .,". (航海, 电信)",2701153
definition_raw_markup,csa,noun,(algebra|Lie theory) .,"CSA (代数, 李理论)",2701158
definition_raw_markup,csa,noun,(algebra|ring theory) .,"CSA (代数, 环论)",2701159
definition_raw_markup,cumwad,noun,"(slang|vulgar) An amount of semen, especially the amount produced by a man in one ejaculation.",(俚语，粗俗)一次射精产生的精液量。,2702362
definition_raw_markup,cumwad,noun,"(derogatory|slang|vulgar) A stupid or useless person; dickhead, shithead.",(贬义，俚语，粗俗)愚蠢或无用的人；混蛋，王八蛋。,2702363
definition_raw_markup,de-,prefix,(US|AAVE|anthroponymy),"(美国AAVE, 人类学)",2709822
definition_raw_markup,dickbreath,noun,(vulgar|colloquial|derogatory|offensive) A contemptible person; usually used as a disparaging term of address.,"(粗俗,口语,侮辱性,冒犯性的) 一个可鄙的人；通常用作贬义称呼。",2723297
definition_raw_markup,dickbucket,noun,(slang|derogatory|offensive|vulgar),"(俚语,侮辱性,冒犯性的,粗俗)",2723298
definition_raw_markup,dimmock,noun,(slang|obsolete) .,(俚语，过时的) 。,2725692
definition_raw_markup,dimocrat,noun,(US politics|obsolete) .,(美国政治，已废弃的) 。,2725697
definition_raw_markup,dimocrat,noun,(US politics|derogatory) .,(美国政治，贬义) 。,2725698
definition_raw_markup,dimolybdenum,noun,(chemistry|especially in combination) Two molybdenum atoms in a molecule.,(化学，尤其是组合) 分子中的两个钼原子。,2725702
definition_raw_markup,dimoraic,adjective,(linguistics|uncommon) Having two morae.,(语言学，不常见) 有两个音节的。,2725703
definition_raw_markup,dittohead,noun,"(US|slang|dated) A devotee of Rush Limbaugh, his radio program, or his opinions.","(Mỹ,俚语,过时) Rush Limbaugh及其广播节目或其观点的信徒。",2731509
definition_raw_markup,dittohead,noun,"(US|slang|pejorative) Someone who mindlessly agrees with an idea, especially one who agrees only as a supporter of the person who expressed it.","(Mỹ,俚语,贬义) 没有思考地同意一个想法的人，特别是那些仅仅作为表达该想法的人的支持者同意的人。",2731510
definition_raw_markup,diulose,noun,(carbohydrate|in combination) diketose,"(糖类, 在组合中) 二酮糖。",2731530
definition_raw_markup,doink,verb,(informal|intransitive) To bounce after a collision.,"(非正式,及物动词)碰撞后反弹。",2733505
definition_raw_markup,douchelord,noun,(humorous|vulgar|slang) An objectionable person.,(幽默，粗俗，俚语) 不招人喜欢的人,2735783
definition_raw_markup,douchery,noun,"(US|slang|vulgar|humorous) Behaviour that is rude, obnoxious, ignorant, or foolish.",(美，俚语，粗俗，幽默) 粗鲁、讨厌或愚蠢的行为,2735786
definition_raw_markup,douchetuber,noun,"(North America|Internet slang|vulgar|often|humorous|now|ironic) A YouTuber who is arrogant, rude or obnoxious; a douchebag, especially one who flaunts their wealth, carries out pranks in poor taste, or engages in fraudulent activities.",(北美，互联网俚语，粗俗，常带幽默感，现在带有讽刺意味) 傲慢、粗鲁或讨厌的人，尤其是那些炫耀财富、进行品味低劣的恶作剧或从事欺诈活动的人,2735788
definition_raw_markup,douchewaffle,noun,(vulgar|slang|humorous) An obnoxious or contemptible person.,(粗俗，俚语，幽默) 令人讨厌或可鄙的人,2735790
definition_raw_markup,dumbassdom,noun,(rare|slang|vulgar) The or of being a dumbass.,"Dụmbăssđôm: (khan hiếm, từ vựng俚语, 藐视) 的状态或条件，指作为一个傻瓜。",2740674
definition_raw_markup,dumbasshood,noun,(rare|slang|vulgar) The or of being a dumbass.,"Dụmbăsshood: (khan hiếm, từ vựng俚语, 藐视) 的状态或条件，指作为一个傻瓜。",2740678
definition_raw_markup,dumbassness,noun,"(vulgar|informal|North America) The state, quality, or condition of a dumbass.","Dụmbăssness: (恶毒, 非正式, 北美) 傻瓜的状态、品质或条件。",2740681
definition_raw_markup,ebonify,verb,"(slang|AAVE|transitive) To render one's speech, mannerisms, or mentality, similar to the African-American manner, sometimes a ghetto one.",(俚语，AAVE，及物动词) 使某人的口音、举止或心态变得类似非洲裔美国人的风格，有时是贫民区风格。,2744133
definition_raw_markup,echopraxia,noun,(psychology|pathology|psychopathology) The involuntary repetition or imitation of the observed movements of another.,"(心理学, 病理学, 精神病理学) 自动重复或模仿另一人动作的情况。",2744608
definition_raw_markup,eir,noun,"(US|legal) : a report issued by the U.S. Food and Drug Administration following the inspection of a facility where goods under the authority of the agency are manufactured, held, or sold.",(美国，法律) ：美国食品药品监督管理局在检查设施后发布的报告，该设施制造、储存或销售受该机构管辖的商品。,2747453
definition_raw_markup,eirean,adjective,"(British|obsolete|deprecated) of the state called Eire or the Republic of Ireland, as distinct from the island of Ireland",(英国，过时，贬义) 关于爱尔兰共和国或爱尔兰共和国的，与爱尔兰岛上的爱尔兰共和国不同。,2747455
definition_raw_markup,eireann,adjective,(British|politics|obsolete|deprecated) .,(英国，政治，过时，贬义) 。,2747457
definition_raw_markup,eireboo,noun,(slang|often|_|derogatory) A non-Irish person who is obsessed with Ireland and Irish culture.,(俚语，通常，___，侮辱性) 对爱尔兰和爱尔兰文化痴迷的非爱尔兰人。,2747458
definition_raw_markup,eirish,adjective,"(dated|proscribed) of the state called Eire or the Republic of Ireland, as distinct from the island of Ireland",(过时，禁止使用的) 关于爱尔兰共和国或爱尔兰共和国的，与爱尔兰岛上的爱尔兰共和国不同。,2747460
definition_raw_markup,elven,noun,"(Kent|Sussex|Warwickshire|Worcestershire) An elm (a tree of the genus , particularly the wych elm or Scots elm ())).",(肯特，萨塞克斯，沃里克郡，伍斯特郡)一种榆树（属的一种树，特别是榆木榆树或苏格兰榆树()),2750022
definition_raw_markup,epiderm,noun,(anatomy|zoology|botany) The epidermis.,"(thần kinh học, sinh thái học, thực vật học) Da ngoài。",2756605
definition_raw_markup,essoin,noun,(UK|law|obsolete) An excuse for not appearing in court at the return of process; the allegation of an excuse to the court.,essoin {（英国，法律，名词，已废弃）不出庭的借口；向法庭提出的借口声明},2760098
definition_raw_markup,eustasy,noun,"(geology|oceanography) A worldwide change in sea level, especially one caused by melting ice or tectonic activity.",(地质学，海洋学) 全球海平面的变化，特别是由于冰川融化或构造活动引起的变化。,2762372
definition_raw_markup,evilology,noun,(rare|humorous) The study of evil.,tâm lý học về ác tính (罕见，幽默) 关于邪恶的研究。,2763204
definition_raw_markup,extramedullary,adjective,"(anatomy|medicine) Outside of the medulla oblongata, as with extramedullary influences on control of ventilation.",trừ xương髓内地,2767135
definition_raw_markup,eye-talian,noun,"(chiefly|US|slang|pronunciation spelling|derogatory) An Italian, usually an Italian American.","(chủ yếu, Mỹ,俚语,发音拼写,贬义)一个意大利人，通常是意大利裔美国人。",2767838
definition_raw_markup,feeze,verb,(figurative|by extension) To insinuate.,"(比喻, 拓展意义) 嚣张；暗示",2772941
definition_raw_markup,flanno,noun,(AU|informal|often|attributive) A flannelette shirt.,"(ÚC, phiếm từ, thường, thuộc tính)一件宽松的衬衫",2779360
definition_raw_markup,forty-ninth parallel,noun,"(Canada|US) A nickname for the approximately 1200-mile (1900-kilometer) portion of the border between Canada and the USA, extending along the forty-ninth parallel of latitude from Lake of the Woods to the Pacific Ocean.","forty-ninth parallel: (Canada, Hoa Kỳ) Tên gọi cho khoảng 1200 dặm (1900 km) của biên giới giữa Canada và Hoa Kỳ, kéo dài theo đường緯度线49° từ Vịnh Woods đến Biển Thái Bình Dương.",2787292
definition_raw_markup,fourtino,noun,"(informal|astronomy) Any astronomical object, on the edge of the Kuiper Belt, whose orbit has a 1:4 resonance with the planet Neptune.","(thông tin, thiên văn học) bất kỳ đối tượng thiên văn nào, nằm ở mép của Vành đai Kuiper, có quỹ đạo có tỷ số共振的天体。",2787978
definition_raw_markup,fromward,adjective,(now|_|dialect|Southern English|Midlands|West Country) Leaning or listing away from; distant from; on the right-hand side; on the opposite side.,"fromward (现在，_, 方言，南部英语，中部地区，西乡) 向远离的方向倾斜或倾斜；远离的；在相反的一侧。",2790776
definition_raw_markup,fuckfest,noun,(vulgar|slang|countable) Multiple acts of sex with a single partner over a period of several hours.,"(粗言秽语俚语, 计数可数) 多次性行为，与单一伴侣在数小时内进行的性行为。",2791859
definition_raw_markup,fuckfest,noun,"(vulgar|slang|countable) An imbroglio, a disaster.","(thô lỗ,俚语,可数名词) một vụ bê bối, một thảm họa.",2791860
definition_raw_markup,fuckhead,noun,(vulgar|derogatory|offensive) A stupid or otherwise undesirable person.,"(thô lỗ,轻蔑的,侮辱性的,不可数名词) một người ngu ngốc hoặc không đáng giá.",2791862
definition_raw_markup,gamma-butyrolactone,noun,"(chemistry|pharmacology) The lactone of 4-hydroxybutyric acid; A colourless liquid used as a solvent or reagent in various industrial uses, as well as a recreational drug.","gamma-butyrolactone (kim loại, dược lý) Lactone của axit butyric 4-hydroxy; một chất lỏng无色透明的液体，用于各种工业用途，以及作为娱乐药物。",2795975
definition_raw_markup,gamma-hydroxybutyric acid,noun,(carboxylic acid|neurotransmitter|pharmaceutical drug) A naturally-occurring biochemical of uncertain function; sometimes used as a recreational drug.,gamma-hydroxybutyric acid (酸类，神经递质，制药药物) 一种天然存在的生物化学物质，其功能尚不确定；有时用作娱乐药物。,2795979
definition_raw_markup,ponify,verb,(transitive|internet slang) to turn an existing character into a My Little Pony-style cartoon equine.,"ponify (động từ): (truyền cảm trực tiếp, mạng xã hội) chuyển đổi một nhân vật hiện có thành một con ngựa Pony My Little của My Little Pony-style卡通马匹。",3030986
definition_raw_markup,sart,noun,"(UK|obsolete) An assart, or clearing; land cleared for agriculture.","Sart: (Anh, hạn chế sử dụng) Một assart, hoặc khu vực đã được làm sạch cho nông nghiệp；土地开垦或农业用地。",3095456
definition_raw_markup,hammerspace,noun,(humorous|fiction) A notional extradimensional storage space able to contain objects larger than itself.,"(幽默, 小说) 一种假设的超维度存储空间，能够容纳比它本身更大的物体。",2818486
definition_raw_markup,hard-ass,noun,(vulgar|slang) A tough and combative person.,(粗俗，俚语) 一个强硬和好斗的人。,2819964
definition_raw_markup,hard-assed,adjective,(US|slang|sometimes considered|_|vulgar) Of a person: having a very difficult personality; being a perfectionist.,"(美国，俚语，有时被认为是，_, 粗俗) 形容一个人：具有非常难以相处的性格；是一个完美主义者。",2819965
definition_raw_markup,hc,noun,"(organic chemistry|refrigeration) , a class of molecules containing hydrogen and carbon atoms.",hc (有机化学): (制冷) ，一类含有氢和碳原子的分子。,2821841
definition_raw_markup,holy-water sprinkle,noun,"(by extension|weapon|historical) A 16th-century weapon consisting of a heavy ball set with spikes attached rigidly to a staff, used mainly in England; a morning star.",(由延伸，武器，历史) 16世纪的一种武器，主要由一个装有尖刺的重球固定在一根硬棒上组成，主要用于英格兰；早晨之星。,2832844
definition_raw_markup,hott,adjective,(nonstandard|slang) (sexually attractive),(非标准，俚语)性感的,2836386
definition_raw_markup,hotten,verb,(transitive|nonstandard) To make hot,(非标准，动词，传递式)使变热,2836387
definition_raw_markup,hypergolic,adjective,(chemistry|aeronautics|of a reaction) Involving such a hypergolic agent.,(化学，航空，反应)涉及这样的超燃剂。,2841758
definition_raw_markup,ice-cold,noun,(AU|slang) A cold serving of beer.,"(Úc, lóng) Một ly bia lạnh。",2845089
definition_raw_markup,kalar,noun,"(slang|ethnic slur|religious slur|offensive) Burmese people of South Asian origin, especially Bengali, Rohingya, or any South Asian Muslim or Hindus.","(俚语, 种族歧视用语, 宗教用语, 侮辱性) 缅甸的南亚人，特别是孟加拉人、罗兴亚人或任何南亚穆斯林或印度教徒。",2873957
definition_raw_markup,kaleidophone,noun,"(obsolete|physics) A device, consisting of a reflective ball attached to a vibrating rod or plate, that produces optical figures that correspond to the mode of vibration of the rod or plate","(过时, 物理学) 一种装置，由一个反射球附着在振动棒或板上组成，产生与棒或板的振动模式相对应的光学图形。",2873985
definition_raw_markup,keyboardable,adjective,(computing|of|software) Usable with a keyboard as the only input device.,(计算，关于，软件) 可以仅使用键盘作为输入设备使用的,2876501
definition_raw_markup,kinetostatic,adjective,(maths|physics) Relating to a pair of opposing kinematic vectors,(数学，物理) 与一对相反的运动矢量有关的。,2878013
definition_raw_markup,praeanal,adjective,(mostly|dated) .,"(古语,多半已过时) 。",3036487
definition_raw_markup,lint-scraper,noun,(UK|slang|archaic) A young surgeon.,"lint-scraper: (Anh,俚语,已过时) 年轻的外科医生。",2893588
definition_raw_markup,lissencephaly,noun,(anatomy|neurology) The condition of having a smooth appearance on the surface of the brain.,"(hệ thống giải phẫu học, thần kinh học) tình trạng có bề mặt não phẳng。",2894341
definition_raw_markup,loiner,noun,"(British|colloquial|dated) A native of Leeds, England.","(英国, 口语, 方言) 一个狭窄的小巷；死胡同。",2896841
definition_raw_markup,lol,noun,"(US|Commonwealth|Ireland) Loyal Orange Lodge, a prefix given to all branches of the Loyal Orange Order. For example, LOL 1 is Portadown branch.","(美国, 共和国, 爱尔兰) 忠诚橙色联盟，给所有分支的忠诚橙色秩序的前缀。例如，LOL 1 是波塔邓镇分部。",2896891
definition_raw_markup,saturnal,adjective,(Roman mythology|astrology) Of or pertaining to the Ancient Roman god Saturn or to the corresponding planetary entity in astrology.,"của thần Saturn cổ đại (罗马神话,占星术)",3095904
definition_raw_markup,love-in,noun,(by extension|colloquial) A situation characterized by (possibly insincere) friendship and affection.,聚会活动，旨在促进爱和幸福感。,2898658
definition_raw_markup,love-shy,noun,"(very|rare) A person, especially a man, who is ineffectual at courtship.",不擅长追求爱情或获得性交的人。,2898666
definition_raw_markup,loved-up,adjective,(UK|slang) Under the influence of ecstasy (the drug MDMA).,（英国，俚语）受爱洛西特（MDMA毒品）的影响。,2898690
definition_raw_markup,lucule,noun,(astronomy|obsolete) facula bright spot on the sun,(天文学，过时): 额斑：太阳上的明亮斑点。,2899629
definition_raw_markup,lully,noun,(slang|obsolete) A child.,"(俚语,过时) 孩子。",2899893
definition_raw_markup,mandative,adjective,"(grammar|not comparable) Noting the imperative use of the subjunctive, as in ""I insist that he leave immediately"".",指示性的；语态用法中的祈使语气，如“我坚持他立即离开”。,2906939
definition_raw_markup,manther,noun,"(North America|slang) A woman who actively seeks the casual, often sexual, companionship of younger men.","manther (北美,俚语): 寻求与年轻男性进行 casual 性伴侣关系的女人",2908006
definition_raw_markup,marry-muff,noun,(obsolete|slang) nonsense.,(过时，俚语) 胡说八道。,2909645
definition_raw_markup,marsiya,noun,"(Islam|Shia|by extension) a lamentation for one dead, an elegy, a dirge, an epideceum especially the one sung during the Muharram in commemoration of Hasan and Husayn",Marsi玛尔济亚诗,2909733
definition_raw_markup,marsscape,noun,(astronomy|sci-fi) A view of an area of Mars; a Martian landscape.,Marsi火星景观,2909736
definition_raw_markup,middeck,adjective,(aeronautics|spaceflight) In the middle of a deck,middeck (形容词): （航空，航天飞行）位于舱室中间的。,2924586
definition_raw_markup,monolete,adjective,(botany|of a spore) Having a single line indicating the splitting axis.,"(thực vật học, về một孢子)有一条表示分裂轴的单线。",2934601
definition_raw_markup,mooey,adjective,"(nonce word|slang) ""Moo""-like; reminiscent of a cow.","mooey: (俚语, 谐音词) 像“哞”一样的；类似于牛的声音",2936007
definition_raw_markup,moof,interjection,(onomatopoeia|usually|computing|humorous),"moof: (拟声词, 计算机, 滑稽) ",2936008
definition_raw_markup,multigraph,noun,"(historical|printing) A combined rotary typesetting and printing machine for office use. The type is transferred semi-automatically by means of keys from a type-supply drum to a printing drum. The printing may be done by means of an inked ribbon to print ""typewritten"" letters, or directly from inked type or a stereotype plate, as in a printing press.","Multigraph: (lịch sử, in 书印) 一种结合旋转排字和印刷的机器，用于办公室使用。排字通过半自动的方式从一个排字供应鼓转移到一个印刷鼓上。印刷可以通过带有墨迹的带子来完成“打字”的字母，或者直接从墨迹排字或 stereotype 版面，就像在印刷机上一样。",2941209
definition_raw_markup,namazi,noun,(South Asia|Islam) a person regular in salah; one who goes to the mosque,"namazi (南亚, 伊斯兰教) 定期礼拜的人, 清真寺常客",2946629
definition_raw_markup,nash,adjective,(UK|dialect) .,nash (英国方言) ,2948414
definition_raw_markup,necropost,noun,(Internet|slang) A post made to a long-inactive discussion thread on a forum.,"(互联网, 花言巧语) 在长期不活跃的讨论线程上发的帖子",2950027
definition_raw_markup,necroposter,noun,(slang|Internet) A person who necroposts.,"(互联网, 花言巧语) 发帖的人",2950028
definition_raw_markup,lameass,adjective,(North America|slang|derogatory) ; dorky.,"Lameass: (Hoa Kỳ,俚语,贬义)；笨拙的。",2883384
definition_raw_markup,lamehead,noun,(uncommon|slang) A lamer; someone who is lame.,"(không thông dụng,俚语) Một kẻ kém cỏi; người nào đó không thể làm gì.",2883389
definition_raw_markup,prespore,adjective,(biology|of a cell) Destined to become part of the spore of a fruiting body.,"(sinh lý, của một tế bào) Được định trước sẽ trở thành phần của孢子在果实体中的部分。",3041834
definition_raw_markup,olefine,noun,(chemistry|by extension) any of the series of unsaturated hydrocarbons of which ethylene is a type,"(kim loại, mở rộng từ hóa học) bất kỳ trong chuỗi các hợp chất hydrocacbon không飽和的，直接翻译为“不饱和”的，但为了更符合越南语的习惯表达，可以翻译为“không bão hòa”。因此，最终翻译为：“(kim loại, mở rộng từ hóa học) bất kỳ trong chuỗi các hợp chất hydrocacbon không bão hòa。”",2978174
definition_raw_markup,ortho,noun,(countable|photography) .,"(đếm được,摄影学)",2984110
definition_raw_markup,ortho,noun,(uncountable|medicine) .,"(không đếm được,医学)",2984111
definition_raw_markup,padawan,noun,(by extension|humorous) Any apprentice or student.,(幽默地扩展)任何学徒或学生。,2994509
definition_raw_markup,pairle,noun,(heraldiccharge|uncommon) A pall.,"(纹章学, 不常见) 一条横贯盾形章的带子。",2995211
definition_raw_markup,pais,noun,"(obsolete|legal|in set phrases as mentioned below) The country (ie: the jury); also, the people living in the district from where the jury is taken.","(过时, 法律, 在以下提到的短语中) 该地区的人；也指从该地区选出陪审团的人。",2995215
definition_raw_markup,paradigmatize,verb,(obsolete|transitive) To set forth as a model or example.,(过时，及物动词)作为模型或例子提出。,2999305
definition_raw_markup,parkinsonise,verb,"(medicine|usually in the past participle) To cause (a person or animal) to exhibit signs and symptoms of Parkinsonism, especially as an extrapyramidal side effect from antipsychotic medications.","(医学, 通常在过去分词形式) 使（一个人或动物）表现出帕金森症的症状和症状，尤其是由于抗精神病药物的外锥旁副作用。",3001341
definition_raw_markup,pencel,noun,(rare|obsolete) A knight carrying a pennon.,Pencel (罕见，过时): 骑士携带飘扬旗子。,3006956
definition_raw_markup,phagism,noun,(psychology|rare) A desire to eat that is not based on nutritional need.,"phagism: (心理学,罕见): 对食物的渴望，不是基于营养需求。",3012700
definition_raw_markup,pisscutter,noun,(US|military|slang|vulgar) A side cap.,"(美国,军方,俚语,粗俗) 侧帽。",3021528
definition_raw_markup,pissdale,noun,(now|chiefly|historical) A urinal basin or trough (usually metal) on a ship.,"(现在,主要,历史) 船上的尿盆或槽（通常为金属制）。",3021529
definition_raw_markup,pissedness,noun,(UK|Australia|New Zealand|South Africa|Canada|colloquial) Drunkenness.,"(英国,澳大利亚,新西兰,南非,加拿大,口语) 酗酒状态。",3021532
definition_raw_markup,sawbuck,noun,(US|slang) A ten-dollar bill.,"sawbuck (tiếng Mỹ,俚语): 十美元的钞票",3096464
definition_raw_markup,pnigalion,noun,(archaic|medicine) sleep paralysis; nightmare,"(thông史的, 医学) 睡眠瘫痪；噩梦",3026439
definition_raw_markup,pocilliform,adjective,(biology|rare) In the shape of a small cup.,"(生物学,罕见) 形状像一个小杯子的。",3026555
definition_raw_markup,pock-fretten,adjective,(now|rare) Marked with pustule scars; pockmarked.,"(现在,罕见) 布满脓疱疤痕的；痘疤累累的。",3026561
definition_raw_markup,pock-pudding,noun,(derogatory|Scotland|archaic) An English person.,"(苏格兰,古时,贬义) 英国人。",3026563
definition_raw_markup,pozphobia,noun,(psychology|informal) The fear of or prejudice towards HIV positive people.,"(心理学,非正式) 对HIV阳性人士的恐惧或偏见。",3036247
definition_raw_markup,pozzed,adjective,"(slang|pejorative) Culturally or ethnically diverse, or left-leaning and adhering to excessive political correctness.","(俚语,贬义) 文化或种族多样性，或左倾并过度坚持政治正确性。",3036250
definition_raw_markup,prae-,prefix,"(archaic|technical,|or|pedantic) .","(古语,技术用语,或矫情) 。",3036485
definition_raw_markup,præ-,prefix,(archaic|technical|or pedantic) .,"(古语,技术用语,或矫情) 。",3036486
definition_raw_markup,psychogram,noun,(psychology|dated) A composite psychological measurement that attempts to integrate various interrelated elements of a person's thought processes.,"(心理学, 过时的) 心理综合测量，试图整合一个人思维过程的各种相关元素。",3052000
definition_raw_markup,psychogram,noun,(psychology|dated) A kind of visual diagram of an individual's personality.,"(心理学, 过时的) 个人性格的一种视觉图表。",3052001
definition_raw_markup,puntastic,adjective,(informal|of a pun) Extremely funny.,"puntastic: (thông tin, về một chơi chữ) cực kỳ vui vẻ。",3054421
definition_raw_markup,proto-metallic,adjective,(chemistry|obsolete) Being or relating to a proto-metal.,"Proto-metallic (化学, 过时)与原型金属有关",3048389
definition_raw_markup,racketbuster,noun,"(chiefly|US|informal) A person, especially a law enforcement officer, who breaks up criminal rackets.",(美国口语，非正式)一个人，尤其是执法人员，打破犯罪团伙的人。,3061497
definition_raw_markup,rapid-onset gender dysphoria,noun,(gender critical|pseudoscience) Controversial and scientifically unsupported subset of gender dysphoria claimed to be caused by social influence.,(性别关键，伪科学)争议性和科学上不支持的性别焦虑症亚型，声称是由社会影响引起的。,3064297
definition_raw_markup,selen-,prefix,(productive in mineralogy; no longer productive in|_|chemistry) (containing) selenium,"(th Chargers học; không còn sản xuất trong, _, hóa học) (chứa)硒",3104452
definition_raw_markup,self-regenerating,adjective,(rare|physics|biology) Capable of regenerating itself or oneself.,(罕见) 自我再生能力：能够自我再生或自我恢复的能力,3105369
definition_raw_markup,self-reinforce,verb,(uncommon|intransitive) To reinforce or strengthen itself.,(不常见，进行) 自我增强：自我增强或加强,3105380
definition_raw_markup,semi-acoustic,adjective,"(music|of an electric instrument) Modified with a wholly or partially hollow soundbox, producing a sound similar to but different than a normal acoustic version of the same instrument.",半声学的,3105962
definition_raw_markup,semichorus,noun,"(music|theatre) half a chorus; a passage to be sung by a selected portion of the voices, rather than the full choir. It was popular in Ancient Greek theatre.","(music, theatre) 半合唱 (bàn hé chàng); 一段由一部分声音演唱的合唱曲，而不是全合唱。它在古希腊戏剧中很流行。",3106293
definition_raw_markup,semipermutable,adjective,(group theory|of a subgroup) That commutes with every subgroup whose order is relatively prime to its own.,(群论，关于子群) 半可交换的,3107160
definition_raw_markup,senga,noun,(Scotland|pejorative|slang|offensive) A female ned.,"(Scotland, tục ngữ, chê bai,俚语, 有冒犯性) 一个女Ned。",3107902
definition_raw_markup,realisest,verb,(non-Oxford|_|British spelling) (),"Đã thực hiện (non-Oxford, _,拼写英国)",3066461
definition_raw_markup,realiseth,verb,(non-Oxford|_|British spelling) (),"Đã thực hiện (non-Oxford, _,拼写英国)",3066462
definition_raw_markup,realisedst,verb,(non-Oxford|_|British spelling) (),"Đã thực hiện (non-Oxford, _,拼写英国)",3066460
definition_raw_markup,seroanaphylaxis,noun,"(medicine|uncommon) Anaphylaxis as a result of an injection of a foreign serum, usually conducted under experimental conditions.",Seroanaphylaxis（医学，不常见）由于注射外来血清引起的一种过敏反应，通常在实验条件下进行。,3109275
definition_raw_markup,server-side storage,noun,(computing|networking) The practice of storing data on a web server rather than on the user's device.,(计算、网络) 将数据存储在网页服务器上而不是用户设备上的做法,3109722
definition_raw_markup,serverless,adjective,(computing|literally) Not involving a server; composed only of clients.,(计算、字面意义) 不涉及服务器；仅由客户端组成,3109724
definition_raw_markup,seviyan,noun,(Indian|cooking) An Indian style of wheat vermicelli.,(印度，烹饪) 印度式小麦面线,3110580
definition_raw_markup,sgm,noun,(military|US) .,"(军事, 美国).",3111118
definition_raw_markup,shafted,adjective,"(heraldry|of a spear, axe, dagger, etc) Having a shaft (or handle) of a specified tincture, typically different from the head.",có thanh (giáp) có柄的,3111438
definition_raw_markup,shaftie,noun,(cycling|informal) .,shaftie（自行车）,3111444
definition_raw_markup,shahbagi,noun,"(Bangladesh|politics|slang|derogatory) An ardent left-wing netizen, especially an atheist or Islamophobe","(Bangladesh, chính trị, lóng, mang tính xúc phạm) Một người mạng xã hội tả khuynh nhiệt tình, đặc biệt là无政府主义者 或者 恐伊斯者。",3111537
definition_raw_markup,reloader,noun,(firearms|uncommon) a speed loader.,"(súng火器, hiếm gặp) một tốc độ tải.",3073958
definition_raw_markup,renerve,verb,(archaic|transitive) To nerve again; to reinvigorate or unnumb.,Hồi phục sức mạnh: (过时),3074893
definition_raw_markup,renig,verb,(US|colloquial|dated) To renege.,"Họ lại bỏ cuộc (美国口语, 过去)",3074944
definition_raw_markup,reparent,verb,(transitive|psychology) To subject to early parenting techniques again (such as rocking and feeding) in order to treat an attachment disorder.,(心理学) (新纪元) 在治疗因不良或虐待性抚养而引起的心理障碍时，让治疗师积极扮演新的或代理父母角色的一种形式的心理疗法。,3075399
definition_raw_markup,reparent,verb,(transitive|computing) To change the parent of an object in a data structure.,"(心理学, 新纪元) (transitive) 在数据结构中改变对象的父级。",3075400
definition_raw_markup,reparenting,noun,"(psychology|New Age) A form of psychotherapy in which the therapist actively assumes the role of a new or surrogate parental figure for the client, in order to treat psychological disturbances caused by defective or abusive parenting.","(心理学, 新纪元) (名词) 一种形式的心理疗法，在其中治疗师积极扮演新的或代理父母的角色，以治疗由不良或虐待性抚养引起的心理障碍。",3075401
definition_raw_markup,repeg,verb,(economics|transitive) To peg (a currency) again.,"Lại gắn (经济学, 转换)",3075560
definition_raw_markup,repugnantcan,noun,(US|slang|derogatory) A member or supporter of the Republican Party of the United States.,"repugnantcan (tên riêng): (Hoa Kỳ,俚语,贬义) 美国共和党成员或支持者。",3076646
definition_raw_markup,repugnican,noun,(US politics|slang|derogatory) A member or supporter of the Republican Party of the United States.,"repugnican (tên riêng): (Hoa Kỳ chính trị,俚语,贬义) 美国共和党成员或支持者。",3076652
definition_raw_markup,restructuration,noun,(nonstandard|NNES) Restructuring.,restructuration {名词} : (非标准，外语学习者) 拆解重组。,3078591
definition_raw_markup,retrospectography,noun,(arts|photography|rare) The further appreciation of a photograph or picture which reveals insights into that image which were not recognized or appreciated at the time of original capture.,"(các nghệ,摄影无法直接翻译为Vietnamese，因此这里使用了“摄影”作为占位符。艺术，摄影，罕见) 对一张照片或图片的进一步欣赏，揭示了在原始拍摄时未曾注意到或欣赏到的见解。",3080186
definition_raw_markup,revulsor,noun,(medicine|obsolete) A device for applying heat and cold alternately for medical purposes.,"(y học, đã bị bỏ弃用) Thiết bị dùng để áp dụng nhiệt và lạnh theo thứ tự khác nhau cho mục đích y tế.",3081190
definition_raw_markup,rfb,noun,(countable|computing|telecommunications) .,"(可数,计算,电信) .",3081408
definition_raw_markup,rezzy,noun,(US|slang) .,"(Hoa Kỳ,俚语) .",3081397
definition_raw_markup,rezzy,noun,(US|slang),"(Hoa Kỳ,俚语) .",3081398
definition_raw_markup,rf,noun,(military|engineering|slang) .,"(军事,工程,俚语) .",3081402
definition_raw_markup,rf,noun,(optics|imaging|photography) .,"(光学,成像,摄影) .",3081404
definition_raw_markup,rf,noun,(US|military|aviation) reconnaissance fighter; an unarmed fighter modified for photo-reconnaissance,"(美国,军事,航空) 侦察战斗机；一种改装用于摄影侦察的无武装战斗机。",3081405
definition_raw_markup,rhineurynter,noun,"(medicine|archaic) A dilatable bag, inserted into the nostril and inflated to arrest a profuse nosebleed.","(y học, cổ điển) một túi căng giãn được đặt vào lỗ mũi và nổ气泡被挤破了，里面的液体洒了出来。",3081871
definition_raw_markup,ridgy-didge,adjective,"(Australia|colloquial) Genuine, authentic, true; honest, upright.","(Úc,俚语) 真实的，诚实的",3083259
definition_raw_markup,ridgy-didge,adjective,"(Australia|colloquial) Good, fine.","(Úc,俚语) 好的，优秀的",3083260
definition_raw_markup,rily,adjective,(dated|UK|dialect|_|or|_|US|colloquial) roily; turbulent,"(cũ, Anh, lối nói địa phương, _, hoặc, _, Mỹ, cách nói俚语_, liên quan到)",3083784
definition_vi_equals_en,faschism,noun,(NNSE) .,(NNSE) .,2771128
definition_vi_equals_en,fellatee,noun,One who is fellated.,One who is fellated.,2773114
definition_vi_equals_en,gabbadost,adjective,"hard-headed, stubborn","hard-headed, stubborn",2794331
definition_vi_equals_en,gans,verb,(Geordie),(Geordie),2796386
definition_vi_equals_en,gng,noun,(Internet slang) .,(Internet slang) .,2805928
definition_vi_equals_en,gng,noun,(internet slang) .,(Internet slang) .,2805929
definition_vi_equals_en,gypsid,noun,gypsisol,gypsisol,2815723
definition_vi_equals_en,hollantide,noun,(Manx) Halloween,(Manx) Halloween,2832422
definition_vi_equals_en,holup,verb,(internet slang) .,(internet slang) .,2832833
definition_vi_equals_en,monoousious,adjective,monoousian,monoousian,2934867
definition_vi_equals_en,monosodic,noun,monosodium,Monosodium,2935268
definition_vi_equals_en,pectoriloquous,adjective,pectoriloquial,pectoriloquial,3005549
definition_vi_equals_en,jbt,noun,: .,: .,2869659
definition_vi_equals_en,procetofen,noun,fenofibrate,Fenofibrate,3044669
definition_vi_equals_en,isomorphemic,adjective,Involving the same morphemes.,Involving the same morphemes.,2866688
definition_vi_equals_en,skinwalk,verb,To engage in skinwalking.,To engage in skinwalking.,3121846
definition_vi_equals_en,intrams,noun,(Philippines) .,(Philippines) .,2862437
definition_vi_equals_en,spinoscalid,noun,scalid,Scalid,3136006
definition_vi_equals_en,lumbopelvine,adjective,lumbopelvic,lumbopelvic,2899993
definition_vi_equals_en,tftc,phrase,(geocaching) .,(geocaching) .,3176364
definition_vi_equals_en,tfw,noun,(Canada),(Canada),3176366
definition_vi_equals_en,procyanidin,noun,proanthocyanidin,proanthocyanidin,3044959
definition_vi_equals_en,treflée,adjective,"(heraldry) , .","(heraldry) , .",3193214
definition_vi_equals_en,trypanosomicide,noun,Trypanocide.,Trypanocide.,3198578
definition_vi_equals_en,vinylal,noun,vinal,vinal,3237427
definition_vi_equals_en,wrackful,adjective,ruinous; destructive.,ruinous; destructive.,3253850
definition_vi_equals_en,wraggle,verb,To wag about with a wiggling motion.,To wag about with a wiggling motion.,3253853
definition_vi_equals_en,wraggle,verb,To noisily try to convince others.,To noisily try to convince others.,3253854
definition_vi_equals_en,zono-,prefix,zone; zonal,zone; zonal,3260693
definition_vi_equals_en,camab,phrase,(LGBTQIA) .,(LGBTQIA) .,2649238
definition_vi_equals_en,camab,adjective,(LGBTQIA) .,(LGBTQIA) .,2649239
definition_vi_equals_en,cyclograph,noun,arcograph,Arcograph,2705343
definition_vi_equals_en,delexicalization,noun,"The process of delexicalizing, of making delexical.","The process of delexicalizing, of making delexical.",2714934
definition_vi_equals_en,lebano-,prefix,Lebanese,Lebanese,2887684
definition_vi_equals_en,leechy,adjective,Pertaining to or characteristic of a leech.,Pertaining to or characteristic of a leech.,2887939
definition_vi_equals_en,mycofumigation,noun,Fungal biofumigation.,Fungal biofumigation.,2944723
definition_vi_equals_en,nmt,noun,(ML) .,(ML) .,2956968
definition_vi_equals_en,pet lamp-shade,noun,(humorous),(humorous),3011905
definition_vi_equals_en,praeprandials,noun,().,().,3036526
definition_vi_equals_en,proneurogenic,adjective,That leads to neurogenesis,That leads to neurogenesis,3046522
definition_vi_equals_en,superman-esque,adjective,Resembling or characteristic of Superman.,resembling or characteristic of Superman.,3158740
definition_vi_equals_en,tarsia,noun,Intarsia.,Intarsia.,3169171
definition_vi_equals_en,tosher,adjective,Pertaining to the Hassidic community,Pertaining to the Hassidic community,3187783
definition_vi_equals_en,ulu,noun,(Hawaii),(Hawaii),3204501
definition_vi_equals_en,fuiyoh,interjection,(Malaysia),(Malaysia),2792245
definition_vi_equals_en,lcz,noun,(Singapore) .,(Singapore) .,2886855
definition_vi_equals_en,fup,noun,(Internet) .,(Internet) .,2793259
definition_vi_equals_en,fup,noun,(mobile phones) .,(mobile phones) .,2793260
definition_vi_equals_en,fupingqiuite,noun,(mineral) .,(mineral) .,2793262
definition_vi_equals_en,jodhpured,adjective,Wearing jodhpurs.,Wearing jodhpurs.,2871243
definition_vi_equals_en,gannin,verb,(Geordie),(Geordie),2796368
definition_vi_equals_en,multicooker,noun,A multifunctional cooker.,A multifunctional cooker.,2940713
definition_vi_equals_en,multicoordinate,adjective,Relating to multiple coordinates,Relating to multiple coordinates,2940714
definition_vi_equals_en,multicoordinate,adjective,Having a coordination number greater than two,Having a coordination number greater than two,2940715
definition_vi_equals_en,multicopies,noun,Multiple copies.,Multiple copies.,2940717
definition_vi_equals_en,multicopter,noun,A rotorcraft propelled by multiple rotors.,A rotorcraft propelled by multiple rotors.,2940718
definition_vi_equals_en,sayette,noun,sagathy,sagathy,3096647
definition_vi_equals_en,gisaxs,noun,(spectroscopy) .,(spectroscopy) .,2802829
definition_vi_equals_en,gitarrist,noun,(NNSE) .,(NNSE) .,2802861
definition_vi_equals_en,remov'd,verb,(archaic),(archaic),3074637
definition_vi_equals_en,glycoylated,adjective,glycosylated,Glycosylated,2805649
definition_vi_equals_en,gmrc,noun,(Philippines) .,(Philippines) .,2805776
definition_vi_equals_en,gnow,noun,(AU) .,(AU) .,2806022
definition_vi_equals_en,guestfriendly,adjective,(rare) .,(rare) .,2814006
definition_vi_equals_en,haloalcohol,noun,halohydrin,halohydrin,2817975
definition_vi_equals_en,heartwater,noun,ehrlichiosis,ehrlichiosis,2822913
definition_vi_equals_en,hebraistical,adjective,Hebraistic,Hebraistic,2823339
definition_vi_equals_en,hecatolite,noun,moonstone,moonstone,2823373
definition_vi_equals_en,hedonical,adjective,hedonic,hedonic,2823616
definition_vi_equals_en,helianthin,noun,methyl orange,methyl orange,2824016
definition_vi_equals_en,heterophase,adjective,Involving different phases (of matter),Involving different phases (of matter),2827918
definition_vi_equals_en,rfd,noun,(Usenet) .,(Usenet) .,3081414
definition_vi_equals_en,rfd,noun,(Usenet) .,(Usenet) .,3081415
definition_vi_equals_en,heterotropia,noun,manifest strabismus,manifest strabismus,2828197
definition_vi_equals_en,hev,noun,(medicine) .,(medicine) .,2828283
definition_vi_equals_en,hexaacylated,adjective,Modified by the addition of six acyl groups,modified by the addition of six acyl groups,2828325
definition_vi_equals_en,high-minded,adjective,Magnanimous.,magnanimous.,2829585
definition_vi_equals_en,rheoencephalographic,adjective,Relating to rheoencephalography.,relating to rheoencephalography.,3081702
definition_vi_equals_en,hypoallergic,adjective,hypoallergenic,hypoallergenic,2843405
definition_vi_equals_en,hypochromatic,adjective,Hypochromic.,Hypochromic.,2843543
definition_vi_equals_en,periovarial,adjective,Surrounding the ovary,surrounding the ovary,3010017
definition_vi_equals_en,periovarian,adjective,Surrounding the ovary,surrounding the ovary,3010018
definition_vi_equals_en,hypostatical,adjective,hypostatic,hypostatic,2844229
definition_vi_equals_en,periovulatory,adjective,Around the time of ovulation.,around the time of ovulation.,3010023
definition_vi_equals_en,peripalloside,noun,A particular steroid glycoside.,a particular steroid glycoside.,3010024
definition_vi_equals_en,peripapillary,adjective,Surrounding a papilla,surrounding a papilla,3010027
definition_vi_equals_en,hypothecative,adjective,hypothecatory,hypothecatory,2844328
definition_vi_equals_en,rockpool,noun,tidepool,tidepool,3085743
definition_vi_equals_en,ia,noun,(politics) .,(politics) .,2844769
definition_vi_equals_en,ia,noun,(politics) .,(politics) .,2844770
definition_vi_equals_en,ibadhite,noun,Ibadi,Ibadi,2844893
definition_vi_equals_en,ibgp,noun,(internet) .,(internet) .,2844938
definition_vi_equals_en,ibon,noun,cinnamon ibon (),cinnamon ibon (),2844967
definition_vi_equals_en,rudite,noun,psephite,psephite,3089510
definition_vi_equals_en,ironwort,noun,", .",", .",2865061
definition_vi_equals_en,isolampsic,adjective,isoemissive,isoemissive,2866523
definition_vi_equals_en,isochimenal,adjective,isocheimal,isocheimal,2866097
definition_vi_equals_en,isodulcit,noun,rhamnose,rhamnose,2866273
definition_vi_equals_en,isoechogenic,adjective,isoechoic,isoechoic,2866289
definition_vi_equals_en,russio-,prefix,(rare) .,(rare) .,3090850
definition_vi_equals_en,kidz,noun,; .,; .,2877345
definition_vi_equals_en,platé,adjective,(heraldry) .,(heraldry) .,3023599
definition_vi_equals_en,kilomegacycle,noun,gigahertz (1000 megacycles),gigahertz (1000 megacycles),2877624
definition_vi_equals_en,polarisabilities,noun,; .,; .,3027604
definition_vi_equals_en,lfbot,noun,(astronomy) .,(astronomy) .,2890644
definition_vi_equals_en,lhrh,noun,(hormone) .,(hormone) .,2890744
definition_vi_equals_en,ligandin,noun,Glutathione S-transferase,Glutathione S-transferase,2891804
definition_vi_equals_en,lmbo,phrase,(Internet slang) .,(Internet slang) .,2895433
definition_vi_equals_en,lmia,noun,(Canada),(Canada),2895450
definition_vi_equals_en,lp,noun,(internet) .,(internet) .,2899216
definition_vi_equals_en,lowe,noun,"""flame"".","""flame"".",2899030
definition_vi_equals_en,lsfe,noun,(curling) .,(curling) .,2899335
definition_vi_equals_en,lucullean,adjective,Lucullian.,Lucullian.,2899634
definition_vi_equals_en,murenda,noun,(Kenya) mulukhiyah,(Kenya) mulukhiyah,2943256
definition_vi_equals_en,maltesian,adjective,Maltese,Maltese,2906234
definition_vi_equals_en,gallicisation,noun,: .,: .,2795371
definition_vi_equals_en,gamba,noun,(Twitch-speak) .,(Twitch-speak) .,2795694
definition_vi_equals_en,chaoosh,noun,; .,; .,2661368
definition_vi_equals_en,hermesianism,noun,Hermesian theology,Hermesian theology,2826884
definition_vi_equals_en,dm,noun,(BDSM) .,(BDSM) .,2732237
definition_vi_equals_en,hydro-,prefix,water,water,2839213
definition_vi_equals_en,rousseauistic,adjective,Rousseauian,Rousseauian,3088449
definition_vi_equals_en,rpp,noun,(Canada) .,(Canada) .,3088832
definition_vi_equals_en,rtl,noun,(electronics) .,(electronics) .,3088990
definition_vi_equals_en,assyro-,prefix,Assyrian.,Assyrian.,2600240
definition_vi_equals_en,multiboard,adjective,Involving multiple boards.,Involving multiple boards.,2940432
definition_vi_equals_en,rilawa,noun,toque macaque (),toque macaque (),3083761
definition_vi_equals_en,rtffaq,phrase,(Internet) .,(Internet) .,3088975
definition_vi_equals_en,rti,noun,(logistics) .,(logistics) .,3088986
definition_vi_equals_en,intersubjectiveness,noun,intersubjectivity,intersubjectivity,2861173
definition_vi_equals_en,semianaerobic,adjective,Partially anaerobic,Partially anaerobic,3106154
definition_vi_equals_en,semianalytical,adjective,Partially analytical,Partially analytical,3106157
definition_vi_equals_en,semiologic,adjective,semiological,semiological,3107053
definition_vi_equals_en,serodynamic,adjective,Relating to serodynamics,Relating to serodynamics,3109317
definition_vi_equals_en,shoopiltie,noun,(Shetland) .,(Shetland) .,3114983
definition_vi_equals_en,ssia,phrase,(Internet slang) .,(Internet slang) .,3140198
definition_vi_equals_en,stn,noun,(neuroanatomy) .,(neuroanatomy) .,3145700
definition_vi_equals_en,ingrediency,noun,ingredience,ingredience,2855514
definition_vi_equals_en,toxogenic,adjective,toxicophoric,toxicophoric,3188714
definition_vi_equals_en,tpc,noun,(golf) .,(golf) .,3188843
definition_vi_equals_en,trf,noun,(radio) .,(radio) .,3193640
definition_vi_equals_en,yaqona,noun,(Fiji) .,(Fiji) .,3256685
definition_vi_equals_en,bababudanite,noun,(mineral) .,(mineral) .,2607344
definition_vi_equals_en,bing,interjection,(onomatopoeia),(onomatopoeia),2623668
definition_vi_equals_en,borked,verb,. (.),. (.),2634731
definition_vi_equals_en,dayz,noun,(leetspeak),(leetspeak),2709573
definition_vi_equals_en,laodicean,adjective,"Lukewarm, neither hot nor cold (with reference to Revelation 3:16)","Lukewarm, neither hot nor cold (with reference to Revelation 3:16)",2884429
definition_vi_equals_en,mst.,noun,Mosammat,Mosammat,2939142
definition_vi_equals_en,preuroporphyrinogen,noun,hydroxymethylbilane,Hydroxymethylbilane,3042616
definition_vi_equals_en,synchronal,adjective,Synchronous; simultaneous.,Synchronous; Simultaneous.,3164552
definition_vi_equals_en,twitchety,adjective,nervous; fidgety,nervous; fidgety,3201924
definition_vi_equals_en,twitchgrass,noun,quitchgrass,quitchgrass,3201925
definition_vi_equals_en,frick,noun,(Scotland) .,(Scotland) .,2790039
definition_vi_equals_en,suffruticous,adjective,suffruticose,suffruticose,3155425
definition_vi_equals_en,gbs,noun,(crystallography) .,(crystallography) .,2798190
definition_vi_equals_en,gbtw,phrase,(internet slang) .,(internet slang) .,2798195
definition_vi_equals_en,gbu,phrase,(Internet slang) .,(internet slang) .,2798196
definition_vi_equals_en,gc,noun,(anatomy) .,(anatomy) .,2798198
definition_vi_equals_en,gc,noun,(cycling) .,(cycling) .,2798199
definition_vi_equals_en,gc,noun,(hormone) .,(hormone) .,2798205
definition_vi_equals_en,gc,noun,(enzyme) .,(enzyme) .,2798206
definition_vi_equals_en,gc,noun,(text messaging) .,(text messaging) .,2798208
definition_vi_equals_en,gcq,noun,(Philippines) .,(Philippines) .,2798235
definition_vi_equals_en,gdl,noun,(Canada) .,(Canada) .,2798262
definition_vi_equals_en,gedankenexperiment,noun,thought experiment,thought experiment,2798370
definition_vi_equals_en,gelatification,noun,gelatinization,gelatinization,2798576
definition_vi_equals_en,geranylgeranylacetone,noun,Teprenone.,Teprenone.,2800693
definition_vi_equals_en,ovotransferrin,noun,conalbumin,conalbumin,2992771
definition_vi_equals_en,iodophil,adjective,iodophilic,iodophilic,2864184
definition_vi_equals_en,gg,noun,(politics) .,(politics) .,2801334
definition_vi_equals_en,gg,noun,(linguistics) .,(linguistics) .,2801335
definition_vi_equals_en,gger,noun,(internet slang) .,(internet slang) .,2801342
definition_vi_equals_en,ghibli,noun,sirocco,sirocco,2801475
definition_vi_equals_en,glio-,prefix,Embedded in a gelatinous matrix.,Embedded in a gelatinous matrix.,2803921
definition_vi_equals_en,glio-,prefix,Substance resembling glue.,Substance resembling glue.,2803922
definition_vi_equals_en,glovewort,noun,( spp.),( spp.),2804689
definition_vi_equals_en,glucosinate,noun,glucosinolate,glucosinolate,2804960
definition_vi_equals_en,glycineamide,noun,glycinamide,glycinamide,2805361
definition_vi_equals_en,glycolylurea,noun,Hydantoin.,Hydantoin.,2805499
definition_vi_equals_en,glycopenia,noun,(medicine) .,(medicine) .,2805534
definition_vi_equals_en,grammatonomy,noun,Graphemics.,graphemics.,2809574
definition_vi_equals_en,granulose,adjective,granular,Granular,2810045
definition_vi_equals_en,gynandrism,noun,gynandromorphism,gynandromorphism,2815538
definition_vi_equals_en,gyroid,noun,(crystallography) .,(crystallography) .,2815877
definition_vi_equals_en,h4xx0r,noun,(leet) .,(leet) .,2816054
definition_vi_equals_en,hadrosaurine,noun,hadrosaurid,hadrosaurid,2816577
definition_vi_equals_en,hæcceities,noun,(alternative form of haecceities).,(alternative form of haecceities).,2816588
definition_vi_equals_en,haemachrome,noun,hematin,hematin,2816601
definition_vi_equals_en,haematolytic,adjective,hemolytic,Hemolytic,2816652
definition_vi_equals_en,haldi,noun,(India) .,(India) .,2817334
definition_vi_equals_en,hard-float,adjective,https://github.com/rust-lang/rust/issues/129893#issuecomment-2324983731,https://github.com/rust-lang/rust/issues/129893#issuecomment-2324983731,2819991
definition_vi_equals_en,hard-left,adjective,(politics) .,(politics) .,2819999
definition_vi_equals_en,retrospectory,adjective,retrospective,retrospective,3080187
definition_vi_equals_en,heterophemism,noun,heterophemy,Heterophemy,2827920
definition_vi_equals_en,hemitropic,adjective,(crystallography) .,(crystallography) .,2825384
definition_vi_equals_en,hemocytopenia,noun,cytopenia,Cytopenia,2825470
definition_vi_equals_en,hennish,adjective,Henlike.,Henlike.,2825823
definition_vi_equals_en,intercricothyrotomy,noun,cricothyrotomy,cricothyrotomy,2858968
definition_vi_equals_en,isotaphonomic,adjective,Relating to isotaphonomy,relating to isotaphonomy,2867089
definition_vi_equals_en,isotaxy,noun,isotacticity,isotacticity,2867091
definition_vi_equals_en,rhipidate,adjective,fan-shaped,fan-shaped,3082000
definition_vi_equals_en,rhyolitic,adjective,"Pertaining to or composed of rhyolite, the lava form of granite.","Pertaining to or composed of rhyolite, the lava form of granite.",3082472
definition_vi_equals_en,hommer,noun,(Ireland) .,(Ireland) .,2833323
definition_vi_equals_en,homogender,adjective,Involving people with the same gender.,Involving people with the same gender.,2833590
definition_vi_equals_en,homoiousious,adjective,homoiousian,homoiousian,2833685
definition_vi_equals_en,hon,interjection,(humorous),(humorous),2834156
definition_vi_equals_en,homothet,noun,homothecy,homothecy,2834068
definition_vi_equals_en,ripperoni,interjection,(Internet slang),(Internet slang),3084384
definition_vi_equals_en,hydroxymaprotiline,noun,oxaprotiline,oxaprotiline,2840256
definition_vi_equals_en,rl,noun,(plurale tantum) .,(plurale tantum) .,3084895
definition_vi_equals_en,rle,noun,(Unicode) .,(Unicode) .,3084901
definition_vi_equals_en,rle,noun,(LGBTQ) .,(LGBTQ) .,3084902
definition_vi_equals_en,ichthyocol,noun,ichthyocolla,ichthyocolla,2845334
definition_vi_equals_en,idiogram,noun,karyogram,Karyogram,2846046
definition_vi_equals_en,lhb,noun,(cricket) .,(cricket) .,2890731
definition_vi_equals_en,lhb,noun,(cricket) .,(cricket) .,2890732
definition_vi_equals_en,rood-screens,noun,().,().,3086849
definition_vi_equals_en,inbearable,adjective,(NNSE) .,(NNSE) .,2850953
definition_vi_equals_en,inbearably,adverb,(NNES) .,(NNES) .,2850954
definition_vi_equals_en,iridoviral,adjective,Of or relating to iridoviruses.,Of or relating to iridoviruses.,2864807
definition_vi_equals_en,iridovirid,noun,Any virus in the family .,Any virus in the family .,2864808
definition_vi_equals_en,irie,adjective,"(Jamaica) Cool, nice.","(Jamaica) Cool, nice.",2864810
definition_vi_equals_en,irigarayan,adjective,"Of or relating to Luce Irigaray (born 1930), Belgian feminist, philosopher, linguist, and sociologist.","Of or relating to Luce Irigaray (born 1930), Belgian feminist, philosopher, linguist, and sociologist.",2864811
definition_vi_equals_en,inwound,adjective,enwound,Enwound,2864033
definition_vi_equals_en,iproveratril,noun,verapamil,Verapamil,2864514
definition_vi_equals_en,iraqian,noun,Iraqi,Iraqi,2864645
definition_vi_equals_en,iraqian,adjective,Iraqi,Iraqi,2864646
definition_vi_equals_en,irccm,noun,(military) .,(military) .,2864678
definition_vi_equals_en,irgasan,noun,triclosan,triclosan,2864709
definition_vi_equals_en,iricism,noun,Irishism,irishism,2864717
definition_vi_equals_en,janny,noun,(Newfoundland) .,(Newfoundland) .,2869027
definition_vi_equals_en,janny,verb,(Newfoundland) .,(Newfoundland) .,2869028
definition_vi_equals_en,jansenistic,adjective,Jansenist,Jansenist,2869036
definition_vi_equals_en,japhetan,adjective,Japhetic,Japhetic,2869135
definition_vi_equals_en,multistop,adjective,Involving more than one stop.,Involving more than one stop.,2942355
definition_vi_equals_en,jellyplankton,noun,gelatinous plankton,gelatinous plankton,2869901
definition_vi_equals_en,multistream,adjective,Involving more than one stream.,involving more than one stream.,2942374
definition_vi_equals_en,juddock,noun,"judcock, jacksnipe","judcock, jacksnipe",2872172
definition_vi_equals_en,salangana,noun,salangane.,salangane.,3092895
definition_vi_equals_en,junkdrawers,noun,().,().,2872888
definition_vi_equals_en,keepy-up,noun,keepie-uppie,keepie-uppie,2875476
definition_vi_equals_en,ketocyclazocine,noun,Ketazocine.,Ketazocine.,2876283
definition_vi_equals_en,kewl,adjective,(Internet slang) .,(Internet slang) .,2876419
definition_vi_equals_en,kewlness,noun,(Internet slang) .,(Internet slang) .,2876420
definition_vi_equals_en,kh,noun,(BDSM) .,(BDSM) .,2876699
definition_vi_equals_en,multitherapeutic,adjective,Involving more than one therapy.,involving more than one therapy.,2942519
definition_vi_equals_en,multitherapist,adjective,Involving more than one therapist.,involving more than one therapist.,2942520
definition_vi_equals_en,multithermal,adjective,"Of, pertaining to, having, or formed by multiple temperatures","of, pertaining to, having, or formed by multiple temperatures",2942521
definition_vi_equals_en,koali,noun,(Hawaii) .,(Hawaii) .,2880085
definition_vi_equals_en,ko,noun,(boxing) .,(boxing) .,2880078
definition_vi_equals_en,koae,noun,(Hawaii) .,(Hawaii) .,2880083
definition_vi_equals_en,koap,noun,(Papua New Guinea) .,(Papua New Guinea) .,2880092
definition_vi_equals_en,laceflower,noun,();,();,2882148
definition_vi_equals_en,lactotransferrin,noun,(protein) lactoferrin,(protein) Lactoferrin,2882572
definition_vi_equals_en,lacustric,adjective,lacustrine,lacustrine,2882619
definition_vi_equals_en,laendlers,noun,: .,: .,2882817
definition_vi_equals_en,lagnappes,noun,().,().,2882947
definition_vi_equals_en,lagwort,noun,butterbur,butterbur,2882997
definition_vi_equals_en,pmv,noun,: .,: .,3026223
definition_vi_equals_en,luxe,adjective,"Luxurious, sophisticated.","Luxurious, sophisticated.",2900878
definition_vi_equals_en,lvs,noun,; .,; .,2900952
definition_vi_equals_en,lymphogranuloma,noun,lymphogranuloma venereum,lymphogranuloma venereum,2901256
definition_vi_equals_en,lysigenetic,adjective,lysigenous,lysigenous,2901496
definition_vi_equals_en,machiavellic,adjective,Machiavellian,Machiavellian,2902092
definition_vi_equals_en,machiavellistic,adjective,Machiavellian,Machiavellian,2902095
definition_vi_equals_en,machree,noun,(Ireland),(Ireland),2902209
definition_vi_equals_en,glutaral,noun,glutaraldehyde,glutaraldehyde,2805166
definition_vi_equals_en,grc,noun,(Singapore) .,(Singapore) .,2810916
definition_vi_equals_en,habituative,adjective,Related to habitual behavior.,Related to habitual behavior.,2816242
definition_vi_equals_en,habitué,noun,A devotee.,A devotee.,2816256
definition_vi_equals_en,hemiopia,noun,hemianopia,Hemianopia,2825229
definition_vi_equals_en,ribbongrass,noun,().,().,3082674
definition_vi_equals_en,isoestragole,noun,Anethole.,anethole.,2866330
definition_vi_equals_en,scelet,noun,(obsolete) .,(obsolete) .,3097959
definition_vi_equals_en,lickt,verb,(obsolete),(obsolete),2891329
definition_vi_equals_en,rtk,noun,(law) .,(law) .,3088989
definition_vi_equals_en,palmityl,noun,cetyl,cetyl,2996672
definition_vi_equals_en,renografin,noun,diatrizoate,Diatrizoate,3074980
definition_vi_equals_en,replyed,verb,", .",", .",3075933
definition_vi_equals_en,rez,noun,(RPG) .,(RPG) .,3081380
definition_vi_equals_en,neuropathway,noun,neurological pathway,neurological pathway,2953570
definition_vi_equals_en,lozengeways,adverb,(heraldry) .,(heraldry) .,2899200
definition_vi_equals_en,sgm,noun,(optics) .,(optics) .,3111119
definition_vi_equals_en,loafered,adjective,Wearing a loafer or loafers.,Wearing a loafer or loafers.,2895638
definition_vi_equals_en,synarthrodia,noun,synarthrosis,Synarthrosis,3164490
definition_vi_equals_en,thoracal,adjective,thoracic,thoracic,3179697
definition_vi_equals_en,thoracical,adjective,thoracic,thoracic,3179703
definition_vi_equals_en,tmo,noun,(rugby) .,(rugby) .,3184546
definition_vi_equals_en,uroxin,noun,alloxantin,alloxantin,3230042
definition_vi_equals_en,urtextual,adjective,Of or relating to an urtext.,Of or relating to an urtext.,3230091
definition_vi_equals_en,intromercial,noun,(internet) .,(internet) .,2863148
definition_vi_equals_en,yp,noun,(Singapore) .,(Singapore) .,3258576
definition_vi_equals_en,apocopated,adjective,apocopate,apocopate,2592379
definition_vi_equals_en,belly-wahk,noun,(Yorkshire) .,(Yorkshire) .,2618395
definition_vi_equals_en,bergama,noun,A hand-woven carpet from this region.,A hand-woven carpet from this region.,2619742
definition_vi_equals_en,boyz,noun,; .,; .,2636561
definition_vi_equals_en,carboxamidopeptidase,noun,peptidyl-glycinamidase,Peptidyl-glycinamidase,2652646
definition_vi_equals_en,cosmopoleis,noun,(rare),(rare),2691969
definition_vi_equals_en,demissive,adjective,downcast; submissive; humble,Downcast; submissive; humble,2715895
definition_vi_equals_en,dimmity,noun,Dusk; twilight.,Dusk; Twilight.,2725690
definition_vi_equals_en,epicurish,adjective,epicurean,epicurean,2756544
definition_vi_equals_en,lfd,noun,(medicine) .,(medicine) .,2890648
definition_vi_equals_en,mankeeper,noun,(Ireland) .,(Ireland) .,2907610
definition_vi_equals_en,o͝o,symbol,(lexicography),(lexicography),2980602
definition_vi_equals_en,pantagruelian,adjective,", , .",", , .",2998124
definition_vi_equals_en,pantagruelian,adjective,", .",", .",2998125
definition_vi_equals_en,pegylated,verb,; .,; .,3006441
definition_vi_equals_en,pegylates,verb,; .,; .,3006443
definition_vi_equals_en,polysubstance,adjective,Involving many substances (used of drug abuse).,Involving many substances (used of drug abuse).,3030303
definition_vi_equals_en,polyvidone,noun,polyvinyl pyrrolidone,polyvinyl pyrrolidone,3030568
definition_vi_equals_en,poofoundland,noun,(cynology) .,(cynology) .,3031176
definition_vi_equals_en,poofoundlands,noun,(cynology) .,(cynology) .,3031177
definition_vi_equals_en,pregneninolone,noun,ethisterone,ethisterone,3039445
definition_vi_equals_en,purp.,noun,(tincture) .,(tincture) .,3054885
definition_vi_equals_en,vermiformis,noun,(anatomy) .,(anatomy) .,3235006
definition_vi_equals_en,vermiformous,adjective,(archaic) vermiform,(archaic) vermiform,3235008
definition_vi_equals_en,zaragozan,adjective,Saragossan; .,Saragossan; .,3259211
definition_vi_equals_en,zaragozan,noun,Saragossan; .,Saragossan; .,3259212
definition_vi_equals_en,furfurylmethylamphetamine,noun,furfenorex,furfenorex,2793415
definition_vi_equals_en,furligig,noun,(Ireland) .,(Ireland) .,2793451
definition_vi_equals_en,g2g,adjective,(politics) .,(politics) .,2794277
definition_vi_equals_en,g2g,interjection,(Internet slang) .,(Internet slang) .,2794279
definition_vi_equals_en,g³,noun,(electronics) .,(electronics) .,2794286
definition_vi_equals_en,g4i,verb,(text messaging) .,(text messaging) .,2794287
definition_vi_equals_en,g6p,noun,(biochemistry) .,(biochemistry) .,2794288
definition_vi_equals_en,lymphoreticular,adjective,reticuloendothelial,Reticuloendothelial,2901317
definition_vi_equals_en,galactosylceramide,noun,galactocerebroside,galactocerebroside,2795014
definition_vi_equals_en,gentiobiase,noun,cellobiase,cellobiase,2799650
definition_vi_equals_en,gentilly,adverb,(EME) .,(EME) .,2799649
definition_vi_equals_en,geomagnetician,noun,geomagnetist,geomagnetist,2800175
definition_vi_equals_en,geomaunt,noun,geomant,Geomant,2800205
definition_vi_equals_en,multieffect,adjective,Involving multiple effects.,involving multiple effects.,2940916
definition_vi_equals_en,k-food,noun,(cuisine),(cuisine),2873467
definition_vi_equals_en,gostun,verb,(Singapore) .,(Singapore) .,2808512
definition_vi_equals_en,gov,noun,(US) .,(US) .,2808726
definition_vi_equals_en,hasna,contraction,(Scotland) .,(Scotland) .,2820861
definition_vi_equals_en,hasnae,contraction,(Scotland) .,(Scotland) .,2820862
definition_vi_equals_en,hazelwort,noun,asarabacca,asarabacca,2821785
definition_vi_equals_en,heptangular,adjective,heptagonal,heptagonal,2826312
definition_vi_equals_en,multineuron,adjective,Involving multiple neurons,Involving multiple neurons,2941603
definition_vi_equals_en,heregeld,noun,heriot,heriot,2826714
definition_vi_equals_en,heterogender,adjective,Involving people with different genders.,Involving people with different genders.,2827645
definition_vi_equals_en,hjr,noun,(politics) .,(politics) .,2831361
definition_vi_equals_en,hocus-pocus,interjection,": abracadabra, hey presto.",": abracadabra, hey presto.",2831773
definition_vi_equals_en,hu,noun,(Pakistan) .,(Pakistan) .,2837211
definition_vi_equals_en,holographical,adjective,holographic,Holographic,2832650
definition_vi_equals_en,holostratigraphy,noun,Holistic stratigraphy.,Holistic stratigraphy.,2832772
definition_vi_equals_en,rifaldazine,noun,rifampin,rifampin,3083323
definition_vi_equals_en,hpgp,noun,(uncountable) .,(uncountable) .,2837045
definition_vi_equals_en,hpr,noun,(protein) .,(protein) .,2837056
definition_vi_equals_en,ht.,noun,; .,; .,2837186
definition_vi_equals_en,husstussie,noun,(tttt) .,(tttt) .,2838725
definition_vi_equals_en,issit,particle,(Singapore) .,(Singapore) .,2867328
definition_vi_equals_en,istm,phrase,(Internet slang) .,(Internet slang) .,2867429
definition_vi_equals_en,hydroidean,noun,"hydrozoan, hydroid","hydrozoan, hydroid",2839617
definition_vi_equals_en,rnases,noun,: .,: .,3084976
definition_vi_equals_en,hyperinsulinism,noun,hyperinsulinemia,hyperinsulinemia,2841911
definition_vi_equals_en,schizotypical,adjective,schizotypal,schizotypal,3098515
definition_vi_equals_en,robin-chat,noun,genus .,genus .,3085308
definition_vi_equals_en,robin-run-in-the-hedge,noun,Ground ivy ().,Ground ivy ().,3085309
definition_vi_equals_en,roble,noun,().,().,3085331
definition_vi_equals_en,robotry,noun,robotics,robotics,3085446
definition_vi_equals_en,robustotoxin,noun,(toxicology) .,(toxicology) .,3085477
definition_vi_equals_en,petty-foggers,noun,().,().,3012379
definition_vi_equals_en,rollin',verb,; .,; .,3086360
definition_vi_equals_en,indo-bangla,adjective,Indo-Bangladeshi,Indo-Bangladeshi,2853292
definition_vi_equals_en,indon,adjective,(Australia) .,(Australia) .,2853420
definition_vi_equals_en,indon,noun,(Australia) .,(Australia) .,2853421
definition_vi_equals_en,inesculent,adjective,inedible,inedible,2853931
definition_vi_equals_en,multirelational,adjective,Involving multiple relationships,Involving multiple relationships,2942096
definition_vi_equals_en,rost,verb,(EME) .,(EME) .,3087584
definition_vi_equals_en,rosy-eyed,adjective,Optimistic; idealistic.,optimistic; idealistic.,3087674
definition_vi_equals_en,iridian,adjective,multicolored,Multicolored,2864746
definition_vi_equals_en,rpo,noun,(cricket) .,(cricket) .,3088830
definition_vi_equals_en,rsc,noun,(boxing) .,(boxing) .,3088893
definition_vi_equals_en,rsd,noun,(medicine) .,(medicine) .,3088894
definition_vi_equals_en,rsd,noun,(medicine) .,(medicine) .,3088895
definition_vi_equals_en,rsd,noun,(medicine) .,(medicine) .,3088896
definition_vi_equals_en,rtl,noun,(computing) .,(computing) .,3088991
definition_vi_equals_en,rtl,noun,(programming) .,(programming) .,3088992
definition_vi_equals_en,rtls,phrase,(spaceflight) .,(spaceflight) .,3088995
definition_vi_equals_en,rtm,noun,(politics) .,(politics) .,3088996
definition_vi_equals_en,ruando-,prefix,Rwandan.,Rwandan.,3089034
definition_vi_equals_en,isolux,adjective,isophotal,isophotal,2866613
definition_vi_equals_en,isopycnosis,noun,isopyknosis,isopyknosis,2866928
definition_vi_equals_en,isosyntagmic,adjective,Involving or indicating the same syntax.,involving or indicating the same syntax.,2867077
definition_vi_equals_en,isotachophoretic,adjective,Relating to isotachophoresis.,relating to isotachophoresis.,2867082
definition_vi_equals_en,it'd've,contraction,it would have,it would have,2867486
definition_vi_equals_en,it'd've,contraction,it had have,it had have,2867487
definition_vi_equals_en,itouch,noun,iPod Touch.,iPod Touch.,2867744
definition_vi_equals_en,ix,noun,(internet) .,(internet) .,2867891
definition_vi_equals_en,ix,noun,(medicine) .,(medicine) .,2867892
definition_vi_equals_en,saftie,noun,(Scotland) .,(Scotland) .,3092370
definition_vi_equals_en,jim,noun,(humorous),(humorous),2870738
definition_vi_equals_en,jk,noun,(Canada) .,(Canada) .,2871018
definition_vi_equals_en,laceflower,noun,().,().,2882150
definition_vi_equals_en,kamias,noun,(Philippines) bilimbi,(Philippines) bilimbi,2874187
definition_vi_equals_en,kannibalism,noun,(NNSE) .,(NNSE) .,2874373
definition_vi_equals_en,kologo,noun,xalam,Xalam,2880343
definition_vi_equals_en,koluschan,noun,Tlingit,Tlingit,2880354
definition_vi_equals_en,kuya,noun,(Philippines),(Philippines),2881407
definition_vi_equals_en,kween,noun,(humorous) .,(humorous) .,2881468
definition_vi_equals_en,kyrgyzian,adjective,Kyrgyz.,Kyrgyz.,2881582
definition_vi_equals_en,kyrgyzo-,prefix,"Kyrgyz, Kyrgyzstan.","Kyrgyz, Kyrgyzstan.",2881585
definition_vi_equals_en,lander,noun,(internet) .,(internet) .,2883904
definition_vi_equals_en,lanyappes,noun,().,().,2884415
definition_vi_equals_en,lanyaps,noun,().,().,2884416
definition_vi_equals_en,laparoendoscopy,noun,laparoscopic endoscopy,laparoscopic endoscopy,2884500
definition_vi_equals_en,laryngovideostroboscopy,noun,Laryngeal videostroboscopy.,Laryngeal videostroboscopy.,2885120
definition_vi_equals_en,latrepirdine,noun,dimebolin,dimebolin,2885816
definition_vi_equals_en,laughtersome,adjective,Characterised or marked by laughter,characterised or marked by laughter,2885989
definition_vi_equals_en,lawlz,interjection,(Internet slang),(Internet slang),2886392
definition_vi_equals_en,lbr,phrase,(internet slang) .,(internet slang) .,2886781
definition_vi_equals_en,lc,noun,(Canada) .,(Canada) .,2886789
definition_vi_equals_en,lc,noun,(toxicology) .,(toxicology) .,2886791
definition_vi_equals_en,lda,noun,(Pakistan) .,(Pakistan) .,2886866
definition_vi_equals_en,lfc,noun,(healthcare) .,(healthcare) .,2890645
definition_vi_equals_en,lfc,noun,(astronomy) .,(astronomy) .,2890646
definition_vi_equals_en,limh,phrase,(internet slang) .,(internet slang) .,2892668
definition_vi_equals_en,lipoglycan,noun,(carbohydrate) lipopolysaccharide,(carbohydrate) lipopolysaccharide,2893866
definition_vi_equals_en,long-tail boats,noun,().,().,2897260
definition_vi_equals_en,lordt,noun,(AAVE),(AAVE),2898144
definition_vi_equals_en,mcb,noun,(Pakistan) .,(Pakistan) .,2912374
definition_vi_equals_en,macroura,noun,macruran,Macruran,2903246
definition_vi_equals_en,maghrebian,adjective,Maghrebi,Maghrebi,2903823
definition_vi_equals_en,mamsir,noun,(Philippines),(Philippines),2906587
definition_vi_equals_en,monotonal,adjective,monotone.,Monotone.,2935481
definition_vi_equals_en,moonblink,noun,nyctalopia,nyctalopia,2936080
definition_vi_equals_en,moon-sickles,noun,().,().,2936060
definition_vi_equals_en,morne,adjective,(heraldry) .,(heraldry) .,2936853
definition_vi_equals_en,multicartridge,adjective,Involving more than one cartridge.,involving more than one cartridge.,2940511
definition_vi_equals_en,multiconstrained,adjective,Subject to more than one constraint.,Subject to more than one constraint.,2940701
definition_vi_equals_en,multiconstraint,adjective,Of or relating to more than one constraint.,Of or relating to more than one constraint.,2940702
definition_vi_equals_en,multiconsumer,adjective,Of or relating to more than one consumer.,Of or relating to more than one consumer.,2940703
definition_vi_equals_en,multicontact,adjective,Having multiple contacts,Having multiple contacts,2940704
definition_vi_equals_en,multicontent,adjective,Involving more than one piece or type of content.,Involving more than one piece or type of content.,2940705
definition_vi_equals_en,multicontextual,adjective,Relating to multiple contexts,Relating to multiple contexts,2940706
definition_vi_equals_en,multicontiguous,adjective,contiguous in two or more ways,Contiguous in two or more ways,2940707
definition_vi_equals_en,multicontinental,adjective,Of or relating to more than one continent.,Of or relating to more than one continent.,2940708
definition_vi_equals_en,multicontrast,adjective,Using multiple (types of) contrast,Using multiple (types of) contrast,2940709
definition_vi_equals_en,multicontributor,adjective,Involving more than one contributor.,Involving more than one contributor.,2940710
definition_vi_equals_en,multiconversion,adjective,"Involving more than one conversion, especially to improve the quality of a radio signal.","Involving more than one conversion, especially to improve the quality of a radio signal.",2940711
definition_vi_equals_en,multicored,adjective,multicore,multicore,2940723
definition_vi_equals_en,multicuisine,adjective,Involving more than one style of cuisine.,involving more than one style of cuisine.,2940764
definition_vi_equals_en,multicystic,adjective,polycystic,polycystic,2940802
definition_vi_equals_en,multidriver,adjective,Involving more than one driver.,involving more than one driver.,2940904
definition_vi_equals_en,multiloquious,adjective,(formal) .,(formal) .,2941450
definition_vi_equals_en,multijugous,adjective,multijugate,multijugate,2941291
definition_vi_equals_en,multilacunar,adjective,Involving more than one lacuna.,involving more than one lacuna.,2941315
definition_vi_equals_en,multispectra,adjective,multispectral,multispectral,2942300
definition_vi_equals_en,multitaxon,adjective,Involving multiple taxa,involving multiple taxa,2942471
definition_vi_equals_en,murein,noun,"peptidoglycan, mucopeptide","peptidoglycan, mucopeptide",2943255
definition_vi_equals_en,murrhine,noun,murra,Murra,2943408
definition_vi_equals_en,muskogean,noun,Muskogee,Muskogee,2943919
definition_vi_equals_en,n00bish,adjective,(leetspeak) .,(leetspeak) .,2946047
definition_vi_equals_en,n100,noun,; .,; .,2946050
definition_vi_equals_en,naa,verb,(Geordie) .,(Geordie) .,2946075
definition_vi_equals_en,nadide,noun,nicotinamide adenine dinucleotide; NAD+,nicotinamide adenine dinucleotide; NAD+,2946217
definition_vi_equals_en,nafronyl,noun,naftidrofuryl,naftidrofuryl,2946271
definition_vi_equals_en,nanosilica,noun,nanoparticulate silica,Nanoparticulate silica,2947582
definition_vi_equals_en,nattery,adjective,peevish,peevish,2948860
definition_vi_equals_en,sameish,adjective,Dull; drab; boring; typical; not exciting.,dull; drab; boring; typical; not exciting.,3093841
definition_vi_equals_en,navarro-,prefix,"Navarre, Navarrese.","Navarre, Navarrese.",2949140
definition_vi_equals_en,'og,noun,(UK|slang|_|or|_|dialectal) .,(UK|slang|_|or|_|dialectal) .,2559244
definition_vi_equals_en,nbsp,noun,(HTML) .,(HTML) .,2949371
definition_vi_equals_en,neol.,noun,(lexicography) .,(lexicography) .,2951368
definition_vi_equals_en,tpe,noun,(BDSM) .,(BDSM) .,3188846
definition_vi_equals_en,nep,noun,"Catmint, catnip; .","Catmint, catnip; .",2951851
definition_vi_equals_en,bor.,noun,(legal) .,(legal) .,2634441
definition_vi_equals_en,grow-op,noun,(Canada) .,(Canada) .,2813047
definition_vi_equals_en,neurasthenical,adjective,neurasthenic,neurasthenic,2952817
definition_vi_equals_en,orthodromal,adjective,(neurology) orthodromic,(neurology) orthodromic,2984248
definition_vi_equals_en,neuraxon,noun,(cytology) .,(cytology) .,2952829
definition_vi_equals_en,con,noun,(RPG) .,(RPG) .,2683217
definition_vi_equals_en,conflagrated,adjective,"Burnt, destroyed by fire.","Burnt, destroyed by fire.",2684760
definition_vi_equals_en,pottant,noun,encapsulant,encapsulant,3035633
definition_vi_equals_en,exproprioceptive,adjective,Relating to exproprioception,relating to exproprioception,2766235
definition_vi_equals_en,buche,noun,(enzyme) .,(enzyme) .,2641974
definition_vi_equals_en,caffiso,noun,", ."," , .",2647623
definition_vi_equals_en,norbornylane,noun,norbornane,norbornane,2970326
definition_vi_equals_en,nordefrin,noun,levonordefrin,levonordefrin,2970346
definition_vi_equals_en,normotic,adjective,normopathic,normopathic,2970769
definition_vi_equals_en,normotic,noun,normopath,normopath,2970770
definition_vi_equals_en,norpholedrine,noun,hydroxyamfetamine,hydroxyamfetamine,2970819
definition_vi_equals_en,nosemosis,noun,(honey bees),(honey bees),2971166
definition_vi_equals_en,hastated,adjective,(botany) .,(botany) .,2820906
definition_vi_equals_en,novillion,numeral,nonillion,Nonillion,2971933
definition_vi_equals_en,octoidal,adjective,octoid,octoid,2976104
definition_vi_equals_en,phantasmagory,noun,phantasmagoria,phantasmagoria,3012977
definition_vi_equals_en,ofw,noun,(Philippines) .,(Philippines) .,2977556
definition_vi_equals_en,oikos,noun,(Christianity),(Christianity),2977728
definition_vi_equals_en,ondé,adjective,(heraldry) .,(heraldry) .,2979767
definition_vi_equals_en,ono,noun,(Hawaii) .,(Hawaii) .,2980339
definition_vi_equals_en,ontogenetical,adjective,ontogenetic,ontogenetic,2980487
definition_vi_equals_en,oopuhue,noun,(Hawaii) globefish,(Hawaii) Globefish,2980826
definition_vi_equals_en,origenistic,adjective,Origenist,Origenist,2983590
definition_vi_equals_en,'nation,interjection,(minced oath|archaic) .,(minced oath|archaic) .,2559240
definition_vi_equals_en,'neath,preposition,(poetic) ; .,(poetic) ; .,2559241
definition_vi_equals_en,expunctuation,noun,expungement; act of expunging,expungement; act of expunging,2766257
definition_vi_equals_en,moxalactam,noun,latamoxef,latamoxef,2938802
definition_duplicate,right,interjection,"I have listened to what you just said and I acknowledge your assertion or opinion, regardless of whether I agree with it (opinion) or can verify it (assertion).",về bên phải,3083516
definition_duplicate,sps,noun,(aerospace) .,SPS (không gian): [Trống],3138826
definition_duplicate,mole-rat,noun,().,().,2932692
definition_duplicate,mole-rat,noun,In the family :,gia đình của,2932690
definition_duplicate,pgs,noun,", .",", .",3012593
definition_duplicate,rca,noun,(New Zealand) .,(New Zealand) .,3065700
definition_duplicate,tot,noun,(tax|Kenya) .,"một chút, một chút xíu",3187899
definition_duplicate,umbrello,noun,(architecture) An outdoor structure providing shade above a seat.,cây che bóng ngoài trời (kiến trúc),3204735
definition_duplicate,voguish,adjective,", fashionable or chic.",voguish: thời trang hoặc sang chảnh.,3239144
definition_duplicate,vps,noun,(computing) .,(computation) .,3240162
definition_duplicate,w,noun,(uncountable) .,"w: (không đếm, .)",3240523
definition_duplicate,w/o,noun,(chemistry) weight-percent (percentage calculated by relative mass),(kim loại) trọng lượng phần trăm (tỷ lệ được tính bằng khối lượng tương đối).,3240560
definition_duplicate,w/o,noun,(chemistry) weight-percent (percentage calculated by relative mass),(kim loại) trọng lượng phần trăm (tỷ lệ được tính bằng khối lượng tương đối).,3240561
definition_duplicate,arrant,adjective,(by extension|dated) Very bad; despicable.,"thực sự, hoàn toàn; hết sức, thậm đại",2596978
definition_duplicate,scn,noun,(computing) .,(tính toán) .,3099543
definition_duplicate,chevron,noun,A wedge-shaped sediment deposit observed on coastlines and continental interiors around the world.,"vạch hoặc đường kẻ có hình chữ V xuôi hoặc ngược, đính trên áo cảnh sát hoặc binh sĩ để chỉ rõ cấp bậc; quân hàm /cấp hiệu; lon",2664173
definition_duplicate,chrisom,noun,"(historical) A white cloth, anointed with chrism, or a white mantle thrown over a child when baptized or christened.","(sử học) áo rửa tội của trẻ em (mặc cho trẻ em khi rửa tội, dùng để liệm nếu đứa trẻ chết trước một tháng) ((cũng) chrisom cloth , chrisom robe ) ▸ chrisom child",2667789
definition_duplicate,seemless,adjective,(obsolete) Unseemly; unfit; indecorous.,(hạn chế sử dụng) Không phù hợp; không lịch sự.,3103927
definition_duplicate,hooligan,noun,"(informal|attributive) A young person who causes trouble or violence, typically as a member of a gang or other group.","du côn, lưu manh, bọn du côn, bọn lưu manh",2834809
definition_duplicate,lst,noun,(astronomy|navigation) .,giờ chuẩn địa phương ( local standard time ),2899353
definition_duplicate,nettle,noun,();,(thực vật học) cây tầm ma ▸ to be on nettles,2952706
definition_duplicate,qr,noun,(marketing|retail|logistics|manufacturing) .,"ba tháng (thời kỳ để trả tiền thuê nhà hoặc các khoản thanh toán khác hoặc tính toán thu nhập của mộtcông ty) quý, tam cá nguyệt",3057159
definition_duplicate,queen,noun,An adult female cat capable of breeding.,người phụ nữ cai trị một quốc gia độc lập (thừa kế địa vị này theo dòng dõi); nữ hoàng; nữ chúa; bà chúa ((nghĩa đen) & (nghĩa bóng)),3059152
definition_duplicate,dagwood,noun,"A large thick multi-layered sandwich containing cold cuts, cheese, lettuce and any of several other fillings","Một loại bánh mì mỏng nhiều lớp chứa thịt lạnh, phô mai, rucola和任何几种其他填充物。",2707453
definition_duplicate,antitrophic,adjective,That counters hypertrophy.,chống lại tăng kích thước,2590876
definition_duplicate,staggerweed,noun,(syn. ),staggerweed (thực vật) (synonym),3140764
definition_duplicate,bib,phrase,(business) .,bảng chiết khấu,2621615
definition_duplicate,bof,noun,(computing) .,bof: (công nghệ thông tin) .,2632125
definition_duplicate,bof,noun,(computing) .,bof: (công nghệ thông tin) .,2632126
definition_duplicate,cack-handed,adjective,; inept.,cack-handed (tính từ): ; không khéo léo.,2647114
definition_duplicate,cack-handed,adjective,; inept.,cack-handed (tính từ): ; không khéo léo.,2647115
definition_duplicate,cal,noun,(informal) .,cal: (thông tin không chính thức) Không có thông tin về từ này.,2647917
definition_duplicate,cds,noun,(law|US|Maryland) .,"(Mỹ, Maryland) .",2657687
definition_duplicate,circumcrescence,noun,The condition of being circumcrescent,Trạng thái xung quanh sự phát triển,2670344
definition_duplicate,creampie,noun,(slang) The ejaculation of semen into the vagina or anus.,thả tinh trùng vào âm đạo hoặc hậu môn,2696652
definition_duplicate,dds,noun,(computing) .,(công nghệ thông tin).,2709793
definition_duplicate,edc,noun,(medical) .,edc (y học): .,2745681
definition_duplicate,mek,noun,(organic compound) .,.,2915006
definition_duplicate,tack,verb,To add something as an extra item.,đóng bằng đinh đầu bẹt; đóng bằng đinh mũ,3166296
definition_duplicate,nervcited,adjective,Nervously excited; both nervous and excited.,Nervcited Mệt mỏi và kích thích thần kinh; cả mệt mỏi và kích thích.,2952252
definition_duplicate,ob,adjective,"(as in ""ob. link"" on Usenet) (see [http://c2.com/cgi/wiki?ObLink ObLink at c2.com]; see also )",(lưu liên kết trên Usenet),2974097
definition_duplicate,obvention,noun,(obsolete) The act of happening incidentally; that which happens casually; an incidental advantage; an occasional offering.,(thông tục) sự xảy ra ngẫu nhiên; lợi ích ngẫu nhiên; sự cung cấp ngẫu nhiên,2975169
definition_duplicate,starflower,noun,(sun star or ),hoa sao,3141914
definition_duplicate,starflower,noun,(sun star or ),hoa sao,3141915
definition_duplicate,pa,noun,(chemistry) .,(kim loại hóa học) ,2993963
definition_duplicate,p,adverb,(chiefly|US) or ',"(chủ yếu, Mỹ) hoặc",2993837
definition_duplicate,pd,noun,(electricity) .,(điện) pd,3004832
definition_duplicate,stfd,phrase,(Internet slang|text messaging|mildly |vulgar) .,"(mạng xã hội Internet, tin nhắn văn bản, nhẹ nhàng, tục ngữ) .",3144578
definition_duplicate,protolang,noun,(conlanging) A constructed ancestor language from which other naturalistic conlangs are descended (actually or retroactively).,(tạo ngôn ngữ) Ngôn ngữ giả định từ đó các ngôn ngữ tự nhiên khác phát triển (thực sự hoặc ngược lại).,3048663
definition_duplicate,got,verb,(Singlish|auxiliary) .,"ăn; bắt được (cá, thú rừng...); đem về, thu về (thóc...); hiểu được, nắm được (ý...); đưa, mang, chuyền, đem, đi lấy; bị, chịu; dồn (ai) vào thế bí, dồn (ai) vào chân tường; làm (ai) bối rối lúng túng không biết ăn nói ra sao; làm cho, khiến cho; sai ai, bảo ai, nhờ ai (làm gì); to have got có, phải; sinh, đẻ (thú vật; ít khi dùng cho người); tìm hộ, mua hộ, xoay hộ, cung cấp",2808521
definition_duplicate,thick-crust pizza,noun,A pizza with a focaccia bread base.,Một pizza với vỏ bánh focaccia.,3178636
definition_duplicate,ū,symbol,(lexicography),(từ điển),3202997
definition_duplicate,uc,noun,(India|Hinduism) .,Uc (di động) .,3203197
definition_duplicate,aa,noun,(disease) .,(bệnh),2561011
definition_duplicate,aa,noun,(disease) .,(bệnh),2561012
definition_duplicate,aa,noun,(disease) .,(bệnh),2561013
definition_duplicate,aa,noun,(disease) .,(bệnh),2561015
definition_duplicate,aa,noun,(disease) .,(bệnh),2561016
definition_duplicate,aa,noun,(finance) .,(kinh tế):,2561037
definition_duplicate,anti-judaism,noun,Opposition to Judaism.,anti-Dân Do Thái,2586330
definition_duplicate,arrack,noun,An alcoholic drink made from sugar cane and fermented red rice in Indonesia.,"rượu arac (nấu bằng gạo, mía...)",2596946
definition_duplicate,free-living,adjective,"(biology) Of an organism: living independently of other organisms rather than as part of a symbiotic or parasitic relationship, either as a life stage (for example, in some parasites) or for the organism's entire lifespan.","free-living {tính từ}: (sinh học) Của sinh vật: sống độc lập với các sinh vật khác thay vì làm phần của mối quan hệ cộng sinh hay ký sinh, hoặc là giai đoạn đời sống (ví dụ: trong một số ký sinh trùng) hoặc cho toàn bộ cuộc đời của sinh vật.",2789239
definition_duplicate,billhook,noun,(often written as bill-hook) A part of the knotting mechanism in a reaper-binder or baler (agricultural machinery).,dụng cụ dùng để tỉa cây,2623228
definition_duplicate,bomber,noun,(US|slang) A 22-ounce beer bottle.,"máy bay ném bom, Oanh tạc cơ",2632981
definition_duplicate,cal,noun,(informal) .,cal: (thông tin không chính thức) Không có thông tin về từ này.,2647916
definition_duplicate,glasswort,noun,Species of the Australian genus,Loài của chi Thảo thủy tinh ở Úc,2803509
definition_duplicate,glasswort,noun,Species of the Australian genus,Loài của chi Thảo thủy tinh ở Úc,2803510
definition_duplicate,glasswort,noun,Species of the Australian genus,Loài cây thủy tinh của chi Australia,2803511
definition_duplicate,cgs,noun,(cultural anthropology) .,(xã hội học văn hóa).,2660093
definition_duplicate,gooseneck,noun,(nautical) The swivel connection on a sailboat located near the bottom of the mast that the boom attaches to. When a sailboat performs a tack or a jibe the gooseneck swings the boom from one side of the boat to the other.,kết nối xoay gần đáy cột mastsailboat,2808093
definition_duplicate,gooseneck,noun,(nautical) The swivel connection on a sailboat located near the bottom of the mast that the boom attaches to. When a sailboat performs a tack or a jibe the gooseneck swings the boom from one side of the boat to the other.,"(tàu thủy) Kết nối xoay gần đáy masts mà vua boom gắn vào. Khi một tàu thủy thực hiện một tack hoặc một jibe, cổng neck ngoosen sẽ làm chuyển boom từ một bên của tàu đến bên kia.",2808094
definition_duplicate,grandfatherism,noun,behavior or habits.,Hành vi hoặc thói quen.,2809701
definition_duplicate,cr,noun,(accounting) .,(kế toán).,2695314
definition_duplicate,crunch,verb,To be crushed with a noisy crackling sound.,"kêu răng rắc, kêu lạo xạo",2699919
definition_duplicate,dat,noun,(North America) .,đất,2708980
definition_duplicate,dj,noun,(clothing) .,sayn sàng (tính từ) (áo quần) .,2732146
definition_duplicate,drink,verb,"(transitive|obsolete) To smoke, as tobacco.",(thì quá khứ là drank ; động tính từ quá khứ là drunk ),2738472
definition_duplicate,dronkgras,noun,"(South Africa) A plant poisonous to livestock, including:",cây độc hại đối với gia súc (Nam Phi): bao gồm,2738931
definition_duplicate,dronkgras,noun,"(South Africa) A plant poisonous to livestock, including:",cây độc hại đối với gia súc (Nam Phi): bao gồm,2738932
definition_duplicate,dym,phrase,(Internet slang) .,(hình thức viết tắt trên mạng) .,2742125
definition_duplicate,dym,phrase,(Internet slang) .,(hình thức viết tắt trên mạng) .,2742124
definition_duplicate,ecl,noun,(chemistry) .,(kim loại).,2744656
definition_duplicate,ectopion,noun,"The condition of, or an instance of, ectopia.","(học giải phẫu) Ngoài ra, hoặc bao quanh nhau thai.",2745502
definition_duplicate,expeditive,adjective,(obsolete) Performing with speed.,Tích cực (hạn chế): Thực hiện với tốc độ,2765606
definition_duplicate,flat,noun,(obsolete) A dull fellow; a simpleton.,dãy phòng (ở một tầng trong một nhà khối),2779695
definition_duplicate,ns,noun,", a nuclear-powered ship.",một phần nghìn triệu giây ↔ one thousand millionth of a second,2972168
definition_duplicate,sim,noun,(computing) .,(công nghệ) mô phỏng,3118915
definition_duplicate,smoulder,noun,(obsolete) smoke; smother,sự chá,3126245
definition_duplicate,we,pronoun,(colloquial|uncommon),bọn tao,3244321
definition_duplicate,we,pronoun,(colloquial) .,chúng em,3244323
definition_duplicate,fta,phrase,(internet) .,(internet). (internet),2791640
definition_duplicate,fta,noun,(economics) .,(economics). (kinh tế học),2791643
definition_duplicate,fta,noun,(economics) .,(economics). (kinh tế học),2791644
definition_duplicate,fta,noun,(economics) .,(economics). (kinh tế học),2791645
definition_duplicate,fta,noun,(economics) .,(economics). (kinh tế học),2791646
definition_duplicate,gauze,noun,A thin woven metal or plastic mesh.,(kỹ thuật) lưới thép mịn,2797839
definition_duplicate,hmis,noun,(nautical|military) .,"(tàu thủy, quân sự) .",2831410
definition_duplicate,hru,phrase,(internet slang|text messaging) .,"(mạng internet, tin nhắn văn bản) .",2837118
definition_duplicate,idr,phrase,(Internet slang|text messaging) .,"IDR (Internet slang, text messaging): (tiếng Việt)",2846314
definition_duplicate,incredibly,adverb,(degree) To a great extent; extremely.,"khó tin nổi, đáng kinh ngạc, đến nỗi không ngờ",2852158
definition_duplicate,irradiation,noun,"(uncountable) a process of sterilization whereby radiation is passed through a bag containing food, utensils, etc., to sterilize the contents.",tia sáng,2865110
definition_duplicate,jewfish,noun,"(, , )",loại cá mú (ở biển Nam),2870385
definition_duplicate,lacrimal,adjective,(anatomy) Of or relating to tears or the tear-secreting organs.,cũng lachrymal,2882374
definition_duplicate,irt,noun,"The subway lines, collectively, formerly run by the Interborough Rapid Transit Company.","irt (giản thể): Các tuyến đường sắt đô thị, tập hợp lại, trước đây được quản lý bởi Công ty Tuyến đường sắt nhanh Interborough.",2865549
definition_duplicate,loosely,adverb,Not tightly.,"lỏng lẻo, lòng thòng",2897913
definition_duplicate,loosely,adverb,Not tightly.,"lỏng lẻo, lòng thòng",2897914
definition_duplicate,true,adjective,(of a statement) Conforming to the actual state of reality or fact; factually correct.,"đúng đắn (hợp với những nguyên lý, tiêu chuẩn đã được chấp nhận)",3197953
definition_duplicate,mbio,noun,(informal) .,(thông tin).,2912290
definition_duplicate,mcl,noun,(medicine) .,(y tế) .,2912445
definition_duplicate,me,pronoun,(colloquial|proscribed) Myself;,"tôi, tao, tớ",2912591
definition_duplicate,merchantman,noun,(obsolete) A male merchant (person engaged in trade).,"thuyền buôn, tàu buôn",2916750
definition_duplicate,ssaw,noun,(countable) .,(đếm được).,3140157
definition_duplicate,ssd,noun,(security|software|uncountable) .,"(an ninh, phần mềm, không đếm) .",3140178
definition_duplicate,sdh,noun,(medicine) .,(y học) SDH,3102159
definition_duplicate,acclamate,verb,(rare) To acclaim.,(khan hiếm) Tán thưởng.,2564451
definition_duplicate,time-space,noun,(sciences|also|literary) The concepts of time and space considered as a single entity.,thời gian không gian (khoa học): các khái niệm về thời gian và không gian được xem là một đơn vị.,3183033
definition_duplicate,tridim,noun,(scifi) .,(khoa học viễn tưởng) .,3194869
definition_duplicate,two,numeral,A numerical value equal to 2; this many dots (••).,(trong từ ghép) có hai cái thuộc một thứ nào đó,3202014
definition_duplicate,vac,noun,(informal) .,"kỳ nghỉ hè, kỳ nghỉ lễ (ở trường học); kỳ hưu thẩm (của toà án) (như) vacation , recess",3231076
definition_duplicate,va,noun,(management) .,(quản lý) va,3231046
definition_duplicate,va,noun,(music) .,(âm nhạc) va,3231048
definition_duplicate,va,noun,(music) .,(âm nhạc) va,3231049
definition_duplicate,va,noun,(music) .,(âm nhạc) va,3231050
definition_duplicate,va,noun,(music) .,(âm nhạc) va,3231051
definition_duplicate,va,noun,(music) .,(âm nhạc) va,3231052
definition_duplicate,va,noun,(music) .,(âm nhạc) va,3231053
definition_duplicate,var.,noun,(botany|taxonomy) .,"loài thực vật (thực vật học, hệ thống phân loại)",3232485
definition_duplicate,wam,noun,(internet|marketing) .,"(internet, quảng cáo) .",3241823
definition_duplicate,wof,noun,(quilting) .,(giăng nệm) .,3251764
definition_duplicate,yo,noun,(knitting) :,(thêu) vòng,3257974
definition_duplicate,ace,noun,(computing) .,"(đánh bài) quân át, quân xì; điểm 1 (trên quân bài hay con súc sắc)",2565013
definition_duplicate,blockage,noun,"(biology|medicine) of a (especially that of a or ), or the thing that is causing it; as:",sự bao vây; tình trang bị bao vây,2629712
definition_duplicate,cameleer,noun,A soldier mounted on a camel.,người chăn lạc đà,2649374
definition_duplicate,cap,noun,"(comptheory) , three irreconcilable guarantees in distributed systems, a result known as Brewer's theorem.","mũ lưỡi trai, mũ vải (y tá cấp dưỡng...); mũ (công nhân, giáo sư, quan toà, lính thuỷ...)",2651250
definition_duplicate,com,noun,(physics) .,máy tính đưa ra trên microfilm,2680378
definition_duplicate,cop,noun,(South Africa|marriage) .,"suốt chỉ, con chỉ",2689151
definition_duplicate,dead,adjective,(hyperbolic) Dying of laughter.,"chết (người, vật, cây cối)",2709986
definition_duplicate,scs,noun,(Singapore|military) .,"(Singapore, quân sự) .",3101639
definition_duplicate,gyp,noun,(pejorative|sometimes|offensive) A cheat or swindle; a rip-off.,(từ lóng) to give somebody gyp mắng chửi ai thậm tệ; trừng phạt ai thẳng tay,2815692
definition_duplicate,mesocranial,adjective,In the middle of the cranium,mésocrânial,2917706
definition_duplicate,wagon,noun,(rail) A vehicle (wagon) designed to transport goods or people on railway.,xe trẻ con,3240913
definition_duplicate,monogeny,noun,(anthropology|historical) The doctrine that all of the members of the human race have a common origin.,monogeny,2934393
definition_duplicate,mr,noun,", .",(công nghệ thông tin) ,2938955
definition_duplicate,mr,noun,", .",(công nghệ thông tin) ,2938956
definition_duplicate,npu,noun,(computing) .,(công nghệ) .,2972118
definition_duplicate,npu,noun,(computing) .,(công nghệ) .,2972119
definition_duplicate,numdah,noun,An Indian rug or mat made with chain stitch.,mền da của người Sami truyền thống có hình dáng như mỏ chim được làm từ da chân hoặc đôi khi là đầu con dê.,2972938
definition_duplicate,opponens,noun,(anatomy) .,cơ gập ngón,2981840
definition_duplicate,pal,noun,(biochemistry) .,(từ lóng) bạn,2995313
definition_duplicate,pal,noun,(biochemistry) .,(từ lóng) bạn,2995314
definition_duplicate,poly,noun,(polythene).,(polythene),3028405
definition_duplicate,presentative,adjective,(obsolete),biết trực tiếp sự vật bằng giác quan,3041536
definition_duplicate,pupillarity,noun,"(Scots law) The period before puberty, or from birth to fourteen in males, and twelve in females",như pupilarity,3054513
definition_duplicate,rheotrophic,adjective,Supplied with nutrients by flowing water.,Cung cấp dinh dưỡng bằng nước chảy.,3081763
definition_duplicate,rhs,noun,(construction) .,(xây dựng) .,3082356
definition_duplicate,rubberless,adjective,Without rubber .,Không có cao su,3089127
definition_duplicate,sanamahists,noun,Plural of sanamahist.,Sanamahist (liên quan đến người theo đạo Sanamahism),3094037
definition_duplicate,sen,noun,A coin of this value.,"đồng xen (một xu, tiền Nhật) * viết tắt",3107769
definition_duplicate,sheer,adjective,(by extension) Downright; complete; pure.,"chỉ là; đúng là, tuyệt đối; hoàn toàn",3112937
definition_duplicate,skater,noun,(ice hockey) A player who is not a goaltender.,người trượt băng,3121110
definition_duplicate,sq,noun,(medicine) subcutaneous injection,( Sq ) Quảng trường (trong tên phố) ( Square ),3139119
definition_duplicate,subtle,adjective,(nautical|obsolete|rare|except|historical) .,phảng phất,3154378
definition_duplicate,rti,noun,(logistics) .,(logistics) .,3088987
definition_duplicate,sftp,noun,(computing|Internet) .,"(công nghệ thông tin, Internet) .",3111091
definition_duplicate,sftp,noun,(computing|Internet) .,"(công nghệ thông tin, Internet) .",3111092
definition_duplicate,anp,noun,(hormone) .,(hormone) .,2585107
definition_duplicate,cointegrant,noun,An integrant that integrates along with another.,một phân tử tích hợp cùng với phân tử khác,2678697
definition_duplicate,edetic,adjective,Pertaining to mythology and symbolism.,Pertain đến thần thoại và biểu tượng.,2745766
definition_duplicate,tender,noun,(diving) A member of a diving team who assists a diver during a dive but does not themselves go underwater.,"(nhất là trong từ ghép) người trông nom, người chăm sóc, người giữ",3173292
definition_duplicate,terrestrial,noun,(botany) A ground-dwelling plant.,(thuộc) hành tinh trái đất,3174585
definition_duplicate,transbrachial,adjective,Across or through an arm,quanh vai,3190366
definition_duplicate,troll,noun,(except|Britain|dialectal) A trolley.,"người khổng lồ độc ác, chú lùn ranh mãnh đầy thân thiện (trong thần thoại miền Sc",3197151
definition_duplicate,jizzbag,noun,(slang|vulgar),"(thông tục, lóng)",2870996
definition_duplicate,wf,noun,(linguistics) .,(ngôn ngữ học).,3246406
definition_duplicate,whip,noun,"(UK politics|by extension) The regular status of an MP within a parliamentary party, which can be revoked by the party as a disciplinary measure.","roi, roi da",3247569
definition_duplicate,jewfish,noun,"(, , )",loại cá mú (ở biển Nam),2870386
definition_duplicate,judas,noun,A traitor; a person not to be trusted.,(nghĩa bóng) kẻ phản bội; (judas) lỗ nhỏ đục ở cánh cửa ((cũng) judas-hole),2872156
definition_duplicate,truthfully,adverb,(manner) In a truthful manner,"thật thà, chân thật, không bao giờ nói dối (người); (nghệ thuật) trung thành, chính xác",3198455
definition_duplicate,aada,noun,(military) .,(quân sự),2561144
definition_duplicate,aada,noun,(military) .,(quân sự),2561145
definition_duplicate,attaintment,noun,"(archaic|law) Attainder, attainture; conviction.","Nghĩa cổ (quyền) Phế truất, phế truất; kết án.",2602138
definition_duplicate,bannik,noun,(Slavic mythology) A bathhouse spirit in Slavic mythology.,(mythology Slavic) Thần nhà tắm trong thần thoại Slavic.,2611602
definition_duplicate,brannigan,noun,", , (where is drunk)",", , (ở đây uống)",2637671
definition_duplicate,cv,noun,(engineering) .,(kỹ thuật) một,2704074
definition_duplicate,cv,noun,(engineering) .,(kỹ thuật) một,2704075
definition_duplicate,skrim,noun,"A loose-weave fabric made of fiberglass, used for insulation.","Một loại vải loosely-weave làm từ sợi thủy tinh, được sử dụng để cách nhiệt.",3122171
definition_duplicate,kleenices,noun,(humorous),Kleenices: (vui nhộn),2878947
definition_duplicate,smp,noun,(cryptography) .,(mã hóa) .,3126262
definition_duplicate,spartanness,noun,The state or quality of being Spartan,Tính trạng hoặc phẩm chất của sự tham lam Sparta.,3133318
definition_duplicate,ssa,noun,(management) .,(quản lý) ,3140149
definition_duplicate,nph,noun,", a type of insulin.",Loại insulin.,2972099
definition_duplicate,qrp,noun,(countable|chess) .,(cờ vua).,3057178
definition_duplicate,re,noun,(biochemistry|genetics) .,.,3065789
definition_duplicate,re,noun,(biochemistry|genetics) .,.,3065790
definition_duplicate,recip.,adjective,(grammar) .,Không có công thức nấu ăn.,3067948
definition_duplicate,tia,noun,(medicine) .,tia (y học),3181790
definition_duplicate,leaved,verb,"(in the sense ""to produce leaves or foliage"")","để lại (sau khi chết), di tặng; để mặc, để tuỳ; bỏ đi, rời đi, lên đường đi; bỏ (trường...); thôi (việc); bỏ đi, rời đi; ngừng, thôi, nghỉ",2887638
definition_duplicate,tg,noun,(LGBTQ|dated) A transgender person.,"(LGBTQ, đã lỗi thời) Một người chuyển giới.",3176372
definition_duplicate,tg,noun,(LGBTQ|dated) A transgender person.,"(LGBTQ, đã lỗi thời) Một người chuyển giới.",3176373
definition_duplicate,tg,noun,(LGBTQ|dated) A transgender person.,"(LGBTQ, đã lỗi thời) Một người chuyển giới.",3176374
definition_duplicate,waffle-stomp,verb,(transitive|slang) To beat decisively.,"(dịch từ, lóng) Đánh bại decisively một cách quyết định.",3240755
definition_duplicate,ff,noun,(computing) .,"ff: (thô lỗ, lóng) .",2774903
definition_duplicate,ff,noun,(computing) .,ff: (kỹ thuật) .,2774904
definition_duplicate,ay,interjection,(now|chiefly|Northern England|and|Scotland),được,2606613
definition_duplicate,bangali,noun,(uncountable) .,đoàn bangali,2611253
definition_duplicate,bangali,noun,(uncountable) .,căn bangalo,2611254
definition_duplicate,be,verb,(formal),"trở nên, trở thành",2615191
definition_duplicate,fruitive,adjective,(obsolete) enjoying; possessing,(hạn chế sử dụng) có khả năng thưởng thức; sở hữu,2791427
definition_duplicate,g-word,noun,(euphemistic) The word God.,G-word: (từ euphemistic) Từ God.,2794258
definition_duplicate,browntop,noun,spp.,browntop (đại từ): loài,2641153
definition_duplicate,gcf,noun,(feminism) .,(phụ nữ học) .,2798226
definition_duplicate,genl,noun,", .",Một .,2799416
definition_duplicate,godcast,verb,To produce and distribute a Godcast.,Sản xuất và phát hành một podcast có nội dung tôn giáo.,2806557
definition_duplicate,clubbish,adjective,Resembling or characteristic of a club .,Như một thành viên câu lạc bộ.,2674961
definition_duplicate,cmc,noun,(military|PRC) .,"(quân sự, Trung Quốc)",2675375
definition_duplicate,cub,noun,A furry character that is a child i.e. under the age of adulthood.,"con thú con (hổ, sư tử, sói, gấu, cáo...)",2701430
definition_duplicate,cv,noun,(automotive),(ô tô) một,2704063
definition_duplicate,cws,noun,(aviation) .,(bay) .,2704143
definition_duplicate,da,noun,(Internet) .,đa (mạng lưới): .,2706957
definition_duplicate,desk,noun,"A department tasked with a particular topic or focus in certain types of businesses, such as newspapers and financial trading firms.","(từ Mỹ, nghĩa Mỹ) toà soạn của một tờ báo",2719414
definition_duplicate,dpa,noun,(fatty acid) .,(axit béo).,2736794
definition_duplicate,dun,verb,(non-standard|informal) : .,"thúc nợ (ai), đòi nợ (ai)",2740880
definition_duplicate,hr,noun,(occupational health) .,(y tế nghề nghiệp).,2837076
definition_duplicate,esa,noun,(pharmacology) .,(dược lý) .,2759440
definition_duplicate,fi,noun,(automotive) .,(ô tô) .,2774975
definition_duplicate,fib,noun,(Wisconsin|derogatory|offensive) .,điều nói dối nhỏ; chuy,2775023
definition_duplicate,jo,noun,(Philippines) .,jo {tên riêng} .,2871036
definition_duplicate,jo,noun,(Philippines) .,jo {tên riêng} .,2871037
definition_duplicate,jo,noun,(Philippines) .,jo {tên riêng} .,2871038
definition_duplicate,rx,noun,(uncountable|electronics|telecommunication) .,một giải pháp cho một vấn đề ↔ a solution to a problem,3091159
definition_duplicate,jd,noun,(astronomy) .,(thiên văn học): .,2869672
definition_duplicate,jizzbag,noun,(slang|vulgar),"(thông tục, lóng)",2870995
definition_duplicate,peninsular,noun,(historical) A person born on the Iberian Peninsula who emigrated to a (contemporary or former) Spanish colony.,người ở bán đảo,3007246
definition_duplicate,fya,phrase,(business) .,(kinh doanh) .,2794173
definition_duplicate,gack,interjection,(often repeated several times),gác k (kèm theo nhiều lần),2794424
definition_duplicate,gack,interjection,(often repeated several times),gác k (kèm theo nhiều lần),2794425
definition_duplicate,gig,noun,"(chiefly|Britain|school slang|_|(archaic|or|dialectal A person with an odd appearance; also, a foolish person.",xe độc mã hai bánh,2801954
definition_duplicate,gig,noun,"(obsolete) A fanciful impulse; a whim; also, a joke.",xe độc mã hai bánh,2801957
definition_duplicate,gravity,noun,"(uncountable|obsolete) Authority, influence, weight; also, .","(vật lý) sự hút, sự hấp dẫn, trọng lực",2810786
definition_duplicate,kalendar,noun,(Christianity) A liturgical calendar.,kalendar: (công giáo) một lịch thiêng.,2874000
definition_duplicate,hg,noun,(Internet slang) .,(Internet slang).,2828970
definition_duplicate,homospermic,adjective,Containing semen from a single male animal,Đậu tinh từ một con vật đực,2834017
definition_duplicate,innative,adjective,(obsolete),(thường bị coi là lỗi thời) tự nhiên.,2856180
definition_duplicate,intensivity,noun,The condition of being intensive,Tình trạng của sự tập trung.,2858237
definition_duplicate,isocalorific,adjective,"Relating to, or producing the same amount of heat",Có liên quan đến hoặc sản xuất cùng một lượng nhiệt.,2866066
definition_duplicate,joe,noun,(informal) A male; a guy; a fellow.,not for joe ! tớ thì thôi!; thôi đừng cho tớ!,2871256
definition_duplicate,irt,noun,"The subway lines, collectively, formerly run by the Interborough Rapid Transit Company.","irt (giản thể): Các tuyến đường sắt đô thị, tập hợp lại, trước đây được quản lý bởi Công ty Tuyến đường sắt nhanh Interborough.",2865548
definition_duplicate,limb,noun,"A thing or person regarded as a part or member of, or attachment to, something else.","núi ngang, hoành sơn",2892497
definition_duplicate,tap,verb,(transitive),(kỹ thuật) ren,3168530
definition_duplicate,meateater,noun,A carnivorous animal.,loài động vật ăn thịt,2912957
definition_duplicate,meer,noun,A boundary.,ranh giới.,2914063
definition_duplicate,medlar,noun,(: family ).,cây sơn trà,2913929
definition_duplicate,maqui,noun,The edible berry of this shrub.,Quả ăn được của cây này.,2908489
definition_duplicate,myrrh,noun,"A red-brown resinous material, the dried sap of a tree of the genus , especially , used as perfume, incense or medicine.",chất nhựa thơm,2945571
definition_duplicate,wrapped,adjective,Encased in a wrapping.,cực kỳ hài lòng ↔ extremely pleased,3253939
definition_duplicate,nano,noun,(countable) .,(không thể đếm) Nanô.,2946868
definition_duplicate,oatgrass,noun,species,cỏ lúa mì,2974032
definition_duplicate,oatgrass,noun,species,cỏ lúa mì,2974033
definition_duplicate,oatgrass,noun,species,anh em thề,2974034
definition_duplicate,homonomously,adverb,In a homonomous manner,Trong một cách thức đồng gốc.,2833804
definition_duplicate,pbc,noun,(medicine) .,(y tế) .,3004643
definition_duplicate,pct,noun,(military) .,(quân sự) .,3004808
definition_duplicate,pe,noun,(medicine) .,(y học),3004908
definition_duplicate,phonk,noun,"A style of music derived from hip-hop and trap music, directly inspired by 1990s Memphis rap.","música phonk (một thể loại âm nhạc được phát triển từ hip-hop và trap, trực tiếp lấy cảm hứng từ âm nhạc rap Memphis vào những năm 1990)",3014702
definition_duplicate,projected,adjective,displayed,hiển thị,3045875
definition_duplicate,ppm,noun,(10000 ppm = 1%).,parts per million (phần triệu),3036320
definition_duplicate,pr,noun,(sports) .,(thể thao) .,3036378
definition_duplicate,psb,noun,(military|US) .,"(quân sự, Hoa Kỳ).",3049887
definition_duplicate,sf,noun,(dated),sf (cũ),3111049
definition_duplicate,shallot,noun,Allium ascalonium.,(thực vật học) cây hẹ tây (loại hành mọc thành cụm có thân cây nhỏ),3111718
definition_duplicate,latchkey,noun,"A key, especially to an outside door.",(nghĩa bóng) biểu tượng của sự giải phóng,2885398
definition_duplicate,may,verb,(modal auxiliary verb|defective),khiếm khuyết; dạng phủ định là may not hoặc mayn't (quá khứ là might ; dạng phủ định là might not hoặc mightn't ),2912000
definition_duplicate,only,adverb,"(Ireland|informal) Just, simply, undoubtedly.","(bổ nghĩa cho một từ hoặc cụm từ và nằm cạnh nó trong cách nói hoặc viết nghiêm túc, trong cách nói thân mật, sự nhấn mạnh có thể cho thấy từ nào được bổ nghĩa, nên only có thể có những vị trí khác nhau) không có ai hoặc không có cái gì khác; chỉ",2980319
definition_duplicate,par,noun,": in inventory control, a fixed quantity of an item that must be kept on hand to support daily operations.","giá danh nghĩa (in trên chứng khoán, cổ phiếu) như par value",2998870
definition_duplicate,thesis,noun,(philosophy) In the dialectical method of Georg Wilhelm Friedrich Hegel: the initial stage of reasoning where a formal statement of a point is developed; this is followed by antithesis and synthesis.,số nhiều theses,3178421
definition_duplicate,pdd,noun,(psychology) .,PDD (心理学),3004854
definition_duplicate,rhd,noun,(medicine) .,(医学) 。,3081636
definition_duplicate,sps,noun,(psychology) .,(心理学) .,3138829
definition_duplicate,-head,suffix,(sometimes|derogatory),-head (thường là|derogatory),2558211
definition_duplicate,-ie,suffix,(occasionally|derogatory),-ie (thỉnh thoảng|thù địch),2558269
definition_duplicate,-ie,suffix,(occasionally|derogatory),-ie (nay|thỉnh thoảng) .,2558270
definition_duplicate,academicism,noun,"(classical studies|sometimes|capitalized) The doctrines of Plato's academy; specifically the skeptical doctrines of the later academy stating that nothing can be known; a tenet of the Academic philosophy; state of being Academic. Brown, Lesley, ed. The Shorter Oxford English Dictionary. 5th. Oxford: Oxford University Press, 2003.","(các ngành học cổ điển, đôi khi viết hoa) Đạo lý của học viện Plato; đặc biệt là đạo lý nghi ngờ của học viện sau này nói rằng không thể biết điều gì; một nguyên tắc của triết học Acadêmic; trạng thái của sự học Acadêmic. Brown, Lesley, chủ biên. Từ điển Oxford ngắn gọn. 5. Oxford: Đại học Oxford Press, 2003.",2563773
definition_duplicate,acads,noun,(Philippines) .,. (Philippines),2563808
definition_duplicate,acf,noun,(optics|countable) .,"(optics, đếm số) .",2565540
definition_duplicate,ards,noun,(healthcare|medicine) .,"(y tế, chăm sóc sức khỏe) .",2595649
definition_duplicate,shoti,noun,(familiar) a young male junior,anh em trai trẻ tuổi (quen thuộc),3115648
definition_duplicate,asdh,noun,(medicine) .,(y học) .,2598583
definition_duplicate,authserv,noun,(computing) .,(công nghệ thông tin) ,2603639
definition_duplicate,authserv,noun,(computing) .,(công nghệ thông tin) ,2603640
definition_duplicate,authserv,noun,(computing) .,(công nghệ thông tin) ,2603641
definition_duplicate,authserv,noun,(computing) .,(công nghệ thông tin) ,2603642
definition_duplicate,bd,noun,(disease) .,bd (bệnh) -disease.,2615132
definition_duplicate,bd,noun,(disease) .,bd (bệnh) -disease.,2615133
definition_duplicate,bd,noun,(disease) .,bd (bệnh) -disease.,2615134
definition_duplicate,biocode,noun,The genomes of one or more interacting organisms.,genomes của một hoặc nhiều sinh vật tương tác,2624122
definition_duplicate,biocycle,noun,(biology) Any cyclic biological process,công nghệ tự động điều khiển sinh học,2624240
definition_duplicate,w33d,noun,(leetspeak) marijuana,(tiếng lê) ma túy.,3240573
definition_duplicate,catalina,noun,(retail|colloquial) A Catalina coupon.,"(tiêu dùng, dân gian) Mã giảm giá Catalina.",2655706
definition_duplicate,cft,noun,(aviation),(hàng không) .,2660058
definition_duplicate,chickenweed,noun,Any plant of several species,chickenshed (dạng cây): cây thuộc nhiều loài.,2664484
definition_duplicate,chickenweed,noun,Any plant of several species,chickenshed (dạng cây): cây thuộc nhiều loài.,2664485
definition_duplicate,chickenweed,noun,Any plant of several species,chickenshed (dạng cây): cây thuộc nhiều loài.,2664486
definition_duplicate,colicroot,noun,"(, wild yam)",spp. (),2679050
definition_duplicate,ctc,noun,(medicine) .,(y học) .,2701258
definition_duplicate,ctc,noun,(medicine) .,(y học) .,2701259
definition_duplicate,ctc,noun,(medicine) .,(y học) .,2701260
definition_duplicate,dh,noun,"(military|nautical) , a variant of the destroyer type of warship.","(quân sự, thủy quân lục chiến) , một biến thể của loại tàu destroyers.",2721512
definition_duplicate,dh,noun,"(military|nautical) , a variant of the destroyer type of warship.","(quân sự, thủy quân lục chiến) , một biến thể của loại tàu destroyers.",2721513
definition_duplicate,doomer,noun,(video games|informal) A player of the video game Doom.,"người chơi trò chơi điện tử Doom (thông thường, phi chính thức)",2734521
definition_duplicate,dps,noun,(nuclear physics) .,(hóa học hạt nhân),2736859
definition_duplicate,dps,noun,(nuclear physics) .,(hóa học hạt nhân),2736860
definition_duplicate,earmuff,noun,A sound-deadening cup or a pair of such cups worn over the ear or ears.,Mũ tai có khả năng giảm tiếng ồn hoặc một cặp như vậy được đeo lên tai hoặc tai.,2743465
definition_duplicate,whiff,verb,(slang),"phát ra từng luồng nhẹ, thổi nhẹ",3247369
definition_duplicate,coe,noun,(Australia) .,(Australia) .,2677642
definition_duplicate,woundwort,noun,(English daisy),(English daisy),3253766
definition_duplicate,clc,noun,(countable) .,(đếm được).,2672414
definition_duplicate,wet,verb,(US|MLE|MTE|slang) To kill or seriously injure.,wet ; wetted,3246321
definition_duplicate,baas,noun,(computing) .,"(Nam Phi) ông chủ (những người không phải da trắng, dùng chỉ những người châu Âu ở địa vị cao)",2607322
definition_duplicate,damned,adjective,Godforsaken.,"bị đày địa ngục, bị đoạ đày",2707914
definition_duplicate,government,noun,"(debating) The team tasked with presenting and speaking in favour of a resolution, as opposed to the opposition.",sự cai trị; quyền lực để lãnh đạo; chính quyền,2808780
definition_duplicate,rub,noun,(protein) Any of a group of proteins similar to ubiquitin,"sự cọ xát, sự chà xát",3089052
definition_duplicate,tramel,noun,"An instrument or device, sometimes of leather, more usually of rope, fitted to a horse's legs to regulate his motions and force him to amble.",tramel - (马具，名词) 一种用来调节马的动作并使其慢步行走的装置，通常由绳子制成。,3189973
definition_duplicate,aa,noun,(chemistry) .,(chemistry) hóa học,2561004
definition_duplicate,aaa,noun,", a geometric proof.",", một chứng minh hình học.",2561080
definition_duplicate,abn,noun,", a unique identifier used for tax purposes.",", một mã độc đáo được sử dụng cho mục đích thuế.",2562364
definition_duplicate,bv,noun,(music) .,bv {cụm từ} (âm nhạc) .,2646202
definition_duplicate,atr,noun,(computer graphics) .,(hình ảnh đồ họa máy tính) Adenosine triphosphate (ATP),2601832
definition_duplicate,spur-throated grasshopper,noun,Any grasshopper.,cánh bướm spur-throated grasshopper,3138965
definition_duplicate,sparganosis,noun,(pathology) A parasitic infection caused by the plerocercoid larvae of diphyllobothroid tapeworms in the genus .,sparganosis (pathology) một bệnh nhiễm trùng do các larva plerocercoid của các loài ký sinh trùng diphyllobothroid trong chi ,3133124
definition_duplicate,noodle,verb,(transitive),Tìm kiếm () để tìm opals.,2970128
definition_duplicate,notam,noun,(aviation) .,(không rõ ngữ cảnh),2971371
definition_duplicate,nta,phrase,(Internet slang) .,(mạng internet lóng) .,2972241
definition_duplicate,braap,interjection,(onomatopoeia),(Ấn Độ) Cây palmyra.,2636657
definition_duplicate,tds,noun,(US politics|uncountable) .,"(politics Mỹ, không đếm được)",3170359
definition_duplicate,tomgirl,noun,A boy who behaves in a typically girlish manner.,Tomgirl: Một cậu bé hành xử theo cách nữ tính.,3185815
definition_duplicate,tostado,noun,Toast.,Một miếng bánh mì đã nướng.,3187863
definition_duplicate,vr,noun,(of a manuscript),(manuscript) .,3240175
definition_duplicate,vr,noun,(of a manuscript),(manuscript) .,3240172
definition_duplicate,vr,noun,(of a manuscript),(manuscript) .,3240173
definition_duplicate,vr,noun,(of a manuscript),(manuscript) .,3240174
definition_duplicate,apple,noun,A tree of the genus Malus; especially which is cultivated for its edible fruit; the apple tree.,quả táo,2593297
definition_duplicate,banzai,noun,"A cry or cheer of ""banzai"", to express enthusiasm or celebrate victory.","banzai: một tiếng hô hoặc cổ vũ của ""banzai"", để biểu hiện sự phấn khích hoặc chúc mừng chiến thắng.",2611713
definition_duplicate,frankenstein,noun,"(sometimes|_|proscribed) A monster composed of body parts from various corpses attached and brought back to life by a mad scientist, typically strong, unable to speak clearly, and misunderstood.","(thỉnh thoảng, bị cấm) Một quái vật được tạo ra từ các bộ phận của nhiều thi thể được một nhà khoa học điên gắn lại và hồi sinh.",2788795
definition_duplicate,frankenstein,noun,(sports) A stretch in which one walks forward with their arms extended while kicking their legs forward to touch their hands.,(thể thao) Một động tác kéo dài trong đó người đó bước về phía trước với cánh tay dang rộng và đá chân về phía trước để chạm vào tay.,2788798
definition_duplicate,beheadment,noun,"In word games, the ability to form words by removing the initial letter.","trong các trò chơi từ vựng, khả năng tạo ra từ mới bằng cách loại bỏ chữ cái đầu tiên",2617702
definition_duplicate,fw,verb,(Internet slang|texting) .,"(internet slang, tin nhắn) .",2794139
definition_duplicate,gamily,adverb,In a gamy way; while being or tasting gamy,Cách thức có mùi cá; khi đang hoặc có mùi cá.,2795946
definition_duplicate,bruh,interjection,(slang),bruh (kết hợp): (lóng),2641252
definition_duplicate,bruh,interjection,(slang),bruh (công thức): (lóng) Macaque rhesus.,2641253
definition_duplicate,burrow,noun,"A tunnel or hole, often as dug by a small creature.",hang,2644785
definition_duplicate,burrow,noun,"A tunnel or hole, often as dug by a small creature.",hang,2644786
definition_duplicate,carbonation,noun,(mineralogy) The replacement of calcium hydroxide with calcium carbonate triggered by a chemical reaction.,carbonat hóa (mineralogie),2652543
definition_duplicate,chanate,noun,great-tailed grackle (),cáo đuôi lớn (),2661019
definition_duplicate,rly,adverb,(Internet slang) .,viết tắt,3084913
definition_duplicate,classical,noun,"(countable) One that is classical in some way; for example, a classical economist.",cổ điển,2671994
definition_duplicate,gumming,noun,"The act of fastening with gum, especially the application of gum-water to a lithographic stone.","Việc gắn kết bằng nhựa, đặc biệt là việc áp dụng nước nhựa lên đá lithographic.",2814547
definition_duplicate,csi,noun,(informal|US) .,"(phiên âm, Hoa Kỳ) .",2701189
definition_duplicate,csi,noun,(informal|US) .,"(phiên âm, Hoa Kỳ) .",2701190
definition_duplicate,csi,noun,(informal|US) .,"(phiên âm, Hoa Kỳ) .",2701191
definition_duplicate,cutwork,noun,A form of embroidery in which intervening fabric is cut away.,mảnh in hoa rời gắn vào quần áo,2704032
definition_duplicate,da,noun,(UK politics) .,đa (politics Anh): .,2706964
definition_duplicate,dairy,noun,(uncountable) (also dairy products or dairy produce) Products produced from milk.,cửa hàng bơ sữa,2707559
definition_duplicate,damned,adjective,Godforsaken.,"đáng ghét, đáng nguyền rủa; ghê tởm",2707913
definition_duplicate,decapped,adjective,(genetics) Describing nucleic acid molecules from which a cap has been removed,Loại bỏ cap khỏi RNA,2711305
definition_duplicate,destituent,adjective,(obsolete) deficient; lacking,(thường bị coi là lỗi thời) thiếu; không đầy đủ,2719906
definition_duplicate,doublehanded,adjective,(sailing) Requiring or using a crew consisting of two people.,Yêu cầu hoặc sử dụng thủy thủ đoàn gồm hai người,2735640
definition_duplicate,down,adverb,"(crosswords, in relation to a numbered clued word) In a downwards direction; vertically.",xuống,2736047
definition_duplicate,eel,noun,A European eel ().,con cá chình; con lươn ((nghĩa đen) & (nghĩa bóng)),2746204
definition_duplicate,ee,noun,(uncountable|psychiatry) .,(ung thư học) ,2746178
definition_duplicate,eia,noun,(biology) .,(sinh lý) .,2747081
definition_duplicate,eoc,noun,(US|education) .,"(Hoa Kỳ, giáo dục).",2755953
definition_duplicate,ess,noun,(statistics) .,(thống kê) .,2760009
definition_duplicate,should,verb,to;,(dùngsau so that/in order that để diễn tả mục đích),3115688
definition_duplicate,retro,noun,(countable) .,(đếm được) Phong cách hoặc xu hướng thời trang/puftrend quá khứ.,3079715
definition_duplicate,rotisserie,noun,"(US|sports) , .",thiết bị để quay thịt.. trên một cái xiên quay,3087845
definition_duplicate,lp,noun,(programming) .,(chương trình hóa) .,2899221
definition_duplicate,psc,noun,(meteorology) .,(thủy văn học).,3049894
definition_duplicate,psc,noun,(meteorology) .,(thủy văn học).,3049895
definition_duplicate,point,noun,(now only in phrases) A tenth; formerly also a twelfth.,đầu nhọn hoặc tù của cái gì; đầu; mũi,3027172
definition_duplicate,girlfriend,noun,"(LGBTQ) A fellow gay man, especially a friend as opposed to a sexual partner.",(LGBTQ) Bạn đồng tính nam đặc biệt là bạn gái của một người đồng tính nam khác thay vì đối tác tình dục.,2802707
definition_duplicate,granddad,noun,(informal) grandfather,(thân mật) ông,2809666
definition_duplicate,hexabenzocoronene,noun,(organic compound) A polycyclic aromatic hydrocarbon in which six benzene rings are fused to the six available positions of a coronene ring,(hợp chất hữu cơ) Một hợp chất aromat đa vòng trong đó sáu vòng benzen được kết hợp với sáu vị trí có sẵn của một vòng corone.,2828340
definition_duplicate,methuselah,noun,(by extension) Any person or thing that has lived to a very old age.,Một người hoặc vật đã sống đến tuổi rất cao.,2920320
definition_duplicate,innervate,verb,(anatomy|zoology) To supply (an organ or part of the body) with nerves.,(giải phẫu) phân bố các dây thần kinh,2856222
definition_duplicate,manta,noun,A kind of fabric or blanket used in Latin America and southwestern United States.,áo choàng không tay của nữ,2907980
definition_duplicate,mine,pronoun,(informal) My house or home.,sở hữu,2926643
definition_duplicate,moldavian,noun,(historical) An inhabitant or citizen of the former Moldavian Soviet Socialist Republic.,(lịch sử) Một cư dân hoặc công dân của Liên bang Xô viết Moldavia cũ.,2932640
definition_duplicate,moldavian,adjective,(historical) Relating to Moldavia .,(lịch sử) Liên quan đến Moldavia.,2932642
definition_duplicate,moorishly,adverb,In a moorish manner.,Trong cách thức Ma-rốc,2936318
definition_duplicate,nonsane,adjective,"(uncommon|dated) Not sane, as:",không tỉnh táo (hạn chế sử dụng),2967890
definition_duplicate,nonsane,adjective,"(uncommon|dated) Not sane, as:",không tỉnh táo (hạn chế sử dụng),2967891
definition_duplicate,gunbarrel,noun,The barrel of a gun.,Ống súng.,2814633
definition_duplicate,forlest,verb,(obsolete),bỏ rơi,2786530
definition_duplicate,pcn,noun,(medicine) .,(y học) .,3004778
definition_duplicate,phoenix,noun,(obsolete) A marvelous person or thing.,"(thần thoại,thần học) chim phượng hoàng",3014539
definition_duplicate,pidan,noun,"A traditional, hand-woven Cambodian silk textile used as a ceremonial hanging, canopy, or tapestry within Buddhist temples; often four-meter-long, typically featuring figurative narratives depicting scenes from the Jataka tales.","Một loại vải lụa dệt thủ công truyền thống của Campuchia được sử dụng làm vật treo, tán hoặc tấm thảm nghi lễ trong các ngôi chùa Phật giáo; thường dài bốn mét, thường có những câu chuyện tượng hình mô tả các cảnh trong truyện Jataka.",3018840
definition_duplicate,pl,noun,(grammar) .,( Pl ) (viết tắt) của Place (quảng trường; nhất là trên bản đồ),3022245
definition_duplicate,foh,noun,(electronics) .,(điện tử),2783630
definition_duplicate,poule,noun,(fencing) .,Loại phô mai dê hình chóp tháp làm ở vùng Indre.,3035779
definition_duplicate,pss,noun,(chemistry) .,(kim loại học) .,3051739
definition_duplicate,rb,noun,(American football) .,(thể thao bóng đá),3065661
definition_duplicate,rbp,noun,(biochemistry) .,(sinh hóa học) .,3065683
definition_duplicate,scumhole,noun,"A lousy, disreputable, or disgusting place.","Nơi tồi tệ, không có phẩm giá",3101830
definition_duplicate,sda,noun,(Christianity) .,(Tôn giáo) SDA,3102141
definition_duplicate,sea-pincushion,noun,A starfish of genus .,cây gối biển (loài),3102261
definition_duplicate,sir,noun,to a teacher.,"(tiếng tôn xưng) thưa ông, thưa ngài, thưa tiên sinh; (quân sự) thưa thủ trưởng; (ngôn ngữ nhà trường) thưa thầy",3120254
definition_duplicate,sop,noun,(construction) .,mẩu bánh mì thả vào nước xúp,3131018
definition_duplicate,sop,noun,(construction) .,mẩu bánh mì thả vào nước xúp,3131019
definition_duplicate,steamer,noun,(nautical) A vessel propelled by steam; a steamboat or steamship.,tàu chạy bằng hơi nước,3142947
definition_duplicate,hydrant,noun,An outlet from a liquid/fluid main often consisting of an upright pipe with a valve attached from which fluid (e.g. water or fuel) can be tapped.,vòi nước máy (ở đường phố),2839096
definition_duplicate,bed-breaking,adjective,"Sexually wild, uninhibited, and energetic.","Sexually wild, uninhibited, and energetic.",2616525
definition_duplicate,ʜ,symbol,(lexicography),(lexicography),2844674
definition_duplicate,eid,noun,(epidemiology) .,(epidemiology) .,2747128
definition_duplicate,that,conjunction,"because, in that.","rằng, là",3176763
definition_duplicate,that,conjunction,"because, in that.","rằng, là",3176764
definition_duplicate,them,pronoun,"(in the singular|occasionally|proscribed) A single person, previously mentioned, whose gender is unknown, irrelevant, or (since 21st c.) non-binary.","chúng, chúng nó, họ",3177141
definition_duplicate,them,pronoun,"(in the singular|occasionally|proscribed) A single person, previously mentioned, whose gender is unknown, irrelevant, or (since 21st c.) non-binary.","chúng, chúng nó, họ",3177142
definition_duplicate,them,pronoun,"(in the singular|occasionally|proscribed) A single person, previously mentioned, whose gender is unknown, irrelevant, or (since 21st c.) non-binary.","chúng, chúng nó, họ",3177143
definition_duplicate,them,pronoun,(nonstandard|or|colloquial|uncommon),"chúng, chúng nó, họ",3177144
definition_duplicate,twelveteen,numeral,(nonstandard) .,Mười hai (không chuẩn),3201309
definition_duplicate,utter,verb,(transitive),"thốt ra, phát ra, bậc ra, tạo ra (âm thanh)",3230757
definition_duplicate,vehiculate,verb,(archaic) To ride in a vehicle.,di chuyển bằng xe,3233680
definition_duplicate,wannit,contraction,(informal),(không chính thức),3242066
definition_duplicate,waspish,adjective,Suggestive of the behaviour of a WASP.,"gắt gỏng, dễ cáu, bẳn tính",3243096
definition_duplicate,spps,noun,(organic chemistry) .,(chí học) .,3138219
definition_duplicate,spps,noun,(organic chemistry) .,(chí học) .,3138220
definition_duplicate,lace-up,noun,A lace-up shoe or boot.,giày buộc dây hoặc giày cao cổ.,2882126
definition_duplicate,melter,noun,"A variety of peach in which the flesh parts freely from the stone when ripe, also known as a free-stone.",Chất dễ tan chảy.,2915697
definition_duplicate,mts,noun,(television) .,(tilevision) .,2939207
definition_duplicate,nart,noun,"(mythology) Any of a race of giant heroes in the folklore of the peoples of the North Caucasus (notably the Circassians, Ossetians, Abkhazians, and Vainakhs).","(mythology) bất kỳ trong số các vị thần khổng lồ trong dân gian của các dân tộc ở vùng Bắc Caucasus (nhất là người Circassians, Ossetians, Abkhazians và Vainakhs).",2948352
definition_duplicate,pakhangbaism,noun,"A doctrine, ideology or principle of Pakhangba culture.","pakhangbaism: Đạo đức, tư tưởng hoặc nguyên tắc của văn hóa Pakhangba.",2995286
definition_duplicate,palettize,verb,(transitive|computer graphics) To encode (an image) efficiently by mapping its pixels to a palette containing only those colours that are actually present in the image.,"(trực tiếp, thiết kế đồ họa máy tính) Mã hóa (một hình ảnh) hiệu quả bằng cách gán các điểm ảnh của nó đến một palette chỉ chứa những màu sắc thực sự xuất hiện trong hình ảnh.",2996231
definition_duplicate,pf,noun,(physics) .,(học vật lý) .,3012479
definition_duplicate,pha,noun,(biochemistry) .,(sinh hóa học) .,3012612
definition_duplicate,pha,noun,(biochemistry) .,(sinh hóa học) .,3012613
definition_duplicate,phaser,noun,"(science fiction) Fictional energy weapon, with multiple settings for degree of intensity, from the television series Star Trek (1966–69).","phaser (từ điển): (hoa học viễn tưởng) Vũ khí năng lượng tưởng tượng, với nhiều cài đặt cho cường độ khác nhau, từ bộ phim truyền hình Star Trek (1966–69).",3013380
definition_duplicate,phaser,noun,"(science fiction) Fictional energy weapon, with multiple settings for degree of intensity, from the television series Star Trek (1966–69).","phaser (từ điển): (hoa học viễn tưởng) Vũ khí năng lượng tưởng tượng, với nhiều cài đặt cho cường độ khác nhau, từ bộ phim truyền hình Star Trek (1966–69).",3013381
definition_duplicate,storksbill,noun,Any plant of genus .,Một loài cây thuộc chi .,3146702
definition_duplicate,possumhaw,noun,"deciduous holly, .","Holly lá rụng, .",3032893
definition_duplicate,pycnospore,noun,(botany) .,(thực vật học) ,3055877
definition_duplicate,radm,noun,(military|nautical) .,"(quân sự, thủy thủ) .",3062508
definition_duplicate,draft,noun,(nautical) The depth of water needed to float a particular ship; the depth from the waterline to the bottom of a vessel's hull; the depth of water drawn by a vessel.,"cặn; sự thông gió (ở lò, lò sưởi)",2737010
definition_duplicate,es,noun,(Philippines) .,(âm nhạc) nốt mi,2759433
definition_duplicate,teratological,adjective,(teratology) Of abnormal growth or structure of a fetus or embryo.,(tiểu học) Liên quan đến teratology.,3174038
definition_duplicate,walkmen,noun,(uncommon),walkmen (không thường dùng),3241500
definition_duplicate,worra,contraction,(chiefly|Scouse) .,(chủ yếu ở Liverpool) ,3253484
definition_duplicate,-al,suffix,Of or pertaining to.,Thuộc về; liên quan tới.,2557683
definition_duplicate,-bility,suffix,(in certain restricted contexts of word formation),(trong một số bối cảnh hạn chế của quá trình tạo từ),2557797
definition_duplicate,-een,suffix,(Ireland),(Ái-len),2557990
definition_duplicate,-en,suffix,(obsolete),(lãnh lạc),2558007
definition_duplicate,-en,suffix,(obsolete),(lãnh lạc),2558008
definition_duplicate,art,noun,(medicine) .,nghệ thuật; mỹ thuật,2597465
definition_duplicate,art,noun,(medicine) .,nghệ thuật; mỹ thuật,2597466
definition_duplicate,art,noun,(medicine) .,nghệ thuật; mỹ thuật,2597467
definition_duplicate,art,noun,(medicine) .,nghệ thuật; mỹ thuật,2597468
definition_duplicate,art,noun,(medicine) .,nghệ thuật; mỹ thuật,2597469
definition_duplicate,art,noun,(medicine) .,nghệ thuật; mỹ thuật,2597470
definition_duplicate,art,noun,(medicine) .,nghệ thuật; mỹ thuật,2597471
definition_duplicate,biotics,noun,(ethics) The promotion of enjoyment and the reduction of suffering.,(tâm lý đạo đức) Khuyến khích sự hưởng thụ và giảm bớt nỗi đau.,2625657
definition_duplicate,bispherical,adjective,(geometry) Composed of two spheres.,"Bisferic (toán học, gồm hai quả cầu)",2626772
definition_duplicate,blockage,noun,"(biology|medicine) of a (especially that of a or ), or the thing that is causing it; as:",sự bao vây; tình trang bị bao vây,2629713
definition_duplicate,pound,noun,Various non-English units of measure.,chỗ nhốt chó mèo lạc; nơi giam giữ xe (xe bất hợp pháp),3035831
definition_duplicate,by,preposition,: According to.,"gần, cạnh, kế, bên",2646246
definition_duplicate,geomatic,adjective,Of or pertaining to geomatics.,géomatique,2800200
definition_duplicate,cbt,noun,(law) .,"(quyền luật, đếm được).",2657444
definition_duplicate,cda,noun,(legal) .,cda (pháp lý): .,2657633
definition_duplicate,cda,noun,(legal) .,cda (pháp lý): .,2657634
definition_duplicate,chaunter,noun,The chanter or flute of a bagpipe.,người chơi sáo của một bộ sáo dân gian.,2662507
definition_duplicate,cinnabar,noun,"(countable) A species of erebid moth, , having red patches on its predominantly black wings.",thủy ngân sulfua (Hgs),2669917
definition_duplicate,clo,noun,(finance) .,"(y học, có thể đếm được) .",2673838
definition_duplicate,cuckoo,noun,(slang) Someone who is crazy.,(động vật học) chim cu cu,2701659
definition_duplicate,revive,verb,(figurative),"làm sống lại, hồi sinh; phục hồi (phong tục...); đem thi hành lại, ban hành lại (một đạo luật) làm cho trở nên đậm đà, làm cho vui vẻ hơn trước (cuộc nói chuyện...)",3081027
definition_duplicate,dcfc,noun,(countable|automotive) .,(ô tô) . (đếm được),2709689
definition_duplicate,dfa,noun,(education) .,(giáo dục) .,2721460
definition_duplicate,heterotropically,adverb,In a heterotropic manner,(kim loại học) tungstate chứa hai ion kim loại khác nhau,2828202
definition_duplicate,saccus,noun,(botany) A bladder or winglike structure found on the pollen grains of many species of conifer. The shape or number of the sacci on a pollen grain can help identify the species it came from.,đốt bụng (của một sồ côn trùng đực),3091742
definition_duplicate,shame,interjection,"A cry of admonition for the subject of a speech, either to denounce the speaker or to agree with the speaker's denunciation of some person or matter; often used reduplicated, especially in political debates.","làm nhục, làm ô danh",3111818
definition_duplicate,splatterdash,noun,A spangle; a sparkly decoration.,Điểm sáng; Đồ trang trí lấp lánh,3136722
definition_duplicate,rsd,noun,(medicine) .,(medicine) .,3088895
definition_duplicate,rsd,noun,(medicine) .,(medicine) .,3088896
definition_duplicate,sar,noun,(biology) .,(biology) .,3095040
definition_duplicate,ritha,noun,"A South Asian catfish,",Cá mèo Nam Á.,3084640
definition_duplicate,aca,noun,(military) .,aca (quân sự): ,2563705
definition_duplicate,manketti,noun,mongongo,mongongo,2907613
definition_duplicate,whaddya,contraction,(slang) .,(lóng ngạn ngữ) Đôi khi.,3246480
definition_duplicate,omw,interjection,(Internet slang) .,(Internet slang) .,2979420
definition_duplicate,them,pronoun,(sometimes|proscribed),"chúng, chúng nó, họ",3177145
definition_duplicate,upright,noun,(informal),"trụ đứng, cột đứng, sào đứng",3228746
definition_duplicate,upright,noun,(informal),"trụ đứng, cột đứng, sào đứng",3228747
definition_duplicate,uranian,adjective,(mineralogy) Containing hexavalent uranium.,(khoa học hóa) Chứa urani trong các giá trị valence cao hơn so với hợp chất uranous.,3229296
definition_duplicate,used,adjective,That has or have previously been owned by someone else.,"cũ, dùng rồi (quần áo, ô tô..)",3230232
definition_duplicate,ut,noun,(India) .,"nốt út, nốt đồ",3230515
definition_duplicate,waiver,verb,"(transitive) To waive (to relinquish, to forego).","giấy từ bỏ, giấy khước từ",3241199
definition_duplicate,ye'll,contraction,(archaic|informal) .,"(chủ yếu, cổ điển, ngoài, Ireland) .",3257039
definition_duplicate,abc,noun,(psychology) .,bảng mẫu tự La Mã; bảng chữ cái,2561632
definition_duplicate,bat,noun,: a principle applying to regulations on limiting pollutant discharges.,"(thể dục,thể thao) gậy (bóng chày, crikê); (từ cổ,nghĩa cổ) vợt (quần vợt)",2614058
definition_duplicate,billhook,noun,(often written as bill-hook) A part of the knotting mechanism in a reaper-binder or baler (agricultural machinery).,dụng cụ dùng để tỉa cây,2623229
definition_duplicate,enough,adverb,Fully; quite; .,"( enough for somebody / something ) ( enough to do something / for doing something ) (dùng sau động từ, tính từ, phó từ) đạt tới mức độ thoả mãn; đủ",2754427
definition_duplicate,nosebleed,noun,(Philippines|figurative|slang) Mental overload .,sự chảy máu từ mũi ra; sự chảy máu cam,2971122
definition_duplicate,par,noun,(genetics) .,"giá danh nghĩa (in trên chứng khoán, cổ phiếu) như par value",2998874
