word,frequency_rank,definition_order,pos,level,definition_en,definition_vi,pronunciations,example_en,example_vi
be,,1,verb,beginner,(auxiliary),"(bất qui tắc) nội động từ & trợ động từ (số ít was , số nhiều were , been )",US:/biː/ | US:/bi/ | US:/bi/ | US:/beɪ/,The dog was saved by the boy.,Con chó được cứu bởi cậu bé.
be,,2,verb,beginner,(auxiliary),"thì, là",US:/biː/ | US:/bi/ | US:/bi/ | US:/beɪ/,The dog was saved by the boy.,Con chó được cứu bởi cậu bé.
be,,3,verb,beginner,(formal),"có, tồn tại, ở, sống",US:/biː/ | US:/bi/ | US:/bi/ | US:/beɪ/,I am to leave tomorrow.,Tôi sẽ rời đi vào ngày mai.
be,,4,verb,beginner,(formal),"trở nên, trở thành",US:/biː/ | US:/bi/ | US:/bi/ | US:/beɪ/,I am to leave tomorrow.,Tôi sẽ rời đi vào ngày mai.
be,,5,verb,beginner,"(AAVE|Caribbean|Ireland|auxiliary|not conjugated) To tend to do, often do;","xảy ra, diễn ra",US:/biː/ | US:/bi/ | US:/bi/ | US:/beɪ/,,
be,,6,verb,beginner,"(AAVE|Caribbean|Ireland|auxiliary|not conjugated) To tend to do, often do;",khó ở,US:/biː/ | US:/bi/ | US:/bi/ | US:/beɪ/,,
be,,7,verb,beginner,(with To exist.,kinh sợ,US:/biː/ | US:/bi/ | US:/bi/ | US:/beɪ/,There is just one woman in town who can help us.,Trong thị trấn này chỉ có một phụ nữ có thể giúp chúng tôi.
be,,8,verb,beginner,(with To exist.,rét thấu xương,US:/biː/ | US:/bi/ | US:/bi/ | US:/beɪ/,There is just one woman in town who can help us.,Trong thị trấn này chỉ có một phụ nữ có thể giúp chúng tôi.
be,,9,verb,beginner,(with To exist.,rộng,US:/biː/ | US:/bi/ | US:/bi/ | US:/beɪ/,There is just one woman in town who can help us.,Trong thị trấn này chỉ có một phụ nữ có thể giúp chúng tôi.
be,,10,verb,beginner,(with To exist.,từc,US:/biː/ | US:/bi/ | US:/bi/ | US:/beɪ/,There is just one woman in town who can help us.,Trong thị trấn này chỉ có một phụ nữ có thể giúp chúng tôi.
be,,11,verb,beginner,(with To exist.,từc là,US:/biː/ | US:/bi/ | US:/bi/ | US:/beɪ/,There is just one woman in town who can help us.,Trong thị trấn này chỉ có một phụ nữ có thể giúp chúng tôi.
be,,12,verb,beginner,"(colloquial|humorous) To have (a condition, especially a mental or physical disability).",ở,US:/biː/ | US:/bi/ | US:/bi/ | US:/beɪ/,He’s a little autism.,Anh ấy có một chút tự kỷ.
be,,13,verb,beginner,"(colloquial|humorous) To have (a condition, especially a mental or physical disability).","(thông tục, hài hước) Có (một tình trạng, đặc biệt là một tình trạng khuyết tật tâm lý hoặc thể chất).",US:/biː/ | US:/bi/ | US:/bi/ | US:/beɪ/,He’s a little autism.,Anh ấy có một chút tự kỷ.
be,,14,verb,beginner,(with a cardinal numeral),(với một số lượng chỉ số),US:/biː/ | US:/bi/ | US:/bi/ | US:/beɪ/,I’m 20 (years old).,Đó là gần tám giờ (trước).
be,,15,verb,beginner,(with a,(với một),US:/biː/ | US:/bi/ | US:/bi/ | US:/beɪ/,It is almost eight (o’clock).,Đó là gần tám giờ (trước).
be,,16,verb,beginner,(with,(với),US:/biː/ | US:/bi/ | US:/bi/ | US:/beɪ/,"It has been three years since my grandmother died. (similar to ""My grandmother died three years ago"", but emphasizes the intervening period)","Đã qua ba năm kể từ khi bà ngoại tôi mất. (tương đương với 'Bà ngoại tôi mất ba năm trước', nhưng nhấn mạnh khoảng thời gian trôi qua)"
be,,17,verb,beginner,(rare|and|regional|chiefly|in the past tense),"(khan hiếm, và, địa phương, chủ yếu, trong quá khứ)",US:/biː/ | US:/bi/ | US:/bi/ | US:/beɪ/,I saw her Monday was a week: I saw her a week ago last Monday (a week before last Monday).,Tôi gặp cô ấy vào thứ Hai tuần trước: Tôi gặp cô ấy một tuần trước vào Chủ nhật vừa qua (một tuần trước Chủ nhật vừa qua).
be,,18,verb,beginner,To pass or spend (time).,Để dành thời gian.,US:/biː/ | US:/bi/ | US:/bi/ | US:/beɪ/,"and when he compares both sides, he will be some time at a loss to fix any determination.","Khi anh ta so sánh cả hai bên, anh ta sẽ mất một lúc để quyết định."
be,,19,verb,beginner,To take a period of time.,Để nghỉ ngơi trong một khoảng thời gian.,US:/biː/ | US:/bi/ | US:/bi/ | US:/beɪ/,,
be,,20,verb,beginner,(often|impersonal|with,"bị (thông thường, không cá nhân, với)",US:/biː/ | US:/bi/ | US:/bi/ | US:/beɪ/,"It is hot in Arizona, but it is not usually humid.","Arizona nóng, nhưng không thường xuyên ẩm thấp."
be,,21,verb,beginner,(dynamic / lexical be|especially in progressive tenses|conjugated non-suppletively in the present tense|see usage notes) To exist or behave in a certain way.,"trở thành (động từ / từ ngữ be, đặc biệt trong các hình thức tiến, được động từ hiện tại chia không thay đổi nghĩa, xem chú thích về cách sử dụng)",US:/biː/ | US:/bi/ | US:/bi/ | US:/beɪ/,"""What do we do?"" ""We be ourselves.""","""Chúng ta làm gì?"" ""Chúng ta chỉ cần là chính mình."""
be,,22,verb,beginner,(dynamic / lexical be|especially in progressive tenses|conjugated non-suppletively in the present tense|see usage notes) To exist or behave in a certain way.,"trở thành (động từ / từ ngữ be, đặc biệt trong các hình thức tiến, được động từ hiện tại chia không thay đổi nghĩa, xem chú thích về cách sử dụng)",US:/biː/ | US:/bi/ | US:/bi/ | US:/beɪ/,"""What do we do?"" ""We be ourselves.""","""Chúng ta nên làm gì?"" ""Chúng ta chỉ cần làm chính mình."""
be,,23,verb,beginner,"(now|usually|literary) To exist; to have real existence, to be alive.","trở thành (nay, thường, văn học) tồn tại; có thực sự tồn tại, sống",US:/biː/ | US:/bi/ | US:/bi/ | US:/beɪ/,The Universe has no explanation: it just is.,Thế giới không cần giải thích: nó chỉ tồn tại vậy.
be,,24,verb,beginner,To remain undisturbed in a certain state or situation.,"trở thành (nay, thường, văn học) tồn tại; có thực sự tồn tại, sống",US:/biː/ | US:/bi/ | US:/bi/ | US:/beɪ/,Let them be for a few hours.,Để họ yên cho vài giờ.
be,,25,verb,beginner,To occupy a place.,"trở thành (nay, thường, văn học) tồn tại; có thực sự tồn tại, sống",US:/biː/ | US:/bi/ | US:/bi/ | US:/beɪ/,The cup is on the table.,Cốc đang trên bàn.
be,,26,verb,beginner,"To occur, to take place.","trở thành (nay, thường, văn học) tồn tại; có thực sự tồn tại, sống",US:/biː/ | US:/bi/ | US:/bi/ | US:/beɪ/,When will the meeting be?,Họp sẽ vào lúc nào?
be,,27,verb,beginner,(in perfect tenses),trở thành (trong hoàn hảo),US:/biː/ | US:/bi/ | US:/bi/ | US:/beɪ/,"The postman has been today, but my tickets have still not yet come.","Bưu sĩ đã đến hôm nay, nhưng vé của tôi vẫn chưa đến."
be,,28,preposition,beginner,(dialectal|possibly|dated) .,"bị (địa phương, có thể, đã cũ) .",US:/biː/ | US:/bi/ | US:/bi/ | US:/beɪ/,O ful tru un pertikler akeawnt o... th' greyt Eggshibishun. Be o felley fro Rachde.,O ful tru một tài khoản nào... về Trứng Trắng. Hãy là một người từ Rachi.
be,,29,noun,beginner,The name of the Cyrillic script letter Б / б,bị (tiếng Cyrillic chữ cái) Б / б,US:/biː/ | US:/bi/ | US:/bi/ | US:/beɪ/,,
be,,30,noun,beginner,(paraphilia) .,bị (paraphilia) .,US:/biː/ | US:/bi/ | US:/bi/ | US:/beɪ/,,
be,,31,adjective,beginner,(medicine) .,bị (y tế) .,US:/biː/ | US:/bi/ | US:/bi/ | US:/beɪ/,,
have,,1,verb,beginner,"(transitive) To possess, own.",có,US:/həv/ | US:/hæv/ | US:/heɪv/,I have a house and a car.,我有一栋房子和一辆汽车。
have,,2,verb,beginner,"(transitive) To hold, as something at someone's disposal.","( + from) nhận được, biết được",US:/həv/ | US:/hæv/ | US:/heɪv/,Look what I have here—a frog I found on the street!,看我这里有什么——我在街上发现的一只青蛙！
have,,3,verb,beginner,"(transitive) To include as a part, ingredient, or feature.",ăn; uống; hút,US:/həv/ | US:/hæv/ | US:/heɪv/,The stove has a handle. The shirt has sleeves.,炉子有一个把手。衬衫有袖子。
have,,4,verb,beginner,(transitive) .,hưởng; bị,US:/həv/ | US:/hæv/ | US:/heɪv/,I have two sisters.,Tôi có hai chị gái.
have,,5,verb,beginner,"(transitive) To consume or use up (a particular substance or resource, especially food or drink).",cho phép; muốn (ai làm gì),US:/həv/ | US:/hæv/ | US:/heɪv/,I have breakfast at six o'clock.,Tôi ăn sáng lúc sáu giờ.
have,,6,verb,beginner,(transitive) To undertake or perform (an action or activity).,"biết, hiểu; nhớ",US:/həv/ | US:/hæv/ | US:/heɪv/,Can I have a look at that?,Tôi có thể xem qua đó được không?
have,,7,verb,beginner,"(transitive) To be scheduled to attend, undertake or participate in.","( + to) phải, có bổn phận phải, bắt buộc phải",US:/həv/ | US:/hæv/ | US:/heɪv/,What class do you have right now? I have English.,Lớp học của bạn bây giờ là gì? Tôi có môn Anh văn.
have,,8,verb,beginner,"(transitive) To experience, go through, undergo.","nói, cho là, chủ trương; tin chắc là",US:/həv/ | US:/hæv/ | US:/heɪv/,"We had a hard year last year, with the locust swarms and all that.","Năm ngoái chúng tôi có một năm khó khăn, với những đàn kiến và tất cả những điều khác."
have,,9,verb,beginner,"(transitive) To be afflicted with, suffer from.","thắng, thắng thế",US:/həv/ | US:/hæv/ | US:/heɪv/,He had a cold last week.,Anh ấy bị cảm vào tuần trước.
have,,10,verb,beginner,"(auxiliary verb, taking a past participle)","tóm, nắm, nắm chặt ((nghĩa đen) & (nghĩa bóng))",US:/həv/ | US:/hæv/ | US:/heɪv/,I have already eaten today.,Tôi đã ăn sáng hôm nay.
have,,11,verb,beginner,"(auxiliary verb, taking a past participle)","sai khiến, nhờ, bảo, bắt (ai làm gì...)",US:/həv/ | US:/hæv/ | US:/heɪv/,I have already eaten today.,Tôi đã ăn hôm nay rồi.
have,,12,verb,beginner,"(auxiliary verb, taking a to-infinitive) See have to.","(từ lóng) bịp, lừa bịp",US:/həv/ | US:/hæv/ | US:/heɪv/,I have to go.,Tôi phải đi.
have,,13,verb,beginner,(transitive) To give birth to.,có,US:/həv/ | US:/hæv/ | US:/heɪv/,The couple always wanted to have children.,Cặp đôi này luôn muốn có con.
have,,14,verb,beginner,(informal|usually passive) To obtain.,có,US:/həv/ | US:/hæv/ | US:/heɪv/,The substance you describe can't be had at any price.,Chất liệu bạn mô tả không thể mua được bằng bất kỳ giá nào.
have,,15,verb,beginner,(transitive) To engage in sexual intercourse with.,có,US:/həv/ | US:/hæv/ | US:/heɪv/,He’s always bragging about how many women he’s had.,Anh ta luôn khoe khoang về số lượng phụ nữ anh ta đã có.
have,,16,verb,beginner,(transitive) To accept as a romantic partner.,có,US:/həv/ | US:/hæv/ | US:/heɪv/,"Despite my protestations of love, she would not have me.","Dù tôi đã tuyên bố yêu cô ấy, cô ấy vẫn không chấp nhận tôi."
have,,17,verb,beginner,"To cause to, by a command, request or invitation.",có,US:/həv/ | US:/hæv/ | US:/heɪv/,They had me feed their dog while they were out of town.,Họ nhờ tôi chăm sóc chó của họ khi họ đi công tác.
have,,18,verb,beginner,To cause to be.,có,US:/həv/ | US:/hæv/ | US:/heɪv/,He had him arrested for trespassing.,Anh ta đã bắt người đó vi phạm quy định.
have,,19,verb,beginner,To be affected by an occurrence. (Used in supplying a topic that is a small clause.),có,US:/həv/ | US:/hæv/ | US:/heɪv/,The hospital had several patients contract pneumonia last week.,Bệnh viện đã có nhiều bệnh nhân mắc viêm phổi trong tuần vừa qua.
have,,20,verb,beginner,To depict as being.,có,US:/həv/ | US:/hæv/ | US:/heɪv/,"Their stories differed; he said he’d been at work when the incident occurred, but her statement had him at home that entire evening.","Các câu chuyện của họ khác nhau; anh ấy nói rằng anh ấy đang làm việc khi sự kiện xảy ra, nhưng lời khai của cô ấy cho thấy anh ấy ở nhà cả buổi tối đó."
have,,21,verb,beginner,(Britain|slang|transitive) To defeat in a fight; take.,có,US:/həv/ | US:/hæv/ | US:/heɪv/,I could have him!,Tôi có thể khiến anh ấy!
have,,22,verb,beginner,(Britain|slang|transitive) To inflict punishment or retribution on.,có,US:/həv/ | US:/hæv/ | US:/heɪv/,"When we did a rerecorded version for Top of the Pops, the Musicians' Union bloke said, ""If I think you're making strings sounds out of a synthesiser, I'm going to have you. Video Killed the Radio Star is putting musicians out of business.""","Khi chúng tôi thực hiện bản thu lại cho Top of the Pops, người đại diện công đoàn nhạc sĩ nói: ""Nếu tôi nghĩ rằng các bạn đang tạo ra âm thanh dây bằng synthesizer, tôi sẽ bắt các bạn. Video đã giết đi sự nghiệp của các nhạc sĩ."""
have,,23,verb,beginner,(dated|outside|Ireland|transitive) To be able to speak (a language).,có,US:/həv/ | US:/hæv/ | US:/heɪv/,I have no German.,Tôi không biết tiếng Đức.
have,,24,verb,beginner,(transitive) To feel or be (especially painfully) aware of.,có,US:/həv/ | US:/hæv/ | US:/heɪv/,"Dan certainly has arms today, probably from scraping paint off four columns the day before.","Dan chắc chắn có cánh tay hôm nay, có lẽ là do ông ta đã gỡ sơn từ bốn cột trước một ngày."
have,,25,verb,beginner,"(informal|often passive|transitive) To trick, to deceive.",có,US:/həv/ | US:/hæv/ | US:/heɪv/,I bought a laptop online but it never arrived. I think I've been had!,Tôi mua một máy tính bảng trực tuyến nhưng nó chưa bao giờ đến. Tôi nghĩ mình bị lừa!
have,,26,verb,beginner,(transitive|in the negative|often in continuous tenses) To allow; to tolerate.,có,US:/həv/ | US:/hæv/ | US:/heɪv/,"The child screamed incessantly for his mother to buy him a toy, but she wasn't having any of it.","Con bé kêu incessantly cho mẹ mua đồ chơi, nhưng mẹ không đồng ý."
have,,27,verb,beginner,"(transitive|often used in the negative) To believe, buy, be taken in by.",có,US:/həv/ | US:/hæv/ | US:/heɪv/,"I made up an excuse as to why I was out so late, but my wife wasn't having any of it.","Tôi đã tạo ra một lý do để giải thích tại sao tôi ra ngoài muộn như vậy, nhưng vợ tôi không đồng ý."
have,,28,verb,beginner,(transitive) To host someone; to take in as a guest.,có,US:/həv/ | US:/hæv/ | US:/heɪv/,Thank you for having me!,Cảm ơn vì đã mời tôi!
have,,29,verb,beginner,"(transitive) To get a reading, measurement, or result from an instrument or calculation.",có,US:/həv/ | US:/hæv/ | US:/heɪv/,What do you have for problem two?,Bạn có gì cho bài toán hai?
have,,30,verb,beginner,(transitive|of a jury) To consider a court proceeding that has been completed; to begin deliberations on a case.,có,US:/həv/ | US:/hæv/ | US:/heɪv/,"We’ll schedule closing arguments for Thursday, and the jury will have the case by that afternoon.","Chúng tôi sẽ lên lịch trình bày kết luận vào thứ Năm, và hội đồng sẽ có vụ án vào chiều đó."
have,,31,verb,beginner,(transitive|birdwatching) To make an observation of (a bird species).,có,US:/həv/ | US:/hæv/ | US:/heɪv/,"For some reason, ""I had a Freckled Duck today"" never seems to work as a pick-up line.","Đối với một lý do nào đó, ""Tôi đã ăn một Freckled Duck hôm nay"" không bao giờ hoạt động như một câu nói tán tỉnh."
have,,32,verb,beginner,(transitive) To capture or actively hold someone's attention or interest.,có,US:/həv/ | US:/hæv/ | US:/heɪv/,,
have,,33,verb,beginner,(transitive) To grasp the meaning of; comprehend.,có,US:/həv/ | US:/hæv/ | US:/heɪv/,Ah! Now I have it!,Ah! Bây giờ tôi hiểu!
have,,34,noun,beginner,(idiomatic|usually|contrastive) A wealthy or privileged person.,(từ lóng) sự lừa bịp; hành động lừa bịp,US:/həv/ | US:/hæv/ | US:/heɪv/,A good credit rating can mean the difference between being a have or a have not.,Một tín dụng tốt có thể tạo ra sự khác biệt giữa một người có và một người không có.
have,,35,noun,beginner,(idiomatic|uncommon) One who has some (contextually specified) thing.,(từ lóng) sự lừa bịp; hành động lừa bịp,US:/həv/ | US:/hæv/ | US:/heɪv/,"To find out whether you are a have or a have not, did you understand the malo and Brett sentence a few lines back? If no, this doesn't make any difference to me, as you are the proud possessor of something the 'haves' haven't got. You know exactly what you like and why you like it. The 'haves' pretend to like and understand everything, which by the way is impossible. They deliberate over choosing a bottle in the shop for hours,&nbsp;...","Để xác định xem bạn là một người có hay không có, liệu bạn có hiểu câu văn của Malo và Brett vài dòng trước không? Nếu không, điều này không quan trọng đối với tôi, vì bạn là người tự hào sở hữu điều gì mà những người có không có. Bạn biết rõ những gì bạn thích và tại sao bạn thích nó. Những người có thường giả vờ thích và hiểu mọi thứ, điều này thực tế là không thể. Họ cân nhắc chọn một chai trong cửa hàng trong nhiều giờ,..."
have,,36,noun,beginner,(AU|NZ|informal) A fraud or deception; something misleading.,(từ lóng) sự lừa bịp; hành động lừa bịp,US:/həv/ | US:/hæv/ | US:/heɪv/,"They advertise it as a great deal, but I think it's a bit of a have.","Họ quảng cáo rằng đây là một giao dịch tuyệt vời, nhưng tôi nghĩ rằng đây là một chút của một người có."
do,,1,verb,beginner,(auxiliary),"như trên; cùng một thứ, cùng một loại",US:/də/ | US:/dʊ/ | US:/duː/ | US:/d͡ʒ/ | US:/dy/ | US:/diː/ | US:/dɪ/ | US:/dɪv/ | US:/dəʊ/ | US:/doʊ/ | US:/dəʊ/ | US:/doʊ/,Do you go there often?,Bạn thường xuyên đến đó không?
do,,2,verb,beginner,(auxiliary),"(được dùng nhất là với what , anything , nothing và something , để nói đến các hành động không xác định rõ hay chưa biết) làm",US:/də/ | US:/dʊ/ | US:/duː/ | US:/d͡ʒ/ | US:/dy/ | US:/diː/ | US:/dɪ/ | US:/dɪv/ | US:/dəʊ/ | US:/doʊ/ | US:/dəʊ/ | US:/doʊ/,Do you go there often?,Bạn có đi nơi đó thường xuyên không?
do,,3,verb,beginner,(auxiliary),"(được dùng nhất là với what , anything , nothing và something , để nói đến các hành động không xác định rõ hay chưa biết) làm",US:/də/ | US:/dʊ/ | US:/duː/ | US:/d͡ʒ/ | US:/dy/ | US:/diː/ | US:/dɪ/ | US:/dɪv/ | US:/dəʊ/ | US:/doʊ/ | US:/dəʊ/ | US:/doʊ/,Do you go there often?,Bạn có đi nơi đó thường xuyên không?
do,,4,verb,beginner,(auxiliary),"(được dùng nhất là với what , anything , nothing và something , để nói đến các hành động không xác định rõ hay chưa biết) làm",US:/də/ | US:/dʊ/ | US:/duː/ | US:/d͡ʒ/ | US:/dy/ | US:/diː/ | US:/dɪ/ | US:/dɪv/ | US:/dəʊ/ | US:/doʊ/ | US:/dəʊ/ | US:/doʊ/,Do you go there often?,Bạn có đi nơi đó thường xuyên không?
do,,5,verb,beginner,(pro-verb),"(được dùng nhất là với what , anything , nothing và something , để nói đến các hành động không xác định rõ hay chưa biết) làm",US:/də/ | US:/dʊ/ | US:/duː/ | US:/d͡ʒ/ | US:/dy/ | US:/diː/ | US:/dɪ/ | US:/dɪv/ | US:/dəʊ/ | US:/doʊ/ | US:/dəʊ/ | US:/doʊ/,I play tennis; she does too.,Tôi chơi tennis; cô ấy cũng vậy.
do,,6,verb,beginner,(modal verb|interrogative|informal) to ().,"(được dùng nhất là với what , anything , nothing và something , để nói đến các hành động không xác định rõ hay chưa biết) làm",US:/də/ | US:/dʊ/ | US:/duː/ | US:/d͡ʒ/ | US:/dy/ | US:/diː/ | US:/dɪ/ | US:/dɪv/ | US:/dəʊ/ | US:/doʊ/ | US:/dəʊ/ | US:/doʊ/,Do I just call every number on the list each time?,Bạn chỉ cần gọi mỗi số trong danh sách mỗi lần đúng không?
do,,7,verb,beginner,(dialectal),"(được dùng nhất là với what , anything , nothing và something , để nói đến các hành động không xác định rõ hay chưa biết) làm",US:/də/ | US:/dʊ/ | US:/duː/ | US:/d͡ʒ/ | US:/dy/ | US:/diː/ | US:/dɪ/ | US:/dɪv/ | US:/dəʊ/ | US:/doʊ/ | US:/dəʊ/ | US:/doʊ/,"...An' the dogs do bark, an' the rooks be a-vled to the elems high and dark, an' the water do roar at mill.","…Còn chó thì sủa, chim corvus bay lên cây cao và tối, nước sông thì rì rào ở nhà máy.&nbsp;"
do,,8,verb,beginner,(transitive) To perform; to execute.,"(được dùng nhất là với what , anything , nothing và something , để nói đến các hành động không xác định rõ hay chưa biết) làm",US:/də/ | US:/dʊ/ | US:/duː/ | US:/d͡ʒ/ | US:/dy/ | US:/diː/ | US:/dɪ/ | US:/dɪv/ | US:/dəʊ/ | US:/doʊ/ | US:/dəʊ/ | US:/doʊ/,"If you want something done, do it yourself.","Nếu bạn muốn điều gì đó được làm, hãy làm nó tự mình."
do,,9,verb,beginner,(transitive|obsolete) To cause or make (someone) (do something).,"(được dùng nhất là với what , anything , nothing và something , để nói đến các hành động không xác định rõ hay chưa biết) làm",US:/də/ | US:/dʊ/ | US:/duː/ | US:/d͡ʒ/ | US:/dy/ | US:/diː/ | US:/dɪ/ | US:/dɪv/ | US:/dəʊ/ | US:/doʊ/ | US:/dəʊ/ | US:/doʊ/,"And also my lorde abbot of westmynster ded do shewe to me late, certayn euydences wryton in olde englysshe ;",Và cũng lord abbot của Westminster đã cho tôi xem những bằng chứng viết bằng tiếng Anh cổ; 
do,,10,verb,beginner,(ambitransitive) To suffice.,"(được dùng nhất là với what , anything , nothing và something , để nói đến các hành động không xác định rõ hay chưa biết) làm",US:/də/ | US:/dʊ/ | US:/duː/ | US:/d͡ʒ/ | US:/dy/ | US:/diː/ | US:/dɪ/ | US:/dɪv/ | US:/dəʊ/ | US:/doʊ/ | US:/dəʊ/ | US:/doʊ/,make it do or do without,tự làm hoặc tự bỏ
do,,11,verb,beginner,(intransitive) To be reasonable or acceptable.,"(được dùng nhất là với what , anything , nothing và something , để nói đến các hành động không xác định rõ hay chưa biết) làm",US:/də/ | US:/dʊ/ | US:/duː/ | US:/d͡ʒ/ | US:/dy/ | US:/diː/ | US:/dɪ/ | US:/dɪv/ | US:/dəʊ/ | US:/doʊ/ | US:/dəʊ/ | US:/doʊ/,It simply will not do to have dozens of children running around such a quiet event.,Chỉ đơn giản là không thể có hàng tá trẻ em chạy xung quanh sự kiện yên tĩnh như vậy.
do,,12,verb,beginner,(ditransitive) To have (as an effect).,"(được dùng nhất là với what , anything , nothing và something , để nói đến các hành động không xác định rõ hay chưa biết) làm",US:/də/ | US:/dʊ/ | US:/duː/ | US:/d͡ʒ/ | US:/dy/ | US:/diː/ | US:/dɪ/ | US:/dɪv/ | US:/dəʊ/ | US:/doʊ/ | US:/dəʊ/ | US:/doʊ/,The fresh air did him some good.,Quan hệ của chúng tôi không đang hoạt động tốt;&nbsp; bạn đang làm gì?
do,,13,verb,beginner,"(intransitive) To fare, perform (well or poorly).","(được dùng nhất là với what , anything , nothing và something , để nói đến các hành động không xác định rõ hay chưa biết) làm",US:/də/ | US:/dʊ/ | US:/duː/ | US:/d͡ʒ/ | US:/dy/ | US:/diː/ | US:/dɪ/ | US:/dɪv/ | US:/dəʊ/ | US:/doʊ/ | US:/dəʊ/ | US:/doʊ/,Our relationship isn't doing very well;&nbsp; how do you do?,"Nhựa là các chất giàu năng lượng, đó là lý do tại sao nhiều trong số chúng cháy rất dễ dàng. Loài nào có thể giải phóng và sử dụng năng lượng đó sẽ làm tốt trong Thời đại Người. Vi khuẩn và nấm đất đất có thể thực hiện trò chơi này đã quen thuộc với các chuyên gia trong lĩnh vực này."
do,,14,verb,beginner,(especially|England|intransitive) To well; to ; to ; (of livestock) to .,"(được dùng nhất là với what , anything , nothing và something , để nói đến các hành động không xác định rõ hay chưa biết) làm",US:/də/ | US:/dʊ/ | US:/duː/ | US:/d͡ʒ/ | US:/dy/ | US:/diː/ | US:/dɪ/ | US:/dɪv/ | US:/dəʊ/ | US:/doʊ/ | US:/dəʊ/ | US:/doʊ/,A big framed beast takes a lot of food — expensive food at that [—] to keep it doing,Một con vật lớn khung lớn đòi hỏi một lượng thức ăn lớn — thức ăn đắt đỏ — để duy trì hoạt động.
do,,15,verb,beginner,(transitive|chiefly|in questions) To have as one's job.,"(được dùng nhất là với what , anything , nothing và something , để nói đến các hành động không xác định rõ hay chưa biết) làm",US:/də/ | US:/dʊ/ | US:/duː/ | US:/d͡ʒ/ | US:/dy/ | US:/diː/ | US:/dɪ/ | US:/dɪv/ | US:/dəʊ/ | US:/doʊ/ | US:/dəʊ/ | US:/doʊ/,What does Bob do? — He's a plumber.,Bob làm gì? — Anh ấy là thợ nước.
do,,16,verb,beginner,(transitive) To perform the tasks or actions associated with (something).,"(được dùng nhất là với what , anything , nothing và something , để nói đến các hành động không xác định rõ hay chưa biết) làm",US:/də/ | US:/dʊ/ | US:/duː/ | US:/d͡ʒ/ | US:/dy/ | US:/diː/ | US:/dɪ/ | US:/dɪv/ | US:/dəʊ/ | US:/doʊ/ | US:/dəʊ/ | US:/doʊ/,Don't forget to do your report!,Đừng quên làm báo cáo!
do,,17,verb,beginner,(transitive) To cook.,"(được dùng nhất là với what , anything , nothing và something , để nói đến các hành động không xác định rõ hay chưa biết) làm",US:/də/ | US:/dʊ/ | US:/duː/ | US:/d͡ʒ/ | US:/dy/ | US:/diː/ | US:/dɪ/ | US:/dɪv/ | US:/dəʊ/ | US:/doʊ/ | US:/dəʊ/ | US:/doʊ/,I'll just do some eggs.,Tôi chỉ muốn làm vài quả trứng.
do,,18,verb,beginner,"(transitive) To travel in or through, to tour, to make a circuit of.","(được dùng nhất là với what , anything , nothing và something , để nói đến các hành động không xác định rõ hay chưa biết) làm",US:/də/ | US:/dʊ/ | US:/duː/ | US:/d͡ʒ/ | US:/dy/ | US:/diː/ | US:/dɪ/ | US:/dɪv/ | US:/dəʊ/ | US:/doʊ/ | US:/dəʊ/ | US:/doʊ/,Let’s do New York also.,Hãy làm New York cũng vậy.
do,,19,verb,beginner,(transitive) To treat in a certain way.,"(được dùng nhất là với what , anything , nothing và something , để nói đến các hành động không xác định rõ hay chưa biết) làm",US:/də/ | US:/dʊ/ | US:/duː/ | US:/d͡ʒ/ | US:/dy/ | US:/diː/ | US:/dɪ/ | US:/dɪv/ | US:/dəʊ/ | US:/doʊ/ | US:/dəʊ/ | US:/doʊ/,"They did me well, I assure you—uncommon well: Bollinger of '84; green chartreuse fit for a prince;","Họ đã làm cho tôi rất tốt, tôi đảm bảo với bạn—khác thường tốt: Bollinger của '84; xanh chartreuse phù hợp cho hoàng tử;"
do,,20,verb,beginner,"(transitive) To work for or on, by way of caring for, looking after, preparing, cleaning, keeping in order, etc.","(được dùng nhất là với what , anything , nothing và something , để nói đến các hành động không xác định rõ hay chưa biết) làm",US:/də/ | US:/dʊ/ | US:/duː/ | US:/d͡ʒ/ | US:/dy/ | US:/diː/ | US:/dɪ/ | US:/dɪv/ | US:/dəʊ/ | US:/doʊ/ | US:/dəʊ/ | US:/doʊ/,"The woman-who-did did not do very well, Juliet thought.","Người phụ nữ-đã làm không làm tốt lắm, Juliet nghĩ."
do,,21,verb,beginner,(intransitive|obsolete) To act or behave in a certain manner; to conduct oneself.,"(được dùng nhất là với what , anything , nothing và something , để nói đến các hành động không xác định rõ hay chưa biết) làm",US:/də/ | US:/dʊ/ | US:/duː/ | US:/d͡ʒ/ | US:/dy/ | US:/diː/ | US:/dɪ/ | US:/dɪv/ | US:/dəʊ/ | US:/doʊ/ | US:/dəʊ/ | US:/doʊ/,,
do,,22,verb,beginner,(transitive) To spend (time) in jail. (See also do time),"(được dùng nhất là với what , anything , nothing và something , để nói đến các hành động không xác định rõ hay chưa biết) làm",US:/də/ | US:/dʊ/ | US:/duː/ | US:/d͡ʒ/ | US:/dy/ | US:/diː/ | US:/dɪ/ | US:/dɪv/ | US:/dəʊ/ | US:/doʊ/ | US:/dəʊ/ | US:/doʊ/,I did five years for armed robbery.,Tôi đã bị án năm năm vì tội trộm cướp vũ khí.
do,,23,verb,beginner,(transitive) To impersonate or depict.,"(được dùng nhất là với what , anything , nothing và something , để nói đến các hành động không xác định rõ hay chưa biết) làm",US:/də/ | US:/dʊ/ | US:/duː/ | US:/d͡ʒ/ | US:/dy/ | US:/diː/ | US:/dɪ/ | US:/dɪv/ | US:/dəʊ/ | US:/doʊ/ | US:/dəʊ/ | US:/doʊ/,"They really laughed when he did Clinton, with a perfect accent and a leer.",Họ cười rất lớn khi anh ấy đóng Clinton với giọng điệu hoàn hảo và nụ cười tà ác.
do,,24,verb,beginner,"(transitive|with 'a' and the name of a person, place, event, etc.) To copy or emulate the actions or behaviour that is associated with the person or thing mentioned.","(được dùng nhất là với what , anything , nothing và something , để nói đến các hành động không xác định rõ hay chưa biết) làm",US:/də/ | US:/dʊ/ | US:/duː/ | US:/d͡ʒ/ | US:/dy/ | US:/diː/ | US:/dɪ/ | US:/dɪv/ | US:/dəʊ/ | US:/doʊ/ | US:/dəʊ/ | US:/doʊ/,He did a Henry VIII and got married six times.,Anh ấy đã làm Henry VIII và kết hôn sáu lần.
do,,25,verb,beginner,(transitive|slang) To kill.,"(được dùng nhất là với what , anything , nothing và something , để nói đến các hành động không xác định rõ hay chưa biết) làm",US:/də/ | US:/dʊ/ | US:/duː/ | US:/d͡ʒ/ | US:/dy/ | US:/diː/ | US:/dɪ/ | US:/dɪv/ | US:/dəʊ/ | US:/doʊ/ | US:/dəʊ/ | US:/doʊ/,"About a year ago, a boy name Brandon got got here in Baltimore. Stuck and burned before he passed. Wasn't no need for y'all to do him the way y'all did.","Khoảng một năm trước, một cậu bé tên là Brandon đến Baltimore. Anh ta bị mắc kẹt và bị thương trước khi qua đời. Không cần thiết gì hết cho các bạn khi đối xử với anh ấy như vậy."
do,,26,verb,beginner,(transitive|slang) To deal with for good and all; to finish up; to undo; to ruin; to do for.,"(được dùng nhất là với what , anything , nothing và something , để nói đến các hành động không xác định rõ hay chưa biết) làm",US:/də/ | US:/dʊ/ | US:/duː/ | US:/d͡ʒ/ | US:/dy/ | US:/diː/ | US:/dɪ/ | US:/dɪv/ | US:/dəʊ/ | US:/doʊ/ | US:/dəʊ/ | US:/doʊ/,"Sometimes they lie in wait in these dark streets, and fracture his skull, or break his arm, or cut the sinew of his wrist; and that they call doing him.","Thỉnh thoảng họ ngồi chờ trong những con hẻm tối, và gãy xương trán của anh ấy, hoặc gãy tay anh ấy, hoặc cắt dây thần kinh ở cổ tay; và đó là điều họ gọi là đối xử với anh ấy."
do,,27,verb,beginner,(transitive|informal) To punish for a misdemeanor.,"(được dùng nhất là với what , anything , nothing và something , để nói đến các hành động không xác định rõ hay chưa biết) làm",US:/də/ | US:/dʊ/ | US:/duː/ | US:/d͡ʒ/ | US:/dy/ | US:/diː/ | US:/dɪ/ | US:/dɪv/ | US:/dəʊ/ | US:/doʊ/ | US:/dəʊ/ | US:/doʊ/,He got done for speeding.,anh ta bị bắt giữ vì lái xe quá tốc độ quy định
do,,28,verb,beginner,(transitive|slang) To have sex with. (See also ),"(được dùng nhất là với what , anything , nothing và something , để nói đến các hành động không xác định rõ hay chưa biết) làm",US:/də/ | US:/dʊ/ | US:/duː/ | US:/d͡ʒ/ | US:/dy/ | US:/diː/ | US:/dɪ/ | US:/dɪv/ | US:/dəʊ/ | US:/doʊ/ | US:/dəʊ/ | US:/doʊ/,"one day I did her on the kitchen table, and several times on the dining-room table.","Một ngày nào đó tôi đã làm tình với cô ấy trên bàn ăn bếp, và vài lần khác trên bàn ăn phòng khách."
do,,29,verb,beginner,(transitive) To cheat or swindle.,"(được dùng nhất là với what , anything , nothing và something , để nói đến các hành động không xác định rõ hay chưa biết) làm",US:/də/ | US:/dʊ/ | US:/duː/ | US:/d͡ʒ/ | US:/dy/ | US:/diː/ | US:/dɪ/ | US:/dɪv/ | US:/dəʊ/ | US:/doʊ/ | US:/dəʊ/ | US:/doʊ/,That guy just did me out of two hundred bucks!,Người đàn ông đó vừa làm tôi mất hai trăm đô la!
do,,30,verb,beginner,"(transitive) To convert into a certain form; especially, to translate.","(được dùng nhất là với what , anything , nothing và something , để nói đến các hành động không xác định rõ hay chưa biết) làm",US:/də/ | US:/dʊ/ | US:/duː/ | US:/d͡ʒ/ | US:/dy/ | US:/diː/ | US:/dɪ/ | US:/dɪv/ | US:/dəʊ/ | US:/doʊ/ | US:/dəʊ/ | US:/doʊ/,the novel has just been done into English;&nbsp; I'm going to do this play into a movie,Sách đã được dịch sang tiếng Anh; tôi sẽ chuyển kịch bản này thành phim.
do,,31,verb,beginner,(ambitransitive) To finish.,"(được dùng nhất là với what , anything , nothing và something , để nói đến các hành động không xác định rõ hay chưa biết) làm",US:/də/ | US:/dʊ/ | US:/duː/ | US:/d͡ʒ/ | US:/dy/ | US:/diː/ | US:/dɪ/ | US:/dɪv/ | US:/dəʊ/ | US:/doʊ/ | US:/dəʊ/ | US:/doʊ/,,
do,,32,verb,beginner,"(transitive|finance) To cash or to advance money for, as a bill or note.","(được dùng nhất là với what , anything , nothing và something , để nói đến các hành động không xác định rõ hay chưa biết) làm",US:/də/ | US:/dʊ/ | US:/duː/ | US:/d͡ʒ/ | US:/dy/ | US:/diː/ | US:/dɪ/ | US:/dɪv/ | US:/dəʊ/ | US:/doʊ/ | US:/dəʊ/ | US:/doʊ/,,
do,,33,verb,beginner,(ditransitive|informal) To make or provide.,"(được dùng nhất là với what , anything , nothing và something , để nói đến các hành động không xác định rõ hay chưa biết) làm",US:/də/ | US:/dʊ/ | US:/duː/ | US:/d͡ʒ/ | US:/dy/ | US:/diː/ | US:/dɪ/ | US:/dɪv/ | US:/dəʊ/ | US:/doʊ/ | US:/dəʊ/ | US:/doʊ/,Could you do me a burger with mayonnaise instead of ketchup?,Bạn có thể làm cho tôi một hamburger với mayonnaise thay vì ketchup?
do,,34,verb,beginner,(transitive|informal) To provide as a service.,"(được dùng nhất là với what , anything , nothing và something , để nói đến các hành động không xác định rõ hay chưa biết) làm",US:/də/ | US:/dʊ/ | US:/duː/ | US:/d͡ʒ/ | US:/dy/ | US:/diː/ | US:/dɪ/ | US:/dɪv/ | US:/dəʊ/ | US:/doʊ/ | US:/dəʊ/ | US:/doʊ/,Do they do haircuts there?,Họ có làm tóc không?
do,,35,verb,beginner,(transitive|informal) To injure (one's own body part).,"(được dùng nhất là với what , anything , nothing và something , để nói đến các hành động không xác định rõ hay chưa biết) làm",US:/də/ | US:/dʊ/ | US:/duː/ | US:/d͡ʒ/ | US:/dy/ | US:/diː/ | US:/dɪ/ | US:/dɪv/ | US:/dəʊ/ | US:/doʊ/ | US:/dəʊ/ | US:/doʊ/,"""Defender Kolo Toure admitted Given will be a loss, but gave his backing to Nielsen. 'I think he's done his shoulder,' said the Ivorian.""","""Đối tác Kolo Toure thừa nhận rằng Given sẽ là một mất mát, nhưng anh ấy ủng hộ Nielsen. 'Tôi nghĩ anh ấy đã làm tổn thương vai,' người Ivorian nói."""
do,,36,verb,beginner,(transitive) To take (a drug).,"(được dùng nhất là với what , anything , nothing và something , để nói đến các hành động không xác định rõ hay chưa biết) làm",US:/də/ | US:/dʊ/ | US:/duː/ | US:/d͡ʒ/ | US:/dy/ | US:/diː/ | US:/dɪ/ | US:/dɪv/ | US:/dəʊ/ | US:/doʊ/ | US:/dəʊ/ | US:/doʊ/,I do cocaine.,Tôi sử dụng cocain.
do,,37,verb,beginner,(transitive|in the form be doing [somewhere]) To exist with a purpose or for a reason.,"(được dùng nhất là với what , anything , nothing và something , để nói đến các hành động không xác định rõ hay chưa biết) làm",US:/də/ | US:/dʊ/ | US:/duː/ | US:/d͡ʒ/ | US:/dy/ | US:/diː/ | US:/dɪ/ | US:/dɪv/ | US:/dəʊ/ | US:/doʊ/ | US:/dəʊ/ | US:/doʊ/,What's that car doing in our swimming pool?,Xe hơi đó đang làm gì trong bể bơi của chúng tôi?
do,,38,verb,beginner,"(informal|transitive) To drive a vehicle at a certain speed, especially in regard to a speed limit.","(được dùng nhất là với what , anything , nothing và something , để nói đến các hành động không xác định rõ hay chưa biết) làm",US:/də/ | US:/dʊ/ | US:/duː/ | US:/d͡ʒ/ | US:/dy/ | US:/diː/ | US:/dɪ/ | US:/dɪv/ | US:/dəʊ/ | US:/doʊ/ | US:/dəʊ/ | US:/doʊ/,He was doing 50 [miles per hour] in a school zone.,Anh ấy đang chạy với tốc độ 50 dặm/giờ trong khu vực trường học.
do,,39,verb,beginner,"(DoggoLingo|used with nouns, verbs, and adjective) To perform something suggested by a following noun, verb, or adjective.","(được dùng nhất là với what , anything , nothing và something , để nói đến các hành động không xác định rõ hay chưa biết) làm",US:/də/ | US:/dʊ/ | US:/duː/ | US:/d͡ʒ/ | US:/dy/ | US:/diː/ | US:/dɪ/ | US:/dɪv/ | US:/dəʊ/ | US:/doʊ/ | US:/dəʊ/ | US:/doʊ/,did a listen&nbsp;&nbsp;do someone a frighten&nbsp;&nbsp;doing her a cute,"Anh ấy đã nghe một cái gì đó, làm cho ai đó sợ hãi, làm cho cô ấy trở nên đáng yêu"
do,,40,noun,beginner,"(UK|informal) A party, celebration, social function; usually of moderate size and formality.","bữa tiệc, bữa liên hoan; cái kể trên, cái như trên; cái cùng một thứ, cái cùng loại",US:/də/ | US:/dʊ/ | US:/duː/ | US:/d͡ʒ/ | US:/dy/ | US:/diː/ | US:/dɪ/ | US:/dɪv/ | US:/dəʊ/ | US:/doʊ/ | US:/dəʊ/ | US:/doʊ/,We’re having a bit of a do on Saturday to celebrate my birthday.,Chúng tôi sẽ có một buổi tiệc vào thứ Bảy để kỷ niệm sinh nhật của tôi.
do,,41,noun,beginner,(informal) .,trò bịp bợm; trò bất lương,US:/də/ | US:/dʊ/ | US:/duː/ | US:/d͡ʒ/ | US:/dy/ | US:/diː/ | US:/dɪ/ | US:/dɪv/ | US:/dəʊ/ | US:/doʊ/ | US:/dəʊ/ | US:/doʊ/,Nice do!,Đẹp tóc!
do,,42,noun,beginner,(chiefly|fossilized) Something that can or should be done.,như doh,US:/də/ | US:/dʊ/ | US:/duː/ | US:/d͡ʒ/ | US:/dy/ | US:/diː/ | US:/dɪ/ | US:/dɪv/ | US:/dəʊ/ | US:/doʊ/ | US:/dəʊ/ | US:/doʊ/,Don’t forget the dos and don’ts.,Chớ quên quy tắc 'được' và 'không được'.
do,,43,noun,beginner,(chiefly|obsolete|fossilized|_|in|_|the|_|UK) Something that has been done.,số nhiều là dos hoặc do's,US:/də/ | US:/dʊ/ | US:/duː/ | US:/d͡ʒ/ | US:/dy/ | US:/diː/ | US:/dɪ/ | US:/dɪv/ | US:/dəʊ/ | US:/doʊ/ | US:/dəʊ/ | US:/doʊ/,"""How come you quit?"" ""I'm moving to London."" ""Fair dos.""","""Tại sao anh bỏ việc?"" ""Tôi chuyển đến London."" ""Đủ rồi."""
do,,44,noun,beginner,(archaic) Ado; bustle; stir; to-do; A period of confusion or argument.,số nhiều là dos hoặc do's,US:/də/ | US:/dʊ/ | US:/duː/ | US:/d͡ʒ/ | US:/dy/ | US:/diː/ | US:/dɪ/ | US:/dɪv/ | US:/dəʊ/ | US:/doʊ/ | US:/dəʊ/ | US:/doʊ/,"A great deal of do, and a great deal of trouble.",Một lượng lớn công việc và một lượng lớn rắc rối.
do,,45,noun,beginner,(obsolete|UK|slang) A cheat; a swindler.,số nhiều là dos hoặc do's,US:/də/ | US:/dʊ/ | US:/duː/ | US:/d͡ʒ/ | US:/dy/ | US:/diː/ | US:/dɪ/ | US:/dɪv/ | US:/dəʊ/ | US:/doʊ/ | US:/dəʊ/ | US:/doʊ/,,
do,,46,noun,beginner,(obsolete|UK|slang) An act of swindling; a fraud or deception.,số nhiều là dos hoặc do's,US:/də/ | US:/dʊ/ | US:/duː/ | US:/d͡ʒ/ | US:/dy/ | US:/diː/ | US:/dɪ/ | US:/dɪv/ | US:/dəʊ/ | US:/doʊ/ | US:/dəʊ/ | US:/doʊ/,,
do,,47,noun,beginner,(UK|slang) A homicide.,số nhiều là dos hoặc do's,US:/də/ | US:/dʊ/ | US:/duː/ | US:/d͡ʒ/ | US:/dy/ | US:/diː/ | US:/dɪ/ | US:/dɪv/ | US:/dəʊ/ | US:/doʊ/ | US:/dəʊ/ | US:/doʊ/,"Get it done, no not properlyThem man thought that they got meTrue, I came back like a fucking zombieAttempted do with the chingHave an opp boy say “please don’t chong me!”","Hãy hoàn thành nó, không phải là đúng cách.Người đàn ông kia nghĩ rằng họ đã làm cho tôi.Tôi trở lại như một xác sống.Zombie.Họ đã thử làm cho tôi.Hãy nói với cậu bé 'xin đừng làm hại tôi!'"
do,,48,noun,beginner,(music) A syllable used in solfège to represent the first and eighth tonic of a major scale.,số nhiều là dos hoặc do's,US:/də/ | US:/dʊ/ | US:/duː/ | US:/d͡ʒ/ | US:/dy/ | US:/diː/ | US:/dɪ/ | US:/dɪv/ | US:/dəʊ/ | US:/doʊ/ | US:/dəʊ/ | US:/doʊ/,,
do,,49,adverb,beginner,(archaic) .,(thông cổ).,US:/də/ | US:/dʊ/ | US:/duː/ | US:/d͡ʒ/ | US:/dy/ | US:/diː/ | US:/dɪ/ | US:/dɪv/ | US:/dəʊ/ | US:/doʊ/ | US:/dəʊ/ | US:/doʊ/,"Softest flowers, .. J. P. Robson, 335 / Stars of Hartlepool, .. do 356","Các hoa mềm, ... J. P. Robson, 335 / Sao Hertford, ... làm 356"
do,,50,numeral,beginner,"The cardinal number occurring after and before do one in a duodecimal system. Written 10, decimal value 12.","Số nguyên tố thứ mười trong hệ thập lục phân. Ghi 10, giá trị thập phân 12.",US:/də/ | US:/dʊ/ | US:/duː/ | US:/d͡ʒ/ | US:/dy/ | US:/diː/ | US:/dɪ/ | US:/dɪv/ | US:/dəʊ/ | US:/doʊ/ | US:/dəʊ/ | US:/doʊ/,,
do,,51,noun,beginner,(grammar) .,số nhiều là dos hoặc do's,US:/də/ | US:/dʊ/ | US:/duː/ | US:/d͡ʒ/ | US:/dy/ | US:/diː/ | US:/dɪ/ | US:/dɪv/ | US:/dəʊ/ | US:/doʊ/ | US:/dəʊ/ | US:/doʊ/,,
do,,52,noun,beginner,(US) a Doctor of Osteopathic Medicine,số nhiều là dos hoặc do's,US:/də/ | US:/dʊ/ | US:/duː/ | US:/d͡ʒ/ | US:/dy/ | US:/diː/ | US:/dɪ/ | US:/dɪv/ | US:/dəʊ/ | US:/doʊ/ | US:/dəʊ/ | US:/doʊ/,,
do,,53,noun,beginner,(science) .,chờm bơm,US:/də/ | US:/dʊ/ | US:/duː/ | US:/d͡ʒ/ | US:/dy/ | US:/diː/ | US:/dɪ/ | US:/dɪv/ | US:/dəʊ/ | US:/doʊ/ | US:/dəʊ/ | US:/doʊ/,,
do,,54,noun,beginner,(dentistry) .,tác,US:/də/ | US:/dʊ/ | US:/duː/ | US:/d͡ʒ/ | US:/dy/ | US:/diː/ | US:/dɪ/ | US:/dɪv/ | US:/dəʊ/ | US:/doʊ/ | US:/dəʊ/ | US:/doʊ/,,
get,,1,verb,beginner,(transitive|or|ditransitive) To obtain; to acquire.,"được, có được, kiếm được, lấy được; đến, tới, đạt đến",UK:/ɡɛt/ | US:/ɡɪt/,I'm going to get a computer tomorrow from the discount store.,Tổng cộng tôi sẽ mua một máy tính từ cửa hàng giảm giá vào ngày mai.
get,,2,verb,beginner,(transitive) To receive.,"nhận được, xin được, hỏi được; trở nên, trở thành, thành ra, đi đến chỗ",UK:/ɡɛt/ | US:/ɡɪt/,I got a computer from my parents for my birthday.,Tôi đã nhận được một máy tính từ cha mẹ tôi vào sinh nhật.
get,,3,verb,beginner,"(transitive|in a perfect construction, with present-tense meaning) To have.","tìm ra, tính ra; bắt đầu",UK:/ɡɛt/ | US:/ɡɪt/,"""Yeah, and I got a bridge in Brooklyn I'd like to sell you,"" was Peter's response to his wife.","""Đúng, và tôi đã nhận được một cây cầu ở Brooklyn tôi muốn bán cho bạn,"" là câu trả lời của Peter cho vợ mình."
get,,4,verb,beginner,"(transitive) To fetch, bring, take.","mua; (từ lóng) cút đi, chuồn",UK:/ɡɛt/ | US:/ɡɪt/,"Can you get my bag from the living-room, please?",Bạn có thể lấy túi của tôi từ phòng khách không?
get,,5,verb,beginner,"(copulative|rather|informal|followed by an adjective) To , or cause oneself to become .",học (thuộc lòng),UK:/ɡɛt/ | US:/ɡɪt/,I'm getting hungry; how about you?,Tôi đang đói; bạn cũng vậy không?
get,,6,verb,beginner,(transitive) To cause to become; to bring about.,mắc phải,UK:/ɡɛt/ | US:/ɡɪt/,That song gets me so depressed every time I hear it.,Hàng nhạc đó mỗi khi tôi nghe lại làm tôi buồn bã quá mức.
get,,7,verb,beginner,(transitive) To cause to do.,ăn,UK:/ɡɛt/ | US:/ɡɪt/,Somehow she got him to agree to it.,Cô ấy đã thuyết phục anh ấy đồng ý về vấn đề này.
get,,8,verb,beginner,(transitive) To cause to come or go or move.,"bắt được (cá, thú rừng...); đem về, thu về (thóc...)",UK:/ɡɛt/ | US:/ɡɪt/,I got him to his room.,Tôi đã đưa anh ấy về phòng.
get,,9,verb,beginner,"(intransitive|with various prepositions, such as into, over, or behind; for specific idiomatic senses see individual entries get into, get over, etc.) To adopt, assume, arrive at, or progress towards (a certain position, location, state).","hiểu được, nắm được (ý...)",UK:/ɡɛt/ | US:/ɡɪt/,The actors are getting into position.,Những diễn viên đang chuẩn bị vào vị trí.
get,,10,verb,beginner,(transitive) To cover (a certain distance) while travelling.,"đưa, mang, chuyền, đem, đi lấy",UK:/ɡɛt/ | US:/ɡɪt/,to get a mile,để đi được một dặm
get,,11,verb,beginner,(intransitive|catenative) (with full infinitive or gerund-participle) To begin (doing something or to do something).,"bị, chịu",UK:/ɡɛt/ | US:/ɡɪt/,We ought to get moving or we'll be late.,Chúng ta nên di chuyển hoặc chúng ta sẽ muộn.
get,,12,verb,beginner,(transitive) To take or catch (a scheduled transportation service).,"dồn (ai) vào thế bí, dồn (ai) vào chân tường; làm (ai) bối rối lúng túng không biết ăn nói ra sao",UK:/ɡɛt/ | US:/ɡɪt/,I normally get the 7:45 train.,Tôi thường đi tàu 7:45 sáng.
get,,13,verb,beginner,"(transitive) To respond to (a telephone call, a doorbell, etc).","làm cho, khiến cho",UK:/ɡɛt/ | US:/ɡɪt/,"Can you get that call, please? I'm busy.",Bạn có thể trả lời cuộc gọi đó không? Tôi bận rộn.
get,,14,verb,beginner,"(intransitive|catenative) (with full infinitive) To be able, be permitted, or have the opportunity (to do something desirable or ironically implied to be desirable).","sai ai, bảo ai, nhờ ai (làm gì)",UK:/ɡɛt/ | US:/ɡɪt/,I'm so jealous that you got to see them perform live!,Tôi rất ghen vì bạn được xem họ biểu diễn trực tiếp!
get,,15,verb,beginner,(transitive|informal) To understand.,"to have got có, phải",UK:/ɡɛt/ | US:/ɡɪt/,"Yeah, I get it, it's just not funny.","Đúng rồi, tôi hiểu, nhưng nó không phải là chuyện buồn cười."
get,,16,verb,beginner,"(transitive|informal) To be told; be the recipient of (a question, comparison, opinion, etc.).","sinh, đẻ (thú vật; ít khi dùng cho người)",UK:/ɡɛt/ | US:/ɡɪt/,"""You look just like Helen Mirren."" / ""I get that a lot.""","""Bạn trông giống như Helen Mirren."" / ""Tôi thường được nói vậy nhiều."""
get,,17,verb,beginner,(auxiliary|informal),"tìm hộ, mua hộ, xoay hộ, cung cấp",UK:/ɡɛt/ | US:/ɡɪt/,He got bitten by a dog.,Anh ấy bị chó cắn.
get,,18,verb,beginner,(impersonal|informal),"got , got , gotten",UK:/ɡɛt/ | US:/ɡɪt/,You get some very rude people here.,Ở đây có những người rất lỗ mãn.
get,,19,verb,beginner,(transitive) To become ill with or catch (a disease).,"got , got , gotten",UK:/ɡɛt/ | US:/ɡɪt/,I went on holiday and got malaria.,Tôi đi du lịch và bị sốt rét.
get,,20,verb,beginner,"(transitive|informal) To catch out, trick successfully.","got , got , gotten",UK:/ɡɛt/ | US:/ɡɪt/,He keeps calling pretending to be my boss&mdash;it gets me every time.,Anh ấy liên tục gọi giả vờ là sếp tôi&mdash;điều đó làm tôi bất ngờ mỗi lần.
get,,21,verb,beginner,"(transitive|informal) To perplex, stump.","got , got , gotten",UK:/ɡɛt/ | US:/ɡɪt/,That question's really got me.,Câu hỏi đó thực sự làm tôi rối.
get,,22,verb,beginner,(transitive) To find as an answer.,"got , got , gotten",UK:/ɡɛt/ | US:/ɡɪt/,What did you get for question four?,Bạn nhận được gì cho câu hỏi thứ tư?
get,,23,verb,beginner,(transitive|informal) To bring to reckoning; to catch (usually as a criminal); to effect retribution.,"got , got , gotten",UK:/ɡɛt/ | US:/ɡɪt/,The cops finally got me.,Cảnh sát cuối cùng cũng bắt được tôi.
get,,24,verb,beginner,(transitive) To hear completely; catch.,"got , got , gotten",UK:/ɡɛt/ | US:/ɡɪt/,"Sorry, I didn't get that. Could you repeat it?","Xin lỗi, tôi không nghe rõ. Bạn có thể lặp lại không?"
get,,25,verb,beginner,(transitive) To getter.,"got , got , gotten",UK:/ɡɛt/ | US:/ɡɪt/,I put the getter into the container to get the gases.,Tôi đặt chất hấp thụ vào bình để hấp thụ khí.
get,,26,verb,beginner,(now|rare) To beget (of a father).,"got , got , gotten",UK:/ɡɛt/ | US:/ɡɪt/,"Walter had said, dear God, Thomas, it was St fucking Felicity if I'm not mistaken, and her face was to the wall for sure the night I got you.","Walter đã nói, Chúa ơi, Thomas, nó là thánh Felicity, nếu không lầm, và khuôn mặt của cô ấy quay về tường vào đêm tôi nhận được bạn."
get,,27,verb,beginner,(archaic) To learn; to commit to memory; to memorize; sometimes with out.,"got , got , gotten",UK:/ɡɛt/ | US:/ɡɪt/,to get a lesson;&emsp; to get out one's Greek lesson,để học bài; để lấy bài Hy Lạp
get,,28,verb,beginner,(imperative|informal),"got , got , gotten",UK:/ɡɛt/ | US:/ɡɪt/,Get her with her new hairdo.,Đưa cô ấy với mái tóc mới.
get,,29,verb,beginner,"(intransitive|informal|mostly|imperative) To go, to leave; to scram.","got , got , gotten",UK:/ɡɛt/ | US:/ɡɪt/,"Get, now — get! — before I call an officer and lay a charge against ye.",Bây giờ đi - đi! - trước khi tôi gọi một cảnh sát và truy cứu bạn.
get,,30,verb,beginner,(euphemism) To kill.,"got , got , gotten",UK:/ɡɛt/ | US:/ɡɪt/,"They’re coming to get you, Barbara.","Họ đang đến để lấy bạn, Barbara."
get,,31,verb,beginner,(intransitive|obsolete) To make acquisitions; to gain; to profit.,"got , got , gotten",UK:/ɡɛt/ | US:/ɡɪt/,,
get,,32,verb,beginner,(transitive) To measure.,"got , got , gotten",UK:/ɡɛt/ | US:/ɡɪt/,Did you get her temperature?,Bạn đã đo nhiệt độ của cô ấy chưa?
get,,33,verb,beginner,(transitive) To cause someone to laugh.,"got , got , gotten",UK:/ɡɛt/ | US:/ɡɪt/,It gets me every time!,Mỗi lần đều khiến tôi xúc động!
get,,34,noun,beginner,"(dated) Offspring, especially illegitimate.",con (của thú vật),UK:/ɡɛt/ | US:/ɡɪt/,"At the time when I am making these observations, one of his colts is the first favourite for the Derby; and it will be recollected, that a filly of his get won the Oaks in 1808.","Trong thời điểm tôi đang quan sát, một con colt của ông ấy là ứng cử viên đầu tiên cho Derby; và sẽ được nhớ lại rằng một con filly của ông ấy đã thắng Oaks vào năm 1808."
get,,35,noun,beginner,Lineage.,con (của thú vật),UK:/ɡɛt/ | US:/ɡɪt/,,
get,,36,noun,beginner,(sports|tennis) A difficult return or block of a shot.,con (của thú vật),UK:/ɡɛt/ | US:/ɡɪt/,,
get,,37,noun,beginner,"(informal) Something gotten, something gained or won; an acquisition.",con (của thú vật),UK:/ɡɛt/ | US:/ɡɪt/,I had reconnected with the lust of my life while landing a big get for the magazine.,Tôi đã kết nối lại với ham muốn cuộc đời của mình khi bắt được một con cá lớn cho tạp chí.
get,,38,noun,beginner,"(internet slang) A message or post on an online platform, particularly imageboards, with a unique identifier deemed special or rare, usually due to patterns in the ID.",con (của thú vật),UK:/ɡɛt/ | US:/ɡɪt/,,
get,,39,noun,beginner,(UK|Irish|regional) .,con (của thú vật),UK:/ɡɛt/ | US:/ɡɪt/,"Kylie: Oi, Bono! You lazy get! Have you finished my song yet?","Kylie: Ôi, Bono! Anh lười biếng! Anh đã hoàn thành bài hát của tôi chưa?"
get,,40,noun,beginner,(Judaism) A Jewish writ of divorce.,con (của thú vật),UK:/ɡɛt/ | US:/ɡɪt/,"In Israel, rabbinic courts can imprison men until they acquiesce and grant gets to their wives.","Trong Israel, các tòa án tư nhân có thể giam giữ đàn ông cho đến khi họ đồng ý và trao giấy chứng nhận hôn nhân (get) cho vợ mình."
get,,41,noun,beginner,A member of the Getae.,con (của thú vật),UK:/ɡɛt/ | US:/ɡɪt/,,
go,,1,verb,beginner,"To move, either physically or in an abstract sense:","đi, đi đến, đi tới",UK:/ɡoʊ/ | UK:/ɡəʊ/ | US:/ɡu/ | US:/ɡæn/ | US:/ɡoʊ/,,
go,,2,verb,beginner,(intransitive) To move through space (especially to or through a place).,"thành, thành ra, hoá thành",UK:/ɡoʊ/ | UK:/ɡəʊ/ | US:/ɡu/ | US:/ɡæn/ | US:/ɡoʊ/,Why don’t you go with us?,Tại sao bạn không đi cùng chúng tôi?
go,,3,verb,beginner,(intransitive) To move or travel through time (either literally—in a fictional or hypothetical situation in which time travel is possible—or in one's mind or knowledge of the historical record).,"trôi qua, trôi đi (thời gian)",UK:/ɡoʊ/ | UK:/ɡəʊ/ | US:/ɡu/ | US:/ɡæn/ | US:/ɡoʊ/,Yesterday was the second-wettest day on record; you have to go all the way back to 1896 to find a day when more rain fell.,Ngày hôm qua là ngày thứ hai ướt nhất trong lịch sử; bạn phải trở lại đến năm 1896 mới tìm thấy một ngày mà lượng mưa rơi nhiều hơn.
go,,4,verb,beginner,"(intransitive) To navigate (to a file or folder on a computer, a site on the internet, a memory, etc).","chết, tiêu tan, chấm dứt, mất hết, yếu đi",UK:/ɡoʊ/ | UK:/ɡəʊ/ | US:/ɡu/ | US:/ɡæn/ | US:/ɡoʊ/,"For the best definitions, go to wiktionary.org","Để có định nghĩa tốt nhất, hãy đi đến wiktionary.org."
go,,5,verb,beginner,"To move (a particular distance, or in a particular fashion).",bắt đầu (làm gì...),UK:/ɡoʊ/ | UK:/ɡəʊ/ | US:/ɡu/ | US:/ɡæn/ | US:/ɡoʊ/,We've only gone twenty miles today.,Chúng tôi chỉ đi được 20 dặm hôm nay.
go,,6,verb,beginner,"(intransitive) To move or travel in order to do something, or to do something while moving.",chạy (máy móc),UK:/ɡoʊ/ | UK:/ɡəʊ/ | US:/ɡu/ | US:/ɡæn/ | US:/ɡoʊ/,We went swimming.,Chúng tôi đã đi tắm.
go,,7,verb,beginner,(intransitive) To leave; to move away.,"điểm đánh (đồng hồ, chuông, kẻng); nổ (súng, pháo...)",UK:/ɡoʊ/ | UK:/ɡəʊ/ | US:/ɡu/ | US:/ɡæn/ | US:/ɡoʊ/,Please don't go!,Hãy đi!
go,,8,verb,beginner,To follow or proceed according to (a course or path).,"ở vào tình trạng, sống trong tình trạng...",UK:/ɡoʊ/ | UK:/ɡəʊ/ | US:/ɡu/ | US:/ɡæn/ | US:/ɡoʊ/,Let's go this way for a while.,Hãy đi theo hướng này một thời gian.
go,,9,verb,beginner,To travel or pass along.,"làm theo, hành động theo, hành động phù hợp với, xét theo",UK:/ɡoʊ/ | UK:/ɡəʊ/ | US:/ɡu/ | US:/ɡæn/ | US:/ɡoʊ/,We went the full length of the promenade before we found a place to sit down.,Chúng tôi đã đi hết chiều dài của dạo bộ trước khi tìm được chỗ ngồi.
go,,10,verb,beginner,(obsolete|intransitive) To walk; to travel on one's feet.,"đổ, sụp, gãy, vỡ nợ, phá sản",UK:/ɡoʊ/ | UK:/ɡəʊ/ | US:/ɡu/ | US:/ɡæn/ | US:/ɡoʊ/,"‘As for that,’ seyde Sir Trystram, ‘I may chose othir to ryde othir to go.’","‘Về điều đó,’ Sir Trystram nói, ‘tôi có thể chọn người khác để đi ngựa và người khác để đi bộ.’"
go,,11,verb,beginner,(intransitive|chiefly|of a|machine) To work or function (properly); to move or perform (as required).,"diễn ra, xảy ra, tiếp diễn, tiến hành, diễn biến; kết quả",UK:/ɡoʊ/ | UK:/ɡəʊ/ | US:/ɡu/ | US:/ɡæn/ | US:/ɡoʊ/,The engine just won't go anymore.,Dụng cụ chỉ còn hoạt động được một cách yếu ớt.
go,,12,verb,beginner,(intransitive) To start; to begin (an action or process).,đang lưu hành (tiền bạc),UK:/ɡoʊ/ | UK:/ɡəʊ/ | US:/ɡu/ | US:/ɡæn/ | US:/ɡoʊ/,"You've got thirty seconds to solve the anagram, starting now. Go!","Bạn có ba mươi giây để giải mật mã, bắt đầu ngay bây giờ. Đi!"
go,,13,verb,beginner,"(intransitive) To take a turn, especially in a game.","đặt để, kê; để vừa vào, vừa với, có chỗ, đủ chỗ",UK:/ɡoʊ/ | UK:/ɡəʊ/ | US:/ɡu/ | US:/ɡæn/ | US:/ɡoʊ/,It’s your turn; go.,Đến lượt bạn; đi.
go,,14,verb,beginner,(intransitive) To attend.,"hợp với, xứng với, thích hợp với",UK:/ɡoʊ/ | UK:/ɡəʊ/ | US:/ɡu/ | US:/ɡæn/ | US:/ɡoʊ/,I go to school at the schoolhouse.,Tôi đến trường tại nhà trường.
go,,15,verb,beginner,To proceed:,"nói năng, cư xử, làm đến mức là",UK:/ɡoʊ/ | UK:/ɡəʊ/ | US:/ɡu/ | US:/ɡæn/ | US:/ɡoʊ/,,
go,,16,verb,beginner,"(intransitive) To proceed (often in a specified manner, indicating the perceived quality of an event or state).",trả (giá...); tiêu vào (tiền...); bán,UK:/ɡoʊ/ | UK:/ɡəʊ/ | US:/ɡu/ | US:/ɡæn/ | US:/ɡoʊ/,That went well.,Đó diễn ra tốt đẹp.
go,,17,verb,beginner,"(intransitive|colloquial|with another verb, sometimes linked by and) To proceed (especially to do something foolish).",thuộc về,UK:/ɡoʊ/ | UK:/ɡəʊ/ | US:/ɡu/ | US:/ɡæn/ | US:/ɡoʊ/,Why'd you have to go and do that?,Tại sao bạn lại phải làm như vậy?
go,,18,verb,beginner,(intransitive) To extend along.,"được biết, được thừa nhận; truyền đi, nói, truyền miệng",UK:/ɡoʊ/ | UK:/ɡəʊ/ | US:/ɡu/ | US:/ɡæn/ | US:/ɡoʊ/,The fence goes the length of the boundary.,Rào cản kéo dài dọc theo ranh giới.
go,,19,verb,beginner,(intransitive) To extend (from one point in time or space to another).,"hợp nhịp điệu; phổ theo (thơ, nhạc...)",UK:/ɡoʊ/ | UK:/ɡəʊ/ | US:/ɡu/ | US:/ɡæn/ | US:/ɡoʊ/,This property goes all the way to the state line.,Quyền sở hữu này kéo dài đến đường biên giới tiểu bang.
go,,20,verb,beginner,(intransitive) To lead (to a place); to give access (to).,"(đánh bài) đi, đánh, ra (quân bài), đặt (tiền)",UK:/ɡoʊ/ | UK:/ɡəʊ/ | US:/ɡu/ | US:/ɡæn/ | US:/ɡoʊ/,Does this road go to Fort Smith?,Đường này đi tới Fort Smith không?
go,,21,verb,beginner,"To become, move to or come to (a state, position, situation)","( went , gone )",UK:/ɡoʊ/ | UK:/ɡəʊ/ | US:/ɡu/ | US:/ɡæn/ | US:/ɡoʊ/,,
go,,22,verb,beginner,(copulative|rather|informal|followed by an adjective) To .,"( went , gone )",UK:/ɡoʊ/ | UK:/ɡəʊ/ | US:/ɡu/ | US:/ɡæn/ | US:/ɡoʊ/,You'll go blind.,Bạn sẽ mù mắt.
go,,23,verb,beginner,To move to (a position or state).,"( went , gone )",UK:/ɡoʊ/ | UK:/ɡəʊ/ | US:/ɡu/ | US:/ɡæn/ | US:/ɡoʊ/,"If we can win on Saturday, we'll go top of the league.","Nếu chúng ta thắng vào thứ Bảy, chúng ta sẽ đứng đầu giải."
go,,24,verb,beginner,To come (to a certain condition or state).,"( went , gone )",UK:/ɡoʊ/ | UK:/ɡəʊ/ | US:/ɡu/ | US:/ɡæn/ | US:/ɡoʊ/,They went into debt.,Họ đã nợ nần.
go,,25,verb,beginner,"To assume the obligation or function of; to be, to serve as.","( went , gone )",UK:/ɡoʊ/ | UK:/ɡəʊ/ | US:/ɡu/ | US:/ɡæn/ | US:/ɡoʊ/,There is scarcely a business man who is not occasionally asked to go bail for somebody.,Hầu hết các nhân viên bảo trợ xã hội không được phép làm bảo lãnh cho khách hàng.
go,,26,verb,beginner,(intransitive|copulative) To continuously or habitually be in a state.,"( went , gone )",UK:/ɡoʊ/ | UK:/ɡəʊ/ | US:/ɡu/ | US:/ɡæn/ | US:/ɡoʊ/,I don't want my children to go hungry.,Tôi không muốn con cái tôi bị đói.
go,,27,verb,beginner,"To turn out, to result; to come to (a certain result).","( went , gone )",UK:/ɡoʊ/ | UK:/ɡəʊ/ | US:/ɡu/ | US:/ɡæn/ | US:/ɡoʊ/,The decision went the way we expected.,Quyết định đó đã đi theo hướng chúng ta mong đợi.
go,,28,verb,beginner,(intransitive) To tend (toward a result),"( went , gone )",UK:/ɡoʊ/ | UK:/ɡəʊ/ | US:/ɡu/ | US:/ɡæn/ | US:/ɡoʊ/,"Well, that goes to show you.",Đó chứng tỏ cho bạn.
go,,29,verb,beginner,To contribute to a (specified) end product or result.,"( went , gone )",UK:/ɡoʊ/ | UK:/ɡəʊ/ | US:/ɡu/ | US:/ɡæn/ | US:/ɡoʊ/,qualities that go to make a lady / lip-reader / sharpshooter,tính cách mà làm nên một cô gái / người đọc môi / bắn cung chính xác
go,,30,verb,beginner,"To pass, to be used up:","( went , gone )",UK:/ɡoʊ/ | UK:/ɡəʊ/ | US:/ɡu/ | US:/ɡæn/ | US:/ɡoʊ/,,
go,,31,verb,beginner,"(intransitive|of time) To elapse, to pass; to slip away.","( went , gone )",UK:/ɡoʊ/ | UK:/ɡəʊ/ | US:/ɡu/ | US:/ɡæn/ | US:/ɡoʊ/,The time went slowly.,Thời gian đi chậm.
go,,32,verb,beginner,(intransitive) To end or disappear.,"( went , gone )",UK:/ɡoʊ/ | UK:/ɡəʊ/ | US:/ɡu/ | US:/ɡæn/ | US:/ɡoʊ/,"After three days, my headache finally went.","Sau ba ngày, đau đầu của tôi cuối cùng cũng đi."
go,,33,verb,beginner,(intransitive) To be spent or used up.,"( went , gone )",UK:/ɡoʊ/ | UK:/ɡəʊ/ | US:/ɡu/ | US:/ɡæn/ | US:/ɡoʊ/,His money went on drink.,Tiền của anh ấy đi vào rượu.
go,,34,verb,beginner,(intransitive) To die.,"( went , gone )",UK:/ɡoʊ/ | UK:/ɡəʊ/ | US:/ɡu/ | US:/ɡæn/ | US:/ɡoʊ/,I want to go in my sleep.,Tôi muốn đi vào giấc ngủ.
go,,35,verb,beginner,(intransitive|cricket) To be lost or out:,"( went , gone )",UK:/ɡoʊ/ | UK:/ɡəʊ/ | US:/ɡu/ | US:/ɡæn/ | US:/ɡoʊ/,,
go,,36,verb,beginner,(intransitive|cricket|of a wicket) To be lost.,"( went , gone )",UK:/ɡoʊ/ | UK:/ɡəʊ/ | US:/ɡu/ | US:/ɡæn/ | US:/ɡoʊ/,The third wicket went just before lunch.,Ba điểm đầu tiên đã đi trước bữa trưa.
go,,37,verb,beginner,(intransitive|cricket|of a batsman) To be out.,"( went , gone )",UK:/ɡoʊ/ | UK:/ɡəʊ/ | US:/ɡu/ | US:/ɡæn/ | US:/ɡoʊ/,Smith bowls ... Jones hits it straight up in the air ... and ... caught! Jones has gone!,Smith ném bóng... Jones đánh nó lên không trung... và... bắt! Jones đã đi!
go,,38,verb,beginner,To break down or apart:,"( went , gone )",UK:/ɡoʊ/ | UK:/ɡəʊ/ | US:/ɡu/ | US:/ɡæn/ | US:/ɡoʊ/,,
go,,39,verb,beginner,"(intransitive) To collapse or give way, to break apart.","( went , gone )",UK:/ɡoʊ/ | UK:/ɡəʊ/ | US:/ɡu/ | US:/ɡæn/ | US:/ɡoʊ/,Careful! It looks as if that ceiling could go at any moment!,Cẩn thận! Nó trông như trần nhà có thể đi bất cứ lúc nào!
go,,40,verb,beginner,(intransitive) To break down or decay.,"( went , gone )",UK:/ɡoʊ/ | UK:/ɡəʊ/ | US:/ɡu/ | US:/ɡæn/ | US:/ɡoʊ/,My mind is going.,Mentalité tôi đang đi.
go,,41,verb,beginner,(intransitive) To be sold.,"( went , gone )",UK:/ɡoʊ/ | UK:/ɡəʊ/ | US:/ɡu/ | US:/ɡæn/ | US:/ɡoʊ/,The car went for five thousand dollars.,Xe đã đi với giá năm nghìn đô la.
go,,42,verb,beginner,(intransitive) To be discarded or disposed of.,"( went , gone )",UK:/ɡoʊ/ | UK:/ɡəʊ/ | US:/ɡu/ | US:/ɡæn/ | US:/ɡoʊ/,This chair has got to go.,Ghế này phải đi.
go,,43,verb,beginner,"(intransitive) To be given, especially to be assigned or allotted.","( went , gone )",UK:/ɡoʊ/ | UK:/ɡəʊ/ | US:/ɡu/ | US:/ɡæn/ | US:/ɡoʊ/,The property shall go to my wife.,Quyền sở hữu sẽ thuộc về vợ tôi.
go,,44,verb,beginner,(transitive|intransitive) To survive or get by; to last or persist for a stated length of time.,"( went , gone )",UK:/ɡoʊ/ | UK:/ɡəʊ/ | US:/ɡu/ | US:/ɡæn/ | US:/ɡoʊ/,How long can you go without water?,Bạn có thể đi bao lâu mà không có nước?
go,,45,verb,beginner,(transitive|sports) To have a certain record.,"( went , gone )",UK:/ɡoʊ/ | UK:/ɡəʊ/ | US:/ɡu/ | US:/ɡæn/ | US:/ɡoʊ/,They've gone one for three in this series.,Họ đã thắng ba trong ba trận đấu này.
go,,46,verb,beginner,"To be authoritative, accepted, or valid:","( went , gone )",UK:/ɡoʊ/ | UK:/ɡəʊ/ | US:/ɡu/ | US:/ɡæn/ | US:/ɡoʊ/,,
go,,47,verb,beginner,"(intransitive) Of an opinion or instruction, to have (final) authority; to be authoritative.","( went , gone )",UK:/ɡoʊ/ | UK:/ɡəʊ/ | US:/ɡu/ | US:/ɡæn/ | US:/ɡoʊ/,"Whatever the boss says goes, do you understand?",Có điều gì cũng được ở đây.
go,,48,verb,beginner,(intransitive) To be accepted.,"( went , gone )",UK:/ɡoʊ/ | UK:/ɡəʊ/ | US:/ɡu/ | US:/ɡæn/ | US:/ɡoʊ/,Anything goes around here.,Có điều gì cũng được ở đây.
go,,49,verb,beginner,(intransitive) To be valid or applicable.,"( went , gone )",UK:/ɡoʊ/ | UK:/ɡəʊ/ | US:/ɡu/ | US:/ɡæn/ | US:/ɡoʊ/,"The baked beans can go on this shelf, and the same goes for all these other tins.","Các quả mè đen có thể để trên kệ này, và các lon khác cũng vậy."
go,,50,verb,beginner,"To say (something), to make a sound:","( went , gone )",UK:/ɡoʊ/ | UK:/ɡəʊ/ | US:/ɡu/ | US:/ɡæn/ | US:/ɡoʊ/,,
go,,51,verb,beginner,"(transitive|colloquial) To say (something, aloud or to oneself).","( went , gone )",UK:/ɡoʊ/ | UK:/ɡəʊ/ | US:/ɡu/ | US:/ɡæn/ | US:/ɡoʊ/,"I go, ""As if!"" And she was all like, ""Whatever!""","Tôi nói: ""Dễ gì!"" Và cô ấy đáp lại: ""Mà sao!"""
go,,52,verb,beginner,(transitive) To make the (specified) sound.,"( went , gone )",UK:/ɡoʊ/ | UK:/ɡəʊ/ | US:/ɡu/ | US:/ɡæn/ | US:/ɡoʊ/,"Cats go ""meow"". Motorcycles go ""vroom"".","Mèo kêu ""meow"". Xe máy kêu ""vroom""."
go,,53,verb,beginner,(intransitive) To sound; to make a noise.,"( went , gone )",UK:/ɡoʊ/ | UK:/ɡəʊ/ | US:/ɡu/ | US:/ɡæn/ | US:/ɡoʊ/,I woke up just before the clock went.,Đồng hồ báo thức đã chuyển sang giờ mới.
go,,54,verb,beginner,To be expressed or composed (a certain way).,"( went , gone )",UK:/ɡoʊ/ | UK:/ɡəʊ/ | US:/ɡu/ | US:/ɡæn/ | US:/ɡoʊ/,The tune goes like this.,Tiếng nhạc đi như thế này.
go,,55,verb,beginner,(intransitive) To resort (to).,"( went , gone )",UK:/ɡoʊ/ | UK:/ɡəʊ/ | US:/ɡu/ | US:/ɡæn/ | US:/ɡoʊ/,"The nylon gears kept breaking, so we went to stainless steel.","Các bánh răng làm từ nylon bị gãy, nên chúng tôi chuyển sang thép không rỉ."
go,,56,verb,beginner,To apply or subject oneself to:,"( went , gone )",UK:/ɡoʊ/ | UK:/ɡəʊ/ | US:/ɡu/ | US:/ɡæn/ | US:/ɡoʊ/,,
go,,57,verb,beginner,To apply oneself; to undertake; to have as one's goal or intention.,"( went , gone )",UK:/ɡoʊ/ | UK:/ɡəʊ/ | US:/ɡu/ | US:/ɡæn/ | US:/ɡoʊ/,I'm going to join a sports team.,Tôi sẽ tham gia một đội thể thao.
go,,58,verb,beginner,"(intransitive) To make an effort, to subject oneself (to something).","( went , gone )",UK:/ɡoʊ/ | UK:/ɡəʊ/ | US:/ɡu/ | US:/ɡæn/ | US:/ɡoʊ/,You didn't have to go to such trouble.,Bạn không cần phải làm phiền như vậy.
go,,59,verb,beginner,"(intransitive) To work (through or over), especially mentally.","( went , gone )",UK:/ɡoʊ/ | UK:/ɡəʊ/ | US:/ɡu/ | US:/ɡæn/ | US:/ɡoʊ/,I've gone over this a hundred times.,Tôi đã cân nhắc kỹ lưỡng về vấn đề này một trăm lần.
go,,60,verb,beginner,"To fit (in a place, or together with something):","( went , gone )",UK:/ɡoʊ/ | UK:/ɡəʊ/ | US:/ɡu/ | US:/ɡæn/ | US:/ɡoʊ/,,
go,,61,verb,beginner,(intransitive|often followed by a preposition) To fit.,"( went , gone )",UK:/ɡoʊ/ | UK:/ɡəʊ/ | US:/ɡu/ | US:/ɡæn/ | US:/ɡoʊ/,Do you think the sofa will go through the door?,Bạn nghĩ ghế sofa có thể đi qua cửa không?
go,,62,verb,beginner,"(intransitive) To be compatible, especially of colors or food and drink.","( went , gone )",UK:/ɡoʊ/ | UK:/ɡəʊ/ | US:/ɡu/ | US:/ɡæn/ | US:/ɡoʊ/,This shade of red doesn't go with the drapes.,Tông màu đỏ này không phù hợp với rèm.
go,,63,verb,beginner,(intransitive) To belong (somewhere).,"( went , gone )",UK:/ɡoʊ/ | UK:/ɡəʊ/ | US:/ɡu/ | US:/ɡæn/ | US:/ɡoʊ/,My shirts go on this side of the wardrobe.,Các áo phông của tôi treo ở bên này của tủ quần áo.
go,,64,verb,beginner,"(intransitive|snooker) Of a ball, to be capable of being potted, not having its path to the pocket obstructed by other balls.","( went , gone )",UK:/ɡoʊ/ | UK:/ɡəʊ/ | US:/ɡu/ | US:/ɡæn/ | US:/ɡoʊ/,"He'd like to pot the pink, but I don't think it will go. The green's in the way.","Anh ấy muốn ghi điểm cho quả bi hồng, nhưng tôi không nghĩ nó sẽ thành công. Bi xanh đang cản đường."
go,,65,verb,beginner,(intransitive) To date.,"( went , gone )",UK:/ɡoʊ/ | UK:/ɡəʊ/ | US:/ɡu/ | US:/ɡæn/ | US:/ɡoʊ/,How long have they been going together?,Họ đã ở bên nhau được bao lâu rồi?
go,,66,verb,beginner,(transitive) To (begin to) date or have sex with (a particular race).,"( went , gone )",UK:/ɡoʊ/ | UK:/ɡəʊ/ | US:/ɡu/ | US:/ɡæn/ | US:/ɡoʊ/,"You can date black, you can do white, on a slow night maybe even go for an Asian boy, but most likely you'll go Latino unless the aforementioned guys speak a little Spanish","Bạn có thể hẹn hò với người da đen, bạn có thể hẹn hò với người da trắng, vào một đêm chậm chạp có thể hẹn hò với một cậu trai Á châu, nhưng hầu hết khả năng bạn sẽ hẹn hò với người Mỹ Latinh trừ khi các chàng trai nói tiếng Tây Ban Nha."
go,,67,verb,beginner,To attack:,"( went , gone )",UK:/ɡoʊ/ | UK:/ɡəʊ/ | US:/ɡu/ | US:/ɡæn/ | US:/ɡoʊ/,,
go,,68,verb,beginner,(intransitive) To fight or attack.,"( went , gone )",UK:/ɡoʊ/ | UK:/ɡəʊ/ | US:/ɡu/ | US:/ɡæn/ | US:/ɡoʊ/,I went at him with a knife.,"Anh muốn hẹn hò với tôi, thằng nhỏ?"
go,,69,verb,beginner,(transitive|obsolete|US|slang) To fight.,"( went , gone )",UK:/ɡoʊ/ | UK:/ɡəʊ/ | US:/ɡu/ | US:/ɡæn/ | US:/ɡoʊ/,"You've shown me his weak points, and I'll go him whether you stick by me or not.","Anh ấy rất lớn như tôi. Anh ấy rất mạnh mẽ. Tôi rất muốn đánh bại anh ấy, và anh ấy đã đánh vào Ernie."
go,,70,verb,beginner,(transitive|Australian slang) To attack.,"( went , gone )",UK:/ɡoʊ/ | UK:/ɡəʊ/ | US:/ɡu/ | US:/ɡæn/ | US:/ɡoʊ/,"As big as me. Strong, too. I was itching to go him, And he had clouted Ernie.","Khi ấy tôi chắc chắn đã nghe anh ta mumble 'Tại sao không để ai đụ', dưới hơi thở của mình. Khi đó tôi trở thành một chuyên gia thực sự. Thay vì đánh bại anh ta, tôi thông báo bài hát tiếp theo."
go,,71,verb,beginner,(in phrases with 'as'),"( went , gone )",UK:/ɡoʊ/ | UK:/ɡəʊ/ | US:/ɡu/ | US:/ɡæn/ | US:/ɡoʊ/,"My cat Fluffy is very timid, as cats go.","Như các burger đi, đây là một trong những cái tốt nhất."
go,,72,verb,beginner,(transitive) To take (a particular part or share); to participate in to the extent of.,"( went , gone )",UK:/ɡoʊ/ | UK:/ɡəʊ/ | US:/ɡu/ | US:/ɡæn/ | US:/ɡoʊ/,Let's go halves on this.,Những đứa bé này nặng năm tấn mỗi chiếc.
go,,73,verb,beginner,(transitive) To yield or weigh.,"( went , gone )",UK:/ɡoʊ/ | UK:/ɡəʊ/ | US:/ɡu/ | US:/ɡæn/ | US:/ɡoʊ/,Those babies go five tons apiece.,Các bé này nặng năm tấn mỗi chiếc.
go,,74,verb,beginner,"(transitive|intransitive) To offer, bid or bet an amount; to pay; to sell for.","( went , gone )",UK:/ɡoʊ/ | UK:/ɡəʊ/ | US:/ɡu/ | US:/ɡæn/ | US:/ɡoʊ/,That's as high as I can go.,Đó là giới hạn cao nhất mà tôi có thể đạt được.
go,,75,verb,beginner,(transitive|colloquial) To enjoy.,"( went , gone )",UK:/ɡoʊ/ | UK:/ɡəʊ/ | US:/ɡu/ | US:/ɡæn/ | US:/ɡoʊ/,I could go a beer right about now.,Tôi thực sự muốn uống một chai bia ngay bây giờ.
go,,76,verb,beginner,(intransitive|colloquial) To go to the toilet; to urinate or defecate.,"( went , gone )",UK:/ɡoʊ/ | UK:/ɡəʊ/ | US:/ɡu/ | US:/ɡæn/ | US:/ɡoʊ/,I really need to go.,Tôi thực sự cần đi.
go,,77,verb,beginner,(imperative),"( went , gone )",UK:/ɡoʊ/ | UK:/ɡəʊ/ | US:/ɡu/ | US:/ɡæn/ | US:/ɡoʊ/,"Go, girl! You can do it!","Hãy đi, cô gái! Cô có thể làm được!"
go,,78,verb,beginner,(UK|especially|MLE|Australia|Singapore|intransitive|colloquial) .,"( went , gone )",UK:/ɡoʊ/ | UK:/ɡəʊ/ | US:/ɡu/ | US:/ɡæn/ | US:/ɡoʊ/,Going pub now :),Tôi đang đi đến quán rượu nha :)
go,,79,verb,beginner,"(intransitive|colloquial|euphemism) To fight, usually with the fists.","( went , gone )",UK:/ɡoʊ/ | UK:/ɡəʊ/ | US:/ɡu/ | US:/ɡæn/ | US:/ɡoʊ/,"You said WHAT about my mom? Do you want to go, bro?","Bạn vừa nói GÌ về mẹ tôi? Bạn muốn đi, anh trai?"
go,,80,verb,beginner,(intransitive|usually followed by with) To pass (a specified time) in gestation; to be pregnant.,"( went , gone )",UK:/ɡoʊ/ | UK:/ɡəʊ/ | US:/ɡu/ | US:/ɡæn/ | US:/ɡoʊ/,,
go,,81,noun,beginner,(uncommon) The act of going.,sự đi,UK:/ɡoʊ/ | UK:/ɡəʊ/ | US:/ɡu/ | US:/ɡæn/ | US:/ɡoʊ/,"The Apostles were to be the first of a line. They would multiply successors, and the successors would die and their successors after them, but the line would never fail; and the come and go of men would not matter, since it is the one Christ operating through all of them.","Các Tông đồ sẽ là những người đầu tiên trong một chuỗi. Họ sẽ nhân rộng các vị kế nhiệm, và các vị kế nhiệm sẽ chết và các vị kế nhiệm sau họ, nhưng chuỗi sẽ không bao giờ thất bại; và sự xuất hiện và đi lại của con người không quan trọng, vì chỉ có Chúa Giêsu hoạt động thông qua tất cả họ."
go,,82,noun,beginner,"A turn at something, or in something (e.g. a game).","sức sống; nhiệt tình, sự hăng hái",UK:/ɡoʊ/ | UK:/ɡəʊ/ | US:/ɡu/ | US:/ɡæn/ | US:/ɡoʊ/,You’ve been on that pinball machine long enough—now let your brother have a go.,Anh ấy đã chơi máy đánh bạc đủ lâu — giờ hãy để em trai của anh ấy thử một lần.
go,,83,noun,beginner,"An attempt, a try.",sự làm thử,UK:/ɡoʊ/ | UK:/ɡəʊ/ | US:/ɡu/ | US:/ɡæn/ | US:/ɡoʊ/,I’ll give it a go.,Tôi sẽ thử một lần.
go,,84,noun,beginner,A period of activity.,"lần, hơi, cú",UK:/ɡoʊ/ | UK:/ɡəʊ/ | US:/ɡu/ | US:/ɡæn/ | US:/ɡoʊ/,ate it all in one go,cắn hết nó trong một lần
go,,85,noun,beginner,A time; an experience.,"khẩu phần, suất (đồ ăn); cốc, chén, hớp (rượu)",UK:/ɡoʊ/ | UK:/ɡəʊ/ | US:/ɡu/ | US:/ɡæn/ | US:/ɡoʊ/,"Even if she was bigger and more mature, she would have a tough go of it. We have read a lot on this diagnosis and have known from the beginning what she has been up against.” “It's true about this being a tough go,” I said. “Listen, I'm very sorry, but I'm on call here tomorrow and I will""","Ngay cả nếu cô ấy lớn hơn và trưởng thành hơn, cô ấy cũng sẽ gặp nhiều khó khăn. Chúng tôi đã đọc rất nhiều về chẩn đoán này và đã biết từ đầu những gì cô ấy phải đối mặt. “Đúng vậy, việc này thực sự khó khăn”, tôi nói. “Nghe, tôi rất xin lỗi, nhưng tôi đang làm ca trực ở đây vào ngày mai và tôi sẽ”"
go,,86,noun,beginner,"(slang|dated) A circumstance or occurrence; an incident, often unexpected.","việc khó xử, việc rắc rối",UK:/ɡoʊ/ | UK:/ɡəʊ/ | US:/ɡu/ | US:/ɡæn/ | US:/ɡoʊ/,“Ain't this a rum go? This is a queer sort of dodge for lighting the streets.”,"""Đây không phải là một tình huống kỳ lạ sao? Đây là một cách thức kỳ quái để làm sáng đường phố."""
go,,87,noun,beginner,"An approval or permission to do something, or that which has been approved.","sự thành công, sự thắng lợi",UK:/ɡoʊ/ | UK:/ɡəʊ/ | US:/ɡu/ | US:/ɡæn/ | US:/ɡoʊ/,We will begin as soon as the boss says it's a go.,Chúng ta sẽ bắt đầu khi chủ nói rằng đã có thể bắt đầu.
go,,88,noun,beginner,An act; the working or operation.,"sự bận rộn, sự hoạt đông, sự tích cực",UK:/ɡoʊ/ | UK:/ɡəʊ/ | US:/ɡu/ | US:/ɡæn/ | US:/ɡoʊ/,,
go,,89,noun,beginner,(dated) The fashion or mode.,số nhiều goes,UK:/ɡoʊ/ | UK:/ɡəʊ/ | US:/ɡu/ | US:/ɡæn/ | US:/ɡoʊ/,quite the go,go: một cuộc đi lại sôi động
go,,90,noun,beginner,(dated) Noisy merriment.,số nhiều goes,UK:/ɡoʊ/ | UK:/ɡəʊ/ | US:/ɡu/ | US:/ɡæn/ | US:/ɡoʊ/,a high go,go: một loại rượu chất lượng cao
go,,91,noun,beginner,(slang|archaic) A glass of spirits; a quantity of spirits.,số nhiều goes,UK:/ɡoʊ/ | UK:/ɡəʊ/ | US:/ɡu/ | US:/ɡæn/ | US:/ɡoʊ/,"Jack Randall then impatient rose, / And said, ‘Tom's speech were just as fine / If he would call that first of goes [i.e. gin] / By that genteeler name—white wine.'",Jack Randall sau đó không kiên nhẫn đứng dậy và nói: “Công thức của Tom cũng tốt như vậy nếu anh ấy gọi loại rượu đầu tiên [gì] bằng cái tên lịch sự hơn - rượu trắng.”
go,,92,noun,beginner,(dated) A portion,số nhiều goes,UK:/ɡoʊ/ | UK:/ɡəʊ/ | US:/ɡu/ | US:/ɡæn/ | US:/ɡoʊ/,,
go,,93,noun,beginner,(uncountable) Power of going or doing; energy; vitality; perseverance.,số nhiều goes,UK:/ɡoʊ/ | UK:/ɡəʊ/ | US:/ɡu/ | US:/ɡæn/ | US:/ɡoʊ/,There is no go in him.,Trong người không có gì khả dĩ xảy ra.
go,,94,noun,beginner,(cribbage) The situation where a player cannot play a card which will not carry the aggregate count above thirty-one.,số nhiều goes,UK:/ɡoʊ/ | UK:/ɡəʊ/ | US:/ɡu/ | US:/ɡæn/ | US:/ɡoʊ/,,
go,,95,noun,beginner,(obsolete|British slang) A dandy; a fashionable person.,số nhiều goes,UK:/ɡoʊ/ | UK:/ɡəʊ/ | US:/ɡu/ | US:/ɡæn/ | US:/ɡoʊ/,,
go,,96,adjective,beginner,(postpositive|chiefly|_|military|_|and|_|spaceflight) Working correctly and ready to commence operation; approved and able to be put into action.,"xem xét, xét",UK:/ɡoʊ/ | UK:/ɡəʊ/ | US:/ɡu/ | US:/ɡæn/ | US:/ɡoʊ/,John Glenn reports all systems are go.,John Glenn báo cáo tất cả hệ thống đều sẵn sàng.
go,,97,noun,beginner,"(board game) A strategic board game, originally from China and today also popular in Japan and Korea, in which two players (black and white) attempt to control the largest area of the board with their counters.",số nhiều goes,UK:/ɡoʊ/ | UK:/ɡəʊ/ | US:/ɡu/ | US:/ɡæn/ | US:/ɡoʊ/,,
make,,1,verb,beginner,(transitive) To create.,"làm, chế tạo",US:/meɪk/ | US:/mɛk/ | US:/mæk/,,
make,,2,verb,beginner,"To build, construct, produce, or originate.","sắp đặt, xếp đặt, dọn, thu dọn, sửa soạn, chuẩn bị",US:/meɪk/ | US:/mɛk/ | US:/mæk/,We made a bird feeder for our yard.,Chúng tôi đã làm một thùng đựng chim cho sân vườn.
make,,3,verb,beginner,To write or compose.,"kiếm được, thu",US:/meɪk/ | US:/mɛk/ | US:/mæk/,I made a poem for her wedding.,Tôi đã làm một bài thơ cho hôn lễ của cô ấy.
make,,4,verb,beginner,To bring about; to effect or produce by means of some action.,"làm, gây ra",US:/meɪk/ | US:/mɛk/ | US:/mæk/,make war,chính thức tuyên chiến
make,,5,verb,beginner,"(religious) To create (the universe), especially (in Christianity) from nothing.","làm, thực hiện, thi hành",US:/meɪk/ | US:/mɛk/ | US:/mæk/,God made earth and heaven.,Đức Chúa Trời đã tạo ra đất và trời.
make,,6,verb,beginner,(transitive) To prepare (food); to cook (food).,"khiến cho, làm cho",US:/meɪk/ | US:/mɛk/ | US:/mæk/,I'm making cereal for breakfast. Who wants some?,Tôi đang làm sữa chua cho bữa sáng. Ai muốn ăn?
make,,7,verb,beginner,"(intransitive|now mostly|_|colloquial) To behave, to act.","bắt, bắt buộc",US:/meɪk/ | US:/mɛk/ | US:/mæk/,To make like a deer caught in the headlights.,Họ đứng sững như con nai bị đèn pha chiếu vào.
make,,8,verb,beginner,(intransitive) To tend; to contribute; to have effect; with for or against.,"phong, bổ nhiệm, lập, tôn",US:/meɪk/ | US:/mɛk/ | US:/mæk/,"And all Israel's language about this power, except that it makes for righteousness, is approximate language","Và tất cả ngôn ngữ của Israel về sức mạnh này, ngoại trừ việc nó làm cho công bằng, là ngôn ngữ gần đúng."
make,,9,verb,beginner,To constitute.,"ước lượng, đánh giá, định giá, kết luận",US:/meɪk/ | US:/mɛk/ | US:/mæk/,They make a cute couple.,Họ thực sự là một cặp đôi đáng yêu.
make,,10,verb,beginner,"(transitive) To add up to, have a sum of.",đến; tới; (hàng hải) trông thấy,US:/meɪk/ | US:/mɛk/ | US:/mæk/,Two and four make six.,Ba cộng năm bằng sáu.
make,,11,verb,beginner,(transitive|construed with of|typically interrogative) To interpret.,"hoàn thành, đạt được, làm được, đi được",US:/meɪk/ | US:/mɛk/ | US:/mæk/,I don’t know what to make of it.,Tôi không biết phải hiểu nó như thế nào.
make,,12,verb,beginner,(transitive|usually stressed) To bring into success.,"thành, là, bằng",US:/meɪk/ | US:/mɛk/ | US:/mæk/,This company is what made you.,Công ty này đã tạo nên thành công cho bạn.
make,,13,verb,beginner,(ditransitive|second object is an adjective or participle) To cause to be.,"trở thành, trở nên",US:/meɪk/ | US:/mɛk/ | US:/mæk/,The blisters on my foot made it a problem to walk without a cane.,Dân chúng đã rõ ràng bày tỏ ý kiến của họ.
make,,14,verb,beginner,To cause to appear to be; to represent as.,"nghĩ, hiểu",US:/meɪk/ | US:/mɛk/ | US:/mæk/,"Homer makes Aphrodite the daughter of Zeus, unlike Hesiod who depicted her as born from the sea foam.",Bạn đang làm cho cô ấy khóc.
make,,15,verb,beginner,(ditransitive|second object is a verb) To cause (to do something); to compel (to do something).,"đi, tiến (về phía)",US:/meɪk/ | US:/mɛk/ | US:/mæk/,You're making her cry.,Anh ta đã khiến tôi cảm thấy như một tội phạm.
make,,16,verb,beginner,(ditransitive|second object is a verb|can be stressed for emphasis or clarity) To force to do.,"lên, xuống (thuỷ triều)",US:/meɪk/ | US:/mɛk/ | US:/mæk/,The teacher made the student study harder.,Chớ để họ làm bạn khổ sở.
make,,17,verb,beginner,(ditransitive|of a fact) To indicate or suggest to be.,"làm, ra ý, ra vẻ",US:/meɪk/ | US:/mɛk/ | US:/mæk/,His past mistakes don’t make him a bad person.,Tôi bắt gặp anh ấy hai hoặc ba lần và sau đó khiến anh ấy quay về phía bắc vào Laurel Canyon Drive.
make,,18,verb,beginner,(transitive|of a bed) To cover neatly with bedclothes.,"sửa soạn, chuẩn bị",US:/meɪk/ | US:/mɛk/ | US:/mæk/,,
make,,19,verb,beginner,"(transitive|US|_|slang|crime|law enforcement) To recognise, identify, spot.","làm, chế tạo",US:/meɪk/ | US:/mɛk/ | US:/mæk/,I caught sight of him two or three times and then made him turning north into Laurel Canyon Drive.,Chúng ta nên đến Cincinnati trước 7 tối.
make,,20,verb,beginner,"(transitive|colloquial) To arrive at a destination, usually at or by a certain time.","làm, chế tạo",US:/meɪk/ | US:/mɛk/ | US:/mæk/,We should make Cincinnati by 7 tonight.,Chúng ta nên đến Cincinnati vào lúc 7 tối nay.
make,,21,verb,beginner,(intransitive|colloquial) To proceed (in a direction).,"làm, chế tạo",US:/meɪk/ | US:/mɛk/ | US:/mæk/,They made westward over the snowy mountains.,Họ di chuyển về phía tây qua những ngọn núi tuyết.
make,,22,verb,beginner,(transitive) To cover (a given distance) by travelling.,"làm, chế tạo",US:/meɪk/ | US:/mɛk/ | US:/mæk/,,
make,,23,verb,beginner,(transitive) To move at (a speed).,"làm, chế tạo",US:/meɪk/ | US:/mɛk/ | US:/mæk/,The ship could make 20 knots an hour in calm seas.,Con tàu có thể di chuyển với tốc độ 20 hải lý mỗi giờ trong biển lặng.
make,,24,verb,beginner,To appoint; to name.,"làm, chế tạo",US:/meɪk/ | US:/mɛk/ | US:/mæk/,"On November 15, 1396,Benedict XIII made him bishop of Noyon;","Ngày 15 tháng 11 năm 1396, Benedict XIII phong chức giám mục Noyon cho ông ấy;"
make,,25,verb,beginner,(transitive|slang) To induct into the Mafia or a similar organization (as a made man).,"làm, chế tạo",US:/meɪk/ | US:/mɛk/ | US:/mæk/,Jimmy Conway: They're gonna make him.Henry Hill: Paulie's gonna make you?,"""Họ sẽ phong chức cho anh ấy."" Henry Hill: ""Paulie sẽ phong chức cho anh ấy?"""
make,,26,verb,beginner,(intransitive|colloquial|euphemistic) To defecate or urinate.,"làm, chế tạo",US:/meɪk/ | US:/mɛk/ | US:/mæk/,"When my father comes back with a dark wet spot on his pants, right in front, as if he has made in his pants, he starts eating his food in great shovelfuls.","Khi cha tôi trở về với một vết ướt đen trước bụng, anh ta bắt đầu ăn thức ăn của mình bằng những cái múc lớn."
make,,27,verb,beginner,"(transitive) To earn, to gain (money, points, membership or status).","làm, chế tạo",US:/meɪk/ | US:/mɛk/ | US:/mæk/,They hope to make a bigger profit.,Họ hy vọng sẽ kiếm được lợi nhuận lớn hơn.
make,,28,verb,beginner,"(transitive) To pay, to cover (an expense);","làm, chế tạo",US:/meɪk/ | US:/mɛk/ | US:/mæk/,"At first glance, you may be able to make rent and other overhead expenses because the business is doing well, but if sales drop can you still make rent?","Tại một lần nhìn đầu tiên, bạn có thể kiếm đủ tiền thuê nhà và các chi phí khác vì kinh doanh đang hoạt động tốt, nhưng nếu doanh số giảm, bạn còn đủ tiền thuê nhà không?"
make,,29,verb,beginner,(obsolete|intransitive) To compose verses; to write poetry; to versify.,"làm, chế tạo",US:/meɪk/ | US:/mɛk/ | US:/mæk/,,
make,,30,verb,beginner,To enact; to establish.,"làm, chế tạo",US:/meɪk/ | US:/mɛk/ | US:/mæk/,,
make,,31,verb,beginner,To develop into; to prove to be.,"làm, chế tạo",US:/meɪk/ | US:/mɛk/ | US:/mæk/,She'll make a fine president.,Cô ấy sẽ làm một vị tổng thống tuyệt vời.
make,,32,verb,beginner,To form or formulate in the mind.,"làm, chế tạo",US:/meɪk/ | US:/mɛk/ | US:/mæk/,make plans,lập kế hoạch
make,,33,verb,beginner,To perform a feat.,"làm, chế tạo",US:/meɪk/ | US:/mɛk/ | US:/mæk/,make a leap,nhảy vọt
make,,34,verb,beginner,(intransitive) To gain sufficient audience to warrant its existence.,"làm, chế tạo",US:/meɪk/ | US:/mɛk/ | US:/mæk/,"In the end, my class didn't make, which left me with a bit of free time.","Cuối cùng, lớp của tôi không đạt được, điều đó để lại cho tôi một chút thời gian rảnh."
make,,35,verb,beginner,(obsolete) To act in a certain manner; to have to do; to manage; to interfere; to be active; often in the phrase to meddle or make.,"làm, chế tạo",US:/meɪk/ | US:/mɛk/ | US:/mæk/,,
make,,36,verb,beginner,(obsolete) To increase; to augment; to accrue.,"làm, chế tạo",US:/meɪk/ | US:/mɛk/ | US:/mæk/,,
make,,37,verb,beginner,(obsolete) To be engaged or concerned in.,"làm, chế tạo",US:/meɪk/ | US:/mɛk/ | US:/mæk/,,
make,,38,verb,beginner,"(now|archaic) To cause to be (in a specified place), used after a subjective .","làm, chế tạo",US:/meɪk/ | US:/mɛk/ | US:/mæk/,Footman. Madam! Mr. Dorimant!Lov. What makes him here?,Dịch giả. Bà chủ! Ông Dorimant! Yêu. Gì làm cho ông ở đây?
make,,39,verb,beginner,(transitive|euphemism) To take the virginity of.,"làm, chế tạo",US:/meɪk/ | US:/mɛk/ | US:/mæk/,"I was a young un at 'Oogli,Shy as a girl to begin;Aggie de Castrer she made me,— An' Aggie was clever as sin;Older than me, but my first un —More like a mother she wereShowed me the way to promotion an' pay,An' I learned about women from 'er!","Tôi còn trẻ khi ở 'Oogli, nhút nhát như một cô gái mới bắt đầu; Aggie de Castrer đã làm cho tôi — và Aggie rất thông minh; Lớn hơn tôi, nhưng là người đầu tiên của tôi — giống như một người mẹ hơn — đã chỉ cho tôi cách đi đến thăng tiến và tiền lương, và tôi đã học về phụ nữ từ bà ấy!"
make,,40,verb,beginner,(transitive) To have sexual intercourse with.,"làm, chế tạo",US:/meɪk/ | US:/mɛk/ | US:/mæk/,"He could see that her face was thin, proud. She looked like she'd be a hard dame to make. He didn't want just that. She'd be a hard dame to win.","Anh có thể thấy rằng khuôn mặt của cô ấy mỏng, kiêu ngạo. Cô ấy trông giống như một người khó để làm. Anh không muốn chỉ điều đó. Cô ấy sẽ là một người khó để thắng."
make,,41,verb,beginner,"(intransitive) Of water, to flow toward land; to rise.","làm, chế tạo",US:/meɪk/ | US:/mɛk/ | US:/mæk/,,
make,,42,verb,beginner,(transitive|backgammon) To establish two or more men on (a point) so that it cannot be captured.,"làm, chế tạo",US:/meɪk/ | US:/mɛk/ | US:/mæk/,,
make,,43,noun,beginner,Brand; marque; manufacturer; maker.,"hình dáng, cấu tạo (của một vật); kiểu (quần áo); tầm vóc, dáng, tư thế (người)",US:/meɪk/ | US:/mɛk/ | US:/mæk/,Q: What make and model of car do you drive? A: It's a Buick LaCrosse.,Hỏi: Xe gì và mô hình nào bạn lái? Trả lời: Nó là một Buick LaCrosse.
make,,44,noun,beginner,Manner or style of construction (style of how a thing is made).,"sự chế tạo, kiểu chế tạo",US:/meɪk/ | US:/mɛk/ | US:/mæk/,I can name the tribe every moccasin belongs to by the make of it.,Tôi có thể xác định bộ tộc của mỗi mokasín thuộc về bởi kiểu dáng của nó.
make,,45,noun,beginner,Origin (of a manufactured article); manufacture; production.,thể chất; tính cách,US:/meɪk/ | US:/mɛk/ | US:/mæk/,"The Royal Typewriter Company is distributing a very attractive eight page folder, announcing the Royal Number 10, the first machine of Royal make which uses levers instead of wires to operate the type-bars.","Công ty Royal Typewriter đang phân phối một tờ thông báo hấp dẫn gồm tám trang, công bố máy Royal Number 10, máy đầu tiên của Royal make sử dụng cần thay thế dây để hoạt động các thanh chữ."
make,,46,noun,beginner,A person's character or disposition.,"(điện học) công tắc, cái ngắt điện",US:/meɪk/ | US:/mɛk/ | US:/mæk/,"I never feel very much excited about any old thing; it's not my make; but I've got a sort of shiver inside of me, and a watery feeling in the heart region.",Tôi không bao giờ cảm thấy phấn khích nhiều về bất cứ điều gì cũ; đó không phải là bản chất của tôi; nhưng tôi có một cảm giác run lẩy lông bên trong và một cảm giác nước mắt trong vùng ngực.
make,,47,noun,beginner,"(dated) The act or process of making something, especially in industrial manufacturing.","hình dáng, cấu tạo (của một vật); kiểu (quần áo); tầm vóc, dáng, tư thế (người)",US:/meɪk/ | US:/mɛk/ | US:/mæk/,"papers are respectively of second or inferior quality, the last being perhaps torn or broken in the ""make"" — as the manufacture is technically termed.","Papers là thứ hai hoặc kém chất lượng, cái cuối cùng có thể bị rách hoặc hỏng trong quá trình sản xuất — như việc sản xuất được gọi là kỹ thuật."
make,,48,noun,beginner,"(uncountable) Quantity produced, especially of materials.","hình dáng, cấu tạo (của một vật); kiểu (quần áo); tầm vóc, dáng, tư thế (người)",US:/meɪk/ | US:/mɛk/ | US:/mæk/,"In 1880 the make of pig iron in all countries was 18,300,000 tons.","Trong năm 1880, sản xuất thép vụn của tất cả các quốc gia là 18,300,000 tấn."
make,,49,noun,beginner,"(computing) A software utility for automatically building large applications, or an implementation of this utility.","hình dáng, cấu tạo (của một vật); kiểu (quần áo); tầm vóc, dáng, tư thế (người)",US:/meɪk/ | US:/mɛk/ | US:/mæk/,"However, the unzip and make programs weren't found, so the default was left blank.","Tuy nhiên, chương trình unzip và make không được tìm thấy, nên mặc định được để trống."
make,,50,noun,beginner,"(slang) Identification: recognition (of identity), especially from police records or evidence.","hình dáng, cấu tạo (của một vật); kiểu (quần áo); tầm vóc, dáng, tư thế (người)",US:/meɪk/ | US:/mɛk/ | US:/mæk/,"""They ever get a make on the blood type?"" Horn asked, staring at the stained mattress.","""Họ từng làm cho máu loại nào chưa?"" Horn hỏi, nhìn vào tấm nệm bị nhuộm."
make,,51,noun,beginner,(slang|military) A promotion.,"hình dáng, cấu tạo (của một vật); kiểu (quần áo); tầm vóc, dáng, tư thế (người)",US:/meɪk/ | US:/mɛk/ | US:/mæk/,Sent back the list of makes with only Post and Hamilton on it. (Buckner had recommended 10 staff officers and 1 combat soldier!),Gửi danh sách các make với chỉ Post và Hamilton. (Buckner đã đề nghị 10 sĩ quan nhân sự và 1 chiến binh!)
make,,52,noun,beginner,"A homemade project, particularly one demonstrated on television.","hình dáng, cấu tạo (của một vật); kiểu (quần áo); tầm vóc, dáng, tư thế (người)",US:/meɪk/ | US:/mɛk/ | US:/mæk/,"Blue Peter ""make""","Blue Peter ""làm"""
make,,53,noun,beginner,"(cards) Turn to declare the trump for a hand (in bridge), or to shuffle the cards.","hình dáng, cấu tạo (của một vật); kiểu (quần áo); tầm vóc, dáng, tư thế (người)",US:/meɪk/ | US:/mɛk/ | US:/mæk/,It's your make as the cards lie. Take your time.,Đó là phong cách làm của bạn khi bài cào được dealt ra. Hãy cân nhắc kỹ.
make,,54,noun,beginner,(basketball) A made basket.,"hình dáng, cấu tạo (của một vật); kiểu (quần áo); tầm vóc, dáng, tư thế (người)",US:/meɪk/ | US:/mɛk/ | US:/mæk/,,
make,,55,noun,beginner,(physics) The closing of an electrical circuit.,"hình dáng, cấu tạo (của một vật); kiểu (quần áo); tầm vóc, dáng, tư thế (người)",US:/meɪk/ | US:/mɛk/ | US:/mæk/,"If the interrupter operated every 2 sec., the current would rise to 10 amp. and drop to zero with successive ""makes"" and ""breaks.""","Nếu bộ phận ngắt hoạt động mỗi 2 giây, dòng điện sẽ tăng lên 10 ampe và giảm xuống không còn gì với các lần ""làm"" và ""ngắt"" liên tiếp."
make,,56,noun,beginner,"(slang|usually in phrase ""easy make"") Past, present or future target of seduction (usually female).","hình dáng, cấu tạo (của một vật); kiểu (quần áo); tầm vóc, dáng, tư thế (người)",US:/meɪk/ | US:/mɛk/ | US:/mæk/,"To me, if I weren't going with someone and was taking pills, it would be like advertising that I'm an easy make.","Theo tôi, nếu không đi cùng ai đó và đang uống thuốc, điều đó giống như quảng cáo rằng tôi dễ dàng bị thuyết phục."
make,,57,noun,beginner,(UK|dialectal) Mate; a spouse or companion; a match.,"hình dáng, cấu tạo (của một vật); kiểu (quần áo); tầm vóc, dáng, tư thế (người)",US:/meɪk/ | US:/mɛk/ | US:/mæk/,"Where their maids and their makes At dancing and wakes, Had their napkins and posies And the wipers for their noses","Nơi mà các cô gái và những người giúp việc của họ tham gia vào các buổi nhảy múa và tiệc tùng, họ mang theo khăn tay và hoa quả, cùng với những miếng vải để lau mũi."
make,,58,noun,beginner,(Scotland|Ireland|Northern England|now|rare) A halfpenny.,"hình dáng, cấu tạo (của một vật); kiểu (quần áo); tầm vóc, dáng, tư thế (người)",US:/meɪk/ | US:/mɛk/ | US:/mæk/,"the last we shall have, I take it; for a make to a million, but we trine to the nubbing cheat to-morrow.","Đó sẽ là lần cuối cùng chúng ta có, tôi nghĩ; vì một người yêu thương đến một triệu, nhưng chúng ta sẽ gặp nhau vào ngày mai để đánh lừa nhau."
make,,59,noun,beginner,"(East Anglia|Essex|obsolete) An agricultural tool resembling a scythe, used to cut (harvest) certain plants such as peas, reeds, or tares.","hình dáng, cấu tạo (của một vật); kiểu (quần áo); tầm vóc, dáng, tư thế (người)",US:/meɪk/ | US:/mɛk/ | US:/mæk/,"Harvest.—When left for seed, they are cut and wadded as pease, with a make.Produce.—From three to six sacks an acre.","Thu hoạch — Khi được để làm giống, chúng được cắt và xơ như đậu với một cách thức thu hoạch. Sản xuất — Từ ba đến sáu bao mỗi mẫu đất."
take,,1,verb,beginner,"(transitive) To get into one's hands, possession or control, with or without force.","cầm, nắm, giữ, lấy; bắt, bén (lửa); ngấm, có hiệu lực (thuốc)",US:/teɪk/ | US:/tɛk/ | US:/tæk/,"They took Charlton's gun from his cold, dead hands.","Họ đã lấy khẩu súng của Charlton từ tay lạnh lẽo, chết đi."
take,,2,verb,beginner,(transitive) To seize or capture.,lấy nhầm; lấy mất; ăn ảnh,US:/teɪk/ | US:/tɛk/ | US:/tæk/,"After a bloody battle, they were able to take the city.","Sau một trận chiến máu tanh, họ có thể chiếm thành phố."
take,,3,verb,beginner,(transitive) To catch or get possession of (fish or game).,"chiếm được, bắt được; thành công, được ưa thích",US:/teɪk/ | US:/tɛk/ | US:/tæk/,took ten catfish in one afternoon,Họ bắt được mười con cá mập trong một buổi chiều.
take,,4,verb,beginner,(transitive|cricket) To catch the ball; especially as a wicket-keeper and after the batsman has missed or edged it.,"(không dùng trong các thời tiếp diễn) trừ vào; trừ đi, trích ra; ( + from) rút ra, lấy ra (từ một nơi hoặc nguồn đặc biệt)",US:/teɪk/ | US:/tɛk/ | US:/tæk/,,
take,,5,verb,beginner,"(transitive) To appropriate or transfer into one's own possession, sometimes by physically carrying off.","mang, mang theo, đem, đem theo, đem đi; đem với",US:/teɪk/ | US:/tɛk/ | US:/tæk/,Billy took her pencil.,Billy đã lấy cây bút của cô ấy.
take,,6,verb,beginner,(transitive) To exact.,"đưa, dẫn, dắt",US:/teɪk/ | US:/tɛk/ | US:/tæk/,,
take,,7,verb,beginner,(transitive) To capture or win (a piece or trick) in a game.,đi bằng (phương tiện gì),US:/teɪk/ | US:/tɛk/ | US:/tæk/,took the next two tricks,Họ đã bắt được hai trick tiếp theo.
take,,8,verb,beginner,"(transitive) To receive or accept (something, especially something which was given).",đi theo đường,US:/teɪk/ | US:/tɛk/ | US:/tæk/,took third place,Họ đã đứng thứ ba.
take,,9,verb,beginner,(transitive) To receive or accept (something) as payment or compensation.,"vượt, quẹo, đi quanh",US:/teɪk/ | US:/tɛk/ | US:/tæk/,The store doesn't take checks.,Tiệm này không chấp nhận cheque (cheque) (cheque).
take,,10,verb,beginner,(transitive) To accept and follow (advice etc.).,(không dùng trong các thời tiếp diễn) ngồi xuống,US:/teɪk/ | US:/tɛk/ | US:/tæk/,take my advice,Lấy lời khuyên của tôi.
take,,11,verb,beginner,(transitive) To receive into some relationship.,"(không dùng trong các thời tiếp diễn) có, giữ (quan điểm, thái độ..)",US:/teɪk/ | US:/tɛk/ | US:/tæk/,The school only takes new students in the fall.,Trường chỉ nhận học sinh mới vào mùa thu.
take,,12,verb,beginner,(transitive|intransitive|legal) To receive or acquire (property) by law (e.g. as an heir).,((thường) ở thể mệnh lệnh) hãy lấy làm thí dụ; coi như một tấm gương,US:/teɪk/ | US:/tɛk/ | US:/tæk/,"There was no intestacy, and they did not take under the will as heirs, but the widow and the children, under the residuary devise, take as tenants in common.","Không có di sản, và họ không nhận di chúc làm người thừa kế, nhưng vợ và con cái, dưới di chúc còn lại, nhận làm đồng sở hữu."
take,,13,verb,beginner,"(transitive) To accept, be given (rightly or wrongly), or assume (especially as if by right).","thuê, mướn (nhà..)",US:/teɪk/ | US:/tɛk/ | US:/tæk/,"He took all the credit for the project, although he had done almost none of the work.","Anh ấy lấy hết công lao cho dự án, mặc dù anh ấy hầu như chưa làm gì cả."
take,,14,verb,beginner,(transitive) To remove.,chọn; mua,US:/teɪk/ | US:/tɛk/ | US:/tæk/,take two eggs from the carton,Lấy hai quả trứng từ hộp.
take,,15,verb,beginner,(transitive) To remove or end by death; to kill.,"ăn, uống, dùng",US:/teɪk/ | US:/tɛk/ | US:/tæk/,The earthquake took many lives.,Cú sốc địa chấn đã cướp đi nhiều mạng sống.
take,,16,verb,beginner,(transitive) To subtract.,"ghi, chép, ghi lại, chép lại",US:/teɪk/ | US:/tɛk/ | US:/tæk/,Take one from three and you are left with two.,Lấy hai từ ba.
take,,17,verb,beginner,(transitive) To have sex with.,chụp ảnh (ai/cái gì),US:/teɪk/ | US:/tɛk/ | US:/tæk/,"Sometimes he would have her standing up by the side of the bed, not bothering to undress, merely undoing his fly and using her like a cheap envelope to receive his lust. At others he would take her on the floor of her clothes closet and then leave her, locked in for the rest of the night, awash with his sex, until her embarrassed maid freed her the next morning.","Thỉnh thoảng anh ta sẽ bắt cô ấy đứng bên giường mà không cần thay quần áo, chỉ cần mở cúc quần của mình và dùng cô ấy như một bao rẻ tiền để chứa dục vọng của mình. Còn khi khác anh ta sẽ dùng cô ấy trên sàn nhà trong tủ quần áo của cô ấy, sau đó để cô ấy bị khóa trong suốt đêm, ngập tràn bởi dục vọng của anh, cho đến khi giúp việc giải cứu cô vào sáng hôm sau."
take,,18,verb,beginner,(transitive) To defeat (someone or something) in a fight.,"điều khiển, làm chủ toạ, làm chủ lễ",US:/teɪk/ | US:/tɛk/ | US:/tæk/,Don't try to take that guy. He's bigger than you.,Chớ cố gắng đấm cậu ta. Anh ta lớn hơn bạn.
take,,19,verb,beginner,(transitive) To grasp or grip.,"thử nghiệm, đo lường; đo",US:/teɪk/ | US:/tɛk/ | US:/tæk/,He took her hand in his.,Anh ta nắm tay cô ấy trong tay mình.
take,,20,verb,beginner,(transitive) To select or choose; to pick.,"làm, thực hiện, thi hành",US:/teɪk/ | US:/tɛk/ | US:/tæk/,Take whichever bag you like.,Lấy túi nào bạn thích.
take,,21,verb,beginner,(transitive) To adopt (select) as one's own.,"lợi dụng, nắm",US:/teɪk/ | US:/tɛk/ | US:/tæk/,She took his side in every argument.,Cô ấy luôn đứng về phía anh trong mọi tranh luận.
take,,22,verb,beginner,(transitive) To carry or lead (something or someone).,"bị, mắc, nhiễm",US:/teɪk/ | US:/tɛk/ | US:/tæk/,She took her sword with her everywhere she went.,Cô ấy luôn mang theo kiếm với mình.
take,,23,verb,beginner,(transitive|especially of a vehicle) To transport or carry; to convey to another place.,"coi như, cho là, xem như, hiểu là",US:/teɪk/ | US:/tɛk/ | US:/tæk/,The next bus will take you to Metz.,Xe buýt tiếp theo sẽ đưa bạn đến Metz.
take,,24,verb,beginner,"(transitive|of a path, road To lead (to a place); to serve as a means of reaching.","đòi hỏi, cần có, yêu cầu, phải",US:/teɪk/ | US:/tɛk/ | US:/tæk/,These stairs take you down to the basement.,Các bậc thang này sẽ dẫn bạn xuống hầm.
take,,25,verb,beginner,(transitive) To pass (or attempt to pass) through or around.,"chịu, chấp nhận (một trách nhiệm..)",US:/teɪk/ | US:/tɛk/ | US:/tæk/,She took the steps two or three at a time.,Cô ấy đi lên từng bậc hai hoặc ba.
take,,26,verb,beginner,(transitive) To escort or conduct (a person).,"((thường) không dùng trong các thời tiếp diễn) chịu được, chịu đựng được",US:/teɪk/ | US:/tɛk/ | US:/tæk/,"He took her to lunch at the new restaurant, took her to the movies, and then took her home.","Anh ấy đưa cô ấy ăn trưa tại nhà hàng mới, đưa cô ấy xem phim, sau đó đưa cô ấy về nhà."
take,,27,verb,beginner,(reflexive) To go.,phản ứng,US:/teɪk/ | US:/tɛk/ | US:/tæk/,"In a rare example of clemency Pope John assured him of a pardon, perhaps on the grounds that the innocent monk had merely been the victim of Louis's overbearing ambitions. Nicholas then took himself to Avignon where in August 1330 he formally renounced his claim to the papacy.","Trong một trường hợp hiếm hoi của khoan hồng, Giáo hoàng Gioan đã đảm bảo rằng ông ấy sẽ được tha tội, có thể vì người tu sĩ vô tội chỉ là nạn nhân của sự ham muốn quá đáng của Louis. Nicholas sau đó tự mình đến Avignon, nơi mà vào tháng 8 năm 1330, ông chính thức từ bỏ quyền đòi hỏi của mình đối với giáo hoàng."
take,,28,verb,beginner,(transitive) To use as a means of transportation.,"((thường) không dùng trong các thời tiếp diễn) nhận (ai) làm khách hàng (bệnh nhân, người thuê..)",US:/teɪk/ | US:/tɛk/ | US:/tæk/,take the ferry,anh ấy đi tàu qua sông
take,,29,verb,beginner,(transitive) To obtain for use by payment or lease.,thi,US:/teɪk/ | US:/tɛk/ | US:/tæk/,She took a condo at the beach for the summer.,cô ấy thuê một căn hộ ven biển cho mùa hè.
take,,30,verb,beginner,(transitive) To obtain or receive regularly by (paid) subscription.,"được cấp, nhận được (một văn bằng)",US:/teɪk/ | US:/tɛk/ | US:/tæk/,They took two magazines.,Họ lấy hai tạp chí.
take,,31,verb,beginner,"(transitive) To receive (medicine or drugs) into one's body, e.g. by inhalation or swallowing; to ingest.","được, đoạt; thu được, giành được",US:/teɪk/ | US:/tɛk/ | US:/tæk/,take two of these and call me in the morning,Lấy hai viên này và gọi tôi vào sáng mai.
take,,32,verb,beginner,(transitive|dated) To consume (food or drink).,"(không dùng trong các thời tiếp diễn) đủ chỗ, chứa được",US:/teɪk/ | US:/tɛk/ | US:/tæk/,The general took dinner at seven o'clock.,Tổng chỉ huy dùng bữa tối vào lúc bảy giờ.
take,,33,verb,beginner,"(transitive) To undergo; to put oneself into, to be subjected to.","mua thường xuyên, mua dài hạn (báo, tạp chí...)",US:/teɪk/ | US:/tɛk/ | US:/tæk/,She made the decision to take chemotherapy.,Cô quyết định đi hóa trị.
take,,34,verb,beginner,(transitive) To experience or feel.,"quyến rũ, hấp dẫn, lôi cuốn",US:/teɪk/ | US:/tɛk/ | US:/tæk/,She takes pride in her work.,Cô rất tự hào về công việc của mình.
take,,35,verb,beginner,"(transitive) To submit to; to endure (without ill humor, resentment, or physical failure).","vượt qua, đi tới, nhảy vào; trốn tránh ở",US:/teɪk/ | US:/tɛk/ | US:/tæk/,took a pay cut,công ty đã giảm lương
take,,36,verb,beginner,(transitive) To suffer; to endure (a hardship or damage).,"rút ra, lấy ra",US:/teɪk/ | US:/tɛk/ | US:/tæk/,The ship took a direct hit and was destroyed.,tàu bị trúng trực tiếp và bị phá hủy.
take,,37,verb,beginner,(transitive) To participate in.,"(không dùng trong các thời tiếp diễn) hiểu, giải thích (cái gì theo một cách riêng biệt)",US:/teɪk/ | US:/tɛk/ | US:/tæk/,She took a vacation to France but spent the whole time feeling miserable that her husband couldn't be there with her.,Cô đi du lịch Pháp nhưng suốt thời gian đó cô cảm thấy buồn vì chồng không thể ở bên cạnh cô.
take,,38,verb,beginner,(transitive) To cause to change to a specified state or condition.,"(không dùng trong các thời tiếp diễn) hiểu được, hiểu (cái gì)",US:/teɪk/ | US:/tɛk/ | US:/tæk/,He had to take it apart to fix it.,Anh phải tháo nó ra để sửa chữa.
take,,39,verb,beginner,(transitive) To regard in a specified way.,took ; taken,US:/teɪk/ | US:/tɛk/ | US:/tæk/,He took the news badly.,Anh ấy nhận tin xấu.
take,,40,verb,beginner,(transitive) To conclude or form (a decision or an opinion) in the mind.,took ; taken,US:/teɪk/ | US:/tɛk/ | US:/tæk/,took the decision to close its last remaining outlet,công ty đã quyết định đóng cửa cửa hàng cuối cùng
take,,41,verb,beginner,(transitive) To understand (especially in a specified way).,took ; taken,US:/teɪk/ | US:/tɛk/ | US:/tæk/,Don't take my comments as an insult.,Chớ hiểu lầm ý kiến của tôi là một lời xúc phạm.
take,,42,verb,beginner,"(transitive) To believe, to accept the statements of.",took ; taken,US:/teɪk/ | US:/tɛk/ | US:/tæk/,take her word for it,tin lời cô ấy
take,,43,verb,beginner,(transitive) To assume or suppose; to reckon; to regard or consider.,took ; taken,US:/teɪk/ | US:/tɛk/ | US:/tæk/,I took him to be a person of honor.,tôi cho rằng anh ấy là người có danh dự
take,,44,verb,beginner,"(transitive) To draw, derive, or deduce (a meaning from something).",took ; taken,US:/teɪk/ | US:/tɛk/ | US:/tæk/,take it from her comments she won't be there.,"từ những nhận xét của cô ấy, cô ấy sẽ không ở đó"
take,,45,verb,beginner,(transitive) To derive (as a title); to obtain from a source.,took ; taken,US:/teɪk/ | US:/tɛk/ | US:/tæk/,"""As I Lay Dying"" takes its title from Book XI of Homer's ""Odyssey""","""Như Tôi Mất Ích"" lấy tên từ chương XI của ""Odyssey"" của Homeros"
take,,46,verb,beginner,(transitive) To catch or contract (an illness etc.).,took ; taken,US:/teɪk/ | US:/tɛk/ | US:/tæk/,took a chill,cô ấy bị cảm lạnh
take,,47,verb,beginner,(transitive) To come upon or catch (in a particular state or situation).,took ; taken,US:/teɪk/ | US:/tɛk/ | US:/tæk/,,
take,,48,verb,beginner,(transitive) To captivate or charm; to gain or secure the interest or affection of.,took ; taken,US:/teɪk/ | US:/tɛk/ | US:/tæk/,took her fancy,cô ấy thích nó
take,,49,verb,beginner,"(transitive|of a material) To absorb or be impregnated by (dye, ink etc.); to be susceptible to being treated by (polish etc.).",took ; taken,US:/teɪk/ | US:/tɛk/ | US:/tæk/,cloth that takes dye well,vải dễ nhuộm
take,,50,verb,beginner,(transitive|of a|ship) To let in (water).,took ; taken,US:/teɪk/ | US:/tɛk/ | US:/tæk/,"The British brought the ship into Haifa harbor. The ship was taking seawater in 4 places, and the passengers had been without fresh water for the last few days of their voyage, with several ill from drinking seawater.","Các thủy thủ đưa tàu vào cảng Haifa. Tàu bị nước biển vào bốn nơi, và hành khách đã không có nước sạch trong vài ngày cuối cùng của chuyến đi, với nhiều người bị ốm do uống nước biển."
take,,51,verb,beginner,(transitive) To require .,took ; taken,US:/teɪk/ | US:/tɛk/ | US:/tæk/,Looks like it's gonna take a taller person to get that down.,dường như cần người cao hơn để lấy xuống
take,,52,verb,beginner,(transitive) To proceed to fill.,took ; taken,US:/teɪk/ | US:/tɛk/ | US:/tæk/,He took a seat in the front row.,cô ấy ngồi xuống hàng ghế trước
take,,53,verb,beginner,"(transitive) To fill, occupy, require, or use up (space).",took ; taken,US:/teɪk/ | US:/tɛk/ | US:/tæk/,His collection takes a lot of space.,Sưu tập của anh ấy chiếm rất nhiều không gian.
take,,54,verb,beginner,(transitive) To fill or require: to last or expend (an amount of time).,took ; taken,US:/teɪk/ | US:/tɛk/ | US:/tæk/,"Unloading the moving truck took us half a day, but this mess of a house will take us all weekend to tidy up. It takes ages to finish house moving!","Tiến hành việc dỡ hàng từ xe di chuyển mất nửa ngày, nhưng việc làm sạch ngôi nhà này sẽ mất cả tuần-end. Việc hoàn thành việc chuyển nhà thật mất thời gian!"
take,,55,verb,beginner,(transitive) To avail oneself of; to exploit.,took ; taken,US:/teɪk/ | US:/tɛk/ | US:/tæk/,He took that opportunity to leave France.,Anh ấy đã tận dụng cơ hội đó để rời khỏi Pháp.
take,,56,verb,beginner,(transitive) To practice; perform; execute; carry out; do.,took ; taken,US:/teɪk/ | US:/tɛk/ | US:/tæk/,take a walk,đi dạo
take,,57,verb,beginner,(transitive) To assume or perform (a form or role).,took ; taken,US:/teɪk/ | US:/tɛk/ | US:/tæk/,,
take,,58,verb,beginner,(transitive) To assume (a form).,took ; taken,US:/teɪk/ | US:/tɛk/ | US:/tæk/,took the form of a duck,biến thành con vịt
take,,59,verb,beginner,(transitive) To perform (a role).,took ; taken,US:/teɪk/ | US:/tɛk/ | US:/tæk/,take the part of the villain/hero,vai phản diện/vai chính diện
take,,60,verb,beginner,"(transitive) To assume and undertake the duties of (a job, an office etc.).",took ; taken,US:/teɪk/ | US:/tɛk/ | US:/tæk/,take office,trở thành người đứng đầu
take,,61,verb,beginner,(transitive) To bind oneself by.,took ; taken,US:/teɪk/ | US:/tɛk/ | US:/tæk/,he took the oath of office last night,anh ấy đã tuyên thệ nhậm chức vào đêm qua
take,,62,verb,beginner,"(transitive) To go into, through, or along.",took ; taken,US:/teɪk/ | US:/tɛk/ | US:/tæk/,go down two blocks and take the next left,di chuyển xuống hai phố và rẽ trái vào đường tiếp theo
take,,63,verb,beginner,(transitive) To go or move into.,took ; taken,US:/teɪk/ | US:/tɛk/ | US:/tæk/,the witness took the stand,người chứng nhân lên tiếng
take,,64,verb,beginner,(transitive) To have and use one's recourse to.,took ; taken,US:/teɪk/ | US:/tɛk/ | US:/tæk/,,
take,,65,verb,beginner,"(transitive) To ascertain or determine by measurement, examination or inquiry.",took ; taken,US:/teɪk/ | US:/tɛk/ | US:/tæk/,,
take,,66,verb,beginner,"(transitive) To write down; to get in, or as if in, writing.",took ; taken,US:/teɪk/ | US:/tɛk/ | US:/tæk/,He took a mental inventory of his supplies.,Anh ta kiểm tra lại các vật dụng của mình.
take,,67,verb,beginner,"(transitive) To make (a photograph, film, or other reproduction of something).",took ; taken,US:/teɪk/ | US:/tɛk/ | US:/tæk/,She took a video of their encounter.,Cô ấy đã quay video về cuộc gặp.
take,,68,verb,beginner,"(transitive|dated) To make a picture, photograph etc. of (a person, scene etc.).",took ; taken,US:/teɪk/ | US:/tɛk/ | US:/tæk/,The photographer will take you sitting down.,Nhân viên sẽ làm bạn ngồi xuống.
take,,69,verb,beginner,"(transitive) To obtain money from, especially by swindling.",took ; taken,US:/teɪk/ | US:/tɛk/ | US:/tæk/,took me for ten grand,anh ấy sẽ trả tiền cho tôi mười ngàn đô
take,,70,verb,beginner,(transitive|now chiefly by enrolling in a class or course) To apply oneself to the study of.,took ; taken,US:/teɪk/ | US:/tɛk/ | US:/tæk/,"As a child, she took ballet.","Khi còn nhỏ, cô ấy học ballet."
take,,71,verb,beginner,(transitive) To deal with.,took ; taken,US:/teɪk/ | US:/tɛk/ | US:/tæk/,take matters as they arise,ta hãy để sự việc phát triển theo cách tự nhiên
take,,72,verb,beginner,"(transitive) To consider in a particular way, or to consider as an example.",took ; taken,US:/teɪk/ | US:/tɛk/ | US:/tæk/,"I've had a lot of problems recently: take last Monday, for example. My car broke down on the way to work. Then",Tôi gặp nhiều rắc rối trong thời gian gần đây: lấy thứ Hai tuần trước làm ví dụ. Xe của tôi hỏng trên đường đến công ty. Sau đó
take,,73,verb,beginner,"(transitive|baseball) To decline to swing at (a pitched ball); to refrain from hitting at, and allow to pass.",took ; taken,US:/teɪk/ | US:/tɛk/ | US:/tæk/,He'll probably take this one.,Anh ta sẽ nhận xét về điều này.
take,,74,verb,beginner,(transitive) To accept as an input to a relation.,took ; taken,US:/teɪk/ | US:/tɛk/ | US:/tæk/,,
take,,75,verb,beginner,(transitive|grammar) To have to be used with (a certain grammatical form etc.).,took ; taken,US:/teɪk/ | US:/tɛk/ | US:/tæk/,This verb takes the dative; that verb takes the genitive.,giá trị này nhận tham số kiểu dữ liệu này; giá trị kia nhận tham số kiểu dữ liệu kia.
take,,76,verb,beginner,(transitive|mathematics|computing) To accept (zero or more arguments).,took ; taken,US:/teɪk/ | US:/tɛk/ | US:/tæk/,"The function takes two arguments, an array of size n and an integer k.","Hàm này nhận hai tham số, một mảng có kích thước n và một số nguyên k."
take,,77,verb,beginner,(transitive|Greece|Cyprus|informal) To buy.,took ; taken,US:/teɪk/ | US:/tɛk/ | US:/tæk/,take a ticket,take a ticket 取票
take,,78,verb,beginner,(intransitive) To get or accept (something) into one's possession.,took ; taken,US:/teɪk/ | US:/tɛk/ | US:/tæk/,My husband and I have a dysfunctional marriage. He just takes and takes; he never gives.,Chồng tôi và tôi có một hôn nhân bất thường. Anh ấy chỉ nhận mà không cho.
take,,79,verb,beginner,"(intransitive) To engage, take hold or have effect.",took ; taken,US:/teɪk/ | US:/tɛk/ | US:/tæk/,,
take,,80,verb,beginner,"(of ink, dye To adhere or be absorbed properly.",took ; taken,US:/teɪk/ | US:/tɛk/ | US:/tæk/,the dye didn't take,màu không lên
take,,81,verb,beginner,"(of a plant To begin to grow after being grafted or planted; to (literally|or|figuratively) take root, take hold.",took ; taken,US:/teɪk/ | US:/tɛk/ | US:/tæk/,not all grafts take,không phải tất cả các ghép đều lên
take,,82,verb,beginner,(of a|mechanical device) To catch; to engage.,took ; taken,US:/teɪk/ | US:/tɛk/ | US:/tæk/,"At the depot, Hook climbed out, slamming the door twice before the latch took. A train idled on the main track, the engine hissing as it waited for the crew change. From the windows, passengers watched on at the world outside.","Tại đồn gá, Hook đã leo ra, đóng cửa hai lần trước khi bản lề bắt được. Một đoàn tàu đang chờ ở đường ray chính, động cơ hiss khi nó chờ nhân viên thay ca. Từ cửa sổ, hành khách nhìn ra thế giới bên ngoài."
take,,83,verb,beginner,"(possibly|dated) To win acceptance, favor or favorable reception; to charm people.",took ; taken,US:/teɪk/ | US:/tɛk/ | US:/tæk/,"Here was only cruelty and pain; where was the loving side of Christianity? ""When I was young,"" I said, ""I was vaccinated with religion, but the vaccination didn't take.""","Đây chỉ có sự tàn nhẫn và đau khổ; nơi nào có phần yêu thương của Kitô giáo? ""Khi tôi còn nhỏ"", tôi nói, ""tôi đã được tiêm chủng về tôn giáo, nhưng tiêm chủng không hiệu quả."""
take,,84,verb,beginner,(intransitive|copulative) To become; to be affected in a specified way.,took ; taken,US:/teɪk/ | US:/tɛk/ | US:/tæk/,They took ill within 3 hours.,Họ bị bệnh trong vòng 3 giờ.
take,,85,verb,beginner,(intransitive|possibly|dated) To be able to be accurately or beautifully photographed.,took ; taken,US:/teɪk/ | US:/tɛk/ | US:/tæk/,"'Photographs never do give anything but a pale imitation, you know, but the likenesses, as likenesses, are good. She ""takes well"" as they say, and those were done lately.'","""Hình ảnh never có thể mang lại gì hơn ngoài một bản sao yếu ớt, bạn biết đấy, nhưng những bức ảnh chân dung vẫn khá giống nhau. Cô ấy ""cầm được"" như họ nói, và những bức ảnh đó được chụp gần đây."""
take,,86,verb,beginner,"(intransitive|dialectal|proscribed)1970, Harry Shaw, Errors in English and ways to correct them, page 93: In the sentence, ""He took and beat the horse unmercifully,"" took and should be omitted entirely.",took ; taken,US:/teɪk/ | US:/tɛk/ | US:/tæk/,"I don't know but she would, but just then poor Sukey came in, and looked so frightened and scarey—Sukey is a pretty gal, and looks so trembling and delicate, that it's kinder a shame to plague her, and so I took and come away for that time.","Tôi không biết liệu cô ấy có làm vậy không, nhưng đúng lúc đó, poor Sukey bước vào, trông rất sợ hãi—Sukey là một cô gái xinh đẹp, và trông cô ấy run rẩy và mỏng manh đến mức thật đáng tiếc khi quấy rối cô ấy, nên tôi đã đi khỏi đó."
take,,87,verb,beginner,"(transitive|obsolete) To deliver, bring, give (something) to (someone).",took ; taken,US:/teɪk/ | US:/tɛk/ | US:/tæk/,,
take,,88,verb,beginner,"(transitive|obsolete|outside|dialects|and|slang) To give or deliver (a blow, to someone); to strike or hit.",took ; taken,US:/teɪk/ | US:/tɛk/ | US:/tæk/,He took me a blow on the head.,Anh ta đánh tôi một cái trên đầu.
take,,89,verb,beginner,(archaic) To visit; to include in a course of travel.,took ; taken,US:/teɪk/ | US:/tɛk/ | US:/tæk/,"Now about a Year ſince, R. B. and B. F. took that City in the Way from Frederickſtadt to Amſterdam, and gave them a Viſit: In which they informed them ſomewhat of Friend's Principles, and recommended the Teſtimony of TRUTH to them, as both a nearer and more certain Thing than the utmoſt of De Labadies Doctrine. They left them tender and loving.","Bây giờ cách đây khoảng một năm, R. B. và B. F. đã chiếm thành phố đó từ Frederickſtadt đến Amſterdam và ghé thăm họ. Trong đó, họ thông báo cho họ về một số nguyên tắc của Friend và giới thiệu chứng nhân của THỰC TƯỢNG cho họ, rằng đó là điều gần gũi và chắc chắn hơn so với giáo lý xa nhất của De Labadies. Họ để lại họ mềm yếu và yêu thương."
take,,90,verb,beginner,(obsolete|rare) To portray in a painting.,took ; taken,US:/teɪk/ | US:/tɛk/ | US:/tæk/,,
take,,91,verb,beginner,(obsolete|rare) To portray in a painting.,took ; taken,US:/teɪk/ | US:/tɛk/ | US:/tæk/,,
take,,92,noun,beginner,The or an act of taking.,"sự cầm, sự nắm, sự lấy",US:/teɪk/ | US:/tɛk/ | US:/tæk/,"The 1994 Amendments address the incidental take of marine mammals in the course of commercial fishing, not the direct lethal take of pinnipeds for management purposes.","Sửa đổi năm 1994 đề cập đến việc lấy ngẫu nhiên động vật biển trong quá trình đánh bắt thương mại, không phải là việc lấy trực tiếp và gây tử vong đối với pinnipeds để mục đích quản lý."
take,,93,noun,beginner,Something that is taken; a haul.,"chầu, mẻ (số lượng săn được, câu được, bắt được)",US:/teɪk/ | US:/tɛk/ | US:/tæk/,,
take,,94,noun,beginner,"Money that is taken in, (legal or illegal) proceeds, income; (in particular) profits; takings.","số tiền thu được, số tiền nhận được (trong buổi hoà nhạc, diễn kịch.. do bán vé mà có)",US:/teɪk/ | US:/tɛk/ | US:/tæk/,He wants half of the take if he helps with the job.,Anh ta muốn được hưởng một nửa số tiền nếu giúp làm việc.
take,,95,noun,beginner,"The or a quantity of fish, game animals or pelts, etc which have been taken at one time; catch.",(điện ảnh) chuỗi cảnh của phim quay liền một lần không ngừng máy quay lại,US:/teɪk/ | US:/tɛk/ | US:/tæk/,,
take,,96,noun,beginner,"An interpretation or view, opinion or assessment; perspective; a statement expressing such a position.","sự cầm, sự nắm, sự lấy",US:/teɪk/ | US:/tɛk/ | US:/tæk/,"What's your take on this issue, Fred?","Fred, bạn nghĩ gì về vấn đề này?"
take,,97,noun,beginner,"An approach, a (distinct) treatment.","sự cầm, sự nắm, sự lấy",US:/teɪk/ | US:/tɛk/ | US:/tæk/,a new take on a traditional dish,một cách tiếp cận mới đối với món ăn truyền thống
take,,98,noun,beginner,"(film) A scene recorded (filmed) at one time, without an interruption or break; a recording of such a scene.","sự cầm, sự nắm, sự lấy",US:/teɪk/ | US:/tɛk/ | US:/tæk/,It's a take.,Đó là một cách tiếp cận.
take,,99,noun,beginner,(music) A recording of a musical performance made during an uninterrupted single recording period.,"sự cầm, sự nắm, sự lấy",US:/teɪk/ | US:/tɛk/ | US:/tæk/,,
take,,100,noun,beginner,"A visible (facial) response to something, especially something unexpected; a facial gesture in response to an event.","sự cầm, sự nắm, sự lấy",US:/teɪk/ | US:/tɛk/ | US:/tæk/,did a double take and then a triple take,tôi đã làm một lần thử thám và sau đó là một lần thử thám thứ ba
take,,101,noun,beginner,(medicine) An instance of successful inoculation/vaccination.,"sự cầm, sự nắm, sự lấy",US:/teɪk/ | US:/tɛk/ | US:/tæk/,,
take,,102,noun,beginner,"(rugby|cricket) A catch of the ball (in cricket, especially one by the wicket-keeper).","sự cầm, sự nắm, sự lấy",US:/teɪk/ | US:/tɛk/ | US:/tæk/,,
take,,103,noun,beginner,(printing) The quantity of copy given to a compositor at one time.,"sự cầm, sự nắm, sự lấy",US:/teɪk/ | US:/tɛk/ | US:/tæk/,"When the copy arrives, it is taken in hand by the printer, who first of all divides it into ""takes"" or short portions, distributing these among the various compositors. A take usually consists of a little more than a stickful of matter, but it varies sometimes, for if a new paragraph occurs it is not overlooked. These takes are carefully numbered, and a list is kept of the compositors who take the several pieces.","Khi bản sao đến, nó được tay in nhận lấy, người đầu tiên chia nó thành 'lần thử thám' hoặc các phần nhỏ, phân phối những phần này cho các soạn thảo viên khác nhau. Một lần thử thám thường gồm một chút hơn một cây gỗ của nội dung, nhưng nó thay đổi đôi khi, vì nếu một đoạn văn mới xuất hiện, nó không bị bỏ qua. Những lần thử thám này được đánh số cẩn thận, và một danh sách được giữ về những soạn thảo viên nào nhận từng phần."
come,,1,verb,beginner,(intransitive) To move nearer to the point of perspective.,"đến, tới, đi đến, đi tới, đi lại",UK:/kʌm/ | US:/kʌm/ | US:/kʊm/,She’ll be coming round the mountain when she comes the wrong way,Cô ấy sẽ đi qua dãy núi khi đi sai đường.
come,,2,verb,beginner,To move toward the speaker.,"sắp đến, sắp tới",UK:/kʌm/ | US:/kʌm/ | US:/kʊm/,"I called the dog, but she wouldn't come.","Tôi gọi chó, nhưng cô ấy không chịu đến."
come,,3,verb,beginner,To move toward the listener.,"xảy ra, xảy đến",UK:/kʌm/ | US:/kʌm/ | US:/kʊm/,"Hold on, I'll come in a second.","Chờ một chút, tôi sẽ đến ngay sau này."
come,,4,verb,beginner,To move toward the object that is the focus of the sentence.,"thấy, ở, thấy ở",UK:/kʌm/ | US:/kʌm/ | US:/kʊm/,No-one can find Bertie Wooster when his aunts come to visit.,Không ai có thể tìm thấy Bertie Wooster khi các bà của ông đến thăm.
come,,5,verb,beginner,(in subordinate clauses and gerunds) To move toward the agent or subject of the main clause.,"nên, thành ra, hoá ra, trở nên, trở thành",UK:/kʌm/ | US:/kʌm/ | US:/kʊm/,King Cnut couldn't stop the tide coming.,Vua Cnut không thể ngăn dòng chảy của sóng biển.
come,,6,verb,beginner,To move toward an unstated agent.,"hình thành; đặc lại, đông lại (nước xốt, tiết canh...)",UK:/kʌm/ | US:/kʌm/ | US:/kʊm/,The butler should come when called.,Dụng dịch nên đến khi được gọi.
come,,7,verb,beginner,(intransitive) To arrive.,"(lời mệnh lệnh) nào! nào, nào!; thế, thế!",UK:/kʌm/ | US:/kʌm/ | US:/kʊm/,"So I'd have ate when me Dad had ate, sort of thing, I think, you know when he come home from work, I'd have waited for him, I wouldn't have said I wanted mine at four o'clock","Vì vậy, tôi sẽ đã ăn khi cha tôi đã ăn, kiểu như vậy, tôi nghĩ, bạn biết, khi ông ấy về từ công việc, tôi sẽ đã đợi ông ấy, tôi không có nói rằng tôi muốn của mình vào lúc bốn giờ"
come,,8,verb,beginner,(intransitive) To appear; to manifest itself; to cause a reaction by manifesting.,"(từ lóng) hành động, làm, xử sự",UK:/kʌm/ | US:/kʌm/ | US:/kʊm/,The pain in his leg comes and goes.,Đau ở chân ông ấy xuất hiện và biến mất.
come,,9,verb,beginner,(with an infinitive) To begin (to have an opinion or feeling).,came ; come,UK:/kʌm/ | US:/kʌm/ | US:/kʊm/,We came to believe that he was not so innocent after all.,Chúng tôi bắt đầu tin rằng anh ấy không phải là vô tội như vậy sau hết.
come,,10,verb,beginner,(with an infinitive) To do something by chance or unintentionally.,came ; come,UK:/kʌm/ | US:/kʌm/ | US:/kʊm/,Could you tell me how the document came to be discovered?,Bạn có thể kể cho tôi biết cách mà bản văn được phát hiện ra không?
come,,11,verb,beginner,(intransitive) To take a position relative to something else in a sequence.,came ; come,UK:/kʌm/ | US:/kʌm/ | US:/kʊm/,Which letter comes before Y?&nbsp;&nbsp; Winter comes after autumn.,Letter Y nằm trước chữ gì? Winter đến sau mùa thu.
come,,12,verb,beginner,(intransitive|often vulgar|slang) To achieve orgasm; to cum; to ejaculate.,came ; come,UK:/kʌm/ | US:/kʌm/ | US:/kʊm/,She came after a few minutes.,Cô ấy đến sau vài phút.
come,,13,verb,beginner,(intransitive|of milk) To become butter by being churned.,came ; come,UK:/kʌm/ | US:/kʌm/ | US:/kʊm/,,
come,,14,verb,beginner,(copulative|figuratively) To approach or reach a state of being or accomplishment.,came ; come,UK:/kʌm/ | US:/kʌm/ | US:/kʊm/,They came very close to leaving on time.&nbsp;&nbsp; His test scores came close to perfect.,Họ gần như rời đi đúng giờ. Điểm số kiểm tra của anh ấy gần như hoàn hảo.
come,,15,verb,beginner,(figuratively|with to) To take a particular approach or point of view in regard to something.,came ; come,UK:/kʌm/ | US:/kʌm/ | US:/kʊm/,"He came to SF literature a confirmed technophile, and nothing made him happier than to read a manuscript thick with imaginary gizmos and whatzits.","Anh đến với văn học San Francisco như một người yêu công nghệ, và không có gì làm anh hạnh phúc hơn là đọc một bản thảo dày đặc với những đồ ghi chú tưởng tượng và những cái gì đó."
come,,16,verb,beginner,"(copulative|fossil word) To become, to turn out to be .",came ; come,UK:/kʌm/ | US:/kʌm/ | US:/kʊm/,come true,trở thành hiện thực
come,,17,verb,beginner,"(intransitive) To be supplied, or made available; to exist.",came ; come,UK:/kʌm/ | US:/kʌm/ | US:/kʊm/,He's as tough as they come.,Anh thật sự mạnh mẽ như vậy.
come,,18,verb,beginner,(slang) To carry through; to succeed in.,came ; come,UK:/kʌm/ | US:/kʌm/ | US:/kʊm/,You can't come any tricks here.,Bạn không thể chơi trò lừa đảo ở đây.
come,,19,verb,beginner,(intransitive) To happen.,came ; come,UK:/kʌm/ | US:/kʌm/ | US:/kʊm/,This kind of accident comes when you are careless.,Loại tai nạn này xảy ra khi bạn chủ quan.
come,,20,verb,beginner,"(intransitive|with from or sometimes of) To have as an origin, originate.",came ; come,UK:/kʌm/ | US:/kʌm/ | US:/kʊm/,,
come,,21,verb,beginner,To have a certain social background.,came ; come,UK:/kʌm/ | US:/kʌm/ | US:/kʊm/,"While Kate Roberts came from a poor background and, later in life, in the post-Second World War period suffered from severe money shortages, in the early 1930s, she and her husband must have counted themselves relatively well off, particularly in comparison with their neighbours in Tonypandy.","Trong khi Kate Roberts xuất thân từ một gia đình nghèo và sau cuộc chiến thế giới thứ hai gặp khó khăn về tài chính, vào những năm đầu thập kỷ 1930, cô và chồng cô chắc chắn tự coi mình là khá giả so với hàng xóm của họ ở Tonypandy."
come,,22,verb,beginner,To be or have been a resident or native.,came ; come,UK:/kʌm/ | US:/kʌm/ | US:/kʊm/,Where did you come from?,Bạn đến từ đâu?
come,,23,verb,beginner,To have been brought up by or employed by.,came ; come,UK:/kʌm/ | US:/kʌm/ | US:/kʊm/,She comes from a good family.,Cô ấy đến từ một gia đình tốt.
come,,24,verb,beginner,To begin (at a certain location); to radiate or stem (from).,came ; come,UK:/kʌm/ | US:/kʌm/ | US:/kʊm/,The river comes from Bear Lake.,Sông này bắt nguồn từ Hồ Gấu.
come,,25,verb,beginner,(intransitive|of grain) To germinate.,came ; come,UK:/kʌm/ | US:/kʌm/ | US:/kʊm/,,
come,,26,verb,beginner,(transitive|informal) To pretend to be; to behave in the manner of; to assume the role of.,came ; come,UK:/kʌm/ | US:/kʌm/ | US:/kʊm/,Don’t come the innocent victim. We all know who’s to blame here.,Chớ giả vờ là nạn nhân vô tội. Chúng tôi đều biết ai phải chịu trách nhiệm.
come,,27,noun,beginner,"(obsolete) Coming, arrival; approach.","(từ Mỹ,nghĩa Mỹ), (từ lóng) đáp lại, cãi lại ▸ to come between",UK:/kʌm/ | US:/kʌm/ | US:/kʊm/,"“If we count three before the come of thee, thwacked thou art, and must go to the women.”","""Nếu chúng ta đếm ba trước khi bạn đến, bạn sẽ bị trừng phạt và phải đi đến phụ nữ."""
come,,28,noun,beginner,(vulgar|slang) Semen,"đứng giữa (làm môi giới, điều đình)",UK:/kʌm/ | US:/kʌm/ | US:/kʊm/,,
come,,29,noun,beginner,(vulgar|slang) Female ejaculatory discharge.,"can thiệp vào, xen vào ▸ to come by",UK:/kʌm/ | US:/kʌm/ | US:/kʊm/,,
come,,30,interjection,beginner,(dated|or|formal),"qua, đi qua",UK:/kʌm/ | US:/kʌm/ | US:/kʊm/,Come come! Stop crying.,Anh ấy đừng khóc nữa.
come,,31,interjection,beginner,(dated|or|formal),"có được, kiếm được, vớ được",UK:/kʌm/ | US:/kʌm/ | US:/kʊm/,Come come! You can do it.,Anh ấy đừng khóc nữa.
come,,32,noun,beginner,in its medieval use as a middot ⟨·⟩ serving as a form of colon.,"xuống, đi xuống",UK:/kʌm/ | US:/kʌm/ | US:/kʊm/,"There be five manner of points and divisions most used among cunning men; the which if they be well used, make the sentence very light and easy to be understood, both to the reader and hearer: and they be these, virgil,—come,—parenthesis,—plain point,—interrogative.","Ai đã giới thiệu các điểm khác nhau, dường như một dấu chấm đầy đủ, một dấu chấm gọi là đến, tương đương với dấu chấm điểm của chúng tôi, một dấu chấm gọi là Virgil đáp ứng dấu phẩy của chúng tôi, dấu ngoặc đơn và dấu hỏi, được sử dụng vào cuối thế kỷ XIV hoặc đầu thế kỷ XV."
see,,1,verb,beginner,"(transitive) To perceive or detect someone or something with the eyes, or as if by sight.","thấy, trông thấy, nhìn thấy; xem, quan sát, xem xét",US:/ˈsiː/ | US:/ˈsi/,,
see,,2,verb,beginner,To witness or observe by personal experience.,"xem, đọc (trang báo chí)",US:/ˈsiː/ | US:/ˈsi/,Now I've seen it all!,Bây giờ tôi đã thấy tất cả!
see,,3,verb,beginner,"To watch (a movie) at a cinema, or a show on television etc.","hiểu rõ, nhận ra",US:/ˈsiː/ | US:/ˈsi/,I saw the latest Tarantino flick last week.,Tôi đã xem bộ phim mới nhất của Tarantino tuần trước.
see,,4,verb,beginner,To form a mental picture of.,"trải qua, từng trải, đã qua",US:/ˈsiː/ | US:/ˈsi/,,
see,,5,verb,beginner,(figuratively) To understand.,"gặp, thăm; đến hỏi ý kiến (bác sĩ, luật sư...); tiếp",US:/ˈsiː/ | US:/ˈsi/,Do you see what I mean?,Bạn có thấy tôi đang nói gì không?
see,,6,verb,beginner,To come to a realization of having been mistaken or misled.,"tưởng tượng, mường tượng",US:/ˈsiː/ | US:/ˈsi/,"They're blind to the damage they do, but someday they'll see.","Họ mù mờ về tổn hại mà họ gây ra, nhưng một ngày nào đó họ sẽ thấy."
see,,7,verb,beginner,"(transitive) To foresee, predict, or prophesy.","chịu, thừa nhận, bằng lòng",US:/ˈsiː/ | US:/ˈsi/,The oracle saw the destruction of the city.,Oracle đã thấy sự phá hủy thành phố.
see,,8,verb,beginner,(used in the imperative),"tiễn, đưa",US:/ˈsiː/ | US:/ˈsi/,"You see, Johnny, your Dad isn't your real father.","Bạn thấy đấy, Johnny, bố của bạn không phải là bố ruột của bạn."
see,,9,verb,beginner,"(social) To meet, to visit.",giúp đỡ,US:/ˈsiː/ | US:/ˈsi/,,
see,,10,verb,beginner,"To have an interview with; especially, to make a call upon; to visit.","quan niệm, cho là",US:/ˈsiː/ | US:/ˈsi/,You'd better see about that with the boss.,Bạn nên đi gặp sếp về việc này.
see,,11,verb,beginner,To date frequently.,"chăm lo, lo liệu, đảm đương, phụ trách, bảo đảm",US:/ˈsiː/ | US:/ˈsi/,I've been seeing her for two months.,Tôi đã hẹn hò với cô ấy hai tháng rồi.
see,,12,verb,beginner,To visit for a medical appointment.,"điều tra, nghiên cứu, xem xét, kỹ lưỡng",US:/ˈsiː/ | US:/ˈsi/,You should see a doctor about that rash on your arm.,Bạn nên đi gặp bác sĩ về vết ngứa trên cánh tay của bạn.
see,,13,verb,beginner,(ergative) To be the setting or time of.,"suy nghĩ, xem lại",US:/ˈsiː/ | US:/ˈsi/,The 20th century saw humanity's first space exploration.,Kỷ nguyên 20 thế kỷ chứng kiến cuộc khám phá vũ trụ đầu tiên của con người.
see,,14,verb,beginner,"(by extension) : to ensure that something happens, especially by personally witnessing it.","(đánh bài) đắt, cân",US:/ˈsiː/ | US:/ˈsi/,I'll see you hang for this,Tụi em sẽ xử lý anh.
see,,15,verb,beginner,"(transitive) To wait upon; attend, escort.","cứ đứng nhìn, trông thấy mà để mặc",US:/ˈsiː/ | US:/ˈsi/,I saw the old lady safely across the road.,Tôi thấy bà lão an toàn qua đường.
see,,16,verb,beginner,(gambling|transitive) To respond to another player's bet with a bet of equal value.,"saw , seen",US:/ˈsiː/ | US:/ˈsi/,I'll see your twenty dollars and raise you ten.,Tôi sẽ thấy hai mươi đôla của bạn và tăng thêm mười đôla.
see,,17,verb,beginner,To determine by trial or experiment; to find out (if or whether).,"saw , seen",US:/ˈsiː/ | US:/ˈsi/,I'll come over later and see if I can fix your computer.,Tôi sẽ đến đây sau và kiểm tra xem có thể sửa máy tính của bạn không.
see,,18,verb,beginner,(used in the imperative) To reference or to study for further details.,"saw , seen",US:/ˈsiː/ | US:/ˈsi/,"Step 4: In the system, check out the laptop to the student (see: ""Logging Resources"" in the Tutor Manual).","Bước 4: Trong hệ thống, kiểm tra máy tính bảng cho sinh viên (xem: ""Đăng ký tài nguyên"" trong Hướng dẫn Giảng dạy)."
see,,19,verb,beginner,"To examine something closely, or to utilize something, often as a temporary alternative.","saw , seen",US:/ˈsiː/ | US:/ˈsi/,Can I see that lighter for a second? Mine just quit working.,Có thể tôi xem thử bật đèn nhỏ của bạn một giây không? Đèn của tôi vừa hết pin.
see,,20,verb,beginner,To include as one of something's experiences.,"saw , seen",US:/ˈsiː/ | US:/ˈsi/,The equipment has not seen usage outside of our projects.,Thiết bị chưa được sử dụng ngoài các dự án của chúng tôi.
see,,21,noun,beginner,"A diocese or archdiocese: a region of a church, generally headed by a bishop or an archbishop.",toà giám mục,US:/ˈsiː/ | US:/ˈsi/,,
see,,22,noun,beginner,The office of a bishop or archbishop.,chức giám mục; quyền giám mục,US:/ˈsiː/ | US:/ˈsi/,,
see,,23,noun,beginner,"A seat; a site; a place where sovereign, autonomous, or autocephalous power is exercised.",toà giám mục,US:/ˈsiː/ | US:/ˈsi/,,
see,,24,noun,beginner,(computing) a temporary or permanent fault caused by an ionizing radiation particle or ray striking a computer chip.,toà giám mục,US:/ˈsiː/ | US:/ˈsi/,,
see,,25,noun,beginner,(computing) a temporary or permanent fault caused by an ionizing radiation particle or ray striking a computer chip.,toà giám mục,US:/ˈsiː/ | US:/ˈsi/,,
know,,1,verb,beginner,(transitive) To perceive the truth or factuality of; to be certain of; to be certain that.,biết; hiểu biết,UK:/nəʊ/ | US:/naː/ | US:/noʊ/ | US:/noʊ/,Question things. I have the most fun when I'm writing questioning things that people do not question- the assumptions that everybody knows are true.,Hỏi về mọi thứ. Tôi vui nhất khi viết về những điều mà mọi người không hỏi – những giả định mà mọi người cho rằng là đúng.
know,,2,verb,beginner,(intransitive) To be or become aware or cognizant.,"(ở thời quá khứ và hoàn thành) đã thấy, đã nghe nói...",UK:/nəʊ/ | US:/naː/ | US:/noʊ/ | US:/noʊ/,"Did you know Michelle and Jack were getting divorced? ― Yes, I knew.","Bạn biết Michelle và Jack đang ly dị không? — Có, tôi biết."
know,,3,verb,beginner,(transitive) To be aware of; to be cognizant of.,nhận biết; phân biệt được,UK:/nəʊ/ | US:/naː/ | US:/noʊ/ | US:/noʊ/,"Did you know Michelle and Jack were getting divorced? ― Yes, I knew.","Bạn biết Michelle và Jack đang ly dị không? — Có, tôi biết."
know,,4,verb,beginner,(intransitive|obsolete) To be acquainted (with another person).,quen biết với ai,UK:/nəʊ/ | US:/naː/ | US:/noʊ/ | US:/noʊ/,,
know,,5,verb,beginner,(transitive) To be acquainted or familiar with; to have encountered.,"(to know somebody/something as something) coi ai/cái gì như là cái gì; gọi, đặt tên riêng hay gán cho ai/cái gì như cái gì",UK:/nəʊ/ | US:/naː/ | US:/noʊ/ | US:/noʊ/,"I know your mother, but I've never met your father.","Tôi quen với mẹ của bạn, nhưng tôi chưa từng gặp bố của bạn."
know,,6,verb,beginner,(transitive|archaic|Biblical|euphemistic) To have sexual relations with. This meaning normally specified in modern English as e.g. to 'know someone in the biblical sense' or to 'know biblically'.,"đã biết mùi, đã trải qua",UK:/nəʊ/ | US:/naː/ | US:/noʊ/ | US:/noʊ/,"Now Gerald had never thought of her having a mother. Then there must have been a father, too, some time. And Miss Wilmarth existed because two people once had loved and known. It was not a thought to dwell upon.","Gerald giờ mới nghĩ đến việc cô ấy có mẹ. Thì phải có bố nữa, dù chỉ là một thời gian ngắn. Và Miss Wilmarth tồn tại vì hai người đã yêu nhau và biết nhau. Đó không phải là suy nghĩ để suy ngẫm."
know,,7,verb,beginner,(transitive) To experience.,(kinh thánh) đã ăn nằm (với một người đàn bà),UK:/nəʊ/ | US:/naː/ | US:/noʊ/ | US:/noʊ/,Their relationship knew ups and downs.,Quan hệ của họ có lúc tốt có lúc xấu.
know,,8,verb,beginner,To understand or have a grasp of through experience or study.,knew ; known,UK:/nəʊ/ | US:/naː/ | US:/noʊ/ | US:/noʊ/,Let me do it. I know how it works.,Để tôi làm. Tôi biết cách làm.
know,,9,verb,beginner,"(transitive) To be able to distinguish, to discern, particularly by contrast or comparison; to recognize the nature of.",knew ; known,UK:/nəʊ/ | US:/naː/ | US:/noʊ/ | US:/noʊ/,to know a person's face or figure,biết mặt hoặc hình dáng của một người
know,,10,verb,beginner,(transitive) To recognize as the same (as someone or something previously encountered) after an absence or change.,knew ; known,UK:/nəʊ/ | US:/naː/ | US:/noʊ/ | US:/noʊ/,"At nearer view he thought he knew the dead, / And call'd the wretched man to mind.","Khi nhìn gần hơn, ông nghĩ mình đã biết những người chết, / và gọi tên người nghèo khổ."
know,,11,verb,beginner,"(intransitive) To have knowledge; to have information, be informed.",knew ; known,UK:/nəʊ/ | US:/naː/ | US:/noʊ/ | US:/noʊ/,It is vital that he not know.,Rất quan trọng là anh ấy không biết.
know,,12,verb,beginner,(transitive) To be able to play or perform (a song or other piece of music).,knew ; known,UK:/nəʊ/ | US:/naː/ | US:/noʊ/ | US:/noʊ/,"Do you know ""Blueberry Hill""?","Bạn biết bài hát ""Blueberry Hill"" không?"
know,,13,verb,beginner,(transitive) To have indexed and have information about within one's database.,knew ; known,UK:/nəʊ/ | US:/naː/ | US:/noʊ/ | US:/noʊ/,"Mmm... Seems you searched for a name that we don't know, we'll send our trained monkeys to check what's in stock.","Mmm... Dường như bạn tìm kiếm một tên mà chúng tôi không biết, chúng tôi sẽ gửi các con khỉ được huấn luyện để kiểm tra xem có hàng trong kho không."
know,,14,verb,beginner,"(transitive|philosophy) To maintain (a belief, a position) subject to a given philosophical definition of knowledge; to hold a justified true belief.",knew ; known,UK:/nəʊ/ | US:/naː/ | US:/noʊ/ | US:/noʊ/,,
know,,15,noun,beginner,(rare) Knowledge; the state of knowing.,"(to be in the know) biết rõ sự việc, biết rõ vấn đề; biết điều mà mọi người chưa biết",UK:/nəʊ/ | US:/naː/ | US:/noʊ/ | US:/noʊ/,,
know,,16,noun,beginner,Knowledge; the state of knowing. (Now confined to the fixed phrase .),"( to be in the know ) biết rõ sự việc, biết rõ vấn đề; biết điều mà mọi người chưa biết",UK:/nəʊ/ | US:/naː/ | US:/noʊ/ | US:/noʊ/,,
know,,17,particle,beginner,(Singlish),"cư xử vụng về (thiếu kinh nghiệm, kém giáo dục) ▸ not to know one's arse from one's elbow",UK:/nəʊ/ | US:/naː/ | US:/noʊ/ | US:/noʊ/,"Make sure you water the plants, know…","Đảm bảo rằng bạn tưới cây, biết..."
think,,1,verb,beginner,"(transitive) To ponder, to go over in one's mind.","nghĩ, suy nghĩ, ngẫm nghĩ",US:/θɪŋk/,"Idly, the detective thought what his next move should be.",Dư luận viên suy nghĩ một cách vô nghĩa về bước tiếp theo của mình.
think,,2,verb,beginner,(transitive) To have (some statement) in one's mind; to say to oneself mentally.,"nghĩ, tưởng, tưởng tượng, nghĩ được, nghĩ là, cho là, coi như",US:/θɪŋk/,"""I should phone my mother,"" I thought.","""Tôi nên gọi điện cho mẹ,"" tôi nghĩ."
think,,3,verb,beginner,"(intransitive) To communicate to oneself in one's mind, to try to find a solution to a problem.","nghĩ ra, thấy, hiểu",US:/θɪŋk/,I thought for three hours about the problem and still couldn’t find the solution.,Tôi đã suy nghĩ về vấn đề này ba giờ nhưng vẫn không tìm thấy giải pháp.
think,,4,verb,beginner,(intransitive) To conceive of something or someone,"nghĩ đến, nhớ",US:/θɪŋk/,I tend to think of her as rather ugly.,Tôi thường nghĩ về cô ấy là khá xấu.
think,,5,verb,beginner,"(transitive) To be of opinion (that); to consider, judge, regard, or look upon (something) as.",trông mong,US:/θɪŋk/,"I don't think it worth complaining about the leak in the roof, is it?","Bạn nghĩ rằng việc phàn nàn về sự rò rỉ trên mái nhà không đáng để phàn nàn, phải không?"
think,,6,verb,beginner,(transitive) To guess; to reckon; to believe while admittedly being uncertain.,thought,US:/θɪŋk/,"We should/would have thought she could've washed her hands before, at least.","Chúng ta nên/có thể đã nghĩ rằng cô ấy có thể đã rửa tay trước, ít nhất."
think,,7,verb,beginner,To plan; to be considering; to be of a mind (to do something).,thought,US:/θɪŋk/,In 1985 I sat down and wrote a four-page outline from which I thought to base such a work.,"Trong năm 1985, tôi ngồi viết một bản thảo bốn trang và tôi nghĩ rằng sẽ dựa vào nó để làm việc như vậy."
think,,8,verb,beginner,To presume; to venture.,thought,US:/θɪŋk/,,
think,,9,verb,beginner,(informal|used to show obviousness or agreement) .,thought,US:/θɪŋk/,,
think,,10,noun,beginner,(chiefly|UK) An act of thinking; consideration (of something).,sự suy nghĩ,US:/θɪŋk/,I'll have a think about that and let you know.,Tôi sẽ suy nghĩ về điều đó và sẽ cho bạn biết.
think,,11,verb,beginner,"(obsolete|_|except in methinks) To seem, to appear.",thought,US:/θɪŋk/,,
look,,1,verb,beginner,"To try to see, to pay attention to with one’s eyes.",nhìn; xem; ngó; để ý; chú ý,US:/lʊk/ | US:/luːk/ | US:/lʉk/,,
look,,2,verb,beginner,(intransitive),"mở to mắt nhìn, giương mắt nhìn",US:/lʊk/ | US:/luːk/ | US:/lʉk/,They kept looking at me.,Họ luôn nhìn tôi.
look,,3,verb,beginner,(transitive|colloquial),"ngó đến, để ý đến, đoái đến, lưu ý",US:/lʊk/ | US:/luːk/ | US:/lʉk/,Look what you did to him!,Xem bạn đã làm gì với anh ấy!
look,,4,verb,beginner,"To appear, to seem.","mong đợi, tính đến, toan tính",US:/lʊk/ | US:/luːk/ | US:/lʉk/,It looks as if it’s going to rain soon. or It looks like it’s going to rain soon. or It looks like rain [is coming].,Dường như sắp下雨了。
look,,5,verb,beginner,(copulative) To give an appearance of being.,"hướng về, xoay về, quay về, ngoảnh về",US:/lʊk/ | US:/luːk/ | US:/lʉk/,That painting looks nice.,Hình vẽ đó trông đẹp.
look,,6,verb,beginner,"(intransitive|often|with ""for"") To search for, to try to find.",có vẻ; tỏ ra,US:/lʊk/ | US:/luːk/ | US:/lʉk/,,
look,,7,verb,beginner,To face or present a view.,nhìn; xem; ngó; để ý; chú ý,US:/lʊk/ | US:/luːk/ | US:/lʉk/,The hotel looks over the valleys of the Hindu Kush.,Khách sạn này nhìn ra các thung lũng của Hindu Kush.
look,,8,verb,beginner,To expect or anticipate.,nhìn; xem; ngó; để ý; chú ý,US:/lʊk/ | US:/luːk/ | US:/lʉk/,I look to each hour for my lover’s arrival.,Tôi mong chờ mỗi giờ để chờ người yêu đến.
look,,9,verb,beginner,(transitive) To express or manifest by a look.,nhìn; xem; ngó; để ý; chú ý,US:/lʊk/ | US:/luːk/ | US:/lʉk/,"Soft eyes looked love to eyes which spake again,","Mắt nhẹ nhàng nhìn vào mắt đó, như đang nói chuyện với đôi mắt đã mở miệng lần nữa."
look,,10,verb,beginner,"(transitive|often|with ""to"") To make sure of, to see to.",nhìn; xem; ngó; để ý; chú ý,US:/lʊk/ | US:/luːk/ | US:/lʉk/,"""Look to it yourself, father,"" answered Telemachus, ""for they say you are the wisest counsellor in the world, and that there is no other mortal man who can compare with you.","""Cha hãy tự kiểm tra điều đó,"" Telemachus trả lời, ""vì họ nói rằng cha là người tư vấn thông thái nhất thế giới, và không có con người nào khác có thể so sánh với cha."""
look,,11,verb,beginner,(dated|sometimes|figurative) To show oneself in looking.,nhìn; xem; ngó; để ý; chú ý,US:/lʊk/ | US:/luːk/ | US:/lʉk/,Look out of the window [i.e. lean out] while I speak to you.,"Mở cửa sổ ra [tức là leans out], khi tôi nói chuyện với bạn."
look,,12,verb,beginner,"(transitive|archaic|_|or|_|dialectal) To check, to make sure (of something).",nhìn; xem; ngó; để ý; chú ý,US:/lʊk/ | US:/luːk/ | US:/lʉk/,,
look,,13,verb,beginner,(transitive|obsolete) To look at; to turn the eyes toward.,nhìn; xem; ngó; để ý; chú ý,US:/lʊk/ | US:/luːk/ | US:/lʉk/,,
look,,14,verb,beginner,(transitive|obsolete) To seek; to search for.,nhìn; xem; ngó; để ý; chú ý,US:/lʊk/ | US:/luːk/ | US:/lʉk/,,
look,,15,verb,beginner,"(transitive|obsolete) To influence, overawe, or subdue by looks or presence.",nhìn; xem; ngó; để ý; chú ý,US:/lʊk/ | US:/luːk/ | US:/lʉk/,to look down opposition,để đối mặt với sự đối lập
look,,16,verb,beginner,(baseball) To look at a pitch as a batter without swinging at it.,nhìn; xem; ngó; để ý; chú ý,US:/lʊk/ | US:/luːk/ | US:/lʉk/,The fastball caught him looking.,Ném quả bóng nhanh khiến anh ấy không kịp nhìn.
look,,17,interjection,beginner,Pay attention.,nhìn quanh,US:/lʊk/ | US:/luːk/ | US:/lʉk/,"Look, I'm going to explain what to do, so you have to listen closely.","Xem, tôi sẽ giải thích cách làm gì, vì vậy bạn phải nghe kỹ."
look,,18,noun,beginner,The action of looking; an attempt to see.,"cái nhìn, cái dòm",US:/lʊk/ | US:/luːk/ | US:/lʉk/,Let’s have a look under the hood of the car.,Chúng ta hãy kiểm tra bên trong xe hơi một chút.
look,,19,noun,beginner,"(often plural) Physical appearance, visual impression.","vẻ mặt, nét mặt",US:/lʊk/ | US:/luːk/ | US:/lʉk/,She got her mother’s looks.,Cô ấy có vẻ giống mẹ cô ấy.
look,,20,noun,beginner,A facial expression.,"ngoại hình, nhan sắc; phong cách, mốt",US:/lʊk/ | US:/luːk/ | US:/lʉk/,He gave me a dirty look.,Anh ấy nhìn tôi với ánh mắt xấu xa.
want,,1,verb,beginner,"(transitive) To wish for or desire (something); to feel a need or desire for; to crave, hanker, or demand.","thiếu, không có đủ",US:/wɒnt/ | US:/wɑnt/ | US:/wɔnt/ | US:/wɒnt/ | US:/ʋɔɳʈ/ | US:/wɒnt/,"I want you as a friend, not a foe.","Tôi muốn bạn là một người bạn, không phải kẻ thù."
want,,2,verb,beginner,"(by extension) To make it easy or tempting to do something undesirable, or to make it hard or challenging to refrain from doing it.","đòi hỏi, cần, cần có",US:/wɒnt/ | US:/wɑnt/ | US:/wɔnt/ | US:/wɒnt/ | US:/ʋɔɳʈ/ | US:/wɒnt/,"The game developers of Candy Crush want you to waste large, copious amounts of your money on in-game purchases to buy boosters and lives.","Những nhà phát triển trò chơi của Candy Crush muốn bạn lãng phí số tiền lớn, dồi dào của bạn vào các mua sắm trong-game để mua tăng cường và cuộc sống."
want,,3,verb,beginner,"(transitive|in particular) To wish, desire or demand to see, have the presence of or do business with.","nên, phải (làm điều gì)",US:/wɒnt/ | US:/wɑnt/ | US:/wɔnt/ | US:/wɒnt/ | US:/ʋɔɳʈ/ | US:/wɒnt/,"Ma’am, you are exactly the professional we want for this job.","Nữ sĩ quan, bạn chính xác là chuyên gia mà chúng tôi muốn cho công việc này."
want,,4,verb,beginner,(intransitive) To desire (to experience desire); to wish.,"đòi hỏi ai có mặt, cần có ai",US:/wɒnt/ | US:/wɑnt/ | US:/wɔnt/ | US:/wɒnt/ | US:/ʋɔɳʈ/ | US:/wɒnt/,You can leave if you want.,Bạn có thể rời đi nếu bạn muốn.
want,,5,verb,beginner,(colloquial|usually second person|often future tense) To be advised to do something .,"thèm ngủ với ai, cảm thấy ham muốn tình dục với (ai)",US:/wɒnt/ | US:/wɑnt/ | US:/wɔnt/ | US:/wɒnt/ | US:/ʋɔɳʈ/ | US:/wɒnt/,You’ll want to repeat this three or four times to get the best result.,Bạn sẽ muốn lặp lại câu này ba hoặc bốn lần để đạt được kết quả tốt nhất.
want,,6,verb,beginner,"(transitive|now|colloquial) To lack and be in need of or require (something, such as a noun or verbal noun).","thiếu, kém",US:/wɒnt/ | US:/wɑnt/ | US:/wɔnt/ | US:/wɒnt/ | US:/ʋɔɳʈ/ | US:/wɒnt/,"The lady, it is said, will inherit a fortune of three hundred pounds a year, with two cool thousands left by an uncle, on her arriving at the age of twenty-one, of which she wants but a few months.","Theo lời đồn, bà sẽ thừa kế một tài sản trị giá ba trăm bảng một năm, với hai nghìn đồng lạnh còn lại từ một cậu uncl, khi bà đủ tuổi hai十一，停止。"
want,,7,verb,beginner,(transitive|now|rare) To have occasion for (something requisite or useful); to require or need.,"muốn, muốn có, ước ao",US:/wɒnt/ | US:/wɑnt/ | US:/wɔnt/ | US:/wɒnt/ | US:/ʋɔɳʈ/ | US:/wɒnt/,,
want,,8,verb,beginner,(intransitive|dated) To be lacking or deficient or absent.,"thiếu, không có đủ",US:/wɒnt/ | US:/wɑnt/ | US:/wɔnt/ | US:/wɒnt/ | US:/ʋɔɳʈ/ | US:/wɒnt/,There was something wanting in the play.,Có điều gì đó thiếu trong vở kịch.
want,,9,verb,beginner,(intransitive|dated) To be in a state of destitution; to be needy; to lack.,"thiếu, không có đủ",US:/wɒnt/ | US:/wɑnt/ | US:/wɔnt/ | US:/wɒnt/ | US:/ʋɔɳʈ/ | US:/wɒnt/,The paupers desperately want.,Những người nghèo đói khát mong muốn.
want,,10,verb,beginner,"(transitive|archaic) To lack and be without, to not have (something).","thiếu, không có đủ",US:/wɒnt/ | US:/wɑnt/ | US:/wɔnt/ | US:/wɒnt/ | US:/ʋɔɳʈ/ | US:/wɒnt/,"Not what we wish, but what we want, / Oh, let thy grace supply!","Không phải điều chúng tôi mong muốn, mà là điều chúng tôi muốn, / Ôi, cho phép sự ân huệ của Chúa giúp đỡ chúng tôi!"
want,,11,verb,beginner,(transitive|obsolete|by extension) To lack and perhaps be able or willing to do without.,"thiếu, không có đủ",US:/wɒnt/ | US:/wɑnt/ | US:/wɔnt/ | US:/wɒnt/ | US:/ʋɔɳʈ/ | US:/wɒnt/,"For Law, Physick and Divinitie, need so the help of tongs and sciences, as thei can not want them, and yet thei require so a hole mans studie, as thei may parte with no tyme to other lerning,&nbsp;...","Với Luật, Y học và Thần Học, cần thiết phải có sự hỗ trợ của các dụng cụ và khoa học đến mức họ không thể thiếu chúng, nhưng họ vẫn cần một nghiên cứu đầy đủ từ một người học, vì vậy họ không thể dành thời gian cho việc học khác,..."
want,,12,verb,beginner,To desire a romantic or (especially) sexual relationship with someone; to lust for.,"thiếu, không có đủ",US:/wɒnt/ | US:/wɑnt/ | US:/wɔnt/ | US:/wɒnt/ | US:/ʋɔɳʈ/ | US:/wɒnt/,"Dang, girl! Your brother is gorgeous! I want him so bad!","Chà, em gái! Anh trai của bạn thật đẹp trai! Tôi rất muốn có anh ấy!"
want,,13,noun,beginner,"(countable) A desire, wish, longing.","((thường) số nhiều) sự mong muốn có cái gì, nhu cầu",US:/wɒnt/ | US:/wɑnt/ | US:/wɔnt/ | US:/wɒnt/ | US:/ʋɔɳʈ/ | US:/wɒnt/,"After a search which produced most of the things on our wants list, we went down to picnic on the shore in the sunshine-with a good stretch of shingle behind us over which no triffid could approach unheard.","Sau một cuộc tìm kiếm đã thu thập hầu hết những thứ trên danh sách mong muốn của chúng tôi, chúng tôi xuống bãi cỏ để ăn picnic dưới ánh nắng mặt trời - với một đoạn bờ đá dài phía sau chúng tôi, nơi mà không có cây triffid có thể tiếp cận mà không bị phát hiện."
want,,14,noun,beginner,"(countable) Lack, absence, deficiency.","cái cần thiết, vật được yêu cầu",US:/wɒnt/ | US:/wɑnt/ | US:/wɔnt/ | US:/wɒnt/ | US:/ʋɔɳʈ/ | US:/wɒnt/,She showed a want of caution in renting her house to complete strangers.,Cô ấy đã thể hiện một sự thiếu thận trọng trong việc thuê nhà cho những người lạ hoàn toàn.
want,,15,noun,beginner,(uncountable) Poverty.,"sự thiếu thốn, sự không đầy đủ, sự không có, sự khuyết",US:/wɒnt/ | US:/wɑnt/ | US:/wɔnt/ | US:/wɒnt/ | US:/ʋɔɳʈ/ | US:/wɒnt/,"Nothing is so hard for those who abound in riches, as to conceive how others can be in want.","Không có gì khó khăn đối với những người giàu có, hơn cả tưởng tượng rằng người khác có thể thiếu."
want,,16,noun,beginner,Something needed or desired; a thing of which the loss is felt.,"cảnh túng thiếu, cảnh nghèo nàn, tình trạng nghèo khó, tình trạng thiếu thốn",US:/wɒnt/ | US:/wɑnt/ | US:/wɔnt/ | US:/wɒnt/ | US:/ʋɔɳʈ/ | US:/wɒnt/,Habitual superfluities become actual wants.,Những thói quen lãng phí trở thành thực sự cần thiết.
want,,17,noun,beginner,"(UK|mining) A depression in coal strata, hollowed out before the subsequent deposition took place.","((thường) số nhiều) sự mong muốn có cái gì, nhu cầu",US:/wɒnt/ | US:/wɑnt/ | US:/wɔnt/ | US:/wɒnt/ | US:/ʋɔɳʈ/ | US:/wɒnt/,,
want,,18,noun,beginner,(dialectal) A mole ().,"((thường) số nhiều) sự mong muốn có cái gì, nhu cầu",US:/wɒnt/ | US:/wɑnt/ | US:/wɔnt/ | US:/wɒnt/ | US:/ʋɔɳʈ/ | US:/wɒnt/,Lic. She hath the ears of a want. / Pec. Doth she want ears?,Lic. Cô ấy có tai của một người thiếu. / Pec. Cô ấy thiếu tai?
give,,1,verb,beginner,"(ditransitive) To move, shift, provide something abstract or concrete to someone or something or somewhere.","cho, biếu, tặng, ban",US:/ɡɪv/,,
give,,2,verb,beginner,To transfer one's possession or holding of (something) to (someone).,"cho, sinh ra, đem lại",US:/ɡɪv/,I gave him my coat.,Tôi đã cho anh ấy áo khoác của tôi.
give,,3,verb,beginner,To make a present or gift of.,"nêu cho; đưa cho, trao cho, đem cho, chuyển cho",US:/ɡɪv/,I'm going to give my wife a necklace for her birthday.,Tôi sẽ tặng vợ tôi một vòng cổ vào sinh nhật.
give,,4,verb,beginner,To pledge.,"truyền cho, làm lây sang",US:/ɡɪv/,I gave him my word that I'd protect his children.,Tôi đã hứa với anh ấy rằng tôi sẽ bảo vệ con cái của anh ấy.
give,,5,verb,beginner,"To provide (something) to (someone), to allow or afford.",trả (tiền...); trao đổi,US:/ɡɪv/,I gave them permission to miss tomorrow's class.,Tôi đã cho họ phép được nghỉ ngày mai.
give,,6,verb,beginner,"To cause (a sensation or feeling) to exist in (the specified person, or the target, audience, etc).",(đi đôi với danh từ thành một cụm từ),US:/ɡɪv/,It gives me a lot of pleasure to be here tonight.,Nó mang lại cho tôi rất nhiều niềm vui khi ở đây vào tối nay.
give,,7,verb,beginner,(slang|transitive) To give off (a certain vibe or appearance).,"làm cho, gây ra",US:/ɡɪv/,it's giving old Hollywood (vibes),Đây là phong cách Hollywood cổ điển.
give,,8,verb,beginner,To carry out (a physical interaction) with (something).,"cống hiến, hiến dâng; ham mê, miệt mài, chuyên tâm",US:/ɡɪv/,I want to give you a kiss and a hug.,Tôi muốn hôn và ôm bạn.
give,,9,verb,beginner,"To pass (something) into (someone's hand, etc.).","tổ chức, mở, thết (một buổi dạ hội...); biểu diễn, diễn (kịch), đóng (một vai tuồng); hát dạo (một bản nhạc...), ngâm (một bài thơ...)",US:/ɡɪv/,Give me your hand.,Cho tôi tay bạn.
give,,10,verb,beginner,"To cause (a disease or condition) in, or to transmit (a disease or condition) to.","tan, vỡ, sụp đổ; lún xuống, trĩu xuống; có thể nhún nhẩy, co giãn (như) lò xo",US:/ɡɪv/,My boyfriend gave me chlamydia.,Bạn trai tôi đã truyền chlamydia cho tôi.
give,,11,verb,beginner,To provide or administer (a medication),"quay ra, nhìn ra, dẫn",US:/ɡɪv/,The doctors gave me morphine for the pain.,Bác sĩ đã cho tôi morphine để giảm đau.
give,,12,verb,beginner,To present someone to an audience.,"chỉ, đưa ra, để lộ ra",US:/ɡɪv/,"Playing for us tonight, I give you The Beatles!","Hôm nay, tôi giới thiệu cho các bạn The Beatles!"
give,,13,verb,beginner,"To propose someone for a toast,","đồng ý, thoả thuận; nhường, nhượng bộ",US:/ɡɪv/,"On this happy evening, I give you the bride and groom!","Trong buổi tối hạnh phúc này, tôi giới thiệu cho các bạn cô dâu và chú rể!"
give,,14,verb,beginner,"(transitive) To provide, as, a service or a broadcast.","coi như, cho là, cho rằng",US:/ɡɪv/,They're giving my favorite show!,Họ đang trao cho tôi chương trình yêu thích của mình!
give,,15,verb,beginner,(ditransitive) To estimate or predict (a duration or probability) for (something).,quyết định xử,US:/ɡɪv/,I give it ten minutes before he gives up.,Tôi cho rằng anh ta sẽ bỏ cuộc trong mười phút nữa.
give,,16,verb,beginner,(intransitive) To yield or collapse under pressure or force.,"gave , given",US:/ɡɪv/,"One pillar gave, then more, and suddenly the whole floor pancaked onto the floor below.","Một cột trụ gãy, sau đó nhiều cột khác cũng gãy, và đột nhiên cả tầng lầu đổ xuống tầng dưới."
give,,17,verb,beginner,(intransitive) To lead (onto or into).,"gave , given",US:/ɡɪv/,The master bedroom gives onto a spacious balcony.,Phòng ngủ chính nhìn ra một ban công rộng rãi.
give,,18,verb,beginner,(transitive|dated) To provide a view of.,"gave , given",US:/ɡɪv/,His window gave the park.,Cửa sổ của ông nhìn ra công viên.
give,,19,verb,beginner,To exhibit as a product or result; to produce; to yield.,"gave , given",US:/ɡɪv/,"The number of men, divided by the number of ships, gives four hundred to each ship.",Số lượng người chia cho số lượng tàu thủy cho kết quả là bốn trăm người cho mỗi tàu.
give,,20,verb,beginner,To cause; to make; used with the infinitive.,"gave , given",US:/ɡɪv/,,
give,,21,verb,beginner,To cause (someone) to have; produce in (someone); effectuate.,"gave , given",US:/ɡɪv/,"""Can do"" gives me a choice, while ""should do"" gives me a complex.","""Được làm"" cho tôi một lựa chọn, trong khi ""nên làm"" tạo ra một cảm giác phức tạp."
give,,22,verb,beginner,To allow or admit by way of supposition; to concede.,"gave , given",US:/ɡɪv/,"He can be bad-tempered, I'll give you that, but he's a hard worker.","Anh ta có thể dễ nổi giận, tôi phải công nhận điều đó, nhưng anh ta là một người làm việc chăm chỉ."
give,,23,verb,beginner,To attribute; to assign; to adjudge.,"gave , given",US:/ɡɪv/,I don't wonder at people giving him to me for a lover.,Tôi không ngạc nhiên khi nghe người khác nói rằng họ yêu thích anh ấy.
give,,24,verb,beginner,"To communicate or announce (advice, tidings, etc.); to pronounce or utter (an opinion, a judgment, a shout, etc.).","gave , given",US:/ɡɪv/,The umpire finally gave his decision: the ball was out.,Tổng giám sát cuối cùng đã đưa ra phán quyết của mình: quả bóng đã bay ra khỏi khu vực đánh bóng.
give,,25,verb,beginner,"(dated|_|or|_|religion) To grant power, permission, destiny, etc. (especially to a person); to allot; to allow.","gave , given",US:/ɡɪv/,once again'Tis given me to behold my friend.,"Lại một lần nữa, 'Được trao cho tôi cơ hội nhìn thấy bạn bè của mình một lần nữa.'"
give,,26,verb,beginner,(reflexive) To devote or apply (oneself).,"gave , given",US:/ɡɪv/,The soldiers give themselves to plunder.,Các binh sĩ tự cho mình là những kẻ cướp.
give,,27,verb,beginner,(obsolete) To become soft or moist.,"gave , given",US:/ɡɪv/,Some moyst weather hath‥caused the powder to give and danke.,Một thời tiết ẩm thấp đã khiến thuốc súng nứt nẻ.
give,,28,verb,beginner,(obsolete) To shed tears; to weep.,"gave , given",US:/ɡɪv/,,
give,,29,verb,beginner,(obsolete) To have a misgiving.,"gave , given",US:/ɡɪv/,,
give,,30,noun,beginner,The amount of bending that something undergoes when a force is applied to it; a tendency to yield under pressure; resilience.,"tính đàn hồi, tính co giãn, tính nhún nhảy được",US:/ɡɪv/,This chair doesn't have much give.,Ghế này không có nhiều độ đàn hồi.
use,,1,noun,beginner,The act of using.,sự sử dụng hoặc được sử dụng,US:/juːs/ | US:/jus/ | US:/(j)ɪu̯s/ | US:/jʉːs/ | US:/jʉs/ | US:/juːz/ | US:/juz/ | US:/(j)ɪu̯z/ | US:/jʉːz/,The use of torture has been condemned by the United Nations.,Việc sử dụng tra tấn đã bị Liên Hợp Quốc lên án.
use,,2,noun,beginner,(uncountable) The act of consuming alcohol or narcotics.,mục đích; công việc mà một người hoặc vật có thể làm được,US:/juːs/ | US:/jus/ | US:/(j)ɪu̯s/ | US:/jʉːs/ | US:/jʉs/ | US:/juːz/ | US:/juz/ | US:/(j)ɪu̯z/ | US:/jʉːz/,,
use,,3,noun,beginner,"(uncountable|followed by , benefit.",quyền sử dụng cái gì,US:/juːs/ | US:/jus/ | US:/(j)ɪu̯s/ | US:/jʉːs/ | US:/jʉs/ | US:/juːz/ | US:/juz/ | US:/(j)ɪu̯z/ | US:/jʉːz/,What's the use of a law that nobody follows?,Thế nào mà có ích của một đạo luật nếu không ai tuân theo?
use,,4,noun,beginner,A function; a purpose for which something may be employed.,năng lực sử dụng cái gì,US:/juːs/ | US:/jus/ | US:/(j)ɪu̯s/ | US:/jʉːs/ | US:/jʉs/ | US:/juːz/ | US:/juz/ | US:/(j)ɪu̯z/ | US:/jʉːz/,This tool has many uses.,Đụng cụ này có nhiều ứng dụng.
use,,5,noun,beginner,Occasion or need to employ; necessity.,giá trị hoặc lợi ích; tính hữu ích,US:/juːs/ | US:/jus/ | US:/(j)ɪu̯s/ | US:/jʉːs/ | US:/jʉs/ | US:/juːz/ | US:/juz/ | US:/(j)ɪu̯z/ | US:/jʉːz/,I have no further use for these textbooks.,Tôi không còn cần dùng đến những quyển sách giáo trình này nữa.
use,,6,noun,beginner,(obsolete|rare) Interest for lent money; premium paid for the use of something; usury.,"tập quán, tục lệ hoặc thói quen; cách dùng thông thường hoặc quen thuộc",US:/juːs/ | US:/jus/ | US:/(j)ɪu̯s/ | US:/jʉːs/ | US:/jʉs/ | US:/juːz/ | US:/juz/ | US:/(j)ɪu̯z/ | US:/jʉːz/,,
use,,7,noun,beginner,(archaic) Continued or repeated practice; usage; habit.,sự sử dụng hoặc được sử dụng,US:/juːs/ | US:/jus/ | US:/(j)ɪu̯s/ | US:/jʉːs/ | US:/jʉs/ | US:/juːz/ | US:/juz/ | US:/(j)ɪu̯z/ | US:/jʉːz/,,
use,,8,noun,beginner,(obsolete) Common occurrence; ordinary experience.,sự sử dụng hoặc được sử dụng,US:/juːs/ | US:/jus/ | US:/(j)ɪu̯s/ | US:/jʉːs/ | US:/jʉs/ | US:/juːz/ | US:/juz/ | US:/(j)ɪu̯z/ | US:/jʉːz/,,
use,,9,noun,beginner,"(Christianity) A special form of a rite adopted for use in a particular context, often a diocese.",sự sử dụng hoặc được sử dụng,US:/juːs/ | US:/jus/ | US:/(j)ɪu̯s/ | US:/jʉːs/ | US:/jʉs/ | US:/juːz/ | US:/juz/ | US:/(j)ɪu̯z/ | US:/jʉːz/,"the Sarum, or Canterbury, use; the York use; the Ordinariate use",Phong cách Sarum hoặc Canterbury; phong cách York; phong cách Ordinariate
use,,10,noun,beginner,"(forging) A slab of iron welded to the side of a forging, such as a shaft, near the end, and afterward drawn down, by hammering, so as to lengthen the forging.",sự sử dụng hoặc được sử dụng,US:/juːs/ | US:/jus/ | US:/(j)ɪu̯s/ | US:/jʉːs/ | US:/jʉs/ | US:/juːz/ | US:/juz/ | US:/(j)ɪu̯z/ | US:/jʉːz/,,
use,,11,verb,beginner,To utilize or employ.,dùng cái gì cho một mục đích; đưa cái gì vào sử dụng,US:/juːs/ | US:/jus/ | US:/(j)ɪu̯s/ | US:/jʉːs/ | US:/jʉs/ | US:/juːz/ | US:/juz/ | US:/(j)ɪu̯z/ | US:/jʉːz/,,
use,,12,verb,beginner,(transitive) To employ; to apply; to utilize.,"đối xử, đối đãi",US:/juːs/ | US:/jus/ | US:/(j)ɪu̯s/ | US:/jʉːs/ | US:/jʉs/ | US:/juːz/ | US:/juz/ | US:/(j)ɪu̯z/ | US:/jʉːz/,Use this knife to slice the bread.,Dùng dao này để cắt bánh mì.
use,,13,verb,beginner,(transitive|often with up) To expend; to consume by employing.,bóc lột một cách ích kỷ; lợi dụng,US:/juːs/ | US:/jus/ | US:/(j)ɪu̯s/ | US:/jʉːs/ | US:/jʉs/ | US:/juːz/ | US:/juz/ | US:/(j)ɪu̯z/ | US:/jʉːz/,I used the money they allotted me.,Tôi đã sử dụng số tiền họ phân bổ cho tôi.
use,,14,verb,beginner,(transitive) To exploit.,tiêu dùng; tiêu thụ,US:/juːs/ | US:/jus/ | US:/(j)ɪu̯s/ | US:/jʉːs/ | US:/jʉs/ | US:/juːz/ | US:/juz/ | US:/(j)ɪu̯z/ | US:/jʉːz/,You never cared about me; you just used me!,Anh ấy không bao giờ quan tâm đến tôi; anh ấy chỉ sử dụng tôi!
use,,15,verb,beginner,"(transitive) To consume (alcohol, drugs, etc), especially regularly.","(từ Mỹ, nghĩa Mỹ) hút (thuốc lá)",US:/juːs/ | US:/jus/ | US:/(j)ɪu̯s/ | US:/jʉːs/ | US:/jʉs/ | US:/juːz/ | US:/juz/ | US:/(j)ɪu̯z/ | US:/jʉːz/,He uses cocaine.,Anh ấy sử dụng cocaina.
use,,16,verb,beginner,"(intransitive) To consume a previously specified substance, especially a drug to which one is addicted.",dùng cái gì cho một mục đích; đưa cái gì vào sử dụng,US:/juːs/ | US:/jus/ | US:/(j)ɪu̯s/ | US:/jʉːs/ | US:/jʉs/ | US:/juːz/ | US:/juz/ | US:/(j)ɪu̯z/ | US:/jʉːz/,Richard began experimenting with cocaine last year; now he uses almost every day.,Richard bắt đầu thử nghiệm với cocaina vào năm ngoái; bây giờ anh ấy sử dụng gần như mỗi ngày.
use,,17,verb,beginner,"(transitive|with auxiliary ""could"") To benefit from; to be able to employ or stand.",dùng cái gì cho một mục đích; đưa cái gì vào sử dụng,US:/juːs/ | US:/jus/ | US:/(j)ɪu̯s/ | US:/jʉːs/ | US:/jʉs/ | US:/juːz/ | US:/juz/ | US:/(j)ɪu̯z/ | US:/jʉːz/,I could use a drink.,Tôi cần một ly uống.
use,,18,verb,beginner,(transitive|with gender pronouns as object) To suggest or request that other people employ a specific set of gender pronouns when referring to the subject.,dùng cái gì cho một mục đích; đưa cái gì vào sử dụng,US:/juːs/ | US:/jus/ | US:/(j)ɪu̯s/ | US:/jʉːs/ | US:/jʉs/ | US:/juːz/ | US:/juz/ | US:/(j)ɪu̯z/ | US:/jʉːz/,"The ""Older"" [butch] group is maintained by three administrators who all use she/her pronouns and two moderators, one of whom uses they'them pronouns while the other uses she/her.","""Nhóm 'Older' [butch] được duy trì bởi ba quản trị viên đều sử dụng pronoun cô/tên cô và hai người quản lý, trong đó một người sử dụng pronoun họ/them trong khi người kia sử dụng pronoun cô/tên cô."""
use,,19,verb,beginner,To accustom; to habituate.,dùng cái gì cho một mục đích; đưa cái gì vào sử dụng,US:/juːs/ | US:/jus/ | US:/(j)ɪu̯s/ | US:/jʉːs/ | US:/jʉs/ | US:/juːz/ | US:/juz/ | US:/(j)ɪu̯z/ | US:/jʉːz/,,
use,,20,verb,beginner,"(reflexive|obsolete|with ""to"") To accustom oneself.",dùng cái gì cho một mục đích; đưa cái gì vào sử dụng,US:/juːs/ | US:/jus/ | US:/(j)ɪu̯s/ | US:/jʉːs/ | US:/jʉs/ | US:/juːz/ | US:/juz/ | US:/(j)ɪu̯z/ | US:/jʉːz/,"It is not without some difficulty, that a man born in society can form an idea of such savages, and their condition; and unless he has used himself to abstract thinking, he can hardly represent to himself such a state of simplicity, in which man can have so few desires, and no appetites roving beyond the immediate call of untaught nature","Đó không phải là không có khó khăn gì, một người sinh ra trong xã hội có thể hình dung ra trạng thái của những người hoang dã như thế nào và điều kiện sống của họ; và trừ khi anh ta đã sử dụng mình để suy nghĩ trừu tượng, thì anh ta khó hình dung ra trạng thái đơn giản như vậy, trong đó con người có ít khát vọng và không có ham muốn vượt quá gọi của thiên nhiên chưa được huấn luyện."
use,,21,verb,beginner,(intransitive|archaic|or|literary|_|except in past tense) To habitually do; to be wont to do. (Now chiefly in past-tense forms; see .),dùng cái gì cho một mục đích; đưa cái gì vào sử dụng,US:/juːs/ | US:/jus/ | US:/(j)ɪu̯s/ | US:/jʉːs/ | US:/jʉs/ | US:/juːz/ | US:/juz/ | US:/(j)ɪu̯z/ | US:/jʉːz/,I used to get things done.,Tôi đã từng làm việc gì đó.
use,,22,verb,beginner,(dated) To behave toward; to act with regard to; to treat.,dùng cái gì cho một mục đích; đưa cái gì vào sử dụng,US:/juːs/ | US:/jus/ | US:/(j)ɪu̯s/ | US:/jʉːs/ | US:/jʉs/ | US:/juːz/ | US:/juz/ | US:/(j)ɪu̯z/ | US:/jʉːz/,"""Oh, how dare you, or any one, to speak of her so! She used me as if I had been her dearest child. She was more kind to me than a mother. There is no one in the world like her!"" Mary cried.","""Ôi, làm sao dám, hoặc bất kỳ ai, nói về cô ấy như vậy! Cô ấy đã sử dụng tôi như nếu tôi là đứa con thân yêu nhất của cô ấy. Cô ấy đối xử với tôi tốt hơn một mẹ. Không có ai trong thế giới này giống như cô ấy!"" Mary khóc."
use,,23,verb,beginner,"(reflexive|obsolete) To behave, act, comport oneself.",dùng cái gì cho một mục đích; đưa cái gì vào sử dụng,US:/juːs/ | US:/jus/ | US:/(j)ɪu̯s/ | US:/jʉːs/ | US:/jʉs/ | US:/juːz/ | US:/juz/ | US:/(j)ɪu̯z/ | US:/jʉːz/,,
find,,1,verb,beginner,To locate,"thấy, tìm thấy, tìm ra, bắt được",UK:/faɪnd/ | US:/fæn(d)/ | US:/faɪnd/ | US:/fəɪn/ | US:/faɪnd/ | US:/fʌɪnd/ | US:/fɪnd/,,
find,,2,verb,beginner,(transitive) To encounter or discover by accident; to happen upon.,"nhận, nhận được, được",UK:/faɪnd/ | US:/fæn(d)/ | US:/faɪnd/ | US:/fəɪn/ | US:/faɪnd/ | US:/fʌɪnd/ | US:/fɪnd/,I found this shell on the beach.,Tôi tìm thấy con sò này trên bãi biển.
find,,3,verb,beginner,(transitive) To encounter or discover something being searched for; to locate.,"nhận thấy, xét thấy, thấy",UK:/faɪnd/ | US:/fæn(d)/ | US:/faɪnd/ | US:/fəɪn/ | US:/faɪnd/ | US:/fʌɪnd/ | US:/fɪnd/,I found my car keys. They were under the couch.,Tôi đã tìm thấy chìa khóa xe của mình. Chúng nằm dưới ghế sofa.
find,,4,verb,beginner,(ditransitive) To locate on behalf of another.,"thấy có (thời gian, can đảm...)",UK:/faɪnd/ | US:/fæn(d)/ | US:/faɪnd/ | US:/fəɪn/ | US:/faɪnd/ | US:/fʌɪnd/ | US:/fɪnd/,I found you a new place to live,Tôi đã tìm cho bạn một nơi mới để sống.
find,,5,verb,beginner,(ditransitive) To discover by study or experiment directed to an object or end.,"(từ Mỹ, nghĩa Mỹ) tới, đạt tới, trúng",UK:/faɪnd/ | US:/fæn(d)/ | US:/faɪnd/ | US:/fəɪn/ | US:/faɪnd/ | US:/fʌɪnd/ | US:/fɪnd/,Water is found to be a compound substance.,Nước được tìm thấy là một hợp chất.
find,,6,verb,beginner,"(transitive) To gain, as the object of desire or effort.",cung cấp,UK:/faɪnd/ | US:/fæn(d)/ | US:/faɪnd/ | US:/fəɪn/ | US:/faɪnd/ | US:/fʌɪnd/ | US:/fɪnd/,to find leisure; to find means,tìm kiếm thời gian giải trí; tìm kiếm phương tiện
find,,7,verb,beginner,(transitive) To attain to; to arrive at; to acquire.,(pháp lý) xác minh và tuyên bố là có tội,UK:/faɪnd/ | US:/fæn(d)/ | US:/faɪnd/ | US:/fəɪn/ | US:/faɪnd/ | US:/fʌɪnd/ | US:/fɪnd/,Looks like he found a new vehicle for himself!,Dường như anh ấy đã tìm thấy một phương tiện mới cho bản thân!
find,,8,verb,beginner,(transitive) To meet with; to receive.,"thấy, tìm thấy, tìm ra, bắt được",UK:/faɪnd/ | US:/fæn(d)/ | US:/faɪnd/ | US:/fəɪn/ | US:/faɪnd/ | US:/fʌɪnd/ | US:/fɪnd/,"Among newer procedures, the Robb and Steinberg contrast visualization of cardiac chambers and venous catheterization of the right heart have found the broadest study and application.","Trong các kỹ thuật mới hơn, Robb và Steinberg đã sử dụng kỹ thuật so sánh hình ảnh các phòng tim và đặt ống thông tĩnh mạch vào phổi phải để tìm thấy ứng dụng rộng rãi nhất."
find,,9,verb,beginner,(transitive) To point out.,"thấy, tìm thấy, tìm ra, bắt được",UK:/faɪnd/ | US:/fæn(d)/ | US:/faɪnd/ | US:/fəɪn/ | US:/faɪnd/ | US:/fʌɪnd/ | US:/fɪnd/,He kept finding faults with my work.,Anh ấy luôn tìm ra những lỗi trong công việc của tôi.
find,,10,verb,beginner,"(ditransitive) To decide that, to conclude that, to form the opinion that, to consider.","thấy, tìm thấy, tìm ra, bắt được",UK:/faɪnd/ | US:/fæn(d)/ | US:/faɪnd/ | US:/fəɪn/ | US:/faɪnd/ | US:/fʌɪnd/ | US:/fɪnd/,I find your argument unsatisfactory.,Tôi thấy lập luận của bạn không thỏa đáng.
find,,11,verb,beginner,"(transitive) To arrive at, as a conclusion; to determine as true; to establish.","thấy, tìm thấy, tìm ra, bắt được",UK:/faɪnd/ | US:/fæn(d)/ | US:/faɪnd/ | US:/fəɪn/ | US:/faɪnd/ | US:/fʌɪnd/ | US:/fɪnd/,to find a verdict; to find a true bill (of indictment) against an accused person,để đưa ra phán quyết; để tìm chứng minh đủ căn cứ chống lại bị can
find,,12,verb,beginner,(transitive|archaic) To supply; to furnish.,"thấy, tìm thấy, tìm ra, bắt được",UK:/faɪnd/ | US:/fæn(d)/ | US:/faɪnd/ | US:/fəɪn/ | US:/faɪnd/ | US:/fʌɪnd/ | US:/fɪnd/,to find food for workmen,để tìm nguồn lương thực cho công nhân
find,,13,verb,beginner,(transitive|archaic) To provide for,"thấy, tìm thấy, tìm ra, bắt được",UK:/faɪnd/ | US:/fæn(d)/ | US:/faɪnd/ | US:/fəɪn/ | US:/faɪnd/ | US:/fʌɪnd/ | US:/fɪnd/,He finds his nephew in money.,Anh ta thấy cháu trai mình đang thiếu tiền.
find,,14,verb,beginner,(intransitive|law) To determine or judge.,"thấy, tìm thấy, tìm ra, bắt được",UK:/faɪnd/ | US:/fæn(d)/ | US:/faɪnd/ | US:/fəɪn/ | US:/faɪnd/ | US:/fʌɪnd/ | US:/fɪnd/,The jury finds for the defendant.,Hội đồng xét xử tuyên bố ủng hộ bị cáo.
find,,15,verb,beginner,(transitive|ball sports) To successfully pass to or shoot the ball into.,"thấy, tìm thấy, tìm ra, bắt được",UK:/faɪnd/ | US:/fæn(d)/ | US:/faɪnd/ | US:/fəɪn/ | US:/faɪnd/ | US:/fʌɪnd/ | US:/fɪnd/,"Peters finds Jinkins, who is running down the left wing.","Peters bắt gặp Jinkins, người đang chạy xuống đường biên bên trái."
find,,16,verb,beginner,(intransitive|hunting) To discover game.,"thấy, tìm thấy, tìm ra, bắt được",UK:/faɪnd/ | US:/fæn(d)/ | US:/faɪnd/ | US:/fəɪn/ | US:/faɪnd/ | US:/fʌɪnd/ | US:/fɪnd/,"They found at once, and there was a short sharp run, during which Linda and Tony, both in a somewhat showing-off mood, rode side by side over the stone walls.","Họ phát hiện ra ngay lập tức, và có một đoạn chạy ngắn với tốc độ nhanh, trong đó Linda và Tony, cả hai đều có tâm lý muốn thể hiện mình, đã cùng nhau vượt qua những bức tường đá bên cạnh."
find,,17,noun,beginner,"Anything that is found (usually valuable), as objects on an archeological site or a person with talent.","sự tìm thấy (chồn, cáo, mỏ, vàng...)",UK:/faɪnd/ | US:/fæn(d)/ | US:/faɪnd/ | US:/fəɪn/ | US:/faɪnd/ | US:/fʌɪnd/ | US:/fɪnd/,"One of the most exciting finds made by Chinese archaeologists within the last twenty years are the sites located in Inner Mongolia and Liaoning Province, particularly the Neolithic Hung-shan culture (c. 3500-2500 B.C.E.).","Trong những phát hiện quan trọng nhất mà các nhà khảo cổ Trung Quốc đã làm trong hai thập kỷ qua, có những địa điểm được tìm thấy ở Inner Mongolia và tỉnh Liaoning, đặc biệt là văn hóa Hung-shan cổ đại (khoảng 3500-2500 TCN)."
find,,18,noun,beginner,The act of finding.,vật tìm thấy,UK:/faɪnd/ | US:/fæn(d)/ | US:/faɪnd/ | US:/fəɪn/ | US:/faɪnd/ | US:/fʌɪnd/ | US:/fɪnd/,,
tell,,1,verb,beginner,"(transitive|archaic|_|outside of idioms) To count, reckon, or enumerate.","nói; nói với; nói lên, nói ra; có hiệu quả, có tác dụng, ảnh hưởng đến, có kết quả",US:/tɛl/,"All told, there were over a dozen.&emsp; Can you tell time on a clock?&emsp; He had untold wealth.","Tất cả tính toán, có hơn mười.&emsp; Bạn có thể đọc thời gian trên đồng hồ?&emsp; Anh ấy có tài sản không đếm nổi."
tell,,2,verb,beginner,"(transitive|ditransitive) To narrate, to recount.","nói cho biết, thông tin cho (ai); tiết lộ một bí mật",US:/tɛl/,I want to tell a story;&emsp; I want to tell you a story.,Tôi muốn kể một câu chuyện;&emsp; Tôi muốn kể cho bạn một câu chuyện.
tell,,3,verb,beginner,(transitive|ditransitive) To convey by speech; to say.,"chỉ cho, cho biết",US:/tɛl/,"Finally, someone told him the truth.&emsp; He seems to like to tell lies.","Cuối cùng, ai đó đã kể cho anh ta sự thật.&emsp; Anh ấy có vẻ thích kể dối."
tell,,4,verb,beginner,(transitive) To instruct or inform.,"diễn đạt, phát biểu, nói ra; bày tỏ, biểu lộ",US:/tɛl/,Please tell me how to do it.,Xin hãy kể cho tôi biết cách làm.
tell,,5,verb,beginner,"(transitive) To order; to direct, to say to someone.","kể lại, thuật lại",US:/tɛl/,Tell him to go away.,Kể cho anh ấy biết đi khỏi đây.
tell,,6,verb,beginner,"(transitive|or|intransitive) To discern, notice, identify or distinguish.","khẳng định, cả quyết",US:/tɛl/,"Can you tell whether those flowers are real or silk, from this distance?&emsp; No, there's no way to tell.","Bạn có thể phân biệt được những hoa giả này từ hoa thật từ khoảng cách này không?&emsp; Không, không có cách nào để phân biệt."
tell,,7,verb,beginner,(transitive) To reveal.,"ra lệnh, bảo",US:/tɛl/,Time will tell what became of him.,Thời gian sẽ chứng minh điều gì đã xảy ra với anh ấy.
tell,,8,verb,beginner,(intransitive) To be revealed.,"tiết lộ, phát giác",US:/tɛl/,,
tell,,9,verb,beginner,"(intransitive) To have an effect, especially a noticeable one; to be apparent, to be demonstrated.","(từ cổ, nghĩa cổ) đếm, lần",US:/tɛl/,Sir Gerald was moving slower; his wounds were beginning to tell.,Các vết thương của ông Gerald đang bắt đầu làm ông chậm lại.
tell,,10,verb,beginner,To use (beads or similar objects) as an aid to prayer.,( + A from B) phân biệt A với B (nhất là với can/could/be able to),US:/tɛl/,,
tell,,11,verb,beginner,(intransitive|childish) To inform someone in authority about a wrongdoing.,told,US:/tɛl/,I saw you steal those sweets! I'm telling!,Tôi thấy bạn ăn những viên kẹo đó! Tôi đang kể!
tell,,12,verb,beginner,To reveal information in prose through outright expository statement — contrasted with show.,told,US:/tɛl/,Maria rewrote the section of her novel that talked about Meg and Sage's friendship to have less telling and more showing.,Maria đã viết lại phần của tiểu thuyết của mình về tình bạn giữa Meg và Sage để có ít mô tả trực tiếp hơn và nhiều mô tả hành động hơn.
tell,,13,noun,beginner,"A reflexive, often habitual behavior, one occurring in a context that often features attempts at deception by persons under psychological stress (such as a poker game or police interrogation), that reveals information that the person exhibiting the behavior is attempting to withhold.",tiết lộ một bí mật,US:/tɛl/,,
tell,,14,noun,beginner,(informal) A giveaway; something that unintentionally reveals or hints at a secret.,"tất cả, cả thảy ▸ I told you ( so )",US:/tɛl/,"Those whose business it is to verify luxury bags insist, at least publicly, that there’s always a “tell” to a superfake.","Những người chuyên xác định hàng xa xỉ khẳng định, ít nhất là công khai, rằng luôn có một dấu hiệu rõ ràng (tell) cho hàng giả cao cấp."
tell,,15,noun,beginner,(archaic) That which is told; a tale or account.,(thông tục) tôi đã bảo mà ▸ tell me another !,US:/tɛl/,,
tell,,16,noun,beginner,(internet) A private message to an individual in a chat room; a whisper.,(thông tục) bốc phét!; tôi không tin anh! ▸ to tell against,US:/tɛl/,,
tell,,17,noun,beginner,"(archaeology) A hill or mound, originally and especially in the Middle East, over or consisting of the ruins of ancient settlements.","làm chứng chống lại, nói điều chống lại ▸ to tell off",US:/tɛl/,"Succoth is now associated with a large tell situated in the Jordan Valley, Deir Allah.","Succoth hiện liên kết với một tell lớn nằm trong долина Иордана, Deir Allah."
ask,,1,verb,beginner,To request or petition.,(to ask somebody about somebody/something ; to ask something of somebody) yêu cầu thông tin (về ai/cái gì); hỏi,"UK:/ɑːsk/ | US:/ask/ | US:/ɑːks/ | US:/ask/ | US:/æsk/ | US:/ɛəsk/ | US:/æks/ | US:/ˈas(k̚), ˈɛs/",,
ask,,2,verb,beginner,"(transitive|intransitive) To (information, or an answer to a question).",(to ask something of somebody/somebody for something) yêu cầu ai cho cái gì hoặc làm gì,"UK:/ɑːsk/ | US:/ask/ | US:/ɑːks/ | US:/ask/ | US:/æsk/ | US:/ɛəsk/ | US:/æks/ | US:/ˈas(k̚), ˈɛs/",I asked her age.,Tôi hỏi cô ấy bao nhiêu tuổi.
ask,,3,verb,beginner,(transitive|or|ditransitive) To or enquire of (a person).,xin phép làm cái gì,"UK:/ɑːsk/ | US:/ask/ | US:/ɑːks/ | US:/ask/ | US:/æsk/ | US:/ɛəsk/ | US:/æks/ | US:/ˈas(k̚), ˈɛs/",I asked her (for) her age.,Tôi đã hỏi cô ấy về tuổi của cô ấy.
ask,,4,verb,beginner,(transitive|_|usually with 'for'|or|intransitive) To request (an item or service) .,(to ask somebody to something) mời ăn,"UK:/ɑːsk/ | US:/ask/ | US:/ɑːks/ | US:/ask/ | US:/æsk/ | US:/ɛəsk/ | US:/æks/ | US:/ˈas(k̚), ˈɛs/","If you want help, you only have to ask.","Nếu bạn muốn giúp đỡ, chỉ cần hỏi."
ask,,5,verb,beginner,(transitive) To request (someone to do something).,đòi hỏi,"UK:/ɑːsk/ | US:/ask/ | US:/ɑːks/ | US:/ask/ | US:/æsk/ | US:/ɛəsk/ | US:/æks/ | US:/ˈas(k̚), ˈɛs/",Emma asked Jim to close his eyes.,Emma đã yêu cầu Jim nhắm mắt lại.
ask,,6,verb,beginner,To request permission (to do something).,( to ask somebody about somebody / something ; to ask something of somebody ) yêu cầu thông tin (về ai/cái gì); hỏi,"UK:/ɑːsk/ | US:/ask/ | US:/ɑːks/ | US:/ask/ | US:/æsk/ | US:/ɛəsk/ | US:/æks/ | US:/ˈas(k̚), ˈɛs/",She asked to see the doctor.,Cô ấy đã yêu cầu gặp bác sĩ.
ask,,7,verb,beginner,To (a question) to be answered.,( to ask somebody about somebody / something ; to ask something of somebody ) yêu cầu thông tin (về ai/cái gì); hỏi,"UK:/ɑːsk/ | US:/ask/ | US:/ɑːks/ | US:/ask/ | US:/æsk/ | US:/ɛəsk/ | US:/æks/ | US:/ˈas(k̚), ˈɛs/",,
ask,,8,verb,beginner,"To require, demand, claim, or expect, whether by way of remuneration or return, or as a matter of necessity.",( to ask somebody about somebody / something ; to ask something of somebody ) yêu cầu thông tin (về ai/cái gì); hỏi,"UK:/ɑːsk/ | US:/ask/ | US:/ɑːks/ | US:/ask/ | US:/æsk/ | US:/ɛəsk/ | US:/æks/ | US:/ˈas(k̚), ˈɛs/",What price are you asking for the house?,Giá nhà bạn đang yêu cầu là bao nhiêu?
ask,,9,verb,beginner,To invite.,( to ask somebody about somebody / something ; to ask something of somebody ) yêu cầu thông tin (về ai/cái gì); hỏi,"UK:/ɑːsk/ | US:/ask/ | US:/ɑːks/ | US:/ask/ | US:/æsk/ | US:/ɛəsk/ | US:/æks/ | US:/ˈas(k̚), ˈɛs/",Don’t ask them to the wedding.,Đừng mời họ đến đám cưới.
ask,,10,verb,beginner,To publish in church for marriage; said of both the banns and the persons.,( to ask somebody about somebody / something ; to ask something of somebody ) yêu cầu thông tin (về ai/cái gì); hỏi,"UK:/ɑːsk/ | US:/ask/ | US:/ɑːks/ | US:/ask/ | US:/æsk/ | US:/ɛəsk/ | US:/æks/ | US:/ˈas(k̚), ˈɛs/",,
ask,,11,verb,beginner,(figuratively) To take (a person's situation) as an example.,( to ask somebody about somebody / something ; to ask something of somebody ) yêu cầu thông tin (về ai/cái gì); hỏi,"UK:/ɑːsk/ | US:/ask/ | US:/ɑːks/ | US:/ask/ | US:/æsk/ | US:/ɛəsk/ | US:/æks/ | US:/ˈas(k̚), ˈɛs/","Even when the damage isn't that clear cut, the intangible burdens of a bad image can add up. Just ask Dow Chemical.","Mặc dù không rõ ràng, gánh nặng tinh thần của ảnh hưởng xấu có thể tích lũy. Hãy hỏi Dow Chemical."
ask,,12,noun,beginner,An act or instance of asking.,(xem) banns,"UK:/ɑːsk/ | US:/ask/ | US:/ɑːks/ | US:/ask/ | US:/æsk/ | US:/ɛəsk/ | US:/æks/ | US:/ˈas(k̚), ˈɛs/","To ask for a gift is a privilege, a wonderful expression of commitment to and ownership of the organization. Getting a yes to an ask can be a rush, but asking for the gift can and should be just as rewarding.","Yêu cầu một món quà là một quyền lợi, một biểu hiện tuyệt vời của cam kết và sở hữu đối với tổ chức. Được chấp thuận cho một yêu cầu có thể là một cảm giác phấn khích, nhưng yêu cầu món quà cũng nên là một trải nghiệm đáng giá."
ask,,13,noun,beginner,Something asked or asked for.,rủ,"UK:/ɑːsk/ | US:/ask/ | US:/ɑːks/ | US:/ask/ | US:/æsk/ | US:/ɛəsk/ | US:/æks/ | US:/ˈas(k̚), ˈɛs/","I know this is a big ask, but …","Tôi biết đây là một yêu cầu lớn, nhưng..."
ask,,14,noun,beginner,An asking price.,vấn an,"UK:/ɑːsk/ | US:/ask/ | US:/ɑːks/ | US:/ask/ | US:/æsk/ | US:/ɛəsk/ | US:/æks/ | US:/ˈas(k̚), ˈɛs/",,
ask,,15,noun,beginner,"(Internet) A message sent to a blog on social networking platform Tumblr, which can be publicly posted and replied to by the recipient.","Ask: (Internet) Một tin nhắn gửi đến một blog trên nền tảng mạng xã hội Tumblr, có thể được đăng công khai và trả lời bởi người nhận.","UK:/ɑːsk/ | US:/ask/ | US:/ɑːks/ | US:/ask/ | US:/æsk/ | US:/ɛəsk/ | US:/æks/ | US:/ˈas(k̚), ˈɛs/","Answering asks like this is one common way that Tumblr bloggers interact with their followers, so it is in the act of publicly answering these asks that I examine community building practices.","Trả lời các yêu cầu như vậy là một cách phổ biến mà các blogger Tumblr tương tác với người theo dõi của họ, vì vậy việc phân tích các hành vi xây dựng cộng đồng diễn ra khi họ trả lời các yêu cầu công khai này."
ask,,16,noun,beginner,(UK|_|dialectal|and|Scotland) An eft; newt.,"Ask: (Anh, _, địa phương, và, Scotland) Một eft; newt.","UK:/ɑːsk/ | US:/ask/ | US:/ɑːks/ | US:/ask/ | US:/æsk/ | US:/ɛəsk/ | US:/æks/ | US:/ˈas(k̚), ˈɛs/",He looked at the beast. It was not an eel. It was very like an ask.,Anh ấy nhìn vào con thú. Nó không phải là một con cá mực. Nó rất giống một ask.
ask,,17,noun,beginner,(UK|_|dialectal) A lizard.,"Ask: (Anh, _, địa phương) Một con rắn.","UK:/ɑːsk/ | US:/ask/ | US:/ɑːks/ | US:/ask/ | US:/æsk/ | US:/ɛəsk/ | US:/æks/ | US:/ˈas(k̚), ˈɛs/","We hear of Adder dens, but detailed accounts of the discovery of one are very rare. Service (1902) records that a peatman, when levelling on an estate by the Solway, found in a hole in the ground, some 8 inches below the surface, 40 adders, 10 toads and a large number of asks (lizards).","Chúng ta nghe về hang ổ của rắn hổ mang, nhưng các tài liệu chi tiết về việc phát hiện một hang ổ rất hiếm. Service (1902) ghi lại rằng một người làm peat khi đang làm phẳng một khu đất gần Solway đã tìm thấy trong một hố trên mặt đất, khoảng 8 inch dưới bề mặt, 40 con rắn hổ mang, 10 con thằn lằn và một số lượng lớn ask (thằn lằn)."
work,,1,noun,beginner,(uncountable) Employment.,"(viết tắt) wk sự làm việc; việc, công việc, công tác",UK:/wɜːk/ | US:/wɝk/ | US:/wɜɪ̯k/ | US:/wɵːk/ | US:/wøːk/ | US:/ʋərk/ | US:/ʋɜk/ | US:/wɚːk/ | US:/wɜː(ɹ)k/,,
work,,2,noun,beginner,"Labour, occupation, job.","nơi làm việc, cơ quan, sở làm",UK:/wɜːk/ | US:/wɝk/ | US:/wɜɪ̯k/ | US:/wɵːk/ | US:/wøːk/ | US:/ʋərk/ | US:/ʋɜk/ | US:/wɚːk/ | US:/wɜː(ɹ)k/,My work involves a lot of travel.,Việc làm của tôi đòi hỏi phải di chuyển nhiều.
work,,3,noun,beginner,The place where one is employed.,việc làm; nghề nghiệp,UK:/wɜːk/ | US:/wɝk/ | US:/wɜɪ̯k/ | US:/wɵːk/ | US:/wøːk/ | US:/ʋərk/ | US:/ʋɜk/ | US:/wɚːk/ | US:/wɜː(ɹ)k/,He hasn’t come home yet; he’s still at work.,Anh ấy chưa về nhà; anh ấy vẫn đang làm việc.
work,,4,noun,beginner,(by extension) One's employer.,"đồ làm ra, sản phẩm",UK:/wɜːk/ | US:/wɝk/ | US:/wɜɪ̯k/ | US:/wɵːk/ | US:/wøːk/ | US:/ʋərk/ | US:/ʋɜk/ | US:/wɚːk/ | US:/wɜː(ɹ)k/,"I want to go to the reunion concert, but I'm not sure if my work will give me the time off.","Tôi muốn đi dự buổi hòa nhạc tái hợp, nhưng không chắc liệu công việc của tôi có cho phép tôi nghỉ phép không."
work,,5,noun,beginner,(dated) A factory; a works.,tác phẩm,UK:/wɜːk/ | US:/wɝk/ | US:/wɜɪ̯k/ | US:/wɵːk/ | US:/wøːk/ | US:/ʋərk/ | US:/ʋɜk/ | US:/wɚːk/ | US:/wɜː(ɹ)k/,"In trials of a Martin furnace in a steel work at Remscheiden, Germany, a lining of zirconia was found in good condition after","Trong các thử nghiệm lò Martin tại một nhà máy thép ở Remscheid, Đức, một lớp lót làm từ zirconia được tìm thấy vẫn còn trong tình trạng tốt sau"
work,,6,noun,beginner,(uncountable) Effort.,"công trình xây dựng, công việc xây dựng",UK:/wɜːk/ | US:/wɝk/ | US:/wɜɪ̯k/ | US:/wɵːk/ | US:/wøːk/ | US:/ʋərk/ | US:/ʋɜk/ | US:/wɚːk/ | US:/wɜː(ɹ)k/,,
work,,7,noun,beginner,Effort expended on a particular task.,"dụng cụ, đồ dùng, vật liệu",UK:/wɜːk/ | US:/wɝk/ | US:/wɜɪ̯k/ | US:/wɵːk/ | US:/wøːk/ | US:/ʋərk/ | US:/ʋɜk/ | US:/wɚːk/ | US:/wɜː(ɹ)k/,Holding a brick over your head is hard work. It takes a lot of work to write a dictionary.,Giữ viên gạch trên đầu rất vất vả. Viết từ điển đòi hỏi rất nhiều công sức.
work,,8,noun,beginner,Sustained effort to overcome obstacles and achieve a result.,"kiểu trang trí, cách trang trí (đồ thêu, may, đan, đồ da...)",UK:/wɜːk/ | US:/wɝk/ | US:/wɜɪ̯k/ | US:/wɵːk/ | US:/wøːk/ | US:/ʋərk/ | US:/ʋɜk/ | US:/wɚːk/ | US:/wɜː(ɹ)k/,We know what we must do. Let's go to work.,Chúng ta biết phải làm gì. Hãy bắt tay vào công việc.
work,,9,noun,beginner,Something on which effort is expended.,"(kỹ thuật) máy, cơ cấu",UK:/wɜːk/ | US:/wɝk/ | US:/wɜɪ̯k/ | US:/wɵːk/ | US:/wøːk/ | US:/ʋərk/ | US:/ʋɜk/ | US:/wɚːk/ | US:/wɜː(ɹ)k/,There's lots of work waiting for me at the office.,Có rất nhiều công việc đang chờ đợi tôi tại văn phòng.
work,,10,noun,beginner,"(physics) A measure of energy expended in moving an object; most commonly, force times distance. No work is done if the object does not move.","(số nhiều) xưởng, nhà máy",UK:/wɜːk/ | US:/wɝk/ | US:/wɜɪ̯k/ | US:/wɵːk/ | US:/wøːk/ | US:/ʋərk/ | US:/ʋɜk/ | US:/wɚːk/ | US:/wɜː(ɹ)k/,Work is done against friction to drag a bag along the ground.,Đã làm việc để kéo một túi dọc theo mặt đất chống lại ma sát.
work,,11,noun,beginner,(physics|more generally) A measure of energy that is usefully extracted from a process: applied productively.,"lao động, nhân công",UK:/wɜːk/ | US:/wɝk/ | US:/wɜɪ̯k/ | US:/wɵːk/ | US:/wøːk/ | US:/ʋərk/ | US:/ʋɜk/ | US:/wɚːk/ | US:/wɜː(ɹ)k/,,
work,,12,noun,beginner,Product; the result of effort.,"(quân sự) pháo đài, công sự",UK:/wɜːk/ | US:/wɝk/ | US:/wɜɪ̯k/ | US:/wɵːk/ | US:/wøːk/ | US:/ʋərk/ | US:/ʋɜk/ | US:/wɚːk/ | US:/wɜː(ɹ)k/,,
work,,13,noun,beginner,(uncountable|often|in combination) The result of a particular manner of production.,(số nhiều) (hàng hải) phần tàu,UK:/wɜːk/ | US:/wɝk/ | US:/wɜɪ̯k/ | US:/wɵːk/ | US:/wøːk/ | US:/ʋərk/ | US:/ʋɜk/ | US:/wɚːk/ | US:/wɜː(ɹ)k/,There's a lot of guesswork involved.,Có rất nhiều đoán mò trong quá trình này.
work,,14,noun,beginner,(uncountable|often|in combination) Something produced using the specified material or tool.,(vật lý) công,UK:/wɜːk/ | US:/wɝk/ | US:/wɜɪ̯k/ | US:/wɵːk/ | US:/wøːk/ | US:/ʋərk/ | US:/ʋɜk/ | US:/wɚːk/ | US:/wɜː(ɹ)k/,We've got some paperwork to do before we can get started. The piece was decorated with intricate filigree work.,Chúng tôi có một số công việc giấy tờ cần làm trước khi bắt đầu. Tác phẩm được trang trí với các họa tiết phức tạp.
work,,15,noun,beginner,"(countable) A literary, artistic, or intellectual production; a creative work.","(địa lý, địa chất) tác dụng",UK:/wɜːk/ | US:/wɝk/ | US:/wɜɪ̯k/ | US:/wɵːk/ | US:/wøːk/ | US:/ʋərk/ | US:/ʋɜk/ | US:/wɚːk/ | US:/wɜː(ɹ)k/,It is a work of art.,Đây là một tác phẩm nghệ thuật.
work,,16,noun,beginner,(countable) A fortification.,"(nghĩa bóng) việc làm, hành động",UK:/wɜːk/ | US:/wɝk/ | US:/wɜɪ̯k/ | US:/wɵːk/ | US:/wøːk/ | US:/ʋərk/ | US:/ʋɜk/ | US:/wɚːk/ | US:/wɜː(ɹ)k/,"William the Conqueror fortified many castles, throwing up new ramparts, bastions and all manner of works.","William I đã kiên cố hóa nhiều pháo đài, xây dựng các tháp bảo vệ, và mọi loại công trình khác."
work,,17,noun,beginner,(uncountable|slang|professional wrestling) The staging of events to appear as real.,"(viết tắt) wk sự làm việc; việc, công việc, công tác",UK:/wɜːk/ | US:/wɝk/ | US:/wɜɪ̯k/ | US:/wɵːk/ | US:/wøːk/ | US:/ʋərk/ | US:/ʋɜk/ | US:/wɚːk/ | US:/wɜː(ɹ)k/,,
work,,18,noun,beginner,(mining) Ore before it is dressed.,"(viết tắt) wk sự làm việc; việc, công việc, công tác",UK:/wɜːk/ | US:/wɝk/ | US:/wɜɪ̯k/ | US:/wɵːk/ | US:/wøːk/ | US:/ʋərk/ | US:/ʋɜk/ | US:/wɚːk/ | US:/wɜː(ɹ)k/,,
work,,19,noun,beginner,"(slang|plural only) The equipment needed to inject a drug (syringes, needles, swabs etc.)","(viết tắt) wk sự làm việc; việc, công việc, công tác",UK:/wɜːk/ | US:/wɝk/ | US:/wɜɪ̯k/ | US:/wɵːk/ | US:/wøːk/ | US:/ʋərk/ | US:/ʋɜk/ | US:/wɚːk/ | US:/wɜː(ɹ)k/,Tell me you're using clean works at least.,Nói với tôi rằng bạn đang sử dụng những công trình sạch sẽ.
work,,20,noun,beginner,(LGBT slang) The confident attitude of a drag queen.,"(viết tắt) wk sự làm việc; việc, công việc, công tác",UK:/wɜːk/ | US:/wɝk/ | US:/wɜɪ̯k/ | US:/wɵːk/ | US:/wøːk/ | US:/ʋərk/ | US:/ʋɜk/ | US:/wɚːk/ | US:/wɜː(ɹ)k/,"All told, werk is about creativity, virtuosity, and a certain kind of mastery.","Tất cả tính đến nay, công việc liên quan đến sáng tạo, tài năng xuất chúng và một loại sự hiểu biết nhất định."
work,,21,verb,beginner,(intransitive) To do a specific task by employing physical or mental powers.,làm việc; bắt làm việc,UK:/wɜːk/ | US:/wɝk/ | US:/wɜɪ̯k/ | US:/wɵːk/ | US:/wøːk/ | US:/ʋərk/ | US:/ʋɜk/ | US:/wɚːk/ | US:/wɜː(ɹ)k/,He's working in a bar.,Anh ấy đang làm việc tại một quán bar.
work,,22,verb,beginner,"Said of one's workplace (building), or one's department, or one's trade (sphere of business) .","hành động, hoạt động, làm; làm lên men (bia...)",UK:/wɜːk/ | US:/wɝk/ | US:/wɜɪ̯k/ | US:/wɵːk/ | US:/wøːk/ | US:/ʋərk/ | US:/ʋɜk/ | US:/wɚːk/ | US:/wɜː(ɹ)k/,I work in a national park.,Tôi làm việc tại một khu bảo tồn quốc gia.
work,,23,verb,beginner,Said of one's job title .,"gia công, chế biến; thêu",UK:/wɜːk/ | US:/wɝk/ | US:/wɜɪ̯k/ | US:/wɵːk/ | US:/wøːk/ | US:/ʋərk/ | US:/ʋɜk/ | US:/wɚːk/ | US:/wɜː(ɹ)k/,I work as a cleaner.,Tôi làm việc như một người lau dọn.
work,,24,verb,beginner,Said of a company or individual who employs .,"lên men; làm cho (máy) chạy, chuyển vận",UK:/wɜːk/ | US:/wɝk/ | US:/wɜɪ̯k/ | US:/wɵːk/ | US:/wøːk/ | US:/ʋərk/ | US:/ʋɜk/ | US:/wɚːk/ | US:/wɜː(ɹ)k/,She works for Microsoft.,Cô làm việc cho Microsoft.
work,,25,verb,beginner,"General use, said of either fellow employees or instruments or clients .","tác động, có ảnh hưởng tới; làm, gây ra, thi hành, thực hiện",UK:/wɜːk/ | US:/wɝk/ | US:/wɜɪ̯k/ | US:/wɵːk/ | US:/wøːk/ | US:/ʋərk/ | US:/ʋɜk/ | US:/wɚːk/ | US:/wɜː(ɹ)k/,I work closely with my Canadian counterparts.,Tôi làm việc chặt chẽ với các đồng nghiệp Canada.
work,,26,verb,beginner,"(transitive) To work or operate in a certain place, area, or speciality.","đi qua, chuyển động; dần dần tự chuyển (lên, xuống); tự làm cho (lỏng, chặt...); khai thác (mỏ); trổng trọt (đất đai)",UK:/wɜːk/ | US:/wɝk/ | US:/wɜɪ̯k/ | US:/wɵːk/ | US:/wøːk/ | US:/ʋərk/ | US:/ʋɜk/ | US:/wɚːk/ | US:/wɜː(ɹ)k/,She works the night clubs.,Cô làm việc tại các vũ trường.
work,,27,verb,beginner,"(transitive) To work or operate in, through or by means of.",chạy; giải (một bài toán); chữa (bệnh),UK:/wɜːk/ | US:/wɝk/ | US:/wɜɪ̯k/ | US:/wɵːk/ | US:/wøːk/ | US:/ʋərk/ | US:/ʋɜk/ | US:/wɚːk/ | US:/wɜː(ɹ)k/,She's working the phones.,Cô đang làm việc qua điện thoại.
work,,28,verb,beginner,(intransitive) To function correctly; to act as intended; to achieve the goal designed for.,"tiến hành, tiến triển; có kết quả, có hiệu lực; nhào, nặn (bột, đất sét); rèn (sắt...); tạc (tượng); vẽ (một bức tranh); chạm (gỗ); trau (vàng, bạc)",UK:/wɜːk/ | US:/wɝk/ | US:/wɜɪ̯k/ | US:/wɵːk/ | US:/wøːk/ | US:/ʋərk/ | US:/ʋɜk/ | US:/wɚːk/ | US:/wɜː(ɹ)k/,"He pointed at the car and asked, ""Does it work""?",Anh chỉ vào chiếc xe và hỏi: 'Chắc chắn nó hoạt động không?'
work,,29,verb,beginner,"(transitive) To cause to operate, be productive, behave a certain way or happen.","(hàng hải) lách (tàu); đưa dần vào, chuyển; đưa, dẫn ((nghĩa đen) & (nghĩa bóng))",UK:/wɜːk/ | US:/wɝk/ | US:/wɜɪ̯k/ | US:/wɵːk/ | US:/wøːk/ | US:/ʋərk/ | US:/ʋɜk/ | US:/wɚːk/ | US:/wɜː(ɹ)k/,,
work,,30,verb,beginner,To set into action.,"nhăn nhó, cau lại (mặt); day dứt (ý nghĩ, lương tâm); sắp đặt, bày ra, bày mưu",UK:/wɜːk/ | US:/wɝk/ | US:/wɜɪ̯k/ | US:/wɵːk/ | US:/wøːk/ | US:/ʋərk/ | US:/ʋɜk/ | US:/wɚːk/ | US:/wɜː(ɹ)k/,He worked the levers.,Anh điều khiển các cần điều khiển.
work,,31,verb,beginner,"To exhaust, by working.","worked , wrought",UK:/wɜːk/ | US:/wɝk/ | US:/wɜɪ̯k/ | US:/wɵːk/ | US:/wøːk/ | US:/ʋərk/ | US:/ʋɜk/ | US:/wɚːk/ | US:/wɜː(ɹ)k/,The mine was worked until the last scrap of ore had been extracted.,Mỏ được khai thác cho đến khi đã khai thác hết mọi mảnh kim loại cuối cùng từ trong đất.
work,,32,verb,beginner,"To shape, form, or improve a material.","worked , wrought",UK:/wɜːk/ | US:/wɝk/ | US:/wɜɪ̯k/ | US:/wɵːk/ | US:/wøːk/ | US:/ʋərk/ | US:/ʋɜk/ | US:/wɚːk/ | US:/wɜː(ɹ)k/,He used pliers to work the wire into shape.,Anh ta sử dụng kìm để làm cong dây theo hình dáng mong muốn.
work,,33,verb,beginner,To provoke or excite; to influence.,"worked , wrought",UK:/wɜːk/ | US:/wɝk/ | US:/wɜɪ̯k/ | US:/wɵːk/ | US:/wøːk/ | US:/ʋərk/ | US:/ʋɜk/ | US:/wɚːk/ | US:/wɜː(ɹ)k/,The rock musician worked the crowd of young girls into a frenzy.,Nhạc sĩ rock đã kích thích đám đông các cô gái trẻ vào trạng thái say mê.
work,,34,verb,beginner,To use or manipulate to one’s advantage.,"worked , wrought",UK:/wɜːk/ | US:/wɝk/ | US:/wɜɪ̯k/ | US:/wɵːk/ | US:/wøːk/ | US:/ʋərk/ | US:/ʋɜk/ | US:/wɚːk/ | US:/wɜː(ɹ)k/,She knows how to work the system.,Cô ấy biết cách vận hành hệ thống.
work,,35,verb,beginner,(law) To cause to happen or to occur as a consequence.,"worked , wrought",UK:/wɜːk/ | US:/wɝk/ | US:/wɜɪ̯k/ | US:/wɵːk/ | US:/wøːk/ | US:/ʋərk/ | US:/ʋɜk/ | US:/wɚːk/ | US:/wɜː(ɹ)k/,I cannot work a miracle.,Tôi không thể tạo ra một phép神迹。
work,,36,verb,beginner,To force to work.,"worked , wrought",UK:/wɜːk/ | US:/wɝk/ | US:/wɜɪ̯k/ | US:/wɵːk/ | US:/wøːk/ | US:/ʋərk/ | US:/ʋɜk/ | US:/wɚːk/ | US:/wɜː(ɹ)k/,He is working his servants hard.,Anh ta đang làm việc quá sức với những người-slaves.
work,,37,verb,beginner,(intransitive) To move or progress slowly or with difficulty; to proceed with effort.,"worked , wrought",UK:/wɜːk/ | US:/wɝk/ | US:/wɜɪ̯k/ | US:/wɵːk/ | US:/wøːk/ | US:/ʋərk/ | US:/ʋɜk/ | US:/wɚːk/ | US:/wɜː(ɹ)k/,"We worked back again and picked up our intended route, but we did not find the clear run I had hoped for.","Chúng tôi đã trở lại và thu thập lại con đường ban đầu, nhưng chúng tôi không tìm thấy con đường rõ ràng mà tôi mong đợi."
work,,38,verb,beginner,(transitive) To move or progress slowly .,"worked , wrought",UK:/wɜːk/ | US:/wɝk/ | US:/wɜɪ̯k/ | US:/wɵːk/ | US:/wøːk/ | US:/ʋərk/ | US:/ʋɜk/ | US:/wɚːk/ | US:/wɜː(ɹ)k/,He worked his way through the crowd.,Anh ấy đẩy mình qua đám đông.
work,,39,verb,beginner,(transitive) To cause to move slowly or with difficulty.,"worked , wrought",UK:/wɜːk/ | US:/wɝk/ | US:/wɜɪ̯k/ | US:/wɵːk/ | US:/wøːk/ | US:/ʋərk/ | US:/ʋɜk/ | US:/wɚːk/ | US:/wɜː(ɹ)k/,"Using some tweezers, she worked the bee sting out of her hand.","Dùng một đôi kẹp nhỏ, cô ấy đã lấy cơn đau do bị đốt bởi ong ra khỏi tay mình."
work,,40,verb,beginner,(transitive) To embroider with thread.,"worked , wrought",UK:/wɜːk/ | US:/wɝk/ | US:/wɜɪ̯k/ | US:/wɵːk/ | US:/wøːk/ | US:/ʋərk/ | US:/ʋɜk/ | US:/wɚːk/ | US:/wɜː(ɹ)k/,,
work,,41,verb,beginner,(intransitive) To ferment.,"worked , wrought",UK:/wɜːk/ | US:/wɝk/ | US:/wɜɪ̯k/ | US:/wɵːk/ | US:/wøːk/ | US:/ʋərk/ | US:/ʋɜk/ | US:/wɚːk/ | US:/wɜː(ɹ)k/,,
work,,42,verb,beginner,(transitive) To cause to ferment.,"worked , wrought",UK:/wɜːk/ | US:/wɝk/ | US:/wɜɪ̯k/ | US:/wɵːk/ | US:/wøːk/ | US:/ʋərk/ | US:/ʋɜk/ | US:/wɚːk/ | US:/wɜː(ɹ)k/,,
work,,43,verb,beginner,(intransitive|figuratively) To influence.,"worked , wrought",UK:/wɜːk/ | US:/wɝk/ | US:/wɜɪ̯k/ | US:/wɵːk/ | US:/wøːk/ | US:/ʋərk/ | US:/ʋɜk/ | US:/wɚːk/ | US:/wɜː(ɹ)k/,They worked on her to join the group.,Họ thuyết phục cô ấy gia nhập nhóm.
work,,44,verb,beginner,(intransitive) To move in an agitated manner.,"worked , wrought",UK:/wɜːk/ | US:/wɝk/ | US:/wɜɪ̯k/ | US:/wɵːk/ | US:/wøːk/ | US:/ʋərk/ | US:/ʋɜk/ | US:/wɚːk/ | US:/wɜː(ɹ)k/,His fingers worked with tension.,Cáng ngón tay của anh ấy run lên vì căng thẳng.
work,,45,verb,beginner,(intransitive) To behave in a certain way when handled,"worked , wrought",UK:/wɜːk/ | US:/wɝk/ | US:/wɜɪ̯k/ | US:/wɵːk/ | US:/wøːk/ | US:/ʋərk/ | US:/ʋɜk/ | US:/wɚːk/ | US:/wɜː(ɹ)k/,This dough does not work easily.,Bột này không dễ làm.
work,,46,verb,beginner,"(ditransitive|poetic) To cause (someone) to feel (something); to do unto somebody (something, whether good or bad).","worked , wrought",UK:/wɜːk/ | US:/wɝk/ | US:/wɜɪ̯k/ | US:/wɵːk/ | US:/wøːk/ | US:/ʋərk/ | US:/ʋɜk/ | US:/wɚːk/ | US:/wɜː(ɹ)k/,,
work,,47,verb,beginner,(obsolete|intransitive) To hurt; to ache.,"worked , wrought",UK:/wɜːk/ | US:/wɝk/ | US:/wɜɪ̯k/ | US:/wɵːk/ | US:/wøːk/ | US:/ʋərk/ | US:/ʋɜk/ | US:/wɚːk/ | US:/wɜː(ɹ)k/,"‘I wolde hit were so,’ seyde the Kynge, ‘but I may nat stonde, my hede worchys so—’","'Tôi muốn nó như vậy,' vua nói, 'nhưng tôi không thể đứng được, vì đầu tôi đau quá—'"
work,,48,verb,beginner,"(slang|transitive) To pull off; to wear, perform, etc. successfully or to advantage.","worked , wrought",UK:/wɜːk/ | US:/wɝk/ | US:/wɜɪ̯k/ | US:/wɵːk/ | US:/wøːk/ | US:/ʋərk/ | US:/ʋɜk/ | US:/wɚːk/ | US:/wɜː(ɹ)k/,"I would have never thought those pieces would go together, but she is working it like nobody's business.","Tôi không bao giờ nghĩ rằng những mảnh đó sẽ ghép lại với nhau, nhưng cô ấy đang làm việc đó như một người chuyên nghiệp."
work,,49,verb,beginner,"(LGBT slang|intransitive) To perform with a confident attitude, particularly as a drag queen.","worked , wrought",UK:/wɜːk/ | US:/wɝk/ | US:/wɜɪ̯k/ | US:/wɵːk/ | US:/wøːk/ | US:/ʋərk/ | US:/ʋɜk/ | US:/wɚːk/ | US:/wɜː(ɹ)k/,"Plus, all that gym work means you've got muscles for days. You gotta werk it, babe."" She puts a swish and swing into her next few steps before she bursts out laughing, and I have to join in.","Bên cạnh đó, tất cả những công việc tại phòng tập ấy có nghĩa là bạn đã có cơ bắp suốt cả ngày. Bạn phải làm việc chăm chỉ, yêu dấu."" Cô ấy thêm vào một cử động và chuyển động vào những bước tiếp theo của mình trước khi cười lớn, và tôi cũng phải tham gia."
seem,,1,verb,beginner,(copulative) To appear; to look outwardly; to be perceived as.,"(to seem to somebody) (to seem to be something) (to seem like something) có vẻ như, dường như, coi bộ",US:/siːm/,"She is seeming a bit down these days.&nbsp;&nbsp; Her eyes seem blue.&nbsp;&nbsp; It must have seemed to her she was safe.&nbsp;&nbsp; How'd she seem to you?&nbsp;&nbsp; He seems not to be at home.&nbsp;&nbsp; ""It seems like rain"". ""It seems to me (to be) rather sleety.""; ""There seem to be a few problems.""","Cô ấy đang trông buồn một chút gần đây. Mắt cô ấy trông xanh. Có lẽ cô ấy cảm thấy an toàn. Cô ấy trông như thế nào với bạn? Anh ấy trông như không ở nhà. ""Dường như mưa."" ""Dường như với tôi (để là) khá sleet.""; ""Có vẻ như có một số vấn đề."""
seem,,2,verb,beginner,(obsolete) To befit; to beseem.,"( to seem to somebody ) ( to seem to be something ) ( to seem like something ) có vẻ như, dường như, coi bộ",US:/siːm/,"And all within were pathes and alleies wide,With footing worne, and leading inward farre:Faire harbour that them seemes; so in they entred arre.","Và tất cả những nơi bên trong đều rộng rãi, có con đường dẫn vào sâu trong: một nơi trú ẩn mà họ thấy như vậy; vậy họ đã vào."
study,,1,verb,beginner,"(usually|academic|transitive|intransitive) To review materials already learned in order to make sure one does not forget them, usually in preparation for an examination.",học; nghiên cứu; xem rất cẩn thận,UK:/ˈstʌd.i/ | US:/(ɪ)ˈsʈəɖ.i/ | US:/ˈstʌd.i/ | US:/ˈstʊd.i/,,
study,,2,verb,beginner,(academic|transitive) To take a course or courses on a subject.,học; nghiên cứu; xem rất cẩn thận,UK:/ˈstʌd.i/ | US:/(ɪ)ˈsʈəɖ.i/ | US:/ˈstʌd.i/ | US:/ˈstʊd.i/,,
study,,3,verb,beginner,(transitive) To acquire knowledge on a subject with the intention of applying it in practice.,học; nghiên cứu; xem rất cẩn thận,UK:/ˈstʌd.i/ | US:/(ɪ)ˈsʈəɖ.i/ | US:/ˈstʌd.i/ | US:/ˈstʊd.i/,,
study,,4,verb,beginner,(transitive) To look at carefully and minutely.,học; nghiên cứu; xem rất cẩn thận,UK:/ˈstʌd.i/ | US:/(ɪ)ˈsʈəɖ.i/ | US:/ˈstʌd.i/ | US:/ˈstʊd.i/,,
study,,5,verb,beginner,(transitive) To fix the mind closely upon a subject; to dwell upon anything in thought; to muse; to ponder.,học; nghiên cứu; xem rất cẩn thận,UK:/ˈstʌd.i/ | US:/(ɪ)ˈsʈəɖ.i/ | US:/ˈstʌd.i/ | US:/ˈstʊd.i/,,
study,,6,verb,beginner,(intransitive) To endeavor diligently; to be zealous.,học; nghiên cứu; xem rất cẩn thận,UK:/ˈstʌd.i/ | US:/(ɪ)ˈsʈəɖ.i/ | US:/ˈstʌd.i/ | US:/ˈstʊd.i/,,
study,,7,noun,beginner,Mental effort to acquire knowledge or learning.,"sự học tập; sự nghiên cứu (về một đề tài, nhất là từ sách vở)",UK:/ˈstʌd.i/ | US:/(ɪ)ˈsʈəɖ.i/ | US:/ˈstʌd.i/ | US:/ˈstʊd.i/,"During the whole time of his abode in the university he generally spent thirteen hours of the day in study; by which assiduity besides an exact dispatch of the whole course of philosophy, he read over in a manner all classic authors that are extant;.","Trong suốt thời gian ở đại học, anh ấy dành phần lớn thời gian cho việc nghiên cứu; nhờ sự kiên trì này, ngoài việc hoàn thành toàn bộ chương trình triết học, anh đã đọc qua tất cả các tác giả cổ điển còn tồn tại."
study,,8,noun,beginner,The act of studying or examining; examination.,(số nhiều) đối tượng được nghiên cứu; đề tài nghiên cứu,UK:/ˈstʌd.i/ | US:/(ɪ)ˈsʈəɖ.i/ | US:/ˈstʌd.i/ | US:/ˈstʊd.i/,"Oxygen levels on Earth skyrocketed 2.4 billion years ago, when cyanobacteria evolved photosynthesis:. The evolutionary precursor of photosynthesis is still under debate, and a new study sheds light. The critical component of the photosynthetic system is the &ldquo;water-oxidizing complex&rdquo;, made up of manganese atoms and a calcium atom.","Nồng độ oxy trên Trái đất tăng vọt 2,4 tỷ năm trước khi cyanobacteria phát triển photosynthesis:. Tiền thân tiến hóa của photosynthesis vẫn đang gây tranh cãi, và một nghiên cứu mới đã làm sáng tỏ vấn đề. Thành phần quan trọng của hệ thống photosynthetic là &ldquo;complex oxidant nước&rdquo;, được tạo thành từ các ion magiê và một ion canxi."
study,,9,noun,beginner,Any particular branch of learning that is studied; any object of attentive consideration.,"sự suy nghĩ lung, sự trầm tư mặc tưởng (như) brown study",UK:/ˈstʌd.i/ | US:/(ɪ)ˈsʈəɖ.i/ | US:/ˈstʌd.i/ | US:/ˈstʊd.i/,"The Holy Scriptures, especially the New Testament, are her daily study.","Kinh Thánh, đặc biệt là Kinh Thánh Tân Ước, là đối tượng nghiên cứu hàng ngày của cô ấy."
study,,10,noun,beginner,A room in a house intended for reading and writing; traditionally the private room of the male head of household.,phòng (nhất là trong nhà của ai) dùng để đọc sách và viết; phòng làm việc,UK:/ˈstʌd.i/ | US:/(ɪ)ˈsʈəɖ.i/ | US:/ˈstʌd.i/ | US:/ˈstʊd.i/,"I was asked round once for dinner, and my tongue was hanging out at the sheer scale of it – complete with three bathrooms, two studies, and a sauna.","Cô ấy được mời đến ăn tối một lần và lưỡi cô ấy đang rớt ra vì quy mô quá lớn - bao gồm ba phòng tắm, hai phòng nghiên cứu, và một phòng xông hơi."
study,,11,noun,beginner,An artwork made in order to practise or demonstrate a subject or technique.,(nghệ thuật) hình nghiên cứu,UK:/ˈstʌd.i/ | US:/(ɪ)ˈsʈəɖ.i/ | US:/ˈstʌd.i/ | US:/ˈstʊd.i/,,
study,,12,noun,beginner,"The human face, bearing an expression which the observer finds amusingly typical of a particular emotion or state of mind.",(âm nhạc) bài tập,UK:/ˈstʌd.i/ | US:/(ɪ)ˈsʈəɖ.i/ | US:/ˈstʌd.i/ | US:/ˈstʊd.i/,,
study,,13,noun,beginner,(music) A piece for special practice; an etude.,(sân khấu) người học vở,UK:/ˈstʌd.i/ | US:/(ɪ)ˈsʈəɖ.i/ | US:/ˈstʌd.i/ | US:/ˈstʊd.i/,,
study,,14,noun,beginner,(academic) An academic publication.,(a study) cái đáng quan sát; vẻ bất thường,UK:/ˈstʌd.i/ | US:/(ɪ)ˈsʈəɖ.i/ | US:/ˈstʌd.i/ | US:/ˈstʊd.i/,,
study,,15,noun,beginner,One who commits a theatrical part to memory.,"sự học tập; sự nghiên cứu (về một đề tài, nhất là từ sách vở)",UK:/ˈstʌd.i/ | US:/(ɪ)ˈsʈəɖ.i/ | US:/ˈstʌd.i/ | US:/ˈstʊd.i/,,
study,,16,noun,beginner,"(chess) An endgame problem composed for artistic merit, where one side is to play for a win or for a draw.","sự học tập; sự nghiên cứu (về một đề tài, nhất là từ sách vở)",UK:/ˈstʌd.i/ | US:/(ɪ)ˈsʈəɖ.i/ | US:/ˈstʌd.i/ | US:/ˈstʊd.i/,,
study,,17,noun,beginner,(obsolete) A state of mental perplexity or worried thought.,"sự học tập; sự nghiên cứu (về một đề tài, nhất là từ sách vở)",UK:/ˈstʌd.i/ | US:/(ɪ)ˈsʈəɖ.i/ | US:/ˈstʌd.i/ | US:/ˈstʊd.i/,,
study,,18,noun,beginner,"(archaic) Thought, as directed to a specific purpose; one's concern.","sự học tập; sự nghiên cứu (về một đề tài, nhất là từ sách vở)",UK:/ˈstʌd.i/ | US:/(ɪ)ˈsʈəɖ.i/ | US:/ˈstʌd.i/ | US:/ˈstʊd.i/,,
learn,,1,verb,beginner,"To acquire, or attempt to acquire knowledge or an ability to do something.","học, nghiên cứu; học tập, học hành",US:/lɑː(ɹ)n/ | US:/lɜːn/ | US:/lɝn/ | US:/lɛːrn/,I was very impressed with the obvious amount of work that went into the learning and synchronization of such a complex and harmonically and difficult score.,Tôi rất ấn tượng với số lượng công việc rõ ràng đã bỏ ra để học và đồng bộ hóa một bản nhạc phức tạp và hòa âm khó khăn.
learn,,2,verb,beginner,To attend a course or other educational activity.,"nghe thấy, được nghe, được biết",US:/lɑː(ɹ)n/ | US:/lɜːn/ | US:/lɝn/ | US:/lɛːrn/,,
learn,,3,verb,beginner,To gain knowledge from a bad experience so as to improve.,learnt ◘ [lə:nt],US:/lɑː(ɹ)n/ | US:/lɜːn/ | US:/lɝn/ | US:/lɛːrn/,learn from one's mistakes,Học từ sai lầm của mình.
learn,,4,verb,beginner,To study.,learnt ◘ [lə:nt],US:/lɑː(ɹ)n/ | US:/lɜːn/ | US:/lɝn/ | US:/lɛːrn/,I learn medicine.,Tôi học y tế.
learn,,5,verb,beginner,To come to know; to become informed of; to find out.,learnt ◘ [lə:nt],US:/lɑː(ɹ)n/ | US:/lɜːn/ | US:/lɝn/ | US:/lɛːrn/,He just learned that he will be sacked.,Anh vừa học rằng anh sẽ bị sa thải.
learn,,6,verb,beginner,(now only in|_|non-standard speech|and|dialects) To teach.,learnt ◘ [lə:nt],US:/lɑː(ɹ)n/ | US:/lɜːn/ | US:/lɝn/ | US:/lɛːrn/,Give him a clip round the ear. That'll learn him!,Đánh anh một cái tát. Điều đó sẽ dạy anh!
learn,,7,noun,beginner,The act of learning something.,"học được bài học đắt giá, đã hiểu được những gì nên làm hoặc không nên làm ▸ to learn the ropes",US:/lɑː(ɹ)n/ | US:/lɜːn/ | US:/lɝn/ | US:/lɛːrn/,"I did a quick learn of the place by watching the people shuffle in. There was a healthy mix of beautiful and freaky people, who shared a few common denominators","Tôi đã nhanh chóng học về nơi này bằng cách quan sát người dân di chuyển vào. Có sự kết hợp khỏe mạnh giữa những người đẹp và dị biệt, chia sẻ một số đặc điểm chung."
language,,1,noun,intermediate,"(countable) A body of words, and set of methods of combining them (called a grammar), understood by a community and used as a form of communication.",ngôn ngữ; tiếng,US:/ˈlæŋɡwɪd͡ʒ/ | US:/æ/ | US:/laŋɡˈweːd͡ʒ/,The English and German languages are both members of the West Germanic language family.,Tiếng Anh và tiếng Đức đều là thành viên của gia đình ngôn ngữ Tây Germa.
language,,2,noun,intermediate,(uncountable) The ability to communicate using words.,từ hoặc cụm từ được một nhóm người nào đó sử dụng,US:/ˈlæŋɡwɪd͡ʒ/ | US:/æ/ | US:/laŋɡˈweːd͡ʒ/,the gift of language,Sự ban tặng của ngôn ngữ
language,,3,noun,intermediate,(uncountable) A sublanguage: the slang of a particular community or jargon of a particular specialist field.,"hệ thống ký hiệu, dấu hiệu, động tác... truyền đạt thông tin",US:/ˈlæŋɡwɪd͡ʒ/ | US:/æ/ | US:/laŋɡˈweːd͡ʒ/,legal language; &nbsp; the language of chemistry,ngôn ngữ; &nbsp; ngôn ngữ hóa học
language,,4,noun,intermediate,"(uncountable) The specific wording or style of a text, such as a law or a contract.",(tin học) hệ thống lệnh được mã hoá để dùng trong việc lập trình,US:/ˈlæŋɡwɪd͡ʒ/ | US:/æ/ | US:/laŋɡˈweːd͡ʒ/,"Technological advances are notorious for exposing the open-endedness of the language in our laws, even when we thought our definitions were airtight. Lawmakers can’t anticipate everything. Indeed, you could make the case that the whole area of patent law just is the problem of deciding whether some new technology should fall within the range of the language of the patent.","Các tiến bộ công nghệ thường bộc lộ sự không xác định của ngôn ngữ trong các quy định pháp luật, ngay cả khi chúng ta cho rằng định nghĩa của mình là chắc chắn. Các nhà lập pháp không thể dự đoán mọi thứ. Thậm chí có thể lập luận rằng toàn bộ lĩnh vực luật sở hữu trí tuệ chính là vấn đề về việc quyết định liệu một công nghệ mới có thuộc phạm vi ngôn ngữ của bằng sáng chế hay không."
language,,5,noun,intermediate,"(countable|uncountable|figurative) The expression of thought (the communication of meaning) in a specified way; that which communicates something, as language does.",cách diễn đạt; cách ăn nói,US:/ˈlæŋɡwɪd͡ʒ/ | US:/æ/ | US:/laŋɡˈweːd͡ʒ/,body language; &nbsp; the language of the eyes,tiếng cơ thể; &nbsp; ngôn ngữ của mắt
language,,6,noun,intermediate,"(countable|uncountable) A body of sounds, signs or signals by which animals communicate, and by which plants are sometimes also thought to communicate.",ngôn ngữ; tiếng,US:/ˈlæŋɡwɪd͡ʒ/ | US:/æ/ | US:/laŋɡˈweːd͡ʒ/,"A more likely hypothesis was that the attacked leaves were transmitting some airborne chemical signal to sound the alarm, rather like insects sending out warnings But this is the first time that a plant-to-plant language has been detected.","Một giả thuyết khả dĩ hơn là lá bị tấn công đang truyền một tín hiệu hóa học bay để kêu gọi cảnh báo, giống như các loài côn trùng gửi ra thông điệp cảnh báo. Nhưng đây là lần đầu tiên phát hiện ra ngôn ngữ giữa cây và cây."
language,,7,noun,intermediate,(computing|countable) A computer language; a machine language.,ngôn ngữ; tiếng,US:/ˈlæŋɡwɪd͡ʒ/ | US:/æ/ | US:/laŋɡˈweːd͡ʒ/,In fact pointers are called references in these languages to distinguish them from pointers in languages like C and C++.,"Thực tế, các con trỏ được gọi là tham chiếu trong các ngôn ngữ này để phân biệt chúng với các con trỏ trong các ngôn ngữ như C và C++."
language,,8,noun,intermediate,(uncountable) A manner of expression.,ngôn ngữ; tiếng,US:/ˈlæŋɡwɪd͡ʒ/ | US:/æ/ | US:/laŋɡˈweːd͡ʒ/,"Their language simple, as their manners meek,","Ngôn ngữ của họ đơn giản, như cách thức ứng xử của họ nhún nhường,"
language,,9,noun,intermediate,(uncountable) The particular words used in a speech or a passage of text.,ngôn ngữ; tiếng,US:/ˈlæŋɡwɪd͡ʒ/ | US:/æ/ | US:/laŋɡˈweːd͡ʒ/,The language used in the law does not permit any other interpretation.,Ngôn ngữ được sử dụng trong luật không cho phép bất kỳ giải thích nào khác.
language,,10,noun,intermediate,(euphemistic|uncountable) Profanity.,ngôn ngữ; tiếng,US:/ˈlæŋɡwɪd͡ʒ/ | US:/æ/ | US:/laŋɡˈweːd͡ʒ/,,
language,,11,verb,intermediate,(rare|now|nonstandard|or|technical) To communicate by language; to express in language.,"giao tiếp bằng ngôn ngữ (khan hiếm, không chuẩn hiện tại, hoặc kỹ thuật) để diễn đạt bằng ngôn ngữ.",US:/ˈlæŋɡwɪd͡ʒ/ | US:/æ/ | US:/laŋɡˈweːd͡ʒ/,,
language,,12,noun,intermediate,"A languet, a flat plate in or below the flue pipe of an organ.",lời ăn tiếng nói,US:/ˈlæŋɡwɪd͡ʒ/ | US:/æ/ | US:/laŋɡˈweːd͡ʒ/,"A flue-pipe is one in which the air passes through the throat, or flue, which is the narrow, longitudinal aperture between the lower lip and the tongue, or language. The language is adjusted by slightly elevating or depressing it,","Một đường khí quản là một trong đó không khí đi qua cổ họng, hoặc đường khí quản, là lỗ ngang hẹp, dài theo chiều dọc giữa môi dưới và lưỡi, hoặc ngôn ngữ. Ngôn ngữ điều chỉnh bằng cách nâng nhẹ hoặc hạ thấp nó."
meaning,,1,noun,intermediate,"(of words, expressions or symbols)","nghĩa, ý nghĩa; nghĩa là, có nghĩa là; điều kiện, tính chất... nằm giữa hai cực đoan; trung độ; trung gian",UK:/ˈmiː.nɪŋ/ | US:/ˈmi.nɪŋ/ | US:/ˈmiː.nɪŋ/ | US:/ˈmiː.nəŋ/,,
meaning,,2,noun,intermediate,"The denotation, referent, or idea connected with a word, expression, or symbol.",(toán học) số trung bình; giá trị trung bình,UK:/ˈmiː.nɪŋ/ | US:/ˈmi.nɪŋ/ | US:/ˈmiː.nɪŋ/ | US:/ˈmiː.nəŋ/,,
meaning,,3,noun,intermediate,"The connotation associated with a word, expression, or symbol.","nghĩa, ý nghĩa",UK:/ˈmiː.nɪŋ/ | US:/ˈmi.nɪŋ/ | US:/ˈmiː.nɪŋ/ | US:/ˈmiː.nəŋ/,,
meaning,,4,noun,intermediate,"The purpose, value, or significance (of something) beyond the fact of that thing's existence.","nghĩa, ý nghĩa",UK:/ˈmiː.nɪŋ/ | US:/ˈmi.nɪŋ/ | US:/ˈmiː.nɪŋ/ | US:/ˈmiː.nəŋ/,the meaning of life,nghĩa của cuộc sống
meaning,,5,noun,intermediate,(of a person's actions) Intention.,"nghĩa, ý nghĩa",UK:/ˈmiː.nɪŋ/ | US:/ˈmi.nɪŋ/ | US:/ˈmiː.nɪŋ/ | US:/ˈmiː.nəŋ/,,
meaning,,6,adjective,intermediate,Having a (specified) intention.,"có ý nghĩa, đầy ý nghĩa; trung bình",UK:/ˈmiː.nɪŋ/ | US:/ˈmi.nɪŋ/ | US:/ˈmiː.nɪŋ/ | US:/ˈmiː.nəŋ/,,
meaning,,7,adjective,intermediate,Expressing some intention or significance; meaningful.,"(toán học) trung bình; thấp kém, kém cỏi, tầm thường; tồi tàn, tiều tuỵ, tang thương, khốn khổ; hèn hạ, bần tiện, bủn xỉn; xấu hổ thầm; lành nghề; thành thạo",UK:/ˈmiː.nɪŋ/ | US:/ˈmi.nɪŋ/ | US:/ˈmiː.nɪŋ/ | US:/ˈmiː.nəŋ/,"I might, to-day, have been a better, and thus a happier man, had I less frequently rejected the counsels embodied in those meaning whispers which I then but too cordially hated and too bitterly despised.",Tôi có thể trở thành một người tốt hơn và từ đó hạnh phúc hơn ngày hôm nay nếu tôi không thường xuyên từ chối lời khuyên được chứa đựng trong những tiếng thì thầm mang ý nghĩa đó mà tôi đã quá ghét và căm thù.
definition,,1,noun,advanced,"(semantics|lexicography) A statement of the meaning of a word, word group, sign or symbol; especially, a dictionary definition.","sự định nghĩa, lời định nghĩa",UK:/ˌdɛfᵻˈnɪʃ(ə)n/ | US:/ˌɖɛfᵻˌnɪʃən/,"Your definition of ""elephant"" needs to be more precise than ""a big animal with large ears"".","Định nghĩa của bạn về ""ngựa voi"" cần phải rõ ràng hơn là ""một động vật lớn với tai lớn""."
definition,,2,noun,advanced,(usually with the definite article A clear instance conforming to the dictionary or textbook definition.,"sự định, sự định rõ, sự xác định (quyền lợi, ranh giới...)",UK:/ˌdɛfᵻˈnɪʃ(ə)n/ | US:/ˌɖɛfᵻˌnɪʃən/,"Comedy Bang! Bang! It’s silly, it spoofy – it’s the very definition of a hidden gem","Comedy Bang! Bang! Rất ngớ ngẩn, rất chế nhạo – chính xác là định nghĩa của viên ngọc ẩn."
definition,,3,noun,advanced,A statement expressing the essential nature of something; formulation,(vật lý) sự rõ nét (hình ảnh); độ rõ (âm thanh),UK:/ˌdɛfᵻˈnɪʃ(ə)n/ | US:/ˌɖɛfᵻˌnɪʃən/,,
definition,,4,noun,advanced,The action or process of defining.,"sự định nghĩa, lời định nghĩa",UK:/ˌdɛfᵻˈnɪʃ(ə)n/ | US:/ˌɖɛfᵻˌnɪʃən/,,
definition,,5,noun,advanced,The act of defining; determination of the limits.,"sự định nghĩa, lời định nghĩa",UK:/ˌdɛfᵻˈnɪʃ(ə)n/ | US:/ˌɖɛfᵻˌnɪʃən/,,
definition,,6,noun,advanced,A product of defining.,"sự định nghĩa, lời định nghĩa",UK:/ˌdɛfᵻˈnɪʃ(ə)n/ | US:/ˌɖɛfᵻˌnɪʃən/,,
definition,,7,noun,advanced,"The action or power of describing, explaining, or making definite and clear.","sự định nghĩa, lời định nghĩa",UK:/ˌdɛfᵻˈnɪʃ(ə)n/ | US:/ˌɖɛfᵻˌnɪʃən/,Her comic genius is beyond definition.,Talent hài kịch của cô ấy vượt quá khả năng diễn đạt.
definition,,8,noun,advanced,"Clarity of visual presentation, distinctness of outline or detail.","sự định nghĩa, lời định nghĩa",UK:/ˌdɛfᵻˈnɪʃ(ə)n/ | US:/ˌɖɛfᵻˌnɪʃən/,The definition of a telescope.,Định nghĩa của một kính thiên văn.
definition,,9,noun,advanced,"Clarity, especially of musical sound in reproduction.","sự định nghĩa, lời định nghĩa",UK:/ˌdɛfᵻˈnɪʃ(ə)n/ | US:/ˌɖɛfᵻˌnɪʃən/,,
definition,,10,noun,advanced,Sharp demarcation of outlines or limits.,"sự định nghĩa, lời định nghĩa",UK:/ˌdɛfᵻˈnɪʃ(ə)n/ | US:/ˌɖɛfᵻˌnɪʃən/,A jacket with distinct waist definition.,Một áo khoác có định nghĩa eo rõ ràng.
definition,,11,noun,advanced,(bodybuilding) The degree to which individual muscles are distinct on the body.,"sự định nghĩa, lời định nghĩa",UK:/ˌdɛfᵻˈnɪʃ(ə)n/ | US:/ˌɖɛfᵻˌnɪʃən/,,
definition,,12,noun,advanced,(programming) A statement which provides a previous declaration with a value or body of a subroutine (in the case of function).,"sự định nghĩa, lời định nghĩa",UK:/ˌdɛfᵻˈnɪʃ(ə)n/ | US:/ˌɖɛfᵻˌnɪʃən/,,
definition,,13,noun,advanced,(mathematics) A statement that establishes the referent of a term or notation.,"sự định nghĩa, lời định nghĩa",UK:/ˌdɛfᵻˈnɪʃ(ə)n/ | US:/ˌɖɛfᵻˌnɪʃən/,,
definition,,14,noun,advanced,(crosswording) The part of a cryptic clue which defines but does not indicate the solution.,"sự định nghĩa, lời định nghĩa",UK:/ˌdɛfᵻˈnɪʃ(ə)n/ | US:/ˌɖɛfᵻˌnɪʃən/,"However, some clues include words that do not form part of the wordplay or the definition.","Tuy nhiên, một số manh mối bao gồm các từ không phải là phần của chơi chữ hoặc định nghĩa."
love,,1,noun,beginner,(uncountable) A deep caring for the existence of another.,"lòng yêu, tình thương; cưng (tiếng xưng hô đối với người mà mình mến)",UK:/lʌv/ | US:/ləʋ/ | US:/lʌv/ | US:/lʊv/,,
love,,2,noun,beginner,(uncountable) Strong affection.,"tình yêu, mối tình, ái tình",UK:/lʌv/ | US:/ləʋ/ | US:/lʌv/ | US:/lʊv/,,
love,,3,noun,beginner,A profound and caring affection towards someone.,"người yêu, người tình",UK:/lʌv/ | US:/ləʋ/ | US:/lʌv/ | US:/lʊv/,A mother’s love is not easily shaken.,Yêu thương của một người mẹ không dễ bị lung lay.
love,,4,noun,beginner,"Affectionate, benevolent concern or care for other people or beings, and for their well-being.",thần ái tình,UK:/lʌv/ | US:/ləʋ/ | US:/lʌv/ | US:/lʊv/,"Through nonviolent resistance we shall be able to oppose the unjust system and at the same time love the perpetrators of the system. We must work passionately and unrelentingly for full stature as citizens, but may it never be said, my friends, that to gain it we used the inferior methods of falsehood, malice, hate, and violence.","Qua sự kháng cự không bạo lực, chúng ta sẽ có thể đối lập với hệ thống bất công và đồng thời yêu thương những người thực hiện hệ thống đó. Chúng ta phải làm việc nhiệt tình và không ngừng nghỉ để đạt được đầy đủ phẩm chất của công dân, nhưng đừng bao giờ nói, các bạn thân yêu, rằng để đạt được nó chúng ta đã sử dụng những phương pháp kém hiệu quả của sự gian dối, độc hại, căm hận và bạo lực."
love,,5,noun,beginner,A feeling of intense attraction towards someone.,người đáng yêu; vật đáng yêu,UK:/lʌv/ | US:/ləʋ/ | US:/lʌv/ | US:/lʊv/,I have never been in love as much as I have with you.,Tôi chưa từng yêu ai sâu sắc như yêu bạn.
love,,6,noun,beginner,A deep or abiding liking for something; an enthusiasm for something.,(tôn giáo) tình thương của Thiên Chúa đối với loài người,UK:/lʌv/ | US:/ləʋ/ | US:/lʌv/ | US:/lʊv/,My love of cricket knows no bounds.,Yêu cầu của tôi về cricket không có giới hạn.
love,,7,noun,beginner,"(countable) A person who is the object of romantic feelings; a darling, a sweetheart, a beloved.","(thể dục, thể thao) điểm không, không (quần vợt)",UK:/lʌv/ | US:/ləʋ/ | US:/lʌv/ | US:/lʊv/,Open the temple gates unto my love.,Mở cửa đền cho tình yêu của tôi.
love,,8,noun,beginner,(colloquial|Commonwealth),"lòng yêu, tình thương",UK:/lʌv/ | US:/ləʋ/ | US:/lʌv/ | US:/lʊv/,"Hello love, how can I help you?","Xin chào tình yêu, tôi có thể giúp gì cho bạn?"
love,,9,noun,beginner,"A thing, activity etc. which is the object of one's deep liking or enthusiasm.","lòng yêu, tình thương",UK:/lʌv/ | US:/ləʋ/ | US:/lʌv/ | US:/lʊv/,"But it wasn't until [Theresa M. Claiborne] went to ROTC training camp at the University of California at Berkeley that she discovered that flying was her first love. ""Pilots talk about getting bit by the flying bug,"" she says. ""I thought, This is heaven.""","Nhưng chỉ đến khi [Theresa M. Claiborne] đi huấn luyện tại trại ROTC tại Đại học California ở Berkeley, cô mới phát hiện ra rằng bay là thứ yêu quý đầu tiên của cô. ""Các phi công nói rằng họ bị cắn bởi con muỗi bay"", cô nói. ""Tôi nghĩ, Đây là thiên đường."""
love,,10,noun,beginner,(euphemistic) Sexual desire; attachment based on sexual attraction.,"lòng yêu, tình thương",UK:/lʌv/ | US:/ləʋ/ | US:/lʌv/ | US:/lʊv/,"The prospect that their cherished Greeks would have countenanced, much less honored, a love between men that expressed itself carnally, however, was not so easily assimilated.","Tầm nhìn về việc người Hy Lạp yêu quý sẽ chấp nhận, hoặc thậm chí tôn vinh một tình yêu giữa nam giới biểu hiện bằng hành động tình dục, dù là cách nào, cũng không dễ dàng được hấp thụ."
love,,11,noun,beginner,(euphemistic) Sexual activity.,"lòng yêu, tình thương",UK:/lʌv/ | US:/ləʋ/ | US:/lʌv/ | US:/lʊv/,"—What think you, my lord, of... love?—You mean ‘rumpy-pumpy’.","—Quý lord, bạn nghĩ sao về... yêu thương?—Bạn có nghĩa là 'rumpy-pumpy'."
love,,12,noun,beginner,An instance or episode of being in love; a love affair.,"lòng yêu, tình thương",UK:/lʌv/ | US:/ləʋ/ | US:/lʌv/ | US:/lʊv/,"Maybe it was just a summer love, something with no future.","Đó có thể chỉ là một tình yêu mùa hè, một thứ không có tương lai."
love,,13,noun,beginner,An instance or episode of being in love; a love affair.,"lòng yêu, tình thương",UK:/lʌv/ | US:/ləʋ/ | US:/lʌv/ | US:/lʊv/,"Maybe it was just a summer love, something with no future.","Đó có thể chỉ là một tình yêu mùa hè, một thứ không có tương lai."
love,,14,noun,beginner,An instance or episode of being in love; a love affair.,"lòng yêu, tình thương",UK:/lʌv/ | US:/ləʋ/ | US:/lʌv/ | US:/lʊv/,"Maybe it was just a summer love, something with no future.","Đó có thể chỉ là một tình yêu mùa hè, một thứ không có tương lai."
love,,15,noun,beginner,(obsolete) A thin silk material.,"lòng yêu, tình thương",UK:/lʌv/ | US:/ləʋ/ | US:/lʌv/ | US:/lʊv/,"Such a kind of transparency, as that of a Sive, a piece of Cyprus, or a Love-Hood.","Một loại trong suốt như của một Sive, một mảnh Cyprus, hoặc một Love-Hood."
love,,16,noun,beginner,"A climbing plant, .","lòng yêu, tình thương",UK:/lʌv/ | US:/ləʋ/ | US:/lʌv/ | US:/lʊv/,,
love,,17,verb,beginner,(usually|transitive|sometimes|_|intransitive|stative) To have a strong affection for (someone or something).,"yêu, thương, yêu mến",UK:/lʌv/ | US:/ləʋ/ | US:/lʌv/ | US:/lʊv/,I love my spouse. &nbsp; I love you! &nbsp; I love that song!,Tôi yêu vợ/chồng tôi. &nbsp; Tôi yêu bạn! &nbsp; Tôi yêu bài hát đó!
love,,18,verb,beginner,"(transitive) To need, thrive on.","thích, ưa thích",UK:/lʌv/ | US:/ləʋ/ | US:/lʌv/ | US:/lʊv/,"Mold loves moist, dark places.","Một loại thích môi trường ẩm, tối."
love,,19,verb,beginner,(transitive) To be strongly inclined towards something; an emphatic form of like.,"yêu, thương, yêu mến",UK:/lʌv/ | US:/ləʋ/ | US:/lʌv/ | US:/lʊv/,I love walking barefoot on wet grass;&nbsp; I'd love to join the team;&nbsp; I love what you've done with your hair,Tôi yêu việc đi bộ chân trần trên cỏ ướt; Tôi muốn tham gia đội; Tôi yêu mái tóc của bạn.
love,,20,verb,beginner,"(usually|transitive|sometimes|_|intransitive) To seek the good or honor of (someone), care deeply about, to be dedicated to (someone or something).","yêu, thương, yêu mến",UK:/lʌv/ | US:/ləʋ/ | US:/lʌv/ | US:/lʊv/,,
love,,21,verb,beginner,(transitive|sometimes|ironic) To derive delight from a fact or situation.,"yêu, thương, yêu mến",UK:/lʌv/ | US:/ləʋ/ | US:/lʌv/ | US:/lʊv/,I love the fact that the coffee shop now offers fat-free chai latte.,Tôi yêu việc cà phê quán now cung cấp chai latte không chất béo.
love,,22,verb,beginner,(internet) .,"yêu, thương, yêu mến",UK:/lʌv/ | US:/ləʋ/ | US:/lʌv/ | US:/lʊv/,She loved my photos of the kids playing with the dogs.,Cô ấy yêu những bức ảnh của tôi về trẻ em chơi với chó.
love,,23,verb,beginner,(transitive|euphemistic) To have sex with (perhaps from ).,"yêu, thương, yêu mến",UK:/lʌv/ | US:/ləʋ/ | US:/lʌv/ | US:/lʊv/,I wish I could love her all night long.,Tôi mong muốn mình có thể yêu cô ấy suốt đêm.
love,,24,verb,beginner,to virtuously prioritize something over yourself.,"yêu, thương, yêu mến",UK:/lʌv/ | US:/ləʋ/ | US:/lʌv/ | US:/lʊv/,He gave his life to protect you and the country you live in from the fascistic imperial invaders because he loved you.,Anh ấy đã hiến dâng cả cuộc đời mình để bảo vệ bạn và đất nước bạn đang sống khỏi những kẻ xâm lược đế quốc cực đoan vì anh ấy yêu bạn.
love,,25,noun,beginner,"(racquet sports|billiards) Zero, no score.","lòng yêu, tình thương",UK:/lʌv/ | US:/ləʋ/ | US:/lʌv/ | US:/lʊv/,So that’s fifteen-love to Kournikova.,"Vì vậy, tỷ số hiện tại là mười lăm - love cho Kournikova."
love,,26,noun,beginner,Nothing; no recompense.,"lòng yêu, tình thương",UK:/lʌv/ | US:/ləʋ/ | US:/lʌv/ | US:/lʊv/,"I fought the white man for less than sixpence. I fought him for love, which is nothing at all.","Tôi đã đấu tranh với người da trắng chỉ vì ít hơn sáu pence. Tôi đấu tranh vì tình yêu, mà không có gì cả."
love,,27,noun,beginner,(World War II era|joint US/RAF) radiotelephony clear-code word for the letter L.,"lòng yêu, tình thương",UK:/lʌv/ | US:/ləʋ/ | US:/lʌv/ | US:/lʊv/,,
home,,1,noun,beginner,A dwelling.,"nhà, chỗ ở",US:/həʊm/ | US:/hoʊm/ | US:/ˈhjuːm/,,
home,,2,noun,beginner,One’s own dwelling place; the house or structure in which one lives; especially the house in which one lives with one's family; the habitual abode of one’s family.,"nhà, gia đình, tổ ấm",US:/həʊm/ | US:/hoʊm/ | US:/ˈhjuːm/,"Thither for ease and soft repose we come: / Home is the sacred refuge of our life; / Secured from all approaches, but a wife.","Đến đây để nghỉ ngơi dễ dàng và thoải mái: nhà là nơi thiêng liêng của cuộc sống chúng ta; được bảo vệ khỏi mọi sự tiếp cận, chỉ có vợ."
home,,3,noun,beginner,"The place (residence, settlement, country, etc.), where a person was born or raised; childhood or parental home; home of one’s parents or guardian.","quê hương, tổ quốc, nơi chôn nhau cắt rún, nước nhà",US:/həʊm/ | US:/hoʊm/ | US:/ˈhjuːm/,The rights listed in the UNCRC cover all areas of children's lives such as their right to have a home and their right to be educated.,Quyền được liệt kê trong UNCRC bao gồm tất cả các lĩnh vực của cuộc sống của trẻ em như quyền có một nhà và quyền được giáo dục.
home,,4,noun,beginner,"The abiding place of the affections, especially of the domestic affections.",chỗ sinh sống (sinh vật),US:/həʊm/ | US:/hoʊm/ | US:/ˈhjuːm/,"He enter’d in the house—his home no more, / For without hearts there is no home;","Anh bước vào nhà — nhà không còn nữa, vì không có trái tim thì không có nhà;"
home,,5,noun,beginner,"A house that has been made home-like, to suit the comfort of those who live there.","nhà (hộ sinh...), viện (cứu tế, dưỡng lão...), trại (mồ côi...)",US:/həʊm/ | US:/hoʊm/ | US:/ˈhjuːm/,It's what you bring into a house that makes it a home,Đó là những gì bạn mang vào nhà mới làm cho nó trở thành một nhà.
home,,6,noun,beginner,"A place of refuge, rest or care; an asylum.",đích (của một số trò chơi),US:/həʊm/ | US:/hoʊm/ | US:/ˈhjuːm/,a home for outcasts,một nhà cho những người bị bỏ rơi
home,,7,noun,beginner,"(by extension) The grave; the final rest; also, the native and eternal dwelling place of the soul.","nhà, chỗ ở",US:/həʊm/ | US:/hoʊm/ | US:/ˈhjuːm/,,
home,,8,noun,beginner,"(by extension) Anything that serves the functions of a home, as comfort, safety, sense of belonging, etc.","nhà, chỗ ở",US:/həʊm/ | US:/hoʊm/ | US:/ˈhjuːm/,"The rights of modern transsexual women and men to live in the sex that is ""home"".",Quyền của nữ chuyển giới hiện đại sống trong giới tính 'nhà'.
home,,9,noun,beginner,One’s native land; the place or country in which one dwells; the place where one’s ancestors dwell or dwelt.,"nhà, chỗ ở",US:/həʊm/ | US:/hoʊm/ | US:/ˈhjuːm/,"Visiting these famous localities, and a great many others, I hope that I do not compromise my American patriotism by acknowledging that I was often conscious of a fervent hereditary attachment to the native soil of our forefathers, and felt it to be our own Old Home.","Thăm các địa điểm nổi tiếng này và nhiều nơi khác, tôi hy vọng rằng tôi không vi phạm lòng trung thành Mỹ của mình bằng việc thừa nhận rằng tôi thường cảm thấy một tình yêu nhiệt huyết và di truyền đối với đất mẹ của tổ tiên chúng ta, và cảm thấy rằng nó là nhà của chúng ta."
home,,10,noun,beginner,"The locality where a thing is usually found, or was first found, or where it is naturally abundant; habitat; seat.","nhà, chỗ ở",US:/həʊm/ | US:/hoʊm/ | US:/ˈhjuːm/,the home of the pine,nhà của cây thông
home,,11,noun,beginner,A focus point.,"nhà, chỗ ở",US:/həʊm/ | US:/hoʊm/ | US:/ˈhjuːm/,,
home,,12,noun,beginner,(board games) The ultimate point aimed at in a progress; the goal.,"nhà, chỗ ở",US:/həʊm/ | US:/hoʊm/ | US:/ˈhjuːm/,The object of Sorry! is to get all four of your pawns to your home.,Mục đích của Sorry! là để đưa tất cả bốn quân mã của bạn đến nhà.
home,,13,noun,beginner,(baseball) Home plate.,"nhà, chỗ ở",US:/həʊm/ | US:/hoʊm/ | US:/ˈhjuːm/,,
home,,14,noun,beginner,"(lacrosse) The place of a player in front of an opponent’s goal; also, the player.","nhà, chỗ ở",US:/həʊm/ | US:/hoʊm/ | US:/ˈhjuːm/,,
home,,15,noun,beginner,(Internet) The landing page of a website; the site's homepage.,"nhà, chỗ ở",US:/həʊm/ | US:/hoʊm/ | US:/ˈhjuːm/,,
home,,16,noun,beginner,(music|informal) The chord at which a melody starts and to which it can resolve.,"nhà, chỗ ở",US:/həʊm/ | US:/hoʊm/ | US:/ˈhjuːm/,,
home,,17,noun,beginner,(music|informal) The chord at which a melody starts and to which it can resolve.,"nhà, chỗ ở",US:/həʊm/ | US:/hoʊm/ | US:/ˈhjuːm/,,
home,,18,verb,beginner,(of|animals|intransitive) To return to its owner.,(về lời nói) tác động với chính người nói ra những lời đó; tự vả,US:/həʊm/ | US:/hoʊm/ | US:/ˈhjuːm/,The dog homed.,Chó homed.
home,,19,adjective,beginner,"Of, from, or pertaining to one’s dwelling or country; domestic; not foreign.",thuộc về hoặc liên quan đến nhà mình,US:/həʊm/ | US:/hoʊm/ | US:/ˈhjuːm/,home manufactures|home comforts,"nhà sản xuất, sự thoải mái ở nhà"
home,,20,adjective,beginner,"(now|rare|except in phrases) That strikes home; direct, pointed.",được làm hoặc sàn xuất tại nhà,US:/həʊm/ | US:/hoʊm/ | US:/ˈhjuːm/,a home truth,thực tế ở nhà
home,,21,adjective,beginner,"(obsolete) Personal, intimate.",trong nước (không phải ngoại nhập); nội địa,US:/həʊm/ | US:/hoʊm/ | US:/ˈhjuːm/,"I hardly knew what I answered him, but, by degrees I tranquillised, as I found he forbore distressing me any further, by such Home strokes […].","Tôi hầu như không biết mình trả lời gì cho anh ấy, nhưng dần dần tôi bình tĩnh lại khi thấy anh ấy không làm tôi thêm khó chịu bằng những đòn tấn công kiểu nhà [...]."
home,,22,adjective,beginner,(sports) Relating to the home team (the team at whose venue a game is played).,(thể dục thể thao) chơi ở hoặc liên quan tới sân nhà,US:/həʊm/ | US:/hoʊm/ | US:/ˈhjuːm/,"the home end, home advantage, home supporters","kết thúc ở nhà, lợi thế ở nhà, khán giả nhà"
home,,23,adverb,beginner,To one's home.,"ở tại nhà mình, ở tại nước mình",US:/həʊm/ | US:/hoʊm/ | US:/ˈhjuːm/,,
home,,24,adverb,beginner,To one's place of residence or one's customary or official location.,"ở tại nhà mình, ở tại nước mình",US:/həʊm/ | US:/hoʊm/ | US:/ˈhjuːm/,go home,trở về nhà
home,,25,adverb,beginner,To one's place of birth.,"ở tại nhà mình, ở tại nước mình",US:/həʊm/ | US:/hoʊm/ | US:/ˈhjuːm/,,
home,,26,adverb,beginner,To the place where it belongs; to the end of a course; to the full length.,"ở tại nhà mình, ở tại nước mình",US:/həʊm/ | US:/hoʊm/ | US:/ˈhjuːm/,She drove the nail home,Cô đã đập đinh vào chỗ đúng
home,,27,adverb,beginner,(internet) To the home page.,"ở tại nhà mình, ở tại nước mình",US:/həʊm/ | US:/hoʊm/ | US:/ˈhjuːm/,Click here to go home.,Nhấp chuột vào đây để trở về nhà.
home,,28,adverb,beginner,At or in one's place of residence or one's customary or official location; at home.,"ở tại nhà mình, ở tại nước mình",US:/həʊm/ | US:/hoʊm/ | US:/ˈhjuːm/,,
home,,29,adverb,beginner,"To a full and intimate degree; to the heart of the matter; fully, directly.","ở tại nhà mình, ở tại nước mình",US:/həʊm/ | US:/hoʊm/ | US:/ˈhjuːm/,,
home,,30,adverb,beginner,(UK|soccer) into the goal,"ở tại nhà mình, ở tại nước mình",US:/həʊm/ | US:/hoʊm/ | US:/ˈhjuːm/,,
home,,31,adverb,beginner,"(nautical) into the right, proper or stowed position","ở tại nhà mình, ở tại nước mình",US:/həʊm/ | US:/hoʊm/ | US:/ˈhjuːm/,sails sheeted home,các mảnh vải được kéo về vị trí đúng
home,,32,noun,beginner,"(computing) A key that when pressed causes the cursor to go to the first character of the current line, or in a web browser to the top of the web page.","nhà, chỗ ở",US:/həʊm/ | US:/hoʊm/ | US:/ˈhjuːm/,,
hard,,1,adjective,beginner,(of material or fluid) and firm.,"cứng, rắn",US:/hɑːd/ | US:/hɑɹd/,,
hard,,2,adjective,beginner,"to pressure; difficult to break, cut or penetrate.","rắn chắc, cứng cáp",US:/hɑːd/ | US:/hɑɹd/,"This bread is so stale and hard, I can barely cut it.","Bánh mì này quá khô và cứng, tôi khó cắt nó được."
hard,,3,adjective,beginner,(of drink or drugs) .,cứng (nước),US:/hɑːd/ | US:/hɑɹd/,,
hard,,4,adjective,beginner,(of a normally nonalcoholic drink) Containing alcohol.,"thô cứng; gay gắt, khó chịu",US:/hɑːd/ | US:/hɑɹd/,"hard cider, hard lemonade, hard seltzer, hard soda","bia rượu mạnh, nước cam rượu mạnh, nước soda rượu mạnh, nước ngọt rượu mạnh"
hard,,5,adjective,beginner,(oenology) Very acidic or tannic.,"hà khắc, khắc nghiệt, nghiêm khắc, không thương xót, không có tính cứng rắn, cứng cỏi; hắc, keo cú, chi li",US:/hɑːd/ | US:/hɑɹd/,,
hard,,6,adjective,beginner,"(of water) High in dissolved chemical salts, especially those of calcium.","nặng, nặng nề",US:/hɑːd/ | US:/hɑɹd/,,
hard,,7,adjective,beginner,(physics|of a ferromagnetic material) Having the capability of being a permanent magnet by being a material with high magnetic coercivity (compare soft).,"gay go, khó khăn, gian khổ, hắc búa",US:/hɑːd/ | US:/hɑɹd/,,
hard,,8,adjective,beginner,(physics|of electromagnetic radiation) Having a high energy (high frequency; short wavelength).,"không thể chối cãi được, không bác bỏ được, rõ rành rành",US:/hɑːd/ | US:/hɑɹd/,hard X-rays,X-quang mạnh
hard,,9,adjective,beginner,"(photography|of light) Made up of parallel rays, producing clearly defined shadows.","cao, đứng giá (thị trường giá cả)",US:/hɑːd/ | US:/hɑɹd/,,
hard,,10,adjective,beginner,(personal or social) Having a severe property; presenting difficulty.,(ngôn ngữ học) kêu (âm),US:/hɑːd/ | US:/hɑɹd/,,
hard,,11,adjective,beginner,"Difficult or requiring a lot of effort to do, understand, experience, or deal with.","bằng đồng, bằng kim loại (tiền)",US:/hɑːd/ | US:/hɑɹd/,a hard problem;&emsp; a hard question;&emsp; a hard topic,một vấn đề khó;&emsp; một câu hỏi khó;&emsp; một chủ đề khó
hard,,12,adjective,beginner,Demanding a lot of effort to endure.,"(từ Mỹ, nghĩa Mỹ) có nồng độ rượu cao",US:/hɑːd/ | US:/hɑɹd/,a hard life,một cuộc sống khó khăn
hard,,13,adjective,beginner,"Severe, harsh, unfriendly, brutal.","cứng, rắn",US:/hɑːd/ | US:/hɑɹd/,a hard master;&emsp; a hard heart;&emsp; hard words;&emsp; a hard character,một chủ nhân khó tính;&emsp; một trái tim cứng nhắc;&emsp; lời nói khắc nghiệt;&emsp; một tính cách khó tính
hard,,14,adjective,beginner,(dated) Difficult to resist or control; powerful.,"cứng, rắn",US:/hɑːd/ | US:/hɑɹd/,,
hard,,15,adjective,beginner,(military) Hardened; having unusually strong defences.,"cứng, rắn",US:/hɑːd/ | US:/hɑɹd/,a hard site,một địa điểm khó khăn
hard,,16,adjective,beginner,"(slang) Tough, muscular, badass.","cứng, rắn",US:/hɑːd/ | US:/hɑɹd/,He thinks he's well hard.,Anh nghĩ rằng mình rất cứng.
hard,,17,adjective,beginner,"(slang) Excellent, impressive.","cứng, rắn",US:/hɑːd/ | US:/hɑɹd/,This song goes hard.,Ca khúc này đi theo phong cách mạnh mẽ.
hard,,18,adjective,beginner,; unequivocal.,"cứng, rắn",US:/hɑːd/ | US:/hɑɹd/,hard evidence;&emsp; a hard requirement,chứng cứ mạnh mẽ;&emsp; một yêu cầu nghiêm ngặt
hard,,19,adjective,beginner,(of a road intersection) Having a comparatively larger or a ninety-degree angle.,"cứng, rắn",US:/hɑːd/ | US:/hɑɹd/,"At the intersection, there are two roads going to the left. Take the hard left.","Tại giao lộ, có hai con đường đi về bên trái. Rẽ trái mạnh."
hard,,20,adjective,beginner,(slang|vulgar) Sexually aroused; having an erect penis.,"cứng, rắn",US:/hɑːd/ | US:/hɑɹd/,I got so hard watching two hot girls wrestle each other on the beach.,Tôi đã nhìn hai cô gái nóng bỏng wrestle nhau trên bãi biển đến mức rất khó chịu.
hard,,21,adjective,beginner,"(bodybuilding) Having muscles that are tightened as a result of intense, regular exercise.","cứng, rắn",US:/hɑːd/ | US:/hɑɹd/,,
hard,,22,adjective,beginner,(phonetics|uncomparable) Fortis.,"cứng, rắn",US:/hɑːd/ | US:/hɑɹd/,,
hard,,23,adjective,beginner,Plosive.,"cứng, rắn",US:/hɑːd/ | US:/hɑɹd/,"There is a hard c in ""clock"" and a soft c in ""centre"".","Trong từ ""clock"", có chữ c cứng, trong từ ""centre"", có chữ c mềm."
hard,,24,adjective,beginner,Unvoiced.,"cứng, rắn",US:/hɑːd/ | US:/hɑɹd/,"Hard k, t, s, ch, as distinguished from soft, g, d, z, j.","K, t, s, ch cứng, như khác biệt với mềm, g, d, z, j."
hard,,25,adjective,beginner,"(Slavic phonology) Velarized or plain, rather than palatalized.","cứng, rắn",US:/hɑːd/ | US:/hɑɹd/,The letter,Tiếng
hard,,26,adjective,beginner,(arts) Having a severe property; presenting a barrier to enjoyment.,"cứng, rắn",US:/hɑːd/ | US:/hɑɹd/,,
hard,,27,adjective,beginner,Rigid in the drawing or distribution of the figures; formal; lacking grace of composition.,"cứng, rắn",US:/hɑːd/ | US:/hɑɹd/,,
hard,,28,adjective,beginner,Having disagreeable and abrupt contrasts in colour or shading.,"cứng, rắn",US:/hɑːd/ | US:/hɑɹd/,,
hard,,29,adjective,beginner,(uncomparable),"cứng, rắn",US:/hɑːd/ | US:/hɑɹd/,,
hard,,30,adjective,beginner,"In a physical form, not digital.","cứng, rắn",US:/hɑːd/ | US:/hɑɹd/,a soft or hard copy; a digital or hard archive,một bản sao mềm hoặc cứng; một kho số hóa hoặc cứng
hard,,31,adjective,beginner,"Using a manual or physical process, not by means of a software command.","cứng, rắn",US:/hɑːd/ | US:/hɑɹd/,a hard reboot or reset,một khởi động hoặc đặt lại cứng
hard,,32,adjective,beginner,"(politics) Far, extreme.","cứng, rắn",US:/hɑːd/ | US:/hɑɹd/,"hard right, hard left",phải lái xe sang bên trái mạnh mẽ
hard,,33,adjective,beginner,Of silk: not having had the natural gum boiled off.,"cứng, rắn",US:/hɑːd/ | US:/hɑɹd/,,
hard,,34,adjective,beginner,(finance) Of a market: having more demand than supply; being a seller's market.,"cứng, rắn",US:/hɑːd/ | US:/hɑɹd/,Undercapitalized insurers cannot retain more catastrophe risks when the market is hard,"Trong giai đoạn suy thoái, họ gặp khó khăn đặc biệt do sự giảm bớt các rủi ro thiên tai khi thị trường đang cứng."
hard,,35,adjective,beginner,(pornography) .,"cứng, rắn",US:/hɑːd/ | US:/hɑɹd/,,
hard,,36,adverb,beginner,(manner) With much force or effort.,"hết sức cố gắng, tích cực",US:/hɑːd/ | US:/hɑɹd/,He hit the puck hard up the ice.,Anh đã đánh puck lên băng băng thật mạnh.
hard,,37,adverb,beginner,(manner) With difficulty.,"chắc, mạnh, nhiều",US:/hɑːd/ | US:/hɑɹd/,His degree was hard earned.,Chứng chỉ của anh được kiếm lấy bằng công sức lớn.
hard,,38,adverb,beginner,(obsolete) So as to raise difficulties.,"khắc nghiệt, nghiêm khắc; cứng rắn; hắc",US:/hɑːd/ | US:/hɑɹd/,,
hard,,39,adverb,beginner,(manner) Compactly.,"gay go, khó khăn, chật vật, gian khổ",US:/hɑːd/ | US:/hɑɹd/,The lake had finally frozen hard.,Lake cuối cùng đã đóng băng thật chắc.
hard,,40,adverb,beginner,"(now|archaic) Near, close.","sát, gần, sát cạnh",US:/hɑːd/ | US:/hɑɹd/,"At the intersection, bear hard left.","Tại giao lộ, hãy rẽ sang trái mạnh mẽ."
hard,,41,noun,beginner,(countable|nautical) A firm or paved beach or slope convenient for hauling vessels out of the water.,"đường dốc xuống bãi, đường dốc xuống bến",US:/hɑːd/ | US:/hɑɹd/,The Monastery's ironworks at Sowley were renowned for centuries but declined with the passing of the 'wooden walls' at Buckler's Hard — a great number of these ships having been built with timber from the Beaulieu Woods,Những nhà máy đúc sắt của Tu viện tại Sowley nổi tiếng trong hàng trăm năm nhưng đã suy giảm theo thời gian qua đi của 'các bức tường gỗ' tại Buckler's Hard – một số lượng lớn những con tàu này đã được xây dựng từ gỗ từ rừng Beaulieu.
hard,,42,noun,beginner,"(countable|motorsports) A tyre whose compound is softer than superhards, and harder than mediums.",(từ lóng) hình phạt khổ sai,US:/hɑːd/ | US:/hɑɹd/,,
hard,,43,noun,beginner,(uncountable|drugs|slang) Crack cocaine.,"đường dốc xuống bãi, đường dốc xuống bến",US:/hɑːd/ | US:/hɑɹd/,,
hard,,44,noun,beginner,(uncountable|slang) Hard labor.,"đường dốc xuống bãi, đường dốc xuống bến",US:/hɑːd/ | US:/hɑɹd/,The prisoners were sentenced to three years' hard.,Họ bị kết án ba năm tù giam nặng.
hard,,45,verb,beginner,"(transitive|obsolete) To make hard, harden.","(quá khứ, không chuyển động) làm cứng, làm cứng",US:/hɑːd/ | US:/hɑɹd/,"He knows vain men: he sees their harts that hard them In Guiles and Wiles, and will not hee regard them?","Anh biết những người vô dụng: anh thấy trái tim của họ cứng khiến họ bị mắc kẹt trong mưu kế và lừa đảo, và sẽ không xem xét chúng?"
hard,,46,adjective,beginner,(mnemonic),chăm,US:/hɑːd/ | US:/hɑɹd/,"Unlike achievable and realistic goals that leave you stuck in the status-quo, HARD Goals light up the brain and encourage great performance.","So sánh với mục tiêu đạt được và thực tế để giữ bạn ở trạng thái hiện tại, mục tiêu HARD sẽ kích thích não và khuyến khích hiệu suất xuất sắc."
right,,1,adjective,beginner,"Designating the side of the body which is positioned to the east if one is facing north, the side on which the heart is not located in most humans. This arrow points to the reader's right: →",thẳng,US:/ˈɹaɪt/ | US:/ˈɹiːt/ | US:/ˈɹeɪt/ | US:/ˈɹaɪt/ | US:/ˈɹo̞ɪ/ | US:/ˈɹʌɪt/ | US:/ˈɹeɪt/ | US:/ˈɹaɪt/ | US:/ˈɹaɪt/,"After the accident, her right leg was slightly shorter than her left.","Sau tai nạn, chân phải của cô ấy ngắn hơn chân trái một chút."
right,,2,adjective,beginner,"Clockwise, particularly when describing a change in direction or orientation.",(toán học) vuông,US:/ˈɹaɪt/ | US:/ˈɹiːt/ | US:/ˈɹeɪt/ | US:/ˈɹaɪt/ | US:/ˈɹo̞ɪ/ | US:/ˈɹʌɪt/ | US:/ˈɹeɪt/ | US:/ˈɹaɪt/ | US:/ˈɹaɪt/,The road up ahead contains a right bend.,Đường đi trước mặt chứa một góc phải.
right,,3,adjective,beginner,"Complying with justice, correctness, or reason; correct, just, true. See also the interjection senses below.","tốt, đúng, phải, có lý",US:/ˈɹaɪt/ | US:/ˈɹiːt/ | US:/ˈɹeɪt/ | US:/ˈɹaɪt/ | US:/ˈɹo̞ɪ/ | US:/ˈɹʌɪt/ | US:/ˈɹeɪt/ | US:/ˈɹaɪt/ | US:/ˈɹaɪt/,That's not the right thing to do.,Đó không phải là cách hành động đúng.
right,,4,adjective,beginner,"Appropriate, perfectly suitable; fit for purpose.",phái hữu (đối với trái),US:/ˈɹaɪt/ | US:/ˈɹiːt/ | US:/ˈɹeɪt/ | US:/ˈɹaɪt/ | US:/ˈɹo̞ɪ/ | US:/ˈɹʌɪt/ | US:/ˈɹeɪt/ | US:/ˈɹaɪt/ | US:/ˈɹaɪt/,Is this the right software for my computer?,Đây có phải là phần mềm phù hợp cho máy tính của tôi?
right,,5,adjective,beginner,"Healthy, sane, competent.","thích hợp, cần phải có",US:/ˈɹaɪt/ | US:/ˈɹiːt/ | US:/ˈɹeɪt/ | US:/ˈɹaɪt/ | US:/ˈɹo̞ɪ/ | US:/ˈɹʌɪt/ | US:/ˈɹeɪt/ | US:/ˈɹaɪt/ | US:/ˈɹaɪt/,I'm afraid my father is no longer in his right mind.,Tôi sợ rằng cha tôi không còn ở trong tâm trí đúng.
right,,6,adjective,beginner,Real; veritable (used emphatically).,ở trong trạng thái (tinh thần hay vật chất) tốt,US:/ˈɹaɪt/ | US:/ˈɹiːt/ | US:/ˈɹeɪt/ | US:/ˈɹaɪt/ | US:/ˈɹo̞ɪ/ | US:/ˈɹʌɪt/ | US:/ˈɹeɪt/ | US:/ˈɹaɪt/ | US:/ˈɹaɪt/,You've made a right mess of the kitchen!,Bạn đã làm một trò đùa khủng khiếp trong bếp!
right,,7,adjective,beginner,"(geometry) Of an angle, measuring 90 degrees, or one quarter of a complete rotation; the angle between two perpendicular lines.",thẳng,US:/ˈɹaɪt/ | US:/ˈɹiːt/ | US:/ˈɹeɪt/ | US:/ˈɹaɪt/ | US:/ˈɹo̞ɪ/ | US:/ˈɹʌɪt/ | US:/ˈɹeɪt/ | US:/ˈɹaɪt/ | US:/ˈɹaɪt/,The kitchen counter formed a right angle with the back wall.,Bàn bếp tạo thành góc vuông với bức tường sau.
right,,8,adjective,beginner,"(geometry) Of a geometric figure, incorporating a right angle between edges, faces, axes, etc.",thẳng,US:/ˈɹaɪt/ | US:/ˈɹiːt/ | US:/ˈɹeɪt/ | US:/ˈɹaɪt/ | US:/ˈɹo̞ɪ/ | US:/ˈɹʌɪt/ | US:/ˈɹeɪt/ | US:/ˈɹaɪt/ | US:/ˈɹaɪt/,a right triangle &emsp; a right prism &emsp; a right cone,tam giác vuông &emsp; hình trụ vuông &emsp; hình nón vuông
right,,9,adjective,beginner,"(geography) Designating the bank of a river (etc.) on one's right when facing downstream (i.e. facing forward while floating with the current); that is, the south bank of a river that flows eastward. If this arrow: ⥴ shows the direction of the current, the tilde is on the right side of the river.",thẳng,US:/ˈɹaɪt/ | US:/ˈɹiːt/ | US:/ˈɹeɪt/ | US:/ˈɹaɪt/ | US:/ˈɹo̞ɪ/ | US:/ˈɹʌɪt/ | US:/ˈɹeɪt/ | US:/ˈɹaɪt/ | US:/ˈɹaɪt/,The Louvre Museum is on the right bank of the Seine.,Thảorescia nằm trên bờ phải sông Sen.
right,,10,adjective,beginner,Designed to be placed or worn outward.,thẳng,US:/ˈɹaɪt/ | US:/ˈɹiːt/ | US:/ˈɹeɪt/ | US:/ˈɹaɪt/ | US:/ˈɹo̞ɪ/ | US:/ˈɹʌɪt/ | US:/ˈɹeɪt/ | US:/ˈɹaɪt/ | US:/ˈɹaɪt/,the right side of a piece of cloth &emsp; Begin this stitch on the right side.,"Kirsty: Tôi nghĩ bạn đói rồi. Bạn có muốn ăn gì không?Ken: Không. Tôi ổn, cảm ơn."
right,,11,adjective,beginner,(politics) Pertaining to the political right; conservative.,thẳng,US:/ˈɹaɪt/ | US:/ˈɹiːt/ | US:/ˈɹeɪt/ | US:/ˈɹaɪt/ | US:/ˈɹo̞ɪ/ | US:/ˈɹʌɪt/ | US:/ˈɹeɪt/ | US:/ˈɹaɪt/ | US:/ˈɹaɪt/,,
right,,12,adjective,beginner,(Australia) All right; not requiring assistance.,thẳng,US:/ˈɹaɪt/ | US:/ˈɹiːt/ | US:/ˈɹeɪt/ | US:/ˈɹaɪt/ | US:/ˈɹo̞ɪ/ | US:/ˈɹʌɪt/ | US:/ˈɹeɪt/ | US:/ˈɹaɪt/ | US:/ˈɹaɪt/,"Kirsty: I suppose you're hungry. Would you like something to eat?Ken: No. I'm right, thanks.","Khi nhân viên bán hàng nhìn thấy khách, cô ấy hỏi: Anh/chị có ổn không? Điều này có nghĩa là Anh/chị có cần giúp đỡ không? Cô ấy muốn biết liệu anh/chị có cần sự giúp đỡ hay không."
right,,13,adjective,beginner,(dated) Most favourable or convenient; fortunate.,thẳng,US:/ˈɹaɪt/ | US:/ˈɹiːt/ | US:/ˈɹeɪt/ | US:/ˈɹaɪt/ | US:/ˈɹo̞ɪ/ | US:/ˈɹʌɪt/ | US:/ˈɹeɪt/ | US:/ˈɹaɪt/ | US:/ˈɹaɪt/,The lady has been disappointed on the right side.,Nữ sĩ có thể đã thất vọng ở bên phải.
right,,14,adjective,beginner,"(archaic) Straight, not bent.",thẳng,US:/ˈɹaɪt/ | US:/ˈɹiːt/ | US:/ˈɹeɪt/ | US:/ˈɹaɪt/ | US:/ˈɹo̞ɪ/ | US:/ˈɹʌɪt/ | US:/ˈɹeɪt/ | US:/ˈɹaɪt/ | US:/ˈɹaɪt/,a right line,một đường thẳng
right,,15,adjective,beginner,Of or relating to the right whale.,thẳng,US:/ˈɹaɪt/ | US:/ˈɹiːt/ | US:/ˈɹeɪt/ | US:/ˈɹaɪt/ | US:/ˈɹo̞ɪ/ | US:/ˈɹʌɪt/ | US:/ˈɹeɪt/ | US:/ˈɹaɪt/ | US:/ˈɹaɪt/,,
right,,16,adverb,beginner,On the right side.,thẳng,US:/ˈɹaɪt/ | US:/ˈɹiːt/ | US:/ˈɹeɪt/ | US:/ˈɹaɪt/ | US:/ˈɹo̞ɪ/ | US:/ˈɹʌɪt/ | US:/ˈɹeɪt/ | US:/ˈɹaɪt/ | US:/ˈɹaɪt/,,
right,,17,adverb,beginner,Towards the right side.,"ngay, chính",US:/ˈɹaɪt/ | US:/ˈɹiːt/ | US:/ˈɹeɪt/ | US:/ˈɹaɪt/ | US:/ˈɹo̞ɪ/ | US:/ˈɹʌɪt/ | US:/ˈɹeɪt/ | US:/ˈɹaɪt/ | US:/ˈɹaɪt/,,
right,,18,adverb,beginner,"Exactly, precisely.","đúng, phải",US:/ˈɹaɪt/ | US:/ˈɹiːt/ | US:/ˈɹeɪt/ | US:/ˈɹaɪt/ | US:/ˈɹo̞ɪ/ | US:/ˈɹʌɪt/ | US:/ˈɹeɪt/ | US:/ˈɹaɪt/ | US:/ˈɹaɪt/,The arrow landed right in the middle of the target.,Cung tên rơi vào chính giữa mục tiêu.
right,,19,adverb,beginner,"Immediately, directly.","tốt, đúng như ý muốn",US:/ˈɹaɪt/ | US:/ˈɹiːt/ | US:/ˈɹeɪt/ | US:/ˈɹaɪt/ | US:/ˈɹo̞ɪ/ | US:/ˈɹʌɪt/ | US:/ˈɹeɪt/ | US:/ˈɹaɪt/ | US:/ˈɹaɪt/,Can't you see it? It's right beside you!,Bạn có thể không nhận ra nó? Nó đang đứng ngay bên cạnh bạn!
right,,20,adverb,beginner,"(British|US|dialect) Very, extremely, quite.","đáng, xứng đáng",US:/ˈɹaɪt/ | US:/ˈɹiːt/ | US:/ˈɹeɪt/ | US:/ˈɹaɪt/ | US:/ˈɹo̞ɪ/ | US:/ˈɹʌɪt/ | US:/ˈɹeɪt/ | US:/ˈɹaɪt/ | US:/ˈɹaɪt/,"I made a right stupid mistake there, didn't I?","Tôi đã làm một sai lầm thật dại ở đó, phải không?"
right,,21,adverb,beginner,According to fact or truth; actually; truly; really.,"(trước tính từ hay phó từ) rất, hoàn toàn",US:/ˈɹaɪt/ | US:/ˈɹiːt/ | US:/ˈɹeɪt/ | US:/ˈɹaɪt/ | US:/ˈɹo̞ɪ/ | US:/ˈɹʌɪt/ | US:/ˈɹeɪt/ | US:/ˈɹaɪt/ | US:/ˈɹaɪt/,,
right,,22,adverb,beginner,In a correct manner.,"(trong một số danh vị, hàm ý tất cả)",US:/ˈɹaɪt/ | US:/ˈɹiːt/ | US:/ˈɹeɪt/ | US:/ˈɹaɪt/ | US:/ˈɹo̞ɪ/ | US:/ˈɹʌɪt/ | US:/ˈɹeɪt/ | US:/ˈɹaɪt/ | US:/ˈɹaɪt/,Do it right or don't do it at all.,Điều này đúng hoặc đừng làm điều này.
right,,23,adverb,beginner,(dated|still used in some titles) To a great extent or degree.,thẳng,US:/ˈɹaɪt/ | US:/ˈɹiːt/ | US:/ˈɹeɪt/ | US:/ˈɹaɪt/ | US:/ˈɹo̞ɪ/ | US:/ˈɹʌɪt/ | US:/ˈɹeɪt/ | US:/ˈɹaɪt/ | US:/ˈɹaɪt/,"Sir, I am right glad to meet you &hellip;","Thưa quý ông, tôi rất vui được gặp quý ông..."
right,,24,interjection,beginner,"Yes, that is correct; I agree.","đáng, xứng đáng",US:/ˈɹaɪt/ | US:/ˈɹiːt/ | US:/ˈɹeɪt/ | US:/ˈɹaɪt/ | US:/ˈɹo̞ɪ/ | US:/ˈɹʌɪt/ | US:/ˈɹeɪt/ | US:/ˈɹaɪt/ | US:/ˈɹaɪt/,"Sam Tyler: Look, look, you know when I said I wasn't wrong? Well, I was. But I was right about this not being the IRA. I was right to follow my instincts. Like you said, go with your gut feeling. I'm just taking your lead.Gene Hunt: So I'm right.Sam Tyler: We both are.Gene Hunt: Right.Sam Tyler: Right.Gene Hunt: Just as long as I'm more right than you.","Sam Tyler: Xem, xem, bạn biết khi tôi nói tôi không sai phải không? Thì tôi sai. Nhưng tôi đúng về việc này không phải là IRA. Tôi đúng khi theo instinct của mình. Như bạn nói, hãy đi theo cảm giác trực quan của bạn. Tôi chỉ đang theo bạn dẫn đường. Gene Hunt: Vậy tôi đúng. Sam Tyler: Chúng tôi đều đúng. Gene Hunt: Đúng. Sam Tyler: Đúng. Gene Hunt: Chỉ cần tôi đúng hơn bạn."
right,,25,interjection,beginner,"I have listened to what you just said and I acknowledge your assertion or opinion, regardless of whether I agree with it (opinion) or can verify it (assertion).","(trước tính từ hay phó từ) rất, hoàn toàn",US:/ˈɹaɪt/ | US:/ˈɹiːt/ | US:/ˈɹeɪt/ | US:/ˈɹaɪt/ | US:/ˈɹo̞ɪ/ | US:/ˈɹʌɪt/ | US:/ˈɹeɪt/ | US:/ˈɹaɪt/ | US:/ˈɹaɪt/,"Sam Tyler: Look, look, you know when I said I wasn't wrong? Well, I was. But I was right about this not being the IRA. I was right to follow my instincts. Like you said, go with your gut feeling. I'm just taking your lead.Gene Hunt: So I'm right.Sam Tyler: We both are.Gene Hunt: Right.Sam Tyler: Right.Gene Hunt: Just as long as I'm more right than you.","Sam Tyler: Xem, xem, bạn biết khi tôi nói tôi không sai phải không? Thì tôi sai. Nhưng tôi đúng về việc này không phải là IRA. Tôi đúng khi theo instinct của mình. Như bạn nói, hãy đi theo cảm giác trực quan của bạn. Tôi chỉ đang theo bạn dẫn đường. Gene Hunt: Vậy tôi đúng. Sam Tyler: Chúng tôi đều đúng. Gene Hunt: Đúng. Sam Tyler: Đúng. Gene Hunt: Chỉ cần tôi đúng hơn bạn."
right,,26,interjection,beginner,"I have listened to what you just said and I acknowledge your assertion or opinion, regardless of whether I agree with it (opinion) or can verify it (assertion).","(trong một số danh vị, hàm ý tất cả) ▸ the Right Reverend",US:/ˈɹaɪt/ | US:/ˈɹiːt/ | US:/ˈɹeɪt/ | US:/ˈɹaɪt/ | US:/ˈɹo̞ɪ/ | US:/ˈɹʌɪt/ | US:/ˈɹeɪt/ | US:/ˈɹaɪt/ | US:/ˈɹaɪt/,"Sam Tyler: Look, look, you know when I said I wasn't wrong? Well, I was. But I was right about this not being the IRA. I was right to follow my instincts. Like you said, go with your gut feeling. I'm just taking your lead.Gene Hunt: So I'm right.Sam Tyler: We both are.Gene Hunt: Right.Sam Tyler: Right.Gene Hunt: Just as long as I'm more right than you.","Sam Tyler: Xem, xem, bạn biết khi tôi nói tôi không sai phải không? Thì tôi sai. Nhưng tôi đúng về việc này không phải là IRA. Tôi đúng khi theo instinct của mình. Như bạn nói, hãy đi theo cảm giác trực quan của bạn. Tôi chỉ đang theo bạn dẫn đường. Gene Hunt: Vậy tôi đúng. Sam Tyler: Chúng tôi đều đúng. Gene Hunt: Đúng. Sam Tyler: Đúng. Gene Hunt: Chỉ cần tôi đúng hơn bạn."
right,,27,interjection,beginner,"I have listened to what you just said and I acknowledge your assertion or opinion, regardless of whether I agree with it (opinion) or can verify it (assertion).",Đức giám mục,US:/ˈɹaɪt/ | US:/ˈɹiːt/ | US:/ˈɹeɪt/ | US:/ˈɹaɪt/ | US:/ˈɹo̞ɪ/ | US:/ˈɹʌɪt/ | US:/ˈɹeɪt/ | US:/ˈɹaɪt/ | US:/ˈɹaɪt/,"Sam Tyler: Look, look, you know when I said I wasn't wrong? Well, I was. But I was right about this not being the IRA. I was right to follow my instincts. Like you said, go with your gut feeling. I'm just taking your lead.Gene Hunt: So I'm right.Sam Tyler: We both are.Gene Hunt: Right.Sam Tyler: Right.Gene Hunt: Just as long as I'm more right than you.","Sam Tyler: Xem, xem, bạn biết khi tôi nói tôi không sai phải không? Thì tôi sai. Nhưng tôi đúng về việc này không phải là IRA. Tôi đúng khi theo instinct của mình. Như bạn nói, hãy đi theo cảm giác trực quan của bạn. Tôi chỉ đang theo bạn dẫn đường. Gene Hunt: Vậy tôi đúng. Sam Tyler: Chúng tôi đều đúng. Gene Hunt: Đúng. Sam Tyler: Đúng. Gene Hunt: Chỉ cần tôi đúng hơn bạn."
right,,28,interjection,beginner,"I have listened to what you just said and I acknowledge your assertion or opinion, regardless of whether I agree with it (opinion) or can verify it (assertion).",về bên phải,US:/ˈɹaɪt/ | US:/ˈɹiːt/ | US:/ˈɹeɪt/ | US:/ˈɹaɪt/ | US:/ˈɹo̞ɪ/ | US:/ˈɹʌɪt/ | US:/ˈɹeɪt/ | US:/ˈɹaɪt/ | US:/ˈɹaɪt/,"Sam Tyler: Look, look, you know when I said I wasn't wrong? Well, I was. But I was right about this not being the IRA. I was right to follow my instincts. Like you said, go with your gut feeling. I'm just taking your lead.Gene Hunt: So I'm right.Sam Tyler: We both are.Gene Hunt: Right.Sam Tyler: Right.Gene Hunt: Just as long as I'm more right than you.","Sam Tyler: Xem, xem, bạn biết khi tôi nói tôi không sai phải không? Thì tôi sai. Nhưng tôi đúng về việc này không phải là IRA. Tôi đúng khi theo instinct của mình. Như bạn nói, hãy đi theo cảm giác trực quan của bạn. Tôi chỉ đang theo bạn dẫn đường. Gene Hunt: Vậy tôi đúng. Sam Tyler: Chúng tôi đều đúng. Gene Hunt: Đúng. Sam Tyler: Đúng. Gene Hunt: Chỉ cần tôi đúng hơn bạn."
right,,29,noun,beginner,"That which complies with justice, law or reason.","điều tốt, điều phải, điều đứng đắn; điều thiện",US:/ˈɹaɪt/ | US:/ˈɹiːt/ | US:/ˈɹeɪt/ | US:/ˈɹaɪt/ | US:/ˈɹo̞ɪ/ | US:/ˈɹʌɪt/ | US:/ˈɹeɪt/ | US:/ˈɹaɪt/ | US:/ˈɹaɪt/,We're on the side of right in this contest.,Chúng tôi đứng về phe đúng trong cuộc tranh đấu này.
right,,30,noun,beginner,"A legal, just or moral entitlement.",quyền,US:/ˈɹaɪt/ | US:/ˈɹiːt/ | US:/ˈɹeɪt/ | US:/ˈɹaɪt/ | US:/ˈɹo̞ɪ/ | US:/ˈɹʌɪt/ | US:/ˈɹeɪt/ | US:/ˈɹaɪt/ | US:/ˈɹaɪt/,You have no right to go through my personal diary.,Bạn không có quyền đi qua nhật ký cá nhân của tôi.
right,,31,noun,beginner,The right side or direction.,quyền lợi,US:/ˈɹaɪt/ | US:/ˈɹiːt/ | US:/ˈɹeɪt/ | US:/ˈɹaɪt/ | US:/ˈɹo̞ɪ/ | US:/ˈɹʌɪt/ | US:/ˈɹeɪt/ | US:/ˈɹaɪt/ | US:/ˈɹaɪt/,The pharmacy is just on the right past the bookshop.,Phòng thuốc ở bên phải sau cửa hàng sách.
right,,32,noun,beginner,The right hand or fist.,(số nhiều) thứ tự,US:/ˈɹaɪt/ | US:/ˈɹiːt/ | US:/ˈɹeɪt/ | US:/ˈɹaɪt/ | US:/ˈɹo̞ɪ/ | US:/ˈɹʌɪt/ | US:/ˈɹeɪt/ | US:/ˈɹaɪt/ | US:/ˈɹaɪt/,"""Before he could strike again, however, I got in my right, and he was sprawling on his back on the floor.""","""Trước khi anh ta có thể tấn công thêm, tôi đã ra tay bằng tay phải của mình, và anh ta đã ngã xuống mặt đất."""
right,,33,noun,beginner,"The authority to perform, publish, film, or televise a particular work, event, etc.; a copyright.",((thường) số nhiều) thực trạng,US:/ˈɹaɪt/ | US:/ˈɹiːt/ | US:/ˈɹeɪt/ | US:/ˈɹaɪt/ | US:/ˈɹo̞ɪ/ | US:/ˈɹʌɪt/ | US:/ˈɹeɪt/ | US:/ˈɹaɪt/ | US:/ˈɹaɪt/,,
right,,34,noun,beginner,(politics) The ensemble of right-wing political parties; political conservatives as a group.,"bên phải, phía tay phải",US:/ˈɹaɪt/ | US:/ˈɹiːt/ | US:/ˈɹeɪt/ | US:/ˈɹaɪt/ | US:/ˈɹo̞ɪ/ | US:/ˈɹʌɪt/ | US:/ˈɹeɪt/ | US:/ˈɹaɪt/ | US:/ˈɹaɪt/,The political right holds too much power.,Phái chính trị bên phải nắm quá nhiều quyền lực.
right,,35,noun,beginner,"The outward or most finished surface, as of a coin, piece of cloth, a carpet, etc.","(chính trị) (the right) phe hữu, phái hữu",US:/ˈɹaɪt/ | US:/ˈɹiːt/ | US:/ˈɹeɪt/ | US:/ˈɹaɪt/ | US:/ˈɹo̞ɪ/ | US:/ˈɹʌɪt/ | US:/ˈɹeɪt/ | US:/ˈɹaɪt/ | US:/ˈɹaɪt/,"Simple cross-stitch, with a space between each stitch, may be worked in two rows, in which case the completed stitch on the wrong sides alternates with that on the right.","Chỉ khâu chéo hai hàng với khoảng cách giữa mỗi mũi khâu, có thể làm việc trong hai hàng, trong đó mũi khâu hoàn thành ở mặt trái thay phiên với mũi khâu ở mặt phải."
right,,36,noun,beginner,(surfing) A wave breaking from right to left (viewed from the shore).,"(thể dục, thể thao) cú đánh tay phải (quyền anh); (săn bắn) phát súng bắn phía tay phải",US:/ˈɹaɪt/ | US:/ˈɹiːt/ | US:/ˈɹeɪt/ | US:/ˈɹaɪt/ | US:/ˈɹo̞ɪ/ | US:/ˈɹʌɪt/ | US:/ˈɹeɪt/ | US:/ˈɹaɪt/ | US:/ˈɹaɪt/,,
right,,37,verb,beginner,(transitive) To correct.,"lấy lại cho ngay, lấy lại cho thẳng (hướng đi của ô tô, tàu thuỷ...)",US:/ˈɹaɪt/ | US:/ˈɹiːt/ | US:/ˈɹeɪt/ | US:/ˈɹaɪt/ | US:/ˈɹo̞ɪ/ | US:/ˈɹʌɪt/ | US:/ˈɹeɪt/ | US:/ˈɹaɪt/ | US:/ˈɹaɪt/,Righting all the wrongs of the war immediately will be impossible.,Ngay lập tức sửa chữa mọi sai trái của chiến tranh sẽ là điều không thể.
right,,38,verb,beginner,(transitive) To set upright.,"sửa sai, chỉnh đốn lại, uốn nắn lại",US:/ˈɹaɪt/ | US:/ˈɹiːt/ | US:/ˈɹeɪt/ | US:/ˈɹaɪt/ | US:/ˈɹo̞ɪ/ | US:/ˈɹʌɪt/ | US:/ˈɹeɪt/ | US:/ˈɹaɪt/ | US:/ˈɹaɪt/,The tow-truck righted what was left of the automobile.,Dịch vụ kéo xe đã làm cho xe đứng thẳng trở lại.
right,,39,verb,beginner,(intransitive) To return to normal upright position.,bênh vực,US:/ˈɹaɪt/ | US:/ˈɹiːt/ | US:/ˈɹeɪt/ | US:/ˈɹaɪt/ | US:/ˈɹo̞ɪ/ | US:/ˈɹʌɪt/ | US:/ˈɹeɪt/ | US:/ˈɹaɪt/ | US:/ˈɹaɪt/,"When the wind died down, the ship righted.","Khi gió lắng xuống, con tàu đã đứng thẳng trở lại."
right,,40,verb,beginner,(transitive) To do justice to; to relieve from wrong; to restore rights to; to assert or regain the rights of.,lại đứng thẳng lên được; không ngả nghiêng tròng trành (tàu thuỷ),US:/ˈɹaɪt/ | US:/ˈɹiːt/ | US:/ˈɹeɪt/ | US:/ˈɹaɪt/ | US:/ˈɹo̞ɪ/ | US:/ˈɹʌɪt/ | US:/ˈɹeɪt/ | US:/ˈɹaɪt/ | US:/ˈɹaɪt/,to right the oppressed,bênh vực những người bị áp bức
run,,1,verb,beginner,To move swiftly.,chạy; chạy (một quãng đường...),UK:/ɹʌn/ | US:/ɹʊn/,,
run,,2,verb,beginner,(intransitive) To move forward quickly upon two feet by alternately making a short jump off either foot.,"chạy vội, vội vã; chạy đua, chạy thi, cho (ngựa) chạy đua",UK:/ɹʌn/ | US:/ɹʊn/,"Run, and you might still catch the train!","Đi, và bạn vẫn có thể bắt kịp tàu!"
run,,3,verb,beginner,(intransitive) To go at a fast pace; to move quickly.,"chạy trốn, tẩu thoát; cho chạy",UK:/ɹʌn/ | US:/ɹʊn/,I have been running all over the building looking for him.,Tôi đã chạy khắp tòa nhà để tìm kiếm anh ấy.
run,,4,verb,beginner,(transitive) To cover (a course or a distance) by running.,"chạy đua; vượt qua; chọc thủng, phá vỡ",UK:/ɹʌn/ | US:/ɹʊn/,"I can run a mile, but I can't run the cross-country course.","Tôi có thể chạy một dặm, nhưng tôi không thể chạy qua đường đua越野赛跑。"
run,,5,verb,beginner,(transitive) To complete a running course or event in (a given time).,"chạy, vận hành, hoạt động (máy móc, nhà máy...); theo, đi theo",UK:/ɹʌn/ | US:/ɹʊn/,"I was hoping to make the team, but I didn't run the qualifying time.","Tôi hy vọng có thể vào đội, nhưng tôi không đạt được tiêu chuẩn chạy."
run,,6,verb,beginner,"(intransitive) To move briskly or smoothly with a motion of sliding, rolling, sweeping etc.","trôi đi, lướt đi, trượt đi, chạy lướt, lăn mau...; đuổi theo, rượt theo (thú săn...)",UK:/ɹʌn/ | US:/ɹʊn/,The shuttle runs back and forth on these rollers.,Xe buýt chạy lại và đi trên những thanh ray này.
run,,7,verb,beginner,(transitive) To cause to move quickly or lightly.,xoay quanh (một cái trục...; một vấn đề...); cho chảy; đổ (kim loại...) vào khuôn,UK:/ɹʌn/ | US:/ɹʊn/,Every day I run my dog across the field and back.,Mỗi ngày tôi dẫn chó qua sân và trở về.
run,,8,verb,beginner,(transitive|or|intransitive) To compete in a race.,"bỏ khắp, mọc lan ra (cây); chỉ huy, điều khiển, quản lý, trông nom",UK:/ɹʌn/ | US:/ɹʊn/,The horse will run in the Preakness next year.,Ngựa sẽ chạy trong cuộc đua Preakness vào năm sau.
run,,9,verb,beginner,"(transitive) To transport (someone or something), notionally at a brisk pace.","chạy dài, chạy quanh; xô vào, lao vào, đụng vào",UK:/ɹʌn/ | US:/ɹʊn/,Could you run me over to the store?,Bạn có thể chở tôi đến cửa hàng không?
run,,10,verb,beginner,(transitive|intransitive) Of a means of transportation: to travel (a route).,"được viết, được thảo, được kể, có nội dung (thư, văn kiện, câu chuyện...); đâm vào, chọc vào",UK:/ɹʌn/ | US:/ɹʊn/,"The bus (train, plane, ferry boat, etc) runs between Newport and Riverside.","Xe buýt (tàu điện, máy bay, tàu thủy, v.v.) chạy giữa Newport và Riverside."
run,,11,verb,beginner,(transitive) To cause (a vehicle) to travel a route.,"tiếp tục tồn tại, tiếp diễn trong một quãng thời gian liên tục, kéo dài; luồn",UK:/ɹʌn/ | US:/ɹʊn/,"This year, NJ Transit allowed nonmotorists to reach the event by running special trains every 2 hours 4 round trips). The location was the old Lackawanna Railroad freight house, about a 10-minute walk from the Boonton Station, which normally has service only during peak-commuting hours on weekdays.","Trong năm nay, NJ Transit cho phép người không lái xe đến sự kiện bằng cách chạy tàu đặc biệt mỗi 2 giờ 4 chuyến đi vòng quanh. Vị trí là nhà kho hàng hóa cũ của đường sắt Lackawanna, khoảng 10 phút đi bộ từ ga Boonton, nơi thông thường chỉ có dịch vụ vào các giờ cao điểm vào các ngày làm việc tuần."
run,,12,verb,beginner,"(transitive) To transit (a length of a river), as in whitewater rafting.","có giá trị, có hiệu lực; đưa lướt đi",UK:/ɹʌn/ | US:/ɹʊn/,,
run,,13,verb,beginner,"(intransitive) Of fish, to migrate for spawning.","ám ảnh, vương vấn; đổ tràn trề, đổ chứa chan, đổ lai láng, chảy đầm đìa, chảy ròng ròng",UK:/ɹʌn/ | US:/ɹʊn/,,
run,,14,verb,beginner,"(American football|transitive|or|intransitive) To carry (a football) down the field, as opposed to passing or kicking.","lưu luyến, truyền mãi, còn mãi mãi; cho ra đồng cỏ (vật nuôi)",UK:/ɹʌn/ | US:/ɹʊn/,,
run,,15,verb,beginner,(intransitive) To flee from a danger or towards help.,"lan nhanh, truyền đi; buôn lậu",UK:/ɹʌn/ | US:/ɹʊn/,"Whenever things get tough, she cuts and runs.","Khi mọi thứ trở nên khó khăn, cô ấy bỏ đi."
run,,16,verb,beginner,"(figurative|transitive) To pass (without stopping), typically a stop signal, stop sign or duty to yield the right of way.","hướng về, nghĩ về; khâu lược (cái áo...)",UK:/ɹʌn/ | US:/ɹʊn/,The car in front just ran a red light.,Xe trước vừa chạy đèn đỏ.
run,,17,verb,beginner,"(transitive|juggling|colloquial) To juggle a pattern continuously, as opposed to starting and stopping quickly.","chạy trên tuyến đường (xe khách, tàu chở khách...); gạch, vẽ (một đường...); đặt (đường dây điện thoại...)",UK:/ɹʌn/ | US:/ɹʊn/,,
run,,18,verb,beginner,(fluids) To flow.,"nhoè (mực); thôi (màu), phai, bạc (màu); để cho chất đống (nợ nầm...)",UK:/ɹʌn/ | US:/ɹʊn/,,
run,,19,verb,beginner,"(intransitive) Of a liquid, to flow.",chảy; đem (so sánh...),UK:/ɹʌn/ | US:/ɹʊn/,The river runs through the forest into the North Sea.,Sông chảy qua rừng vào Bắc Đại Tây Dương.
run,,20,verb,beginner,(intransitive|figuratively) To move or spread quickly.,"đầm đìa, lênh láng, dầm dề; đề cử, giới thiệu; ủng hộ (một người ra ứng cử)",UK:/ɹʌn/ | US:/ɹʊn/,There's a strange story running around the neighborhood that you had a miscarriage last year.,Trong khu phố này đang truyền nhau một câu chuyện kì lạ rằng bạn đã sảy thai vào năm trước.
run,,21,verb,beginner,"(intransitive) Of an object, to have a liquid flowing from it.","rỉ rò (chùng, chậu...)",UK:/ɹʌn/ | US:/ɹʊn/,Your nose is running and your forehead is running with sweat.,Mũi bạn đang chảy nước và trán bạn đang mồ hôi.
run,,22,verb,beginner,(transitive) To make a liquid flow; to make liquid flow from or into an object.,"lên tới, đạt tới",UK:/ɹʌn/ | US:/ɹʊn/,I can't stop my nose from running snot down into my mouth.,Mắt tôi đang chảy nước vì anh ấy hút thuốc lá.
run,,23,verb,beginner,(intransitive) To become liquid; to melt.,"trở nên, trở thành, có xu thế, có chiều hướng",UK:/ɹʌn/ | US:/ɹʊn/,"As Wax dissolves, as Ice begins to run,","Khi Wachs tan chảy, khi Tuyết bắt đầu chảy,"
run,,24,verb,beginner,(intransitive) To leak or spread in an undesirable fashion; to bleed (especially used of dye or paint).,"(từ Mỹ, nghĩa Mỹ) tuột",UK:/ɹʌn/ | US:/ɹʊn/,"During washing, the red from the rug ran onto the white sheet, staining it pink.","Khi giặt, màu đỏ từ thảm đã chuyển sang màu trắng của chăn, làm nó hồng lên."
run,,25,verb,beginner,To fuse; to shape; to mould; to cast.,ngược nước để đẻ (cá),UK:/ɹʌn/ | US:/ɹʊn/,to run bullets,để bắn đạn
run,,26,verb,beginner,"(nautical|of a vessel) To sail before the wind, in distinction from reaching or sailing close-hauled.",ứng cử,UK:/ɹʌn/ | US:/ɹʊn/,,
run,,27,verb,beginner,(transitive) To control or manage; to be in charge of.,runs,UK:/ɹʌn/ | US:/ɹʊn/,My uncle ran a corner store for forty years.,Chú tôi đã kinh doanh cửa hàng nhỏ trong 40 năm.
run,,28,verb,beginner,(intransitive) To be a candidate in an election.,bay ngang,UK:/ɹʌn/ | US:/ɹʊn/,I have decided to run for governor of California.,Tôi đã quyết định ứng cử chức thống đốc California.
run,,29,verb,beginner,To make participate in certain kinds of competitions.,bằng,UK:/ɹʌn/ | US:/ɹʊn/,,
run,,30,verb,beginner,(transitive) To make enter a race.,vận hành,UK:/ɹʌn/ | US:/ɹʊn/,He ran his best horse in the Derby.,Anh ấy đã thi đấu tốt nhất ngựa của mình trong Derby.
run,,31,verb,beginner,(transitive) To make stand in an election.,điều hành,UK:/ɹʌn/ | US:/ɹʊn/,The Green Party is running twenty candidates in this election.,党的绿色派系在这次选举中将推出二十名候选人。
run,,32,verb,beginner,To exert continuous activity; to proceed.,ứa,UK:/ɹʌn/ | US:/ɹʊn/,to run through life; to run in a circle,一生匆匆而过；在圈子里转来转去
run,,33,verb,beginner,(intransitive) To be presented in the media.,runs,UK:/ɹʌn/ | US:/ɹʊn/,The story will run on the 6-o'clock news.,这个故事将在六点钟的新闻中播出。
run,,34,verb,beginner,(transitive) To print or broadcast in the media.,bay ngang,UK:/ɹʌn/ | US:/ɹʊn/,run a story; run an ad,刊登一篇报道；刊登一则广告
run,,35,verb,beginner,(transitive) To smuggle (illegal goods).,bằng,UK:/ɹʌn/ | US:/ɹʊn/,They are running guns to the rebels.,他们正在向叛军提供武器。
run,,36,verb,beginner,(transitive|agriculture) To sort through a large volume of produce in quality control.,vận hành,UK:/ɹʌn/ | US:/ɹʊn/,Looks like we're gonna have to run the tomatoes again.,看来我们得再洗一遍西红柿了。
run,,37,verb,beginner,"To extend or persist, statically or dynamically, through space or time.",điều hành,UK:/ɹʌn/ | US:/ɹʊn/,,
run,,38,verb,beginner,(intransitive) To extend in space or through a range (often with a measure phrase).,ứa,UK:/ɹʌn/ | US:/ɹʊn/,The border runs for 3000 miles.,边境线长达三千英里。
run,,39,verb,beginner,"(intransitive) To extend in time, to last, to continue (usually with a measure phrase).","điều hành trong thời gian, kéo dài, tiếp tục (thường đi kèm với từ đo)",UK:/ɹʌn/ | US:/ɹʊn/,The sale will run for ten days.,这次销售将持续十天。
run,,40,verb,beginner,(transitive) To make (something) extend in space.,khai triển trong không gian,UK:/ɹʌn/ | US:/ɹʊn/,I need to run this wire along the wall.,我的车熄火了。
run,,41,verb,beginner,"(intransitive) Of a machine, including computer programs, to be operating or working normally.","của máy móc, bao gồm chương trình máy tính, đang hoạt động hoặc làm việc bình thường",UK:/ɹʌn/ | US:/ɹʊn/,My car stopped running.,那台电脑全天二十四小时运行。
run,,42,verb,beginner,(transitive) To make a machine operate.,khai thác hoặc làm cho máy móc hoạt động,UK:/ɹʌn/ | US:/ɹʊn/,It's full. You can run the dishwasher now.,Đã đầy rồi. Bạn có thể chạy máy giặt bây giờ.
run,,43,verb,beginner,"(transitive) To execute or carry out a plan, procedure or program.","thực hiện hoặc thực hiện một kế hoạch, thủ tục hoặc chương trình",UK:/ɹʌn/ | US:/ɹʊn/,They ran twenty blood tests on me and they still don't know what's wrong.,Họ đã làm 20 xét nghiệm máu trên tôi và họ vẫn không biết nguyên nhân.
run,,44,verb,beginner,To pass or go quickly in thought or conversation.,suy nghĩ nhanh chóng hoặc trong cuộc hội thoại,UK:/ɹʌn/ | US:/ɹʊn/,to run from one subject to another,Điều này khiến họ chuyển đổi từ chủ đề này sang chủ đề khác.
run,,45,verb,beginner,(copulative) To become different in a way mentioned (usually to become worse).,thay đổi theo cách được đề cập (thường là xấu hơn),UK:/ɹʌn/ | US:/ɹʊn/,Our food supplies are running low because money is running short.,Cung cấp thức ăn của chúng tôi đang cạn dần vì tiền đang cạn dần.
run,,46,verb,beginner,(transitive) To cost an amount of money.,chi phí một số tiền,UK:/ɹʌn/ | US:/ɹʊn/,Buying a new laptop will run you a thousand dollars.,Mua một máy tính xách tay mới sẽ khiến bạn mất một nghìn đô la.
run,,47,verb,beginner,"(intransitive) Of stitches or stitched clothing, to unravel.","không may, bị xỏ thủng",UK:/ɹʌn/ | US:/ɹʊn/,My stocking is running.,Găng chân của tôi đang bị rách.
run,,48,verb,beginner,(transitive) To cause stitched clothing to unravel.,gây cho quần áo may bị xỏ thủng,UK:/ɹʌn/ | US:/ɹʊn/,,
run,,49,verb,beginner,To pursue in thought; to carry in contemplation.,suy nghĩ về điều gì đó; mang trong suy nghĩ,UK:/ɹʌn/ | US:/ɹʊn/,"To run the world back to its first original and infancy, and, as it were, to view nature in its cradle,","Để đưa thế giới trở lại trạng thái ban đầu và sự ngây thơ, và như thể nhìn vào thiên nhiên trong cái thai mẹ."
run,,50,verb,beginner,To cause to enter; to thrust.,"đẩy vào; gây ra, hoặc cho phép, để bị đẩy",UK:/ɹʌn/ | US:/ɹʊn/,to run a sword into or through the body; to run a nail into one's foot,Đâm một cây giáo vào hoặc qua cơ thể; đâm một cái đinh vào bàn chân.
run,,51,verb,beginner,"To drive or force; to cause, or permit, to be driven.",cơ sở hoặc cho phép điều gì đó di chuyển,UK:/ɹʌn/ | US:/ɹʊn/,"[...]besides all this, a talkative person must needs be impertinent, and speak many idle words, and so render himself burdensome and odious to Company, and may perchance run himself upon great Inconveniences, by blabbing out his own or other’s Secrets;","[...] ngoài việc này, một người nói nhiều phải cần thiết là vô lễ và nói nhiều lời vô nghĩa, và do đó trở nên gánh nặng và ghê tởm cho mọi người, và có thể anh ta sẽ chạy vào những khó khăn lớn bằng cách tiết lộ bí mật của chính mình hoặc người khác;"
run,,52,verb,beginner,To cause to be drawn; to mark out; to indicate; to determine.,gọi là; đánh dấu; chỉ định; xác định,UK:/ɹʌn/ | US:/ɹʊn/,to run a line,Điều này khiến họ chuyển đổi từ một chủ đề này sang chủ đề khác.
run,,53,verb,beginner,(transitive) To encounter or incur (a danger or risk).,gặp phải hoặc đối mặt với nguy hiểm hoặc rủi ro,UK:/ɹʌn/ | US:/ɹʊn/,to run the risk of losing one's life,để có nguy cơ mất mạng sống
run,,54,verb,beginner,(transitive|obsolete) To put at hazard; to venture; to risk.,"của quá khứ, đặt ở nguy cơ; mạo hiểm; rủi ro",UK:/ɹʌn/ | US:/ɹʊn/,,
run,,55,verb,beginner,(transitive|obsolete) To tease with sarcasms and ridicule.,"của quá khứ, đùa cợt và châm biếm ai đó",UK:/ɹʌn/ | US:/ɹʊn/,,
run,,56,verb,beginner,"To sew (a seam) by passing the needle through material in a continuous line, generally taking a series of stitches on the needle at the same time.","may (một đường kim) bằng cách đi qua vật liệu liên tục, thường lấy một loạt các mũi kim trên kim tại cùng một lúc",UK:/ɹʌn/ | US:/ɹʊn/,,
run,,57,verb,beginner,To control or have precedence in a card game.,cảnh báo hoặc có ưu tiên trong một trò chơi bài,UK:/ɹʌn/ | US:/ɹʊn/,Every three or four hands he would run the table.,"Mỗi ba hoặc bốn tay, anh ta sẽ quét bàn một lần."
run,,58,verb,beginner,"To be in form thus, as a combination of words.",của từ này kết hợp với từ kia,UK:/ɹʌn/ | US:/ɹʊn/,"Which Sovereignty, with us, ſo undoubtedly reſideth in the Perſon of the King, that his ordinary Style runneth — Our Sovereign Lord the King:","Nước quyền lực, với chúng ta, chắc chắn thuộc về người vua, nên phong cách thông thường của ông ta là - Vua chúng tôi:"
run,,59,verb,beginner,(archaic) To be popularly known; to be generally received.,được biết đến rộng rãi; được chấp nhận phổ biến,UK:/ɹʌn/ | US:/ɹʊn/,"[...]great captains, and even consular men, who first brought them over, took pride in giving them their own names (by which they run a great while in Rome)","[...] những nhà chỉ huy lớn và thậm chí là những người dân sự đầu tiên đã mang họ sang, tự hào về việc đặt tên cho họ (những tên đó vẫn còn được sử dụng lâu dài ở Roma)"
run,,60,verb,beginner,To have growth or development.,mọc lên; phát triển,UK:/ɹʌn/ | US:/ɹʊn/,Boys and girls run up rapidly.,Trẻ em trai và gái chạy lên nhanh chóng.
run,,61,verb,beginner,"To tend, as to an effect or consequence; to incline.",tendency; xu hướng,UK:/ɹʌn/ | US:/ɹʊn/,"It hath been observed, that the temperate climates usually run into moderate governments, and the extremes into despotic power.","Đã có người nhận thấy rằng các vùng khí hậu ôn hòa thường dẫn đến các chế độ chính trịModerate, và các vùng cực lại dẫn đến quyền lực độc tài despotic."
run,,62,verb,beginner,"To have a legal course; to be attached; to continue in force, effect, or operation; to follow; to go in company.",có hiệu lực; có tác dụng; kéo dài,UK:/ɹʌn/ | US:/ɹʊn/,Certain covenants run with the land.,Một số thỏa thuận liên quan đến đất đai.
run,,63,verb,beginner,"To encounter or suffer (a particular, usually bad, fate or misfortune).",trải nghiệm; gặp phải,UK:/ɹʌn/ | US:/ɹʊn/,,
run,,64,verb,beginner,"(golf) To strike (the ball) in such a way as to cause it to run along the ground, as when approaching a hole.",golf: đánh bóng sao cho nó di chuyển trên mặt đất,UK:/ɹʌn/ | US:/ɹʊn/,,
run,,65,verb,beginner,To .,run,UK:/ɹʌn/ | US:/ɹʊn/,,
run,,66,verb,beginner,(sports|especially|baseball) To eject from a game or match.,thể thao: đuổi khỏi một trận đấu hoặc cuộc thi,UK:/ɹʌn/ | US:/ɹʊn/,Jackson got himself run in the top of the sixth for arguing a borderline strike three call.,Jackson bị đuổi ra khỏi sân vì tranh cãi về phán quyết đánh ba điểm trên đường viền.
run,,67,verb,beginner,"To press (a bank, etc.) with immediate demands for payment.",áp đặt ngân hàng với yêu cầu thanh toán ngay lập tức,UK:/ɹʌn/ | US:/ɹʊn/,,
run,,68,noun,beginner,"Act or instance of running, of moving rapidly using the feet.",sự chạy,UK:/ɹʌn/ | US:/ɹʊn/,I just got back from my morning run.,Tôi vừa trở về từ buổi chạy sáng của mình.
run,,69,noun,beginner,"Act or instance of hurrying (to or from a place) ; dash or errand, trip.","cuộc hành trình ngắn, cuộc đi tham quan ngắn; cuộc đi dạo, cuộc đi chơi",UK:/ɹʌn/ | US:/ɹʊn/,I need to make a run to the store.,Tôi cần đi mua sắm một chút.
run,,70,noun,beginner,A pleasure trip.,"chuyến đi; quãng đường đi (xe lửa, tàu thuỷ...)",UK:/ɹʌn/ | US:/ɹʊn/,Let's go for a run in the car.,Hãy đi chạy bộ trong xe.
run,,71,noun,beginner,"Flight, instance or period of fleeing.","sự hoạt động, sự vận hành, sự chạy (máy móc...); thời gian vận hành",UK:/ɹʌn/ | US:/ɹʊn/,"During his run from the police, he claimed to have a metaphysical experience which can only be described as “having passed through an abyss.”","Trong cuộc trốn chạy khỏi cảnh sát, anh ta nói rằng mình có trải nghiệm siêu nhiên mà chỉ có thể mô tả là “đã vượt qua một vực thẳm.”"
run,,72,noun,beginner,Migration of fish.,"sự giảm nhanh, sự tụt nhanh, sự hạ nhanh, sự sụp đổ nhanh",UK:/ɹʌn/ | US:/ɹʊn/,,
run,,73,noun,beginner,"A group of fish that migrate, or ascend a river for the purpose of spawning.","thời gian liên tục, hồi, cơn, loạt",UK:/ɹʌn/ | US:/ɹʊn/,,
run,,74,noun,beginner,A literal or figurative path or course for movement relating to:,"tầng lớp đại đa số, loại bình thường; hạng bình thường",UK:/ɹʌn/ | US:/ɹʊn/,,
run,,75,noun,beginner,A (regular) trip or route.,"loại, hạng, thứ (hàng hoá)",UK:/ɹʌn/ | US:/ɹʊn/,The bus on the Cherry Street run is always crowded.,Xe buýt trên tuyến Cherry Street luôn rất đông người.
run,,76,noun,beginner,The route taken while running or skiing.,"đàn (cá...), bầy (súc vật...)",UK:/ɹʌn/ | US:/ɹʊn/,Which run did you do today?,Bạn đã chạy bộ nào hôm nay?
run,,77,noun,beginner,"(skiing|bobsledding) A single trip down a hill, as in skiing and bobsledding.","sân nuôi (gà, cịt...), cánh đồng cỏ (nuôi cừu...), bãi rào kín (để chăn nuôi)",UK:/ɹʌn/ | US:/ɹʊn/,,
run,,78,noun,beginner,The distance sailed by a ship.,dấu vết quãng đường thường lui tới (của một thú rừng...),UK:/ɹʌn/ | US:/ɹʊn/,a good run; a run of fifty miles,một lần chạy tốt; một lần chạy 50 dặm
run,,79,noun,beginner,A voyage.,máng dẫn nước,UK:/ɹʌn/ | US:/ɹʊn/,a run to China,một chuyến đi đến Trung Quốc
run,,80,noun,beginner,A trial.,"(từ Mỹ, nghĩa Mỹ) ngòi, lạch, nước, dòng suối",UK:/ɹʌn/ | US:/ɹʊn/,"The data got lost, so I'll have to perform another run of the experiment.","Dữ liệu bị mất, nên tôi sẽ phải thực hiện một lần nữa của thí nghiệm."
run,,81,noun,beginner,(maths|computing) The execution of a program or model,"hướng; chiều hướng, xu thế",UK:/ɹʌn/ | US:/ɹʊn/,"This morning's run of the SHIPS statistical model gave Hurricane Priscilla a 74% chance of gaining at least 30 knots of intensity in 24 hours, reconfirmed by the HMON and GFS dynamical models.","Sáng nay, phiên chạy của mô hình SHIPS đã cho rằng có tới 74% khả năng Tên lửa hurrican Priscilla sẽ tăng cường độ ít nhất 30 hải lý trong vòng 24 giờ, được xác nhận lại bởi mô hình HMON và GFS động lực học."
run,,82,noun,beginner,"(video games|speedrunning) A playthrough, or attempted playthrough; a session of play.",nhịp điệu (của một câu thơ...),UK:/ɹʌn/ | US:/ɹʊn/,This was my first successful run without losing any health.,Đây là lần chạy đầu tiên của tôi mà không mất bất kỳ điểm sức khỏe nào.
run,,83,noun,beginner,Unrestricted use. .,"dải liên tục, đường dây liên tục, dòng mạch chạy dài",UK:/ɹʌn/ | US:/ɹʊn/,He can have the run of the house.,Anh ấy có quyền sử dụng toàn bộ nhà.
run,,84,noun,beginner,An enclosure for an animal; a track or path along which something can travel.,"sự đổ xô tới; nhu cầu lớn, sự đòi hỏi nhiều (một thứ hàng gì...)",UK:/ɹʌn/ | US:/ɹʊn/,He set up a rabbit run.,Anh ấy đã thiết lập một chuồng thỏ.
run,,85,noun,beginner,"(Australia|New Zealand) A rural landholding for farming, usually for running sheep, and operated by a runholder.",sự cho phép tự do sử dụng,UK:/ɹʌn/ | US:/ɹʊn/,,
run,,86,noun,beginner,State of being current; currency; popularity.,(hàng không) sự bay theo đường thẳng với một tốc độ cố định (trước khi hoặc lúc ném bom),UK:/ɹʌn/ | US:/ɹʊn/,,
run,,87,noun,beginner,Something continuous or sequential.,"(ngành mỏ) mặt nghiêng, mặt dốc",UK:/ɹʌn/ | US:/ɹʊn/,,
run,,88,noun,beginner,A continuous period (of time) marked by a trend; a period marked by a continuing trend.,(hàng hải) phần đuôi tàu (đáy tàu về phía bánh lái),UK:/ɹʌn/ | US:/ɹʊn/,I’m having a run of bad luck.,Tôi đang trải qua một chuỗi may mắn liên tục.
run,,89,noun,beginner,A series of tries in a game that were successful.,(âm nhạc) Rulat,UK:/ɹʌn/ | US:/ɹʊn/,"If our team can keep up their strong defense, expect them to make a run in this tournament.","Nếu đội của chúng tôi duy trì phong độ phòng thủ mạnh mẽ, hãy chờ xem họ sẽ tham gia tranh tài trong giải đấu này."
run,,90,noun,beginner,A production quantity (such as in a factory).,số lượng sản xuất (như trong nhà máy),UK:/ɹʌn/ | US:/ɹʊn/,"Yesterday we did a run of 12,000 units.",Hôm qua chúng tôi sản xuất 12.000 đơn vị trong một chuỗi.
run,,91,noun,beginner,"The period of showing of a play, film, TV series, etc.","khoảng thời gian trình diễn của một vở kịch, bộ phim, chương trình truyền hình, v.v.",UK:/ɹʌn/ | US:/ɹʊn/,"The run of the show lasted two weeks, and we sold out every night.","Chuỗi biểu diễn của chương trình kéo dài hai tuần, và chúng tôi bán hết vé mỗi đêm."
run,,92,noun,beginner,(slang) A period of extended (usually daily) drug use.,lóng: một khoảng thời gian sử dụng thuốc kéo dài (thường là hàng ngày),UK:/ɹʌn/ | US:/ɹʊn/,"And I'll tell ya, things aren't quite the same / When I'm rushing on my run.","Và tôi sẽ kể cho bạn biết, mọi thứ không còn giống như trước khi tôi chạy."
run,,93,noun,beginner,(card games) A sequence of cards in a suit in a card game.,cờ bạc: một chuỗi thẻ trong bộ bài,UK:/ɹʌn/ | US:/ɹʊn/,,
run,,94,noun,beginner,"(music) A rapid passage in music, especially along a scale.",âm nhạc: một đoạn nhanh chạy qua thang âm,UK:/ɹʌn/ | US:/ɹʊn/,,
run,,95,noun,beginner,A flow of liquid; a leak.,nguy cơ rò rỉ; rò rỉ,UK:/ɹʌn/ | US:/ɹʊn/,The constant run of water from the faucet annoys me.,Tiếng nước chảy liên tục từ vòi rửa làm tôi khó chịu.
run,,96,noun,beginner,(chiefly|eastern|_|North Midland US|especially|Ohio|Pennsylvania|West Virginia) A small creek or part thereof.,"miền đông Hoa Kỳ, đặc biệt là Ohio, Pennsylvania, West Virginia: một con suối nhỏ hoặc một phần của nó",UK:/ɹʌn/ | US:/ɹʊn/,"The military campaign near that creek was known as ""The battle of Bull Run"".",Chiến dịch quân sự gần con suối được gọi là 'Trận Bull Run'.
run,,97,noun,beginner,"A quick pace, faster than a walk.",nhanh hơn đi bộ,UK:/ɹʌn/ | US:/ɹʊn/,He broke into a run.,Anh ấy bắt đầu chạy.
run,,98,noun,beginner,(of horses) A fast gallop.,ngựa: một gallop nhanh,UK:/ɹʌn/ | US:/ɹʊn/,,
run,,99,noun,beginner,"(banking) A sudden series of demands on a bank or other financial institution, especially characterised by great withdrawals.",khoản rút tiền lớn từ ngân hàng hoặc tổ chức tài chính khác,UK:/ɹʌn/ | US:/ɹʊn/,"Financial insecurity led to a run on the banks, as customers feared for the security of their savings.","Do không chắc chắn về tài chính, có một cuộc chạy đua vào ngân hàng, khi khách hàng lo lắng về an toàn của tiền tiết kiệm của họ."
run,,100,noun,beginner,Any sudden large demand for something.,một đợt nhu cầu lớn đối với điều gì đó,UK:/ɹʌn/ | US:/ɹʊn/,There was a run on Christmas presents.,Có một cơn sốt về quà tặng vào ngày Noel.
run,,101,noun,beginner,Various horizontal dimensions or surfaces,Kích thước dọc hoặc bề mặt nằm ngang khác nhau,UK:/ɹʌn/ | US:/ɹʊn/,,
run,,102,noun,beginner,"The top of a step on a staircase, also called a tread, as opposed to the rise.","Đáy bậc thềm trên cầu thang, cũng được gọi là bước đi",UK:/ɹʌn/ | US:/ɹʊn/,,
run,,103,noun,beginner,The horizontal length of a set of stairs,Chiều dài ngang của bộ phận cầu thang,UK:/ɹʌn/ | US:/ɹʊn/,,
run,,104,noun,beginner,(construction) Horizontal dimension of a slope.,Chiều rộng ngang của độ dốc trong xây dựng,UK:/ɹʌn/ | US:/ɹʊn/,,
run,,105,noun,beginner,A standard or unexceptional group or category.,Nhóm hoặc loại tiêu chuẩn hoặc không đặc biệt,UK:/ɹʌn/ | US:/ɹʊn/,He stood out from the usual run of applicants.,Anh ấy nổi bật hơn so với số đông ứng viên thông thường.
run,,106,noun,beginner,A standard or unexceptional group or category.,Nhóm hoặc loại tiêu chuẩn hoặc không đặc biệt,UK:/ɹʌn/ | US:/ɹʊn/,He stood out from the usual run of applicants.,Anh ấy nổi bật hơn so với số đông ứng viên thông thường.
run,,107,noun,beginner,(baseball) A score when a runner touches all bases legally; the act of a runner scoring.,Số điểm khi một vận động viên chạm tất cả các đường bệ hợp lệ; hành động của vận động viên ghi điểm,UK:/ɹʌn/ | US:/ɹʊn/,,
run,,108,noun,beginner,(cricket) The act of passing from one wicket to another; the point scored for this.,Hành động qua từ một đường bệ đến đường bệ khác; điểm được ghi nhờ hành động này,UK:/ɹʌn/ | US:/ɹʊn/,,
run,,109,noun,beginner,(American football) A running play.,Hành động chạy trong bóng đá,UK:/ɹʌn/ | US:/ɹʊn/,Aaron Roberts added an insurance touchdown on a one-yard run.,Aaron Roberts thêm một pha touchdown bảo hiểm qua đường chuyền một yard.
run,,110,noun,beginner,(golf) The movement communicated to a golf ball by running it.,Di chuyển được truyền đạt cho quả bóng golf khi đẩy nó,UK:/ɹʌn/ | US:/ɹʊn/,,
run,,111,noun,beginner,(golf) The distance a ball travels after touching the ground from a stroke.,Khoảng cách mà quả bóng di chuyển sau khi chạm đất từ một cú đánh,UK:/ɹʌn/ | US:/ɹʊn/,,
run,,112,noun,beginner,"The distance drilled with a bit, in oil drilling.","Khoảng cách khoan với mũi khoan, trong khai thác dầu mỏ",UK:/ɹʌn/ | US:/ɹʊn/,"Well, when you compare the cone type with the cross roller bit, you get a longer run, there is less tendency of the bit to go flat while running in various formations. It cleans itself better.","Khi bạn so sánh loại nón với đầu trượt hình chữ thập, bạn sẽ có một quãng đường dài hơn, có ít xu hướng hơn để bị mòn khi chạy ở các hình thức khác nhau. Nó tự làm sạch tốt hơn."
run,,113,noun,beginner,"A line of knit stitches that have unravelled, particularly in a nylon stocking.",Một hàng sợi đã bị xơ trong đôi tất nilon,UK:/ɹʌn/ | US:/ɹʊn/,I have a run in my stocking.,Tôi có một vết giãn trong tất.
run,,114,noun,beginner,(nautical) The stern of the underwater body of a ship from where it begins to curve upward and inward.,Phần dưới thân tàu thủy từ nơi nó bắt đầu cong lên và vào trong,UK:/ɹʌn/ | US:/ɹʊn/,,
run,,115,noun,beginner,"(mining) The horizontal distance to which a drift may be carried, either by licence of the proprietor of a mine or by the nature of the formation; also, the direction which a vein of ore or other substance takes.","Khoảng cách ngang mà mạch khoáng có thể kéo dài, hoặc do chủ mỏ hoặc do bản chất của cấu trúc; cũng là hướng mà mạch khoáng hoặc chất khác đi.",UK:/ɹʌn/ | US:/ɹʊn/,,
run,,116,noun,beginner,A pair or set of millstones.,Một cặp hoặc tập hợp của bánh xe mài,UK:/ɹʌn/ | US:/ɹʊn/,,
run,,117,noun,beginner,One’s gait while running; the way one runs.,Chuỗi gait khi chạy; cách chạy,UK:/ɹʌn/ | US:/ɹʊn/,I think they only have a weird run because their leg hurts.,Tôi nghĩ rằng họ chỉ có một vết giãn kỳ lạ vì chân của họ đau.
run,,118,adjective,beginner,In a liquid state; melted or molten.,Trong trạng thái lỏng; đã tan chảy hoặc đã chảy ra.,UK:/ɹʌn/ | US:/ɹʊn/,Put some run butter on the vegetables.,Đổ bơ run lên rau.
run,,119,adjective,beginner,Cast in a mould.,Được tạo ra trong khuôn.,UK:/ɹʌn/ | US:/ɹʊn/,"[...] the Sides are generally made of Holland's Tiles, or Plates of run Iron, ornamented variously as Fancy dictates, [...]","[...] Cạnh bên thường được làm từ gạchTiles của Holland, hoặc mảnh đĩa của sắt run, được trang trí theo nhiều cách tùy thuộc vào sở thích [...]"
run,,120,adjective,beginner,Exhausted; depleted .,Mệt mỏi; cạn kiệt.,UK:/ɹʌn/ | US:/ɹʊn/,,
run,,121,adjective,beginner,"(of a|fish) Travelled, migrated; having made a migration or a spawning run.","chạy (của một con cá, cá di cư; đã thực hiện một cuộc di cư hoặc một vụ sinh sản)",UK:/ɹʌn/ | US:/ɹʊn/,"The temperature of the water is consequently much higher than in either England or Scotland, and many newly run salmon will be found in early spring in the upper waters of Irish rivers where obstructions exist.","Như vậy, vào hầu như bất kỳ ngày nào trong năm, một con cá hồi mới run có thể được bắt hợp pháp ở đâu đó trong Vương quốc Anh."
run,,122,adjective,beginner,Smuggled.,trafficked,UK:/ɹʌn/ | US:/ɹʊn/,,
set,,1,verb,beginner,"(transitive) To put (something) down, to rest.","để, đặt; kết lại, se lại, đặc lại; ổn định (tính tình...)",US:/sɛt/,Set the tray there.,Đặt khay ở đó.
set,,2,verb,beginner,"(transitive) To attach or affix (something) to something else, or in or upon a certain place.","bố trí, để, đặt lại cho đúng; lặn",US:/sɛt/,I have set my heart on running the marathon.,Tôi đã quyết định chạy marathon.
set,,3,verb,beginner,(transitive) To put in a specified condition or state; to cause to be.,"gieo, trồng; chảy (dòng nước)",US:/sɛt/,Every incident sets him thinking.,Mỗi sự kiện khiến anh suy nghĩ.
set,,4,verb,beginner,(transitive) To start (a fire).,"sắp, dọn, bày (bàn ăn); bày tỏ (ý kiến dư luận)",US:/sɛt/,,
set,,5,verb,beginner,(transitive|dated) To cause to stop or stick; to obstruct; to fasten to a spot.,"mài, giũa; vừa vặn (quần áo)",US:/sɛt/,to set a coach in the mud,Để đặt xe ngựa trong bùn.
set,,6,verb,beginner,(transitive) To determine or settle.,định điểm được thua,US:/sɛt/,to set the rent,Để đặt tiền thuê nhà.
set,,7,verb,beginner,(transitive) To adjust.,ấp (gà),US:/sɛt/,I set the alarm at 6 a.m. (i.e. I programmed it at that hour to go off at a later time),Tôi đã đặt báo thức lúc 6 giờ sáng (tức là tôi đã cài đặt nó vào thời điểm đó để phát ra vào một thời gian sau).
set,,8,verb,beginner,(transitive) To punch (a nail) into wood so that its head is below the surface.,set,US:/sɛt/,,
set,,9,verb,beginner,"(transitive) To arrange with dishes and cutlery, to set the table.",set,US:/sɛt/,Please set the table for our guests.,Xin hãy đặt bàn cho khách của chúng tôi.
set,,10,verb,beginner,(transitive) To introduce or describe.,set,US:/sɛt/,"I’ll tell you what happened, but first let me set the scene.","Tôi sẽ kể cho bạn biết những gì đã xảy ra, nhưng trước hết hãy để tôi đặt cảnh."
set,,11,verb,beginner,"(transitive) To locate (a play, etc.); to assign a backdrop to, geographically or temporally.",set,US:/sɛt/,He says he will set his next film in France.,Anh ấy nói rằng anh ấy sẽ đặt phim tiếp theo của mình tại Pháp.
set,,12,verb,beginner,"(transitive) To compile, to make (a puzzle or challenge).",set,US:/sɛt/,This crossword was set by Araucaria.,Bảng chữ số này được Araucaria đặt.
set,,13,verb,beginner,(transitive) To prepare (a stage or film set).,set,US:/sɛt/,,
set,,14,verb,beginner,(transitive) To fit (someone) up in a situation.,set,US:/sɛt/,,
set,,15,verb,beginner,(transitive) To arrange (type).,set,US:/sɛt/,"It was a complex page, but he set it quickly.","Trang đó khá phức tạp, nhưng anh ấy đã đặt nó nhanh chóng."
set,,16,verb,beginner,(transitive) To devise and assign (work) to.,set,US:/sɛt/,The teacher set her students the task of drawing a foot.,Giáo viên đã giao cho học sinh vẽ một bàn chân.
set,,17,verb,beginner,(transitive|volleyball) To direct (the ball) to a teammate for an attack.,set,US:/sɛt/,,
set,,18,verb,beginner,(intransitive) To solidify.,set,US:/sɛt/,The glue sets in five minutes.,Keo sẽ khô trong năm phút.
set,,19,verb,beginner,"(transitive) To render stiff or solid; especially, to convert into curd; to curdle.",set,US:/sɛt/,to set milk for cheese,để làm sữa chua
set,,20,verb,beginner,"(intransitive) Of a heavenly body, to disappear below the horizon of a planet, etc, as the latter rotates.",set,US:/sɛt/,The moon sets at eight o'clock tonight.,Hoa trăng sẽ lặn vào lúc tám giờ tối nay.
set,,21,verb,beginner,(transitive|bridge) To defeat a contract.,set,US:/sɛt/,,
set,,22,verb,beginner,"(obsolete|now followed by ""out"", as in set out) To begin to move; to go forth.",set,US:/sɛt/,,
set,,23,verb,beginner,(transitive|botany) To produce after pollination.,set,US:/sɛt/,to set seed,gieo hạt giống
set,,24,verb,beginner,(intransitive|of fruit) To be fixed for growth; to strike root; to begin to germinate or form.,set,US:/sɛt/,"In the Annapolis Valley, in spite of an irregular bloom, the fruit has set well and has, as yet, been little affected by scab.","Trong Annapolis Valley, mặc dù có sự nở hoa không đều, trái cây đã ra quả tốt và đến nay vẫn chưa bị bệnh bạch nấm ảnh hưởng nhiều."
set,,25,verb,beginner,(intransitive|Southern US|Midwestern US|dialects) To sit be in a seated position.,set,US:/sɛt/,He sets in that chair all day.,Anh ấy ngồi trong chiếc ghế cả ngày.
set,,26,verb,beginner,"(intransitive|Southern US|Midwestern US|dialects) To rest or lie somewhere, on something, etc.; to occupy a certain place.",set,US:/sɛt/,"Well, we rolled up Interstate 44Like a rocket-sled on rails.We tore up all of our swindle sheetsAnd left 'em settin on the scales.",Chúng tôi đã di chuyển trên đường cao tốc 44 như một tên lửa trên ray铁线. 我们撕掉了所有的骗局单据，并把它们放在秤上。
set,,27,verb,beginner,To hunt game with the aid of a setter.,set,US:/sɛt/,,
set,,28,verb,beginner,"(hunting|ambitransitive) Of a dog, to indicate the position of game.",set,US:/sɛt/,The dog sets the bird.,Con chó đã đuổi chim.
set,,29,verb,beginner,To apply oneself; to undertake earnestly.,set,US:/sɛt/,,
set,,30,verb,beginner,(ambitransitive) To fit music to words.,set,US:/sɛt/,,
set,,31,verb,beginner,(ambitransitive) To place plants or shoots in the ground; to plant.,set,US:/sɛt/,to set pear trees in an orchard,để trồng cây dâu trong một khu vườn
set,,32,verb,beginner,To become fixed or rigid; to be fastened.,set,US:/sɛt/,,
set,,33,verb,beginner,To have a certain direction of motion; to flow; to move on; to tend.,set,US:/sɛt/,The current sets to the north; the tide sets to the windward.,Lưu lượng chảy về phía bắc; dòng chảy chảy về hướng đón gió.
set,,34,verb,beginner,"(intransitive|country dancing) To acknowledge a dancing partner by facing him or her and moving first to one side and then to the other, while she or he does the opposite.",set,US:/sɛt/,Set to partners! was the next instruction from the caller.,Điều chỉnh để đối tác! là lệnh tiếp theo từ người gọi.
set,,35,verb,beginner,To place or fix in a setting.,set,US:/sɛt/,to set a precious stone in a border of metal,để gắn đá quý vào viền kim loại
set,,36,verb,beginner,To put in order in a particular manner; to prepare.,set,US:/sɛt/,"to set (that is, to hone) a razor",để sắc dao (tức là để mài nhọn)
set,,37,verb,beginner,To extend and bring into position; to spread.,set,US:/sɛt/,to set the sails of a ship,để kéo phướn của con tàu
set,,38,verb,beginner,"To give a pitch to, as a tune; to start by fixing the keynote.",set,US:/sɛt/,,
set,,39,verb,beginner,To reduce from a dislocated or fractured state.,set,US:/sɛt/,to set a broken bone,để đính xương gãy
set,,40,verb,beginner,(intransitive|now|dialectal) To sit or lie (easily etc.) on the stomach; to be digested in a certain manner.,set,US:/sɛt/,"If you also knew how to combine foods—that is, what foods eaten together “set well,” you need never have indigestion, constipation or any of the headachy, stomachachy ills they lead to.","Nếu bạn cũng biết cách kết hợp thức ăn — tức là, những loại thức ăn ăn cùng nhau “được” với nhau — bạn sẽ không bao giờ bị tiêu chảy, táo bón hay bất kỳ triệu chứng đau đầu, đau bụng mà chúng gây ra."
set,,41,verb,beginner,"(masonry) To lower into place and fix solidly, as the blocks of cut stone in a structure.",set,US:/sɛt/,,
set,,42,verb,beginner,(obsolete) To wager in gambling; to risk.,set,US:/sɛt/,,
set,,43,verb,beginner,To adorn with something infixed or affixed; to stud; to variegate with objects placed here and there.,set,US:/sɛt/,pastoral dales thin set with modern farms,thung lũng nông nghiệp truyền thống mỏng đi với các trang trại hiện đại
set,,44,verb,beginner,(obsolete) To value; to rate; used with at.,set,US:/sɛt/,,
set,,45,verb,beginner,To establish as a rule; to furnish; to prescribe; to assign.,set,US:/sɛt/,to set a good example,để làm gương cho người khác
set,,46,verb,beginner,(Scotland) To suit; to become.,set,US:/sɛt/,It sets him ill.,Điều đó làm cho anh ta cảm thấy không khỏe.
set,,47,verb,beginner,To cause (a domestic fowl) to sit on eggs to brood.,set,US:/sɛt/,,
set,,48,noun,beginner,A punch for setting nails in wood.,bộ; gạch lát; đá lát,US:/sɛt/,nail set,cây đinh đính
set,,49,noun,beginner,"A device for receiving broadcast radio waves (or, more recently, broadcast data); a radio or television.",(toán học) tập hợp; gỗ lát sàn,US:/sɛt/,television set,máy truyền hình
set,,50,noun,beginner,"A device for receiving broadcast radio waves (or, more recently, broadcast data); a radio or television.","(thể dục, thể thao) ván, xét (quần vợt...)",US:/sɛt/,television set,máy truyền hình
set,,51,noun,beginner,"A device for receiving broadcast radio waves (or, more recently, broadcast data); a radio or television.",nhóm người giao du lâu bền với nhau hoặc có phong vị và quyền lợi giống nhau; giới,US:/sɛt/,television set,máy truyền hình
set,,52,noun,beginner,"A device for receiving broadcast radio waves (or, more recently, broadcast data); a radio or television.","cành chiết, cành giăm; quả mới đậu",US:/sɛt/,television set,máy truyền hình
set,,53,noun,beginner,"(horticulture) A small tuber or bulb used instead of seed, particularly onion sets and potato sets.","(thơ ca) chiều tà, lúc mặt trời lặn",US:/sɛt/,,
set,,54,noun,beginner,The amount by which the teeth of a saw protrude to the side in order to create the kerf.,"chiều hướng, khuynh hướng",US:/sɛt/,,
set,,55,noun,beginner,"(engineering) A permanent change of shape caused by excessive strain, as from compression, tension, bending, twisting, etc.","hình thể, dáng dấp, kiểu cách",US:/sɛt/,the set of a spring,công suất của một cái nhún
set,,56,noun,beginner,A bias of mind; an attitude or pattern of behaviour.,lớp vữa ngoài (của tường),US:/sɛt/,,
set,,57,noun,beginner,"(piledriving) A piece placed temporarily upon the head of a pile when the latter cannot otherwise be reached by the weight, or hammer.",cột gỗ chống hâm (mỏ than),US:/sɛt/,,
set,,58,noun,beginner,(printing|dated) The width of the body of a type.,lứa trứng,US:/sɛt/,,
set,,59,noun,beginner,A young oyster when first attached.,tảng đá (để lát đường),US:/sɛt/,,
set,,60,noun,beginner,"Collectively, the crop of young oysters in any locality.",(kỹ thuật) máy; nhóm máy; thiết bị,US:/sɛt/,,
set,,61,noun,beginner,A series or group of something. (Note the similar meaning in ),(sân khấu) cảnh dựng,US:/sɛt/,,
set,,62,noun,beginner,"(colloquial) The manner, state, or quality of setting or fitting; fit.",máy thu thanh (như) radio set ; wireless set ; máy truyền hình (như) television set,US:/sɛt/,the set of a coat,công suất của một bộ vest
set,,63,noun,beginner,"The pattern of a tartan, etc.",bộ,US:/sɛt/,,
set,,64,noun,beginner,The camber of a curved roofing tile.,bộ,US:/sɛt/,,
set,,65,noun,beginner,The full number of eggs set under a hen.,bộ,US:/sɛt/,,
set,,66,noun,beginner,"(obsolete|rare) That which is staked; a wager; hence, a gambling game.",bộ,US:/sɛt/,,
set,,67,noun,beginner,A tool for dressing forged iron.,bộ,US:/sɛt/,,
set,,68,adjective,beginner,Fixed in position.,"nghiêm nghị, nghiêm trang",US:/sɛt/,,
set,,69,adjective,beginner,"Rigid, solidified.","cố định, chầm chậm, bất động",US:/sɛt/,,
set,,70,adjective,beginner,"Ready, prepared.","đã định, cố ý, nhất định, kiên quyết, không thay đổi",US:/sɛt/,"on your marks, get set, go!;&nbsp; on your marks, set, go!","trên đường chạy, chuẩn bị, đi!; trên đường chạy, chuẩn bị, đi!"
set,,71,adjective,beginner,"Intent, determined (to do something).","đã sửa soạn trước, sẵn sàng",US:/sɛt/,set on getting to his destination,đặt mục tiêu vào việc đến đích
set,,72,adjective,beginner,Prearranged.,đẹp,US:/sɛt/,"The second level of reading we will call Inspectional Reading. It is characterized by its special emphasis on time. When reading at this level, the student is allowed a set time to complete an assigned amount of reading. He might be allowed fifteen minutes to read this book, for instance—or even a book twice as long.","Một cấp độ đọc thứ hai mà chúng ta gọi là Đọc Kiểm tra. Nó có đặc điểm nhấn mạnh đặc biệt về thời gian. Khi đọc ở mức độ này, sinh viên được cho một khoảng thời gian nhất định để hoàn thành một lượng đọc đã được phân công. Ví dụ, anh ta có thể được cho 15 phút để đọc cuốn sách này — hoặc thậm chí là cuốn sách gấp đôi chiều dài."
set,,73,adjective,beginner,in one’s opinion.,"nghiêm nghị, nghiêm trang",US:/sɛt/,I’m set against the idea of smacking children to punish them.,Tôi phản đối ý tưởng đánh đòn vào trẻ em để trừng phạt họ.
set,,74,adjective,beginner,(of hair) Fixed in a certain style.,"nghiêm nghị, nghiêm trang",US:/sɛt/,,
set,,75,noun,beginner,A young plant fit for setting out; a slip; shoot.,bộ,US:/sɛt/,,
set,,76,noun,beginner,A rudimentary fruit.,bộ,US:/sɛt/,,
set,,77,noun,beginner,The setting of the sun or other luminary; (by extension) the close of the day.,bộ,US:/sɛt/,,
set,,78,noun,beginner,(literally|and|figuratively) General movement; direction; drift; tendency.,bộ,US:/sɛt/,"Here and there, amongst individuals alive to the particular evils of the age, and watching the very set of the current, there may have been even a more systematic counteraction applied to the mischief.","Trong khi đó, giữa những cá nhân nhận thức được những hiểm họa đặc biệt của thời đại và quan sát cách thức tiến triển của dòng chảy hiện tại, có thể đã có ngay cả một phản ứng hệ thống hơn được áp dụng để ngăn chặn sự phá hoại."
set,,79,noun,beginner,A matching collection of similar things. (Note the similar meaning in .),bộ,US:/sɛt/,a set of tables,một bộ bàn ăn
set,,80,noun,beginner,A collection of various objects for a particular purpose.,bộ,US:/sɛt/,a set of tools,một bộ dụng cụ
set,,81,noun,beginner,An object made up of several parts.,bộ,US:/sɛt/,a set of steps,một bộ cầu thang
set,,82,noun,beginner,"(set theory) A collection of zero or more objects, possibly infinite in size, and disregarding any order or repetition of the objects which may be contained within it.",bộ,US:/sɛt/,,
set,,83,noun,beginner,"(in plural, “sets”|mathematics|informal) Set theory.",bộ,US:/sɛt/,,
set,,84,noun,beginner,"A group of people, usually meeting socially or connected through some shared interest, activity, attribute, etc.",bộ,US:/sɛt/,the country set,quốc gia đặt
set,,85,noun,beginner,The scenery for a film or play.,bộ,US:/sɛt/,,
set,,86,noun,beginner,"the general locations and area where a movie’s, a film’s, or a video’s scenery is arranged to be filmed also including places for actors, assorted crew, director, producers which are typically not filmed.",bộ,US:/sɛt/,,
set,,87,noun,beginner,(dance) The initial or basic formation of dancers.,bộ,US:/sɛt/,,
set,,88,noun,beginner,(exercise) A group of repetitions of a single exercise performed one after the other without rest.,bộ,US:/sɛt/,This is the fourth set of benchpresses.,Đây là bộ phận thứ tư của bài tập benchpress.
set,,89,noun,beginner,"(tennis) A complete series of games, forming part of a match.",bộ,US:/sɛt/,,
set,,90,noun,beginner,"(volleyball) A complete series of points, forming part of a match.",bộ,US:/sɛt/,,
set,,91,noun,beginner,(volleyball) The act of directing the ball to a teammate for an attack.,bộ,US:/sɛt/,,
set,,92,noun,beginner,"(music) A musical performance by a band, disc jockey, etc., consisting of several musical pieces.",bộ,US:/sɛt/,,
set,,93,noun,beginner,"(music) A drum kit, a drum set.",bộ,US:/sɛt/,He plays the set on Saturdays.,Anh ấy chơi bộ bài vào thứ Bảy.
set,,94,noun,beginner,(UK|education) A class group in a subject where pupils are divided by ability.,bộ,US:/sɛt/,,
set,,95,noun,beginner,"(poker|slang) Three of a kind, especially if two cards are in one's hand and the third is on the board. Compare . Weisenberg, Michael (2000) [http://www.poker1.com/mcu/pokerdictionary/mculib_dictionary_info.asp The Official Dictionary of Poker]. MGI/Mike Caro University.",bộ,US:/sɛt/,,
set,,96,verb,beginner,(UK|education) To divide a class group in a subject according to ability,set,US:/sɛt/,"In setted classes, students are brought together because they are believed to be of similar 'ability'. Yet, setted lessons are often conducted as though students are not only similar, but identical—in terms of ability, preferred learning style and pace of working.","Trong các lớp được phân nhóm (setted), học sinh được tụ hợp lại vì họ được tin là có khả năng tương tự. Tuy nhiên, các bài học được tổ chức như thể học sinh không chỉ tương tự nhau, mà còn giống nhau hoàn toàn—trong khả năng, phong cách học thích nghi và tốc độ làm việc."
set,,97,noun,beginner,"Gene for a human protein involved in apoptosis, transcription and nucleosome assembly.",bộ,US:/sɛt/,,
set,,98,noun,beginner,", an amateur radio training exercise.",bộ,US:/sɛt/,,
light,,1,noun,beginner,(physics|uncountable) Electromagnetic radiation in the wavelength range visible to the human eye (about 400–750 nanometers): visible light.,"ánh sáng, ánh sáng mặt trời, ánh sáng ban ngày",US:/laɪt/,"As you can see, this spacious dining-room gets a lot of light in the mornings.","Như bạn có thể thấy, phòng ăn này rộng rãi và nhận được rất nhiều ánh sáng vào buổi sáng."
light,,2,noun,beginner,(by extension) Electromagnetic radiation in the wavelength range visible to the human eye or in nearby ranges (infrared or ultraviolet radiation).,"nguồn ánh sáng, đèn đuốc",US:/laɪt/,black light,ánh sáng đen
light,,3,noun,beginner,(by extension|less commonly) Electromagnetic radiation of any wavelength.,"lửa, tia lửa; diêm, đóm",US:/laɪt/,"It’s everywhere. At this moment, as you sit quietly reading this book, you are awash in it. At work, it’s emanating from your electronic devices; step outside for lunch, and the sun bathes you in it. You may receive an extra dose of it when you visit your doctor, pass through security at the airport, or drive through city streets, but minuscule amounts of it are with you always. You cannot see, hear, smell, or feel it, but there is never a single second when it is not flying through your body. Too much of it will kill you, but without it you wouldn’t live a year. “Invisible light” seems like a contradiction. Like Simon and Garfunkel’s “The Sound of Silence,” it’s an oxymoron. We think of light, by definition, as something seen, something that enables our seeing, illuminating the darkness. Unlike dogs, who sniff in order to “get” what an object is, we depend on vision above all our other senses. We rely on light to tell us about our surroundings. But just as there are frequencies of sound audible to other animals that we cannot hear, there is a whole world of light outside our range of vision, a world that is humming with activity. Though we rarely think about this invisible world, our way of life depends on it. It’s because of invisible light that you can do things such as send a text message, use GPS to find your way to a friend’s house, listen to the radio, or microwave a frozen pizza. Invisible light shows us things we would never otherwise see, including our own skeletons and brains and the history of our universe. I was reminded of just how much we rely on invisible light, and how mysterious it remains to us, during a visit from my sister and her family. It was a lazy summer afternoon, and we were sprawled across a few couches sharing a bowl of popcorn. My niece, her shoulders crimson after a day outdoors, was chatting on her cell phone, holding up a promising finger to her mother, who was scolding her for not using sunscreen. My brother-in-law, meanwhile, was asking my opinion on an article he’d read proposing that Wi-Fi be banned in schools because of its dangers. We were all depending on invisible light (for the microwave popcorn, the cell-phone service) while being concerned that it might harm us (sunburn, mysterious Wi-Fi health threats) and confused about what to do to protect ourselves. We need it, and it surrounds us, yet we remain uneasy about living with invisible light, partly because we fear what is unknown. After all, most of us don’t know much about “all the light we cannot see.” This book aims to change that. My hope is to expose the hidden side of the spectrum, to make the invisible (at least temporarily) visible and vivid to you.","Nó ở mọi nơi. Tại thời điểm này, khi bạn ngồi yên tĩnh đọc cuốn sách này, bạn đang ngập trong nó. Tại nơi làm việc, nó phát ra từ các thiết bị điện tử của bạn; bước ra ăn trưa, và mặt trời tắm bạn trong nó。你无法看到、听到、闻到或感觉到它，但没有一秒钟它不在你的身体中飞驰。过多的它会杀死你，但没有它你活不到一年。“无形光”似乎是一个矛盾。就像西蒙和加芬克尔的《寂静之声》一样，这是一个悖论。我们定义光为被看到的东西，使我们能够看到的东西，照亮黑暗。不像狗通过嗅觉来“理解”一个物体是什么，我们依赖于视觉作为我们所有其他感官之上。我们依靠光来告诉我们周围的情况。但是正如存在其他动物可以听到的声音频率，也存在我们看不见的整个光的世界，这个世界充满了活动。尽管我们很少思考这个无形的世界，我们的生活方式却依赖于它。正是由于无形光，你才能做诸如发送短信、使用GPS找到朋友家、听收音机或微波冷冻披萨这样的事情。无形光向我们展示了我们本不会看到的东西，包括我们的骨骼和大脑以及我们宇宙的历史。在我妹妹和她的家人来访期间，我被提醒了我们多么依赖无形光，以及它对我们来说仍然有多么神秘。毕竟，我们大多数人对“我们看不到的所有光”知之甚少。这本书旨在改变这一点。我希望揭示光谱的隐藏面，让你暂时将无形（至少暂时）变得可见和生动。"
light,,4,noun,beginner,(countable) A source of illumination.,"(số nhiều) sự hiểu biết, trí thức, trí tuệ, chân lý",US:/laɪt/,Put that light out!,Đặt ánh sáng đó tắt!
light,,5,noun,beginner,"A lightbulb or similar light-emitting device, regardless of whether it is lit.","trạng thái, phương diện, quan niệm",US:/laɪt/,We turned off all the lights and went to sleep.,Chúng tôi tắt tất cả đèn và đi ngủ.
light,,6,noun,beginner,"A traffic light, or (by extension) an intersection controlled by traffic lights.","sự soi sáng, sự làm sáng tỏ; (số nhiều) những sự kiện làm sáng tỏ, những phát minh làm sáng tỏ",US:/laɪt/,"To get to our house, turn right at the third light.","Để đến nhà chúng tôi, bạn hãy quay phải tại đèn giao thông thứ ba."
light,,7,noun,beginner,"(figurative) Spiritual or mental illumination; enlightenment, useful information.",(tôn giáo) ánh sáng của thượng đế,US:/laɪt/,Can you throw any light on this problem?,Bạn có thể làm sáng tỏ vấn đề này không?
light,,8,noun,beginner,"(in the plural|now|rare) Facts; pieces of information; ideas, concepts.","sinh khí, sự tinh anh; ánh mắt; (thơ ca) sự nhìn",US:/laɪt/,"""Well, there's her statement of her case, and according to her lights, it's a just one. She's got a slum-bred mind.""","""Thật ra, đây là lời trình bày của cô ấy, và theo góc nhìn của cô ấy, nó là một sự công bằng. Cô ấy có một tâm trí sinh sống trong khu ổ chuột."""
light,,9,noun,beginner,A notable person within a specific field or discipline.,(số nhiều) (từ lóng) đôi mắt,US:/laɪt/,Picasso was one of the leading lights of the cubist movement.,Picasso là một trong những ngôi sao dẫn đường quan trọng nhất của phong cách hội họa lập thể.
light,,10,noun,beginner,(painting) The manner in which the light strikes a picture; that part of a picture which represents those objects upon which the light is supposed to fall; the more illuminated part of a landscape or other scene; opposed to shade.,"(số nhiều) phổi súc vật (cừu, lợn...) (dùng làm thức ăn cho chó, mèo...)",US:/laɪt/,,
light,,11,noun,beginner,"A point of view, or aspect from which a concept, person or thing is regarded.","cửa, lỗ sáng",US:/laɪt/,I'm really seeing you in a different light today.,Hôm nay tôi đang nhìn bạn theo một góc độ khác.
light,,12,noun,beginner,A flame or something used to create fire.,(số nhiều) khả năng,US:/laɪt/,,
light,,13,noun,beginner,(slang) A cigarette lighter.,(nghệ thuật) chỗ sáng trong bức tranh,US:/laɪt/,"Hey, buddy, you got a light?","Xin chào, bạn có bật đèn không?"
light,,14,noun,beginner,A firework made by filling a case with a substance which burns brilliantly with a white or coloured flame.,"ánh sáng, ánh sáng mặt trời, ánh sáng ban ngày",US:/laɪt/,a Bengal light,một ánh sáng Bengal
light,,15,noun,beginner,"A window in architecture, carriage design, or motor car design: either the opening itself or the window pane of glass that fills it, if any.","ánh sáng, ánh sáng mặt trời, ánh sáng ban ngày",US:/laɪt/,This facade has eight south-facing lights.,Cửa sổ phía nam này có tám nguồn sáng.
light,,16,noun,beginner,(crosswording) The series of squares reserved for the answer to a crossword clue.,"ánh sáng, ánh sáng mặt trời, ánh sáng ban ngày",US:/laɪt/,The average length of a light on a 15&times;15 grid is 7 or 8.,Trung bình độ dài của một nguồn sáng trên lưới 15×15 là 7 hoặc 8.
light,,17,noun,beginner,(informal) A cross-light in a double acrostic or triple acrostic.,"ánh sáng, ánh sáng mặt trời, ánh sáng ban ngày",US:/laɪt/,,
light,,18,noun,beginner,Open view; a visible state or condition; public observation; publicity.,"ánh sáng, ánh sáng mặt trời, ánh sáng ban ngày",US:/laɪt/,,
light,,19,noun,beginner,The power of perception by vision: eyesight (sightedness; vision).,"ánh sáng, ánh sáng mặt trời, ánh sáng ban ngày",US:/laɪt/,,
light,,20,noun,beginner,The brightness of the eye or eyes.,"ánh sáng, ánh sáng mặt trời, ánh sáng ban ngày",US:/laɪt/,,
light,,21,verb,beginner,(transitive) To start (a fire).,"đốt, thắp, châm, nhóm; ((thường) + up) lên đèn, thắp đèn",US:/laɪt/,We lit the fire to get some heat.,Chúng tôi đã đốt lửa để lấy nhiệt.
light,,22,verb,beginner,(transitive) To set fire to; to set burning.,"soi sáng, chiếu sáng; thắp, đốt, bắt lửa, bén lửa",US:/laɪt/,She lit her last match.,Cô đã đốt điếu thuốc cuối cùng.
light,,23,verb,beginner,(transitive) To illuminate; to provide light for when it is dark.,"((thường) + up) làm cho rạng lên, làm cho sáng ngời lên (nét mặt, khoé mắt); ((thường) + up) sáng ngời, tươi lên",US:/laɪt/,I used my torch to light the way home through the woods in the night.,Tôi đã dùng đèn pin để đốt đường về rừng vào ban đêm.
light,,24,verb,beginner,(intransitive) To become ignited; to take fire.,"lit , lighted",US:/laɪt/,This soggy match will not light.,Điếu thuốc ướt này không đốt được.
light,,25,verb,beginner,To attend or conduct with a light; to show the way to by means of a light.,"lit , lighted",US:/laɪt/,"His bishops lead him forth, and light him on.",Các vua của ông dẫn đường cho ông và đốt cho ông.
light,,26,verb,beginner,"(transitive|pinball) To make (a bonus) available to be collected by hitting a target, and thus light up the feature light corresponding to that bonus to indicate its availability.","lit , lighted",US:/laɪt/,Light the extra ball by amassing 500 million points in the wizard mode.,Đèn thêm bóng bằng cách tích lũy 500 triệu điểm trong chế độ ma thuật.
light,,27,adjective,beginner,Having light; bright; clear; not dark or obscure.,"nhẹ, nhẹ nhàng",US:/laɪt/,The room is light when the Sun shines through the window.,Phòng này có ánh sáng khi Mặt Trời chiếu qua cửa sổ.
light,,28,adjective,beginner,Pale or whitish in color; highly luminous and more or less deficient in chroma.,(nói về màu sắc) nhạt,US:/laɪt/,She had light skin.,Cô có làn da mỏng.
light,,29,adjective,beginner,(of coffee) Served with extra milk or cream.,nhanh nhẹn,US:/laɪt/,I like my coffee light.,Tôi thích cà phê mỏng.
light,,30,adjective,beginner,Having little or relatively little actual weight; not heavy; not cumbrous or unwieldy.,"nhẹ nhàng, thanh thoát, dịu dàng, thư thái",US:/laɪt/,a light load ; a lighter backpack after having removed the books ; light weapons,một tải nhẹ; một túi xách nhẹ hơn sau khi đã bỏ sách; vũ khí nhẹ
light,,31,adjective,beginner,Having little weight as compared with bulk; of little density or specific gravity.,"khinh suất, nông nổi, nhẹ dạ, bộp chộp; lăng nhăng; lẳng lơ, đĩ thoã",US:/laɪt/,feathers and cork are light ; oil is lighter than water,các lông vũ và bọt biển là nhẹ; dầu nhẹ hơn nước
light,,32,adjective,beginner,"Of short or insufficient weight; weighing less than the legal, standard or proper amount; clipped or diminished.","tầm thường, không quan trọng",US:/laɪt/,to issue light coin,phát hành tiền tệ nhẹ
light,,33,adjective,beginner,Lacking that which burdens or makes heavy.,"nhẹ, nhẹ nhàng",US:/laɪt/,,
light,,34,adjective,beginner,Free from burden or impediment; unencumbered.,"nhẹ, nhẹ nhàng",US:/laɪt/,,
light,,35,adjective,beginner,Lightly built; typically designed for speed or small loads.,"nhẹ, nhẹ nhàng",US:/laɪt/,a light aircraft ; a light tank,máy bay nhẹ; xe tăng nhẹ
light,,36,adjective,beginner,(military) Not heavily armed; armed with light weapons.,"nhẹ, nhẹ nhàng",US:/laɪt/,light infantry; a troop of light horse,thủy quân lục chiến nhẹ; một trung đội ngựa nhẹ
light,,37,adjective,beginner,(nautical|of a ship) Riding high because of no cargo; pertaining to a ship which is light.,"nhẹ, nhẹ nhàng",US:/laɪt/,"if a ship is light or partially loaded ; the light draft of a vessel, or its light displacement","nếu tàu nhẹ hoặc chỉ tải một phần; trọng tải nhẹ của một tàu, hoặc trọng lượng nhẹ của tàu"
light,,38,adjective,beginner,(rail transport|of a locomotive or consist of locomotives) Without any piece of equipment attached or attached only to a caboose.,"nhẹ, nhẹ nhàng",US:/laɪt/,the light locomotives ; a locomotive may be moved light,động lực nhẹ; động lực có thể di chuyển nhẹ
light,,39,adjective,beginner,With low viscosity.,"nhẹ, nhẹ nhàng",US:/laɪt/,,
light,,40,adjective,beginner,(cookery) Not heavy or soggy; spongy; well raised.,"nhẹ, nhẹ nhàng",US:/laɪt/,a light bread ; sponge cake is a light cake,một bánh mì nhẹ; bánh sponge là loại bánh nhẹ
light,,41,adjective,beginner,"Low in fat, calories, alcohol, salt, etc.","nhẹ, nhẹ nhàng",US:/laɪt/,This light beer still gets you drunk if you have enough of it.,Loại bia này vẫn có thể làm bạn say nếu bạn uống đủ nhiều.
light,,42,adjective,beginner,"Slight, not forceful or intense; small in amount or intensity.","nhẹ, nhẹ nhàng",US:/laɪt/,a light drizzle//a light rain was falling//a light snow set in,Mưa nhỏ đang rơi//tuyết nhẹ bắt đầu rơi
light,,43,adjective,beginner,Gentle; having little force or momentum.,"nhẹ, nhẹ nhàng",US:/laɪt/,"This artist clearly had a light, flowing touch.",Nhà họa sĩ này rõ ràng có một tay nghề nhẹ nhàng và tự do.
light,,44,adjective,beginner,Easy to endure or perform.,"nhẹ, nhẹ nhàng",US:/laɪt/,light duties around the house,轻家务
light,,45,adjective,beginner,"Unimportant, trivial, having little value or significance.","nhẹ, nhẹ nhàng",US:/laɪt/,"I made some light comment, and we moved on.",Tôi đã nói một câu chuyện nhẹ nhàng và chúng ta đã tiếp tục.
light,,46,adjective,beginner,"(obsolete) Unchaste, wanton.","nhẹ, nhẹ nhàng",US:/laɪt/,,
light,,47,adjective,beginner,"Not encumbered; unembarrassed; clear of impediments; hence, active; nimble; swift.","nhẹ, nhẹ nhàng",US:/laɪt/,,
light,,48,adjective,beginner,Fast; nimble.,"nhẹ, nhẹ nhàng",US:/laɪt/,,
light,,49,adjective,beginner,(dated) Easily influenced by trifling considerations; unsteady; unsettled; volatile.,"nhẹ, nhẹ nhàng",US:/laɪt/,There is no greater argument of a light and inconsiderate person than profanely to scoff at religion.,Không có bằng chứng nào tốt hơn cho một người nhẹ nhàng và không suy nghĩ kỹ hơn là châm biếm thô lỗ tôn giáo.
light,,50,adjective,beginner,"Indulging in, or inclined to, levity; lacking dignity or solemnity; frivolous; airy.","nhẹ, nhẹ nhàng",US:/laɪt/,Ogden Nash was a writer of light verse.,Ogden Nash là một nhà văn thơ nhẹ nhàng.
light,,51,adjective,beginner,Not quite sound or normal; somewhat impaired or deranged; dizzy; giddy.,"nhẹ, nhẹ nhàng",US:/laɪt/,,
light,,52,adjective,beginner,Easily interrupted by stimulation.,"nhẹ, nhẹ nhàng",US:/laɪt/,,
light,,53,adjective,beginner,Cheerful.,"nhẹ, nhẹ nhàng",US:/laɪt/,"I wish you a good day, and you'll find a way To make your spirits light & gay","Tôi mong bạn có một ngày tốt lành, và bạn sẽ tìm thấy cách để làm cho tinh thần của bạn vui vẻ và tươi sáng hơn"
light,,54,adverb,beginner,Carrying little.,"nhẹ, nhẹ nhàng",US:/laɪt/,I prefer to travel light.,Tôi thích đi nhẹ nhàng.
light,,55,noun,beginner,(curling) A stone that is not thrown hard enough.,"ánh sáng, ánh sáng mặt trời, ánh sáng ban ngày",US:/laɪt/,,
light,,56,noun,beginner,(curling) A stone that is not thrown hard enough.,"ánh sáng, ánh sáng mặt trời, ánh sáng ban ngày",US:/laɪt/,,
light,,57,noun,beginner,(AU|uncountable) A low-alcohol lager.,"ánh sáng, ánh sáng mặt trời, ánh sáng ban ngày",US:/laɪt/,We crossed to the pub on the corner of Carlisle Street and I ordered two schooners of old for him and one of light for me.,Chúng tôi qua cửa hàng bia góc Carlisle Street và tôi đặt hai schooner cũ cho anh ấy và một loại nhẹ cho tôi.
light,,58,noun,beginner,(military|historical) A member of the light cavalry.,"ánh sáng, ánh sáng mặt trời, ánh sáng ban ngày",US:/laɪt/,,
light,,59,verb,beginner,"(nautical) To unload a ship, or to jettison material to make it lighter","lit , lighted",US:/laɪt/,,
light,,60,verb,beginner,To lighten; to ease of a burden; to take off.,"lit , lighted",US:/laɪt/,,
light,,61,verb,beginner,(by extension) To leave; to depart.,"lit , lighted",US:/laɪt/,,
light,,62,verb,beginner,To find by chance.,"lit , lighted",US:/laɪt/,I lit upon a rare book in a second-hand bookseller's.,Tôi phát hiện ra một cuốn sách hiếm trong một cửa hàng sách cũ.
light,,63,verb,beginner,To stop upon of eyes or a glance; to notice,"lit , lighted",US:/laɪt/,,
light,,64,verb,beginner,(archaic) To alight; to land or come down.,"lit , lighted",US:/laɪt/,She fell out of the window but luckily lit on her feet.,Cô ta té từ cửa sổ nhưng may mắn thay đã đứng vững.
book,,1,noun,beginner,"A collection of sheets of paper bound together to hinge at one edge, containing printed or written material, pictures, etc.",sách,US:/buːk/ | US:/bʉk/ | US:/bʊk/,"I repeat: it suffices that a book be possible for it to exist. Only the impossible is excluded. For example: no book can be a ladder, although no doubt there are books which discuss and negate and demonstrate this possibility and others whose structure corresponds to that of a ladder.","Tôi lặp lại: chỉ cần một cuốn sách có thể tồn tại là đủ để nó tồn tại. Chỉ những điều không thể xảy ra mới bị loại bỏ. Ví dụ: không cuốn sách nào có thể là cầu thang, mặc dù không nghi ngờ gì về việc có những cuốn sách thảo luận và phủ định và chứng minh khả năng này và những cuốn sách khác có cấu trúc tương ứng với cấu trúc của một cây cầu."
book,,2,noun,beginner,"A long work fit for publication, typically prose, such as a novel or textbook, and typically published as such a bound collection of sheets, but now sometimes electronically as an e-book.",(số nhiều) sổ sách kế toán,US:/buːk/ | US:/bʉk/ | US:/bʊk/,I have three copies of his first book.,Tôi có ba bản sao của cuốn sách đầu tiên của ông ấy.
book,,3,noun,beginner,A major division of a long work.,(the book) kinh thánh,US:/buːk/ | US:/bʉk/ | US:/bʊk/,Genesis is the first book of the Bible.,Giăngesis là cuốn sách đầu tiên của Kinh Thánh.
book,,4,noun,beginner,(gambling) A record of betting (from the use of a notebook to record what each person has bet).,sách,US:/buːk/ | US:/bʉk/ | US:/bʊk/,I'm running a book on who is going to win the race.,Tôi đang đặt một kèo về ai sẽ thắng cuộc đua.
book,,5,noun,beginner,(informal) A bookmaker (a person who takes bets on sporting events and similar); bookie; turf accountant.,sách,US:/buːk/ | US:/bʉk/ | US:/bʊk/,,
book,,6,noun,beginner,"A convenient collection, in a form resembling a book, of small paper items for individual use.",sách,US:/buːk/ | US:/bʉk/ | US:/bʊk/,,
book,,7,noun,beginner,(theatre) The script of a musical or opera.,sách,US:/buːk/ | US:/bʉk/ | US:/bʊk/,"The guild helps ensure that the ownership and control of the music, lyrics, and book of a show remain in the hands of its authors and composers—not the producers.","Liên đoàn giúp đảm bảo rằng sở hữu và kiểm soát âm nhạc, lời ca và cuốn sách của một chương trình vẫn ở trong tay các tác giả và nhạc sĩ - không phải là nhà sản xuất."
book,,8,noun,beginner,(usually|in the plural) Records of the accounts of a business.,sách,US:/buːk/ | US:/bʉk/ | US:/bʊk/,,
book,,9,noun,beginner,"(legal|colloquial) A book award, a recognition for receiving the highest grade in a class (traditionally an actual book, but recently more likely a letter or certificate acknowledging the achievement).",sách,US:/buːk/ | US:/bʉk/ | US:/bʊk/,,
book,,10,noun,beginner,(whist) Six tricks taken by one side.,sách,US:/buːk/ | US:/bʉk/ | US:/bʊk/,,
book,,11,noun,beginner,"(poker slang) Four of a kind.Weisenberg, Michael (2000) [http://www.poker1.com/mcu/pokerdictionary/mculib_dictionary_info.asp The Official Dictionary of Poker]. MGI/Mike Caro University.",sách,US:/buːk/ | US:/bʉk/ | US:/bʊk/,,
book,,12,noun,beginner,"(sports) A document, held by the referee, of the incidents that happened in a game.",sách,US:/buːk/ | US:/bʉk/ | US:/bʊk/,,
book,,13,noun,beginner,(sports|by extension) A list of all players who have been booked (received a warning) in a game.,sách,US:/buːk/ | US:/bʉk/ | US:/bʊk/,Celtic captain Scott Brown joined team-mate Majstorovic in the book and Rangers' John Fleck was also shown a yellow card as an ill-tempered half drew to a close.,Tiền vệ Celtic Scott Brown cùng đồng đội Majstorovic bị ghi tên trong cuốn sách và Rangers' John Fleck nhận thẻ vàng khi một nửa trận đấu kết thúc với một trận đấu hung hăng.
book,,14,noun,beginner,(horse racing) The list of mares that a stallion will breed in a given season.,sách,US:/buːk/ | US:/bʉk/ | US:/bʊk/,,
book,,15,noun,beginner,(horse racing) A list of the races that a jockey is scheduled to ride in.,sách,US:/buːk/ | US:/bʉk/ | US:/bʊk/,,
book,,16,noun,beginner,(cartomancy) The twenty-sixth Lenormand card.,sách,US:/buːk/ | US:/bʉk/ | US:/bʊk/,,
book,,17,noun,beginner,(figurative) Any source of instruction.,sách,US:/buːk/ | US:/bʉk/ | US:/bʊk/,,
book,,18,noun,beginner,"(with ""the"") The accumulated body of knowledge passed down among black pimps.",sách,US:/buːk/ | US:/bʉk/ | US:/bʊk/,The Book is an oral tradition of belief in The Life that has been passed down from player to player from generation to generation.,Sách là một truyền thống miệng về niềm tin vào Cuộc Sống đã được truyền từ người chơi này sang người chơi khác qua nhiều thế hệ.
book,,19,noun,beginner,(advertising|informal) A portfolio of one's previous work in the industry.,sách,US:/buːk/ | US:/bʉk/ | US:/bʊk/,"Getting your book (portfolio) organised is the first step, and knowing both what to include, and what to leave out, is an essential step towards achieving that important agency placement.","Sắp xếp tổ chức danh mục đầu tư của bạn là bước đầu tiên, và biết cả những gì nên bao gồm và những gì nên bỏ qua là một bước quan trọng trong việc đạt được vị trí đại diện quan trọng."
book,,20,noun,beginner,(chess|uncountable) The sum of chess knowledge in the opening or endgame.,sách,US:/buːk/ | US:/bʉk/ | US:/bʊk/,The opposite-colored bishops endgame is usually a book draw.,Cờ vua đối lập giữa hai tháp hậu thường dẫn đến một kết quả hòa theo sách.
book,,21,noun,beginner,(historical) A package of silk.,sách,US:/buːk/ | US:/bʉk/ | US:/bʊk/,"This machinery was provided with a rotary drum with received upon its periphery the ""books"" of silk to be operated upon and presented them to travelling, combing, or dressing surfaces. The books were clamped and released automatically by the aid of bars formed with wedges and put in operation by screws","Máy móc này được trang bị một cuộn xoay với “sách” sợi tơ được đặt lên méphai và đưa chúng đến bề mặt di chuyển, chải hoặc làm sạch. Sách được cố định và giải phóng tự động nhờ sự giúp đỡ của thanh có răng nanh và được vận hành bằng vít."
book,,22,verb,beginner,(transitive) To reserve (something) for future use.,viết vào vở; ghi vào vở,US:/buːk/ | US:/bʉk/ | US:/bʊk/,I want to book a hotel room for tomorrow night.,Tôi muốn đặt phòng khách sạn cho đêm mai.
book,,23,verb,beginner,"(transitive) To write down, to register or record in a book or as in a book.",ghi tên người mua vé trước,US:/buːk/ | US:/bʉk/ | US:/bʊk/,They booked that message from the hill.,Họ đã đặt tin nhắn từ đồi.
book,,24,verb,beginner,(transitive) To add a name to the list of people who are participating in something.,ghi địa chỉ (để chuyển hàng),US:/buːk/ | US:/bʉk/ | US:/bʊk/,I booked a flight to New York.,Tôi đã đặt vé máy bay đến New York.
book,,25,verb,beginner,(law enforcement|transitive) To record the name and other details of a suspected offender and the offence for later judicial action.,"giữ chỗ trước, mua vé trước",US:/buːk/ | US:/bʉk/ | US:/bʊk/,The police booked him for driving too fast.,Cảnh sát đã đặt anh ta vì lái xe quá nhanh.
book,,26,verb,beginner,"(sports) To issue a caution to, usually a yellow card, or a red card if a yellow card has already been issued.",lấy vé (xe lửa...),US:/buːk/ | US:/bʉk/ | US:/bʊk/,,
book,,27,verb,beginner,(intransitive|slang) To travel very fast.,viết vào vở; ghi vào vở,US:/buːk/ | US:/bʉk/ | US:/bʊk/,He was really booking until he passed the speed trap.,Anh ấy thực sự đang chạy nhanh cho đến khi vượt qua điểm kiểm tra tốc độ.
book,,28,verb,beginner,To record bets as bookmaker.,viết vào vở; ghi vào vở,US:/buːk/ | US:/bʉk/ | US:/bʊk/,,
book,,29,verb,beginner,(transitive|law student slang) To receive the highest grade in a class.,viết vào vở; ghi vào vở,US:/buːk/ | US:/bʉk/ | US:/bʊk/,The top three students had a bet on which one was going to book their intellectual property class.,Ba học sinh xuất sắc nhất đã đánh cược rằng ai sẽ đăng ký lớp sở hữu trí tuệ.
book,,30,verb,beginner,"(intransitive|slang) To move or leave, often hurriedly and abruptly.",viết vào vở; ghi vào vở,US:/buːk/ | US:/bʉk/ | US:/bʊk/,"He was here earlier, but he booked.","Anh ấy ở đây sớm hơn, nhưng anh ấy đã đặt phòng."
book,,31,verb,beginner,(UK|_|dialectal|Northern England),viết vào vở; ghi vào vở,US:/buːk/ | US:/bʉk/ | US:/bʊk/,,
present,,1,adjective,intermediate,"Relating to now, for the time being; current.","có mặt, hiện diện; có (có mặt tại một nơi, trong một chất..)",US:/ˈpɹɛzənt/ | US:/pɹɪˈzɛnt/ | US:/pɹiˈzɛnt/ | US:/pɹəˈzɛnt/,The barbaric practice continues to the present day.,Phá hoại tục hành vẫn tiếp tục đến ngày nay.
present,,2,adjective,intermediate,Located in the immediate vicinity.,"hiện nay, hiện tại, hiện thời (hiện đang xảy ra, đang tồn tại)",US:/ˈpɹɛzənt/ | US:/pɹɪˈzɛnt/ | US:/pɹiˈzɛnt/ | US:/pɹəˈzɛnt/,Only half of all present members were present at the meeting.,Chỉ có một nửa số thành viên hiện diện tham gia cuộc họp.
present,,3,adjective,intermediate,"(obsolete) Having an immediate effect (of a medicine, poison etc.); fast-acting.","hiện đang xem xét, hiện đang giải quyết, hiện đang bàn bạc",US:/ˈpɹɛzənt/ | US:/pɹɪˈzɛnt/ | US:/pɹiˈzɛnt/ | US:/pɹəˈzɛnt/,,
present,,4,adjective,intermediate,(obsolete) Not delayed; immediate; instant.,(ngôn ngữ học) hiện tại,US:/ˈpɹɛzənt/ | US:/pɹɪˈzɛnt/ | US:/pɹiˈzɛnt/ | US:/pɹəˈzɛnt/,An ambassadordesires a present audience.,Một đại sứ mong muốn một khán giả trân trọng.
present,,5,adjective,intermediate,(dated) Ready; quick in emergency.,"(từ cổ, nghĩa cổ) sẵn sàng, sẵn sàng giúp đỡ",US:/ˈpɹɛzənt/ | US:/pɹɪˈzɛnt/ | US:/pɹiˈzɛnt/ | US:/pɹəˈzɛnt/,a present wit,một trí tuệ hiện tại
present,,6,adjective,intermediate,(obsolete) Favorably attentive; propitious.,"có mặt, hiện diện; có (có mặt tại một nơi, trong một chất..)",US:/ˈpɹɛzənt/ | US:/pɹɪˈzɛnt/ | US:/pɹiˈzɛnt/ | US:/pɹəˈzɛnt/,,
present,,7,adjective,intermediate,"Relating to something a person is referring to in the very context, with a deictic use similar to the demonstrative adjective this.","có mặt, hiện diện; có (có mặt tại một nơi, trong một chất..)",US:/ˈpɹɛzənt/ | US:/pɹɪˈzɛnt/ | US:/pɹiˈzɛnt/ | US:/pɹəˈzɛnt/,in the present study; the present article; the present results,Trong nghiên cứu này; bài viết này; kết quả hiện tại
present,,8,adjective,intermediate,Attentive; alert; focused.,"có mặt, hiện diện; có (có mặt tại một nơi, trong một chất..)",US:/ˈpɹɛzənt/ | US:/pɹɪˈzɛnt/ | US:/pɹiˈzɛnt/ | US:/pɹəˈzɛnt/,"Sorry, I was distracted just now, I'll try to be more present from now on.","Xin lỗi, tôi vừa bị phân tâm, từ bây giờ tôi sẽ cố gắng tập trung hơn."
present,,9,adjective,intermediate,(politics) Neither for or against (used in voting to express abstention),"có mặt, hiện diện; có (có mặt tại một nơi, trong một chất..)",US:/ˈpɹɛzənt/ | US:/pɹɪˈzɛnt/ | US:/pɹiˈzɛnt/ | US:/pɹəˈzɛnt/,,
present,,10,noun,intermediate,The current moment or period of time.,"hiện tại, hiện thời, hiện giờ, hiện nay, lúc này, bây giờ",US:/ˈpɹɛzənt/ | US:/pɹɪˈzɛnt/ | US:/pɹiˈzɛnt/ | US:/pɹəˈzɛnt/,,
present,,11,noun,intermediate,(grammar) The present tense.,"(pháp lý); (đùa cợt) tài liệu này, tư liệu này",US:/ˈpɹɛzənt/ | US:/pɹɪˈzɛnt/ | US:/pɹiˈzɛnt/ | US:/pɹəˈzɛnt/,,
present,,12,noun,intermediate,"A gift, especially one given for birthdays, Christmas, anniversaries, graduations, weddings, or any other special occasions.",(ngôn ngữ học) thời hiện tại,US:/ˈpɹɛzənt/ | US:/pɹɪˈzɛnt/ | US:/pɹiˈzɛnt/ | US:/pɹəˈzɛnt/,Oh! Thank you for the presents! How considerate of you!,Ôi! Cảm ơn vì những món quà! Bạn rất chu đáo!
present,,13,noun,intermediate,(military) The position of a soldier in presenting arms.,"quà biếu, đồ tặng, tặng phẩm",US:/ˈpɹɛzənt/ | US:/pɹɪˈzɛnt/ | US:/pɹiˈzɛnt/ | US:/pɹəˈzɛnt/,The platoon stands at present.,Trung đội hiện tại đứng ở đây.
present,,14,noun,intermediate,(colloquial|euphemistic|affectionate) poo; feces,tư thế giơ súng ngắm; tư thế bồng súng chào,US:/ˈpɹɛzənt/ | US:/pɹɪˈzɛnt/ | US:/pɹiˈzɛnt/ | US:/pɹəˈzɛnt/,I think our toddler's just left us a little present in his diaper...,Tôi nghĩ đứa trẻ của chúng tôi vừa để lại một món quà nhỏ trong tã...
present,,15,verb,intermediate,To bring (someone) into the presence of (a person); to introduce formally.,"đưa ra, bày ra, lộ ra, giơ ra, phô ra",US:/ˈpɹɛzənt/ | US:/pɹɪˈzɛnt/ | US:/pɹiˈzɛnt/ | US:/pɹəˈzɛnt/,to present an envoy to the king,trình bày một đại diện trước vua
present,,16,verb,intermediate,(intransitive) To appear or represent oneself outwardly.,"đưa, trình, nộp, dâng (để ai (xem) xét)",US:/ˈpɹɛzənt/ | US:/pɹɪˈzɛnt/ | US:/pɹiˈzɛnt/ | US:/pɹəˈzɛnt/,,
present,,17,verb,intermediate,(transitive) To nominate (a member of the clergy) for an ecclesiastical benefice; to offer to the bishop or ordinary as a candidate for institution.,"bày tỏ, trình bày, biểu thị, ngỏ lời",US:/ˈpɹɛzənt/ | US:/pɹɪˈzɛnt/ | US:/pɹiˈzɛnt/ | US:/pɹəˈzɛnt/,,
present,,18,verb,intermediate,"(transitive) To offer (a problem, complaint) to a court or other authority for consideration.","trình diện (người); xuất hiện, ló ra, nảy ra (về một dịp, một giải pháp..)",US:/ˈpɹɛzənt/ | US:/pɹɪˈzɛnt/ | US:/pɹiˈzɛnt/ | US:/pɹəˈzɛnt/,,
present,,19,verb,intermediate,(transitive|now|rare) To charge (a person) with a crime or accusation; to bring before court.,trình diễn (một vở kịch); cho (diễn viên) ra mắt,US:/ˈpɹɛzənt/ | US:/pɹɪˈzɛnt/ | US:/pɹiˈzɛnt/ | US:/pɹəˈzɛnt/,In the diocese of Gloucester in 1548 two inhabitants of Slimbridge were presented for saying that holy oil was ‘of no virtue but meet to grease sheep’.,"Trong giáo phận Gloucester vào năm 1548, hai cư dân của Slimbridge đã bị trình bày vì nói rằng dầu thánh không có giá trị gì ngoài việc làm dầu mỡ cho gia súc."
present,,20,verb,intermediate,"(reflexive) To come forward, appear in a particular place or before a particular person, especially formally.","giới thiệu (ai với ai); đưa (ai) vào yết kiến, đưa (ai) vào bệ kiến (vua...)",US:/ˈpɹɛzənt/ | US:/pɹɪˈzɛnt/ | US:/pɹiˈzɛnt/ | US:/pɹəˈzɛnt/,,
present,,21,verb,intermediate,"(transitive) To put (something) forward in order for it to be seen; to show, exhibit.","đặt ra, bộc lộ (cái gì cho ai biết)",US:/ˈpɹɛzənt/ | US:/pɹɪˈzɛnt/ | US:/pɹiˈzɛnt/ | US:/pɹəˈzɛnt/,,
present,,22,verb,intermediate,(transitive) To make clear to one's mind or intelligence; to put forward for consideration.,(tôn giáo) tiến cử (thầy tu với giám mục để cai quản xứ đạo),US:/ˈpɹɛzənt/ | US:/pɹɪˈzɛnt/ | US:/pɹiˈzɛnt/ | US:/pɹəˈzɛnt/,I do begin to realize that the matter must be presented in such a way as may interest the reader.,Tôi bắt đầu nhận ra rằng vấn đề này cần được trình bày một cách có thể thu hút sự quan tâm của độc giả.
present,,23,verb,intermediate,"(transitive) To put on, stage (a play etc.).",trao tặng (ai cái gì),US:/ˈpɹɛzənt/ | US:/pɹɪˈzɛnt/ | US:/pɹiˈzɛnt/ | US:/pɹəˈzɛnt/,The theater is proud to present the Fearless Fliers.,Nhà hát tự hào trình diễn Fearless Fliers.
present,,24,verb,intermediate,"(transitive|military) To point (a firearm) at something, to hold (a weapon) in a position ready to fire.",đưa ra (hoá đơn..),US:/ˈpɹɛzənt/ | US:/pɹɪˈzɛnt/ | US:/pɹiˈzɛnt/ | US:/pɹəˈzɛnt/,,
present,,25,verb,intermediate,(reflexive) To offer oneself for mental consideration; to occur to the mind.,(quân sự) giơ (súng) ngắm; bồng (súng) chào,US:/ˈpɹɛzənt/ | US:/pɹɪˈzɛnt/ | US:/pɹiˈzɛnt/ | US:/pɹəˈzɛnt/,"Well, one idea does present itself.",Một ý tưởng nào đó thực sự xuất hiện.
present,,26,verb,intermediate,"(intransitive|medicine) To come to the attention of medical staff, especially a specific symptom.","đưa ra, bày ra, lộ ra, giơ ra, phô ra",US:/ˈpɹɛzənt/ | US:/pɹɪˈzɛnt/ | US:/pɹiˈzɛnt/ | US:/pɹəˈzɛnt/,The patient presented with insomnia.,Người bệnh đến với triệu chứng mất ngủ.
present,,27,verb,intermediate,(intransitive|medicine) To appear (in a specific way) for delivery (of a fetus); to appear first at the mouth of the uterus during childbirth.,"đưa ra, bày ra, lộ ra, giơ ra, phô ra",US:/ˈpɹɛzənt/ | US:/pɹɪˈzɛnt/ | US:/pɹiˈzɛnt/ | US:/pɹəˈzɛnt/,,
present,,28,verb,intermediate,"(intransitive|with ""as"") To appear or represent oneself (as having a certain gender).","đưa ra, bày ra, lộ ra, giơ ra, phô ra",US:/ˈpɹɛzənt/ | US:/pɹɪˈzɛnt/ | US:/pɹiˈzɛnt/ | US:/pɹəˈzɛnt/,"At that time, Elbe was presenting as a man.","Khi đó, Elbe đang xuất hiện như một người đàn ông."
present,,29,verb,intermediate,"(transitive) To act as presenter on (a radio, television programme etc.).","đưa ra, bày ra, lộ ra, giơ ra, phô ra",US:/ˈpɹɛzənt/ | US:/pɹɪˈzɛnt/ | US:/pɹiˈzɛnt/ | US:/pɹəˈzɛnt/,"The Weakest Link (UK game show)|The Weakest Link"".}}",The Weakest Link（英国电视节目）The Weakest Link
present,,30,verb,intermediate,(transitive) To give a gift or presentation to (someone).,"đưa ra, bày ra, lộ ra, giơ ra, phô ra",US:/ˈpɹɛzənt/ | US:/pɹɪˈzɛnt/ | US:/pɹiˈzɛnt/ | US:/pɹəˈzɛnt/,She was presented with an honorary degree for her services to entertainment.,Cô ấy được trao bằng danh dự vì những đóng góp của mình trong ngành giải trí.
present,,31,verb,intermediate,(transitive) To deliver (something abstract) as though as a gift; to offer.,"đưa ra, bày ra, lộ ra, giơ ra, phô ra",US:/ˈpɹɛzənt/ | US:/pɹɪˈzɛnt/ | US:/pɹiˈzɛnt/ | US:/pɹəˈzɛnt/,I presented my compliments to Lady Featherstoneshaw.,Tôi đã trình bày lời chúc tốt đẹp của mình đến Lady Featherstoneshaw.
present,,32,verb,intermediate,(transitive) To hand over (a bill etc.) to be paid.,"đưa ra, bày ra, lộ ra, giơ ra, phô ra",US:/ˈpɹɛzənt/ | US:/pɹɪˈzɛnt/ | US:/pɹiˈzɛnt/ | US:/pɹəˈzɛnt/,,
present,,33,verb,intermediate,(intransitive|zoology) To display one's female genitalia in a way that signals to others that one is ready for copulation. Also referred to as from 20th c.,"đưa ra, bày ra, lộ ra, giơ ra, phô ra",US:/ˈpɹɛzənt/ | US:/pɹɪˈzɛnt/ | US:/pɹiˈzɛnt/ | US:/pɹəˈzɛnt/,,
present,,34,verb,intermediate,"(fandom slang) In omegaverse fiction, to have one's secondary sex (alpha, omega, or beta) become apparent, typically at puberty.","đưa ra, bày ra, lộ ra, giơ ra, phô ra",US:/ˈpɹɛzənt/ | US:/pɹɪˈzɛnt/ | US:/pɹiˈzɛnt/ | US:/pɹəˈzɛnt/,"Deans kräftige Statur und Größe kommen eher dem stereotypischen Körperbau eines Alphas nahe als dem eines Omegas, was die große Enttäuschung seines Vaters verursachte, der erwartete, dass er als Alpha präsentiert.","Đểans cường độ và kích thước của Deans gần giống với hình thể điển hình của một Alpha hơn là một Omega, điều này gây ra sự thất vọng lớn của cha anh, người kỳ vọng rằng anh sẽ được trình bày như một Alpha."
record,,1,noun,intermediate,An item of information put into a temporary or permanent physical medium.,sổ sách ghi chép; hồ sơ,UK:/ɹɨˈkɔːd/ | US:/ˈɹɛk.ɔːd/ | US:/ˈɹɛk.ɚd/ | US:/ɹɪˈkɔɹd/,The person had a record of the interview so she could review her notes.,Người đó đã ghi lại cuộc phỏng vấn nên cô ấy có thể xem lại các ghi chú của mình.
record,,2,noun,intermediate,Any instance of a physical medium on which information was put for the purpose of preserving it and making it available for future reference.,thành tích; tiếng tăm; lý lịch (trong quá khứ..),UK:/ɹɨˈkɔːd/ | US:/ˈɹɛk.ɔːd/ | US:/ˈɹɛk.ɚd/ | US:/ɹɪˈkɔɹd/,We have no record of you making this payment to us.,Chúng tôi không có bản ghi về bạn đã thanh toán cho chúng tôi.
record,,3,noun,intermediate,Any instance of a physical medium on which information was put for the purpose of preserving it and making it available for future reference.,"(thể dục, thể thao) thành tích, kỷ lục",UK:/ɹɨˈkɔːd/ | US:/ˈɹɛk.ɔːd/ | US:/ˈɹɛk.ɚd/ | US:/ɹɪˈkɔɹd/,We have no record of you making this payment to us.,Chúng tôi không có bản ghi về bạn đã thanh toán cho chúng tôi.
record,,4,noun,intermediate,(computing) A set of data relating to a single individual or item.,(tin học) một bộ dữ liệu có liên quan tạo thành một đơn vị trong hồ sơ máy tính,UK:/ɹɨˈkɔːd/ | US:/ˈɹɛk.ɔːd/ | US:/ˈɹɛk.ɚd/ | US:/ɹɪˈkɔɹd/,Pull up the record on John Smith. What's his medical history?,Tải lên bản ghi âm của John Smith. Lịch sử y tế của ông ấy là gì?
record,,5,noun,intermediate,"(programming) A data structure similar to a struct, in some programming languages such as C# and Java based on classes and designed for storing immutable data.","đĩa hát, đĩa ghi âm (như) gramophone record, disc",UK:/ɹɨˈkɔːd/ | US:/ˈɹɛk.ɔːd/ | US:/ˈɹɛk.ɚd/ | US:/ɹɪˈkɔɹd/,"This chapter examines another data structure, the record (available in Pascal but not in all other high-level languages). Records make it easier to organize and represent information in Pascal, a major reason for the popularity of the Pascal","Chương này xem xét cấu trúc dữ liệu khác, bản ghi (trong Pascal nhưng không phải trong tất cả các ngôn ngữ lập trình cao cấp khác). Bản ghi giúp tổ chức và đại diện thông tin dễ dàng hơn trong Pascal, một nguyên nhân chính cho sự phổ biến của Pascal."
record,,6,noun,intermediate,"The most extreme known value of some variable, particularly that of an achievement in competitive events.",sổ sách ghi chép; hồ sơ,UK:/ɹɨˈkɔːd/ | US:/ˈɹɛk.ɔːd/ | US:/ˈɹɛk.ɚd/ | US:/ɹɪˈkɔɹd/,The heat and humidity were both new records., Nhiệt độ và độ ẩm đều là kỷ lục mới.
record,,7,adjective,intermediate,(attributive) Enough to break previous records and set a new one; world-class; historic.,(thông tục) không được ghi; không chính thức,UK:/ɹɨˈkɔːd/ | US:/ˈɹɛk.ɔːd/ | US:/ˈɹɛk.ɚd/ | US:/ɹɪˈkɔɹd/,"""But it's far worse for me,"" said Edmund, ""because you'll at least have a room of your own and I shall have to share a bedroom with that record stinker, Eustace.""","""Nhưng nó tồi tệ hơn cho tôi, "" nói Edmund, ""vì bạn sẽ ít nhất có phòng riêng của mình và tôi sẽ phải chia sẻ phòng ngủ với tên bản ghi két, Eustace. """
record,,8,verb,intermediate,(transitive) To make a record of information.,"ghi lại, ghi chép",UK:/ɹɨˈkɔːd/ | US:/ˈɹɛk.ɔːd/ | US:/ˈɹɛk.ɚd/ | US:/ɹɪˈkɔɹd/,"I wanted to record every detail of what happened, for the benefit of future generations.","Tôi muốn ghi lại chi tiết của mọi sự kiện đã xảy ra, để phục vụ cho các thế hệ sau này."
record,,9,verb,intermediate,(transitive) To make an audio or video recording of.,giữ lại (âm thanh hoặc hình ảnh) trên đĩa hoặc băng từ để in lại về sau; thu,UK:/ɹɨˈkɔːd/ | US:/ˈɹɛk.ɔːd/ | US:/ˈɹɛk.ɚd/ | US:/ɹɪˈkɔɹd/,Within a week they had recorded both the song and the video for it.,"Trong vòng một tuần, họ đã ghi âm cả bài hát và video cho nó."
record,,10,verb,intermediate,(transitive|legal) To give legal status to by making an official public record.,"(về dụng cụ đo) chỉ, ghi",UK:/ɹɨˈkɔːd/ | US:/ˈɹɛk.ɔːd/ | US:/ˈɹɛk.ɚd/ | US:/ɹɪˈkɔɹd/,"When the deed was recorded, we officially owned the house.","Khi việc làm đó được ghi nhận, chúng tôi đã chính thức sở hữu ngôi nhà."
record,,11,verb,intermediate,"(intransitive) To fix in a medium, usually in a tangible medium.","ghi lại, ghi chép",UK:/ɹɨˈkɔːd/ | US:/ˈɹɛk.ɔːd/ | US:/ˈɹɛk.ɚd/ | US:/ɹɪˈkɔɹd/,,
record,,12,verb,intermediate,"(intransitive) To make an audio, video, or multimedia recording.","ghi lại, ghi chép",UK:/ɹɨˈkɔːd/ | US:/ˈɹɛk.ɔːd/ | US:/ˈɹɛk.ɚd/ | US:/ɹɪˈkɔɹd/,,
record,,13,verb,intermediate,(transitive|intransitive|obsolete) To repeat; to practice.,"ghi lại, ghi chép",UK:/ɹɨˈkɔːd/ | US:/ˈɹɛk.ɔːd/ | US:/ˈɹɛk.ɚd/ | US:/ɹɪˈkɔɹd/,,
record,,14,verb,intermediate,(ambitransitive|obsolete) To sing or repeat a tune.,"ghi lại, ghi chép",UK:/ɹɨˈkɔːd/ | US:/ˈɹɛk.ɔːd/ | US:/ˈɹɛk.ɚd/ | US:/ɹɪˈkɔɹd/,"They long’d to see the day, to heare the larkeRecord her hymnes and chant her carols blest,","Họ mong muốn được thấy ngày đó, nghe chim La-ke ghi âm bài thánh ca và hát bài vui mừng một cách hạnh phúc nhất"
record,,15,verb,intermediate,(obsolete) To reflect; to ponder.,"ghi lại, ghi chép",UK:/ɹɨˈkɔːd/ | US:/ˈɹɛk.ɔːd/ | US:/ˈɹɛk.ɚd/ | US:/ɹɪˈkɔɹd/,,
close,,1,verb,beginner,"(physical) To remove or block an opening, gap or passage through.","đóng, khép",US:/kləʊz/ | US:/kloʊz/ | US:/kləʊs/ | US:/kloʊs/,,
close,,2,verb,beginner,"(ambitransitive) To move a thing, or part of a thing, nearer to another so that the gap or opening between the two is removed.","làm khít lại, dồn lại gần, làm sát lại nhau",US:/kləʊz/ | US:/kloʊz/ | US:/kləʊs/ | US:/kloʊs/,Close the door behind you when you leave.,"Khi bạn rời đi, hãy đóng cửa sau lưng bạn."
close,,3,verb,beginner,(transitive) To obstruct or block.,"kết thúc, chấm dứt, làm xong",US:/kləʊz/ | US:/kloʊz/ | US:/kləʊs/ | US:/kloʊs/,They closed the road for the festival.,Họ đã đóng đường cho lễ hội.
close,,4,verb,beginner,(intransitive) To become denser or more crowded with objects.,"đóng, khép",US:/kləʊz/ | US:/kloʊz/ | US:/kləʊs/ | US:/kloʊs/,"As we penetrated further, the forest closed around us.","Khi chúng tôi đi sâu hơn, rừng đã bao vây chúng tôi."
close,,5,verb,beginner,(figuratively|transitive|intransitive) To make or become unreceptive.,"kết thúc, chấm dứt",US:/kləʊz/ | US:/kloʊz/ | US:/kləʊs/ | US:/kloʊs/,He has closed his mind to new ideas.,Anh ấy đã từ chối mọi ý tưởng mới.
close,,6,verb,beginner,(transitive|intransitive|engineering|gas and liquid flow|of valve or damper) To move to a position preventing fluid from flowing.,"đóng, khép",US:/kləʊz/ | US:/kloʊz/ | US:/kləʊs/ | US:/kloʊs/,,
close,,7,verb,beginner,"(transitive|intransitive|electricity|of a switch, fuse or circuit breaker) To move to a position allowing electricity to flow.","đóng, khép",US:/kləʊz/ | US:/kloʊz/ | US:/kləʊs/ | US:/kloʊs/,,
close,,8,verb,beginner,To grapple; to engage in close combat.,"đóng, khép",US:/kləʊz/ | US:/kloʊz/ | US:/kləʊs/ | US:/kloʊs/,,
close,,9,verb,beginner,"(transitive|intransitive|especially|sports) To angle (a club, bat or other hitting implement) downwards and/or (for a right-hander) anticlockwise of straight.","đóng, khép",US:/kləʊz/ | US:/kloʊz/ | US:/kləʊs/ | US:/kloʊs/,,
close,,10,verb,beginner,To finish.,"đóng, khép",US:/kləʊz/ | US:/kloʊz/ | US:/kləʊs/ | US:/kloʊs/,,
close,,11,verb,beginner,(transitive) To end or conclude.,"đóng, khép",US:/kləʊz/ | US:/kloʊz/ | US:/kləʊs/ | US:/kloʊs/,The committee chairman made a few concluding remarks and then closed the session.,Chủ tịch ban đã nói một số lời kết luận và sau đó kết thúc phiên họp.
close,,12,verb,beginner,(intransitive) To finish; to come to an end.,"đóng, khép",US:/kləʊz/ | US:/kloʊz/ | US:/kləʊs/ | US:/kloʊs/,The debate closed at six o'clock.,Phong trào tranh luận kết thúc vào lúc sáu giờ.
close,,13,verb,beginner,(ergative|marketing) To conclude (a sale).,"đóng, khép",US:/kləʊz/ | US:/kloʊz/ | US:/kləʊs/ | US:/kloʊs/,,
close,,14,verb,beginner,(transitive) To perform as the final act at (a show etc.).,"đóng, khép",US:/kləʊz/ | US:/kloʊz/ | US:/kləʊs/ | US:/kloʊs/,Nirvana closed the festival.,Nirvana đã kết thúc lễ hội.
close,,15,verb,beginner,"(transitive|baseball|pitching) To make the final outs, usually three, of a game.","đóng, khép",US:/kləʊz/ | US:/kloʊz/ | US:/kləʊs/ | US:/kloʊs/,He has closed the last two games for his team.,Anh ấy đã đóng cửa hai trận đấu cuối cùng cho đội của mình.
close,,16,verb,beginner,(transitive|finance) To cancel or reverse (a trading position).,"đóng, khép",US:/kləʊz/ | US:/kloʊz/ | US:/kləʊs/ | US:/kloʊs/,,
close,,17,verb,beginner,To make or become non-operational or unavailable for use.,"đóng, khép",US:/kləʊz/ | US:/kloʊz/ | US:/kləʊs/ | US:/kloʊs/,,
close,,18,verb,beginner,(transitive) To put out of use or operation.,"đóng, khép",US:/kləʊz/ | US:/kloʊz/ | US:/kləʊs/ | US:/kloʊs/,We are closing the phone lines at 9 pm.,Chúng tôi sẽ tắt đường dây điện thoại lúc 9 giờ tối.
close,,19,verb,beginner,(intransitive) To cease operation or cease to be available.,"đóng, khép",US:/kləʊz/ | US:/kloʊz/ | US:/kləʊs/ | US:/kloʊs/,Phone lines will close in ten minutes.,Điện thoại sẽ tắt trong mười phút nữa.
close,,20,verb,beginner,"(intransitive|of a business, market etc.) To cease trading for the day, or permanently.","đóng, khép",US:/kləʊz/ | US:/kloʊz/ | US:/kləʊs/ | US:/kloʊs/,The supermarket closes at eight o'clock.,Siêu thị đóng cửa lúc tám giờ.
close,,21,verb,beginner,"(intransitive) To do the tasks (putting things away, locking doors, etc.) required to prepare a store or other establishment to shut down for the night.","đóng, khép",US:/kləʊz/ | US:/kloʊz/ | US:/kləʊs/ | US:/kloʊs/,Whoever closed last night forgot to turn off the closet light.,Người đóng cửa đêm qua quên tắt đèn trong tủ quần áo.
close,,22,verb,beginner,"(ergative|computing) To terminate an application, window, file or database connection, etc.","đóng, khép",US:/kləʊz/ | US:/kloʊz/ | US:/kləʊs/ | US:/kloʊs/,Close the file when you have finished reading data.,Hãy tắt đèn khi bạn đã xong việc đọc dữ liệu.
close,,23,verb,beginner,(Philippines|Quebec|Greece|Cyprus) To turn off; to switch off.,"đóng, khép",US:/kləʊz/ | US:/kloʊz/ | US:/kləʊs/ | US:/kloʊs/,"Please close the lights, the (electric) fan, the TV.","Hãy tắt đèn, quạt điện và TV."
close,,24,verb,beginner,(chiefly|figurative) To come or gather around; to enclose.,"đóng, khép",US:/kləʊz/ | US:/kloʊz/ | US:/kləʊs/ | US:/kloʊs/,"But now Thou dost Thyself immure and close / In some one corner of a feeble heart; / Where yet both Sinne and Satan, Thy old foes, / Do pinch and straiten Thee, and use much art / To gain Thy thirds' and little part.","Nhưng giờ đây, Ngươi đã tự mình giam mình và đóng cửa / Trong một góc nhỏ của một trái tim yếu đuối; / Ở đó, cả Sünde và Satan, kẻ thù cũ của Ngươi, / Đang bóp méo và siết chặt Ngươi, và sử dụng nhiều thủ đoạn / Để chiếm đoạt phần ba và ít nhất của Ngươi."
close,,25,verb,beginner,"(surveying) To have a vector sum of 0; that is, to form a closed polygon.","đóng, khép",US:/kləʊz/ | US:/kloʊz/ | US:/kləʊs/ | US:/kloʊs/,,
close,,26,noun,beginner,An end or conclusion.,khu đất có rào,US:/kləʊz/ | US:/kloʊz/ | US:/kləʊs/ | US:/kloʊs/,We owe them our thanks for bringing the project to a successful close.,Chúng tôi cảm ơn họ vì đã giúp dự án kết thúc thành công.
close,,27,noun,beginner,The manner of shutting; the union of parts; junction.,sân trường,US:/kləʊz/ | US:/kloʊz/ | US:/kləʊs/ | US:/kloʊs/,,
close,,28,noun,beginner,(sales) The point at the end of a sales pitch when the consumer is asked to buy.,sân trong (nhà thờ),US:/kləʊz/ | US:/kloʊz/ | US:/kləʊs/ | US:/kloʊs/,"Regardless of the situation, the minute you feel it's time for the close, try it.","Dù trong bất kỳ tình huống nào, hãy thử đóng cửa khi bạn cảm thấy đã đến lúc."
close,,29,noun,beginner,A grapple in wrestling.,"phố cụt, ngõ cụt",US:/kləʊz/ | US:/kloʊz/ | US:/kləʊs/ | US:/kloʊs/,,
close,,30,noun,beginner,(music) The conclusion of a strain of music; cadence.,"sự kết thúc, lúc kết thúc; phần cuối",US:/kləʊz/ | US:/kloʊz/ | US:/kləʊs/ | US:/kloʊs/,,
close,,31,noun,beginner,(music) A double bar marking the end.,sự ôm nhau vật; sự đánh giáp lá cà,US:/kləʊz/ | US:/kloʊz/ | US:/kləʊs/ | US:/kloʊs/,,
close,,32,noun,beginner,(aviation|travel) The time when check-in staff will no longer accept passengers for a flight.,(âm nhạc) kết,US:/kləʊz/ | US:/kloʊz/ | US:/kləʊs/ | US:/kloʊs/,,
close,,33,adjective,beginner,"Having little difference or distance in place, position, or abstractly; see also close to.",gần về không gian hoặc thời gian,US:/kləʊz/ | US:/kloʊz/ | US:/kləʊs/ | US:/kloʊs/,,
close,,34,adjective,beginner,At little distance; near in space or time.,gần (trong quan hệ),US:/kləʊz/ | US:/kloʊz/ | US:/kləʊs/ | US:/kloʊs/,Is your house close?,Nhà của bạn gần đây không?
close,,35,adjective,beginner,"Almost, but not quite (getting to an answer, goal, or other state); .",thân; thân thiết,US:/kləʊz/ | US:/kloʊz/ | US:/kləʊs/ | US:/kloʊs/,"No, but you were close.","Không, nhưng bạn đã gần đúng."
close,,36,adjective,beginner,(in particular) Almost resulting in disaster.,ở mức độ cao,US:/kləʊz/ | US:/kloʊz/ | US:/kləʊs/ | US:/kloʊs/,Phew! That was close!,Trời ơi! Đó là một cuộc đấu tranh thật sự!
close,,37,adjective,beginner,Nearly equal; almost evenly balanced; almost exactly matching.,dày đặc; khít,US:/kləʊz/ | US:/kloʊz/ | US:/kləʊs/ | US:/kloʊs/,Their ages are quite close.,Tuổi tác của họ khá gần nhau.
close,,38,adjective,beginner,Adhering strictly to a standard or original; exact or nearly so.,"chặt chẽ, xít xao",US:/kləʊz/ | US:/kloʊz/ | US:/kləʊs/ | US:/kloʊs/,a close translation; a close copy,một bản dịch gần đúng; bản sao gần đúng
close,,39,adjective,beginner,Intimate or immediate in personal relationship.,"(về một cuộc đua, trò chơi...) gồm các đấu thủ ngang sức với nhau",US:/kləʊz/ | US:/kloʊz/ | US:/kləʊs/ | US:/kloʊs/,He is a close friend.,Anh ấy là một người bạn thân thiết.
close,,40,adjective,beginner,"Involving a tight connection; involving frequent communication, shared or cooperative activity, etc.","(về thời tiết) ẩm ướt, ngột ngạt, nặng nề",US:/kləʊz/ | US:/kloʊz/ | US:/kləʊs/ | US:/kloʊs/,We have a close affiliation with the college.,Chúng tôi có một liên kết gần gũi với trường đại học.
close,,41,adjective,beginner,"Compressed, restricted, constrained, etc.",(về một căn buồng) không có không khí trong lành; ngột ngạt,US:/kləʊz/ | US:/kloʊz/ | US:/kləʊs/ | US:/kloʊs/,,
close,,42,adjective,beginner,(archaic|_|outside certain phrases) Physically narrow or confined.,(ngữ âm) (về các nguyên âm) được phát âm với vị trí lưỡi nâng lên sát vòm miệng,US:/kləʊz/ | US:/kloʊz/ | US:/kləʊs/ | US:/kloʊs/,a close alley; close quarters; close confines,một hẻm hẹp; không gian gần gũi; giới hạn gần gũi
close,,43,adjective,beginner,"Tight, with little space separating components or elements.","bủn xỉn, hà tiện",US:/kləʊz/ | US:/kloʊz/ | US:/kləʊs/ | US:/kloʊs/,For this job it's best to use wood with a close grain.,"Đối với công việc này, tốt nhất là sử dụng gỗ có vân gần gũi."
close,,44,adjective,beginner,Strictly confined; carefully guarded.,"sát bề mặt, rất ngắn",US:/kləʊz/ | US:/kloʊz/ | US:/kləʊs/ | US:/kloʊs/,He was captured and kept a close prisoner.,Anh ta bị bắt và bị giam giữ trong một môi trường nghiêm ngặt.
close,,45,adjective,beginner,Tightly restricted in availability.,bí mật; kín đáo,US:/kləʊz/ | US:/kloʊz/ | US:/kləʊs/ | US:/kloʊs/,The pregnancy was a close secret.,Mình mang thai là một bí mật nghiêm ngặt.
close,,46,adjective,beginner,"(legal) Of a corporation or other business entity, closely held.","hạn chế, cấm",US:/kləʊz/ | US:/kloʊz/ | US:/kləʊs/ | US:/kloʊs/,,
close,,47,adjective,beginner,Oppressive; without motion or ventilation; causing a feeling of lassitude.,gần về không gian hoặc thời gian,US:/kləʊz/ | US:/kloʊz/ | US:/kləʊs/ | US:/kloʊs/,,
close,,48,adjective,beginner,"(Ireland|UK|weather) Hot, humid, with no wind.",gần về không gian hoặc thời gian,US:/kləʊz/ | US:/kloʊz/ | US:/kləʊs/ | US:/kloʊs/,,
close,,49,adjective,beginner,(archaic) Dense; solid; compact.,gần về không gian hoặc thời gian,US:/kləʊz/ | US:/kloʊz/ | US:/kləʊs/ | US:/kloʊs/,,
close,,50,adjective,beginner,"Rigorous, careful, etc.",gần về không gian hoặc thời gian,US:/kləʊz/ | US:/kloʊz/ | US:/kləʊs/ | US:/kloʊs/,,
close,,51,adjective,beginner,; undeviating; strict.,gần về không gian hoặc thời gian,US:/kləʊz/ | US:/kloʊz/ | US:/kləʊs/ | US:/kloʊs/,The patient was kept under close observation.,Người bệnh được giám sát nghiêm ngặt.
close,,52,adjective,beginner,"Carefully done, detailed.",gần về không gian hoặc thời gian,US:/kləʊz/ | US:/kloʊz/ | US:/kləʊs/ | US:/kloʊs/,This issue merits close examination.,"Rất tiếc, sau khi đọc kỹ các điều khoản và điều kiện, có vẻ rằng bảo hiểm của bạn không bao gồm điều này."
close,,53,adjective,beginner,Accurate; precise.,gần về không gian hoặc thời gian,US:/kləʊz/ | US:/kloʊz/ | US:/kləʊs/ | US:/kloʊs/,,
close,,54,adjective,beginner,Short.,gần về không gian hoặc thời gian,US:/kləʊz/ | US:/kloʊz/ | US:/kləʊs/ | US:/kloʊs/,to cut grass or hair close,Để cắt cỏ hoặc tóc ngắn.
close,,55,adjective,beginner,"(now|rare) Closed, shut.",gần về không gian hoặc thời gian,US:/kləʊz/ | US:/kloʊz/ | US:/kləʊs/ | US:/kloʊs/,"As the alchymists were assiduous workmen—as they mixed all the metals, salts, &c... and subjected such mixtures to the action of heat in close vessels, their labours were occasionally repaid by the discovery of new substances...","Vì các alchymists là những người làm việc chăm chỉ - họ pha trộn tất cả các kim loại, muối, v.v... và áp dụng tác động nhiệt lên các hỗn hợp trong các bình kín, công việc của họ đôi khi được đền đáp bằng sự hiện diện của các chất mới..."
close,,56,adjective,beginner,(linguistics|phonetics|of a vowel) Articulated with the tongue body relatively close to the hard palate.,gần về không gian hoặc thời gian,US:/kləʊz/ | US:/kloʊz/ | US:/kləʊs/ | US:/kloʊs/,,
close,,57,adjective,beginner,"(heraldry|of a bird) With its wings at its side, closed, held near to its body (typically also statant); (of wings) in this posture. right|thumb|An eagle close.",gần về không gian hoặc thời gian,US:/kləʊz/ | US:/kloʊz/ | US:/kləʊs/ | US:/kloʊs/,"Crest, a cockatrice, wings close, vert, combed and wattled gu.","Sơn mài, một con gà chọi cánh khép kín, màu xanh lá, lược và lông."
close,,58,adjective,beginner,(dated) Difficult to obtain.,gần về không gian hoặc thời gian,US:/kləʊz/ | US:/kloʊz/ | US:/kləʊs/ | US:/kloʊs/,Money is close.,Tiền rất khan hiếm.
close,,59,adjective,beginner,(dated) Parsimonious; stingy.,gần về không gian hoặc thời gian,US:/kləʊz/ | US:/kloʊz/ | US:/kləʊs/ | US:/kloʊs/,"[...] he was a crusty old fellow, as close as a vice.","... anh ta là một ông già cứng đầu, như một cái kẹp."
close,,60,adjective,beginner,(obsolete) Out of the way of observation; secluded; secret; hidden.,gần về không gian hoặc thời gian,US:/kləʊz/ | US:/kloʊz/ | US:/kləʊs/ | US:/kloʊs/,,
close,,61,adjective,beginner,(archaic) Concise; to the point.,gần về không gian hoặc thời gian,US:/kləʊz/ | US:/kloʊz/ | US:/kləʊs/ | US:/kloʊs/,close reasoning,Lý luận chặt chẽ.
close,,62,adjective,beginner,"Marked, evident.",gần về không gian hoặc thời gian,US:/kləʊz/ | US:/kloʊz/ | US:/kləʊs/ | US:/kloʊs/,,
close,,63,adverb,beginner,In a close manner (limited contexts; more often closely).,để lại ít khoảng trống ở giữa; ở gần,US:/kləʊz/ | US:/kloʊz/ | US:/kləʊs/ | US:/kloʊs/,,
close,,64,adverb,beginner,So as to leave or create little distance or space between objects.,để lại ít khoảng trống ở giữa; ở gần,US:/kləʊz/ | US:/kloʊz/ | US:/kləʊs/ | US:/kloʊs/,The car behind was following too close and could not brake in time.,Xe sau đang di chuyển quá gần và không thể dừng lại kịp thời.
close,,65,adverb,beginner,"Carefully, in detail.",để lại ít khoảng trống ở giữa; ở gần,US:/kləʊz/ | US:/kloʊz/ | US:/kləʊs/ | US:/kloʊs/,Look close at the pictures.,Xem kỹ hình ảnh.
close,,66,adverb,beginner,"Carefully, in detail.",để lại ít khoảng trống ở giữa; ở gần,US:/kləʊz/ | US:/kloʊz/ | US:/kləʊs/ | US:/kloʊs/,Look close at the pictures.,Xem kỹ vào những bức ảnh.
close,,67,noun,beginner,"(now|rare|chiefly Yorkshire) An enclosed field, especially a field enclosed around a (usually religious) building.",khu đất có rào,US:/kləʊz/ | US:/kloʊz/ | US:/kləʊs/ | US:/kloʊs/,,
close,,68,noun,beginner,(chiefly|British) A street that ends in a dead end.,khu đất có rào,US:/kləʊz/ | US:/kloʊz/ | US:/kləʊs/ | US:/kloʊs/,,
close,,69,noun,beginner,"(Scotland) A very narrow alley between two buildings, often overhung by one of the buildings above the ground floor.",khu đất có rào,US:/kləʊz/ | US:/kloʊz/ | US:/kləʊs/ | US:/kloʊs/,,
close,,70,noun,beginner,(Scotland) The common staircase in a tenement.,khu đất có rào,US:/kləʊz/ | US:/kloʊz/ | US:/kləʊs/ | US:/kloʊs/,,
close,,71,noun,beginner,A cathedral close.,khu đất có rào,US:/kləʊz/ | US:/kloʊz/ | US:/kləʊs/ | US:/kloʊs/,,
close,,72,noun,beginner,"(legal) The interest which one may have in a piece of ground, even though it is not enclosed",khu đất có rào,US:/kləʊz/ | US:/kloʊz/ | US:/kləʊs/ | US:/kloʊs/,,
live,,1,verb,beginner,(intransitive) To be alive; to have life.,sống,US:/lɪv/ | US:/laɪv/,He's not expected to live for more than a few months.,Anh ấy không được dự kiến sống thêm vài tháng.
live,,2,verb,beginner,"(intransitive) To have permanent residence somewhere, to inhabit, to reside.","ở, trú tại",US:/lɪv/ | US:/laɪv/,I live at 2a Acacia Avenue.&emsp; At that time I'd been living in a camper for about six months.,Tôi sống ở 2a Acacia Avenue. Khi đó tôi đã sống trong một xe trại khoảng sáu tháng.
live,,3,verb,beginner,(intransitive|informal) (of an object) to have its proper place; to normally be stored.,sống,US:/lɪv/ | US:/laɪv/,I washed your gravy boat. Where does it live?,Tôi đã rửa chén gravy. Chén này sống ở đâu?
live,,4,verb,beginner,(intransitive) To survive; to persevere; to continue.,thực hiện được (trong cuộc sống),US:/lɪv/ | US:/laɪv/,,
live,,5,verb,beginner,(intransitive) To endure in memory; to escape oblivion.,sống,US:/lɪv/ | US:/laɪv/,Her memory lives in that song.,Nhớ về cô ấy còn tồn tại trong bài hát đó.
live,,6,verb,beginner,(intransitive|hyperbole) To cope.,sống,US:/lɪv/ | US:/laɪv/,You'll just have to live with it!&emsp; I can't live in a world without you.,Anh/chị sẽ phải sống với nó!&emsp; Tôi không thể sống trong một thế giới mà không có bạn.
live,,7,verb,beginner,(intransitive) To pass life in a specified manner.,sống,US:/lɪv/ | US:/laɪv/,It is difficult to live in poverty. &emsp; And they lived happily ever after.,Sống trong nghèo khó rất khó khăn.&emsp; Và họ sống hạnh phúc mãi mãi.
live,,8,verb,beginner,"(transitive) To spend, as one's life; to pass; to maintain; to continue in, constantly or habitually.",sống,US:/lɪv/ | US:/laɪv/,To live an idle or a useful life.,Sống một cuộc đời vô ích hoặc hữu ích.
live,,9,verb,beginner,(transitive) To act habitually in conformity with; to practice; to exemplify in one's way of life.,sống,US:/lɪv/ | US:/laɪv/,Change happens from the inside out and this great resource can show you how to live the habits that build personal and professional effectiveness.,Thay đổi xảy ra từ bên trong ra ngoài và tài nguyên tuyệt vời này có thể chỉ cho bạn cách sống những thói quen xây dựng hiệu quả cá nhân và chuyên nghiệp.
live,,10,verb,beginner,(transitive|obsolete) To live as; to live being.,sống,US:/lɪv/ | US:/laɪv/,,
live,,11,verb,beginner,(intransitive) To outlast danger; (of a|ship or boat) to float.,sống,US:/lɪv/ | US:/laɪv/,"That rockslide trapped me in a cave, and I was trapped for three days, but I lived.","Một vụ sạt lở đá đã mắc kẹt tôi trong hang, và tôi bị mắc kẹt trong ba ngày, nhưng tôi vẫn sống sót."
live,,12,verb,beginner,(intransitive|followed by To maintain or support one's existence; to provide for oneself; to feed; to subsist.,sống,US:/lɪv/ | US:/laɪv/,It is hard to live on the minimum wage. &emsp; They lived on stale bread. &emsp; Man shall not live by bread alone.,Hãy sống với mức lương tối thiểu là rất khó khăn.&emsp; Họ chỉ sống bằng bánh mì cũ.&emsp; Con người không thể chỉ sống bằng bánh mì.
live,,13,verb,beginner,"(intransitive|informal) To make the most of life; to experience a full, rich life.",sống,US:/lɪv/ | US:/laɪv/,I'm sick of spending every day studying at home: I want to go out there and live!,Tôi đã chán phải học ở nhà mỗi ngày: tôi muốn ra ngoài và sống!
live,,14,adjective,beginner,(only used attributively) Having life; that is alive.,"sống, hoạt động",US:/lɪv/ | US:/laɪv/,The post office will not ship live animals.,Bưu điện sẽ không vận chuyển động vật sống.
live,,15,adjective,beginner,Being in existence; actual.,(đùa cợt) thực (không phải ở trong tranh hay là đồ chơi),US:/lɪv/ | US:/laɪv/,He is a live example of the consequences of excessive drinking.,Anh ấy là một ví dụ sống về hậu quả của việc uống rượu quá nhiều.
live,,16,adjective,beginner,Having active properties; being energized.,đang cháy đỏ,US:/lɪv/ | US:/laɪv/,"Because the vaccinia virus is live, it is important to follow care instructions for the vaccination site.","Vì virus vaccinia là sống, nên rất quan trọng phải tuân theo hướng dẫn chăm sóc tại điểm tiêm chủng."
live,,17,adjective,beginner,Operational; in actual use rather than in testing etc.,"chưa nổ, chưa cháy",US:/lɪv/ | US:/laɪv/,,
live,,18,adjective,beginner,(programming) Of an object or value: that may potentially be used in the future execution of a program.,đang quay,US:/lɪv/ | US:/laɪv/,"An object in the heap is live if its address is held in a root, or there is a pointer to it held in another live heap node.","Một đối tượng trong bộ đệm được coi là còn sống nếu địa chỉ của nó được giữ trong một nút gốc, hoặc có một con trỏ đến nó được giữ trong một nút còn sống khác trong bộ đệm."
live,,19,adjective,beginner,Taken from a living animal.,có dòng điện chạy qua,US:/lɪv/ | US:/laɪv/,live feathers,feathers sống
live,,20,adjective,beginner,(engineering) Imparting power; having motion.,"tại chỗ, trong lúc sự việc xảy ra",US:/lɪv/ | US:/laɪv/,the live spindle of a lathe,quang đai hoạt động của máy tiện
live,,21,adjective,beginner,(sports) Still in active play.,"mạnh mẽ, đầy khí lực",US:/lɪv/ | US:/laɪv/,a live ball,một quả bóng còn sống
live,,22,adjective,beginner,(card games) Of a card: not yet dealt or played.,"nóng hổi, có tính chất thời sự",US:/lɪv/ | US:/laɪv/,"As a beginner, when you are in a hand, you should practice counting your outs, or those live cards left in the deck that can improve your hand.","Với tư cách là một người mới bắt đầu, khi bạn có một tay bài, bạn nên thực hành đếm các lá bài còn lại có thể cải thiện tay bài của bạn."
live,,23,adjective,beginner,"(broadcasting) Being broadcast (""on the air""), as it happens.",◘ [laiv],US:/lɪv/ | US:/laɪv/,The station presented a live news program every evening.,Stacja phát sóng một chương trình tin tức trực tiếp mỗi tối.
live,,24,adjective,beginner,(of a performance or speech) In person.,◘ [laiv],US:/lɪv/ | US:/laɪv/,This nightclub has a live band on weekends.,Nhà hàng này có một ban nhạc trực tiếp vào cuối tuần.
live,,25,adjective,beginner,(entertainment|performing) Recorded from a performance in front of an audience.,◘ [laiv],US:/lɪv/ | US:/laɪv/,a live album,một album trực tiếp
live,,26,adjective,beginner,Able to fire or explode .,◘ [laiv],US:/lɪv/ | US:/laɪv/,The air force practices dropping live bombs on the uninhabited island.,Lực lượng không quân thực hành thả bom trực tiếp lên hòn đảo hoang.
live,,27,adjective,beginner,Of an environment where sound is recorded: having noticeable reverberation.,◘ [laiv],US:/lɪv/ | US:/laɪv/,A good experiment is to have a friend stand in a fixed position in a moderately live room and talk in a clear voice.,Một thí nghiệm tốt là hãy để bạn đứng ở một vị trí cố định trong một phòng hơi sống và nói một cách rõ ràng.
live,,28,adjective,beginner,"(circuitry) Electrically charged or energized, usually indicating that the item may cause electrocution if touched.",◘ [laiv],US:/lɪv/ | US:/laɪv/,Use caution when working near live wires.,"Khi làm việc gần dây điện trực tiếp, hãy cẩn thận."
live,,29,adjective,beginner,"(poker) Being a bet which can be raised by the bettor, usually in reference to a blind or straddle.",◘ [laiv],US:/lɪv/ | US:/laɪv/,"Tommy's blind was live, so he was given the option to raise.","Mắt mù của Tommy là trực tiếp, vì vậy anh ấy được cho phép nâng."
live,,30,adjective,beginner,"(film) Featuring humans; not animated, in the phrases “live actors” or “live action”.",◘ [laiv],US:/lɪv/ | US:/laɪv/,,
live,,31,adjective,beginner,Being in a state of ignition; burning.,◘ [laiv],US:/lɪv/ | US:/laɪv/,a live coal; live embers,một thanh than đá nóng; than hồng còn nóng
live,,32,adjective,beginner,(obsolete) Vivid; bright.,◘ [laiv],US:/lɪv/ | US:/laɪv/,,
live,,33,adjective,beginner,(slang),◘ [laiv],US:/lɪv/ | US:/laɪv/,,
live,,34,adjective,beginner,"(dated) Energetic, attentive, active.",◘ [laiv],US:/lɪv/ | US:/laɪv/,"a live man, or orator","một người sống động, hay diễn giả"
live,,35,adjective,beginner,"Outstanding, top-notch, exhilarating.",◘ [laiv],US:/lɪv/ | US:/laɪv/,"The party was live, and the music was jammin. All over the beach people in colorful swimsuits were moving to the beat.","Party này rất sống động, và âm nhạc đang sôi trào. Trên toàn bãi biển, mọi người mặc bikini màu sắc đang di chuyển theo nhịp điệu."
live,,36,adjective,beginner,"(linguistics) Of a syllable in languages such as Thai and Burmese: resonating, not ending abruptly.",◘ [laiv],US:/lɪv/ | US:/laɪv/,,
live,,37,adverb,beginner,"Of an event, as it happens; in real time; direct.","sống, hoạt động",US:/lɪv/ | US:/laɪv/,The concert was broadcast live by radio.,Tiệc tùng được phát sóng trực tiếp qua radio.
live,,38,adverb,beginner,"Of making a performance or speech, in person.",(đùa cợt) thực (không phải ở trong tranh hay là đồ chơi),US:/lɪv/ | US:/laɪv/,He'll be appearing live at the auditorium.,Hắn sẽ xuất hiện trực tiếp tại nhà hát.
